Copyright 1986-2019 Xilinx, Inc. All Rights Reserved.
--------------------------------------------------------------------------------------------------------------------------------------------------------------------------------
| Tool Version : Vivado v.2019.1 (win64) Build 2552052 Fri May 24 14:49:42 MDT 2019
| Date         : Tue Aug  6 10:47:07 2019
| Host         : PC-201805041311 running 64-bit major release  (build 9200)
| Command      : report_timing_summary -max_paths 10 -file top_timing_summary_routed.rpt -pb top_timing_summary_routed.pb -rpx top_timing_summary_routed.rpx -warn_on_violation
| Design       : top
| Device       : 7a35t-fgg484
| Speed File   : -1  PRODUCTION 1.23 2018-06-13
--------------------------------------------------------------------------------------------------------------------------------------------------------------------------------

Timing Summary Report

------------------------------------------------------------------------------------------------
| Timer Settings
| --------------
------------------------------------------------------------------------------------------------

  Enable Multi Corner Analysis               :  Yes
  Enable Pessimism Removal                   :  Yes
  Pessimism Removal Resolution               :  Nearest Common Node
  Enable Input Delay Default Clock           :  No
  Enable Preset / Clear Arcs                 :  No
  Disable Flight Delays                      :  No
  Ignore I/O Paths                           :  No
  Timing Early Launch at Borrowing Latches   :  No
  Borrow Time for Max Delay Exceptions       :  Yes

  Corner  Analyze    Analyze    
  Name    Max Paths  Min Paths  
  ------  ---------  ---------  
  Slow    Yes        Yes        
  Fast    Yes        Yes        



check_timing report

Table of Contents
-----------------
1. checking no_clock
2. checking constant_clock
3. checking pulse_width_clock
4. checking unconstrained_internal_endpoints
5. checking no_input_delay
6. checking no_output_delay
7. checking multiple_clock
8. checking generated_clocks
9. checking loops
10. checking partial_input_delay
11. checking partial_output_delay
12. checking latch_loops

1. checking no_clock
--------------------
 There are 0 register/latch pins with no clock.


2. checking constant_clock
--------------------------
 There are 0 register/latch pins with constant_clock.


3. checking pulse_width_clock
-----------------------------
 There are 0 register/latch pins which need pulse_width check


4. checking unconstrained_internal_endpoints
--------------------------------------------
 There are 0 pins that are not constrained for maximum delay.

 There are 0 pins that are not constrained for maximum delay due to constant clock.


5. checking no_input_delay
--------------------------
 There is 1 input port with no input delay specified. (HIGH)

 There are 0 input ports with no input delay but user has a false path constraint.


6. checking no_output_delay
---------------------------
 There are 28 ports with no output delay specified. (HIGH)

 There are 0 ports with no output delay but user has a false path constraint

 There are 0 ports with no output delay but with a timing clock defined on it or propagating through it


7. checking multiple_clock
--------------------------
 There are 0 register/latch pins with multiple clocks.


8. checking generated_clocks
----------------------------
 There are 0 generated clocks that are not connected to a clock source.


9. checking loops
-----------------
 There are 0 combinational loops in the design.


10. checking partial_input_delay
--------------------------------
 There are 0 input ports with partial input delay specified.


11. checking partial_output_delay
---------------------------------
 There are 0 ports with partial output delay specified.


12. checking latch_loops
------------------------
 There are 0 combinational latch loops in the design through latch input



------------------------------------------------------------------------------------------------
| Design Timing Summary
| ---------------------
------------------------------------------------------------------------------------------------

    WNS(ns)      TNS(ns)  TNS Failing Endpoints  TNS Total Endpoints      WHS(ns)      THS(ns)  THS Failing Endpoints  THS Total Endpoints     WPWS(ns)     TPWS(ns)  TPWS Failing Endpoints  TPWS Total Endpoints  
    -------      -------  ---------------------  -------------------      -------      -------  ---------------------  -------------------     --------     --------  ----------------------  --------------------  
     17.247        0.000                      0                  257        0.086        0.000                      0                  257        7.000        0.000                       0                   164  


All user specified timing constraints are met.


------------------------------------------------------------------------------------------------
| Clock Summary
| -------------
------------------------------------------------------------------------------------------------

Clock                 Waveform(ns)       Period(ns)      Frequency(MHz)
-----                 ------------       ----------      --------------
sys_clk               {0.000 10.000}     20.000          50.000          
  clk_out1_video_pll  {0.000 15.152}     30.303          33.000          
  clkfbout_video_pll  {0.000 10.000}     20.000          50.000          


------------------------------------------------------------------------------------------------
| Intra Clock Table
| -----------------
------------------------------------------------------------------------------------------------

Clock                     WNS(ns)      TNS(ns)  TNS Failing Endpoints  TNS Total Endpoints      WHS(ns)      THS(ns)  THS Failing Endpoints  THS Total Endpoints     WPWS(ns)     TPWS(ns)  TPWS Failing Endpoints  TPWS Total Endpoints  
-----                     -------      -------  ---------------------  -------------------      -------      -------  ---------------------  -------------------     --------     --------  ----------------------  --------------------  
sys_clk                    17.247        0.000                      0                   25        0.220        0.000                      0                   25        7.000        0.000                       0                    28  
  clk_out1_video_pll       23.579        0.000                      0                  232        0.086        0.000                      0                  232       14.652        0.000                       0                   133  
  clkfbout_video_pll                                                                                                                                                   17.845        0.000                       0                     3  


------------------------------------------------------------------------------------------------
| Inter Clock Table
| -----------------
------------------------------------------------------------------------------------------------

From Clock    To Clock          WNS(ns)      TNS(ns)  TNS Failing Endpoints  TNS Total Endpoints      WHS(ns)      THS(ns)  THS Failing Endpoints  THS Total Endpoints  
----------    --------          -------      -------  ---------------------  -------------------      -------      -------  ---------------------  -------------------  


------------------------------------------------------------------------------------------------
| Other Path Groups Table
| -----------------------
------------------------------------------------------------------------------------------------

Path Group    From Clock    To Clock          WNS(ns)      TNS(ns)  TNS Failing Endpoints  TNS Total Endpoints      WHS(ns)      THS(ns)  THS Failing Endpoints  THS Total Endpoints  
----------    ----------    --------          -------      -------  ---------------------  -------------------      -------      -------  ---------------------  -------------------  


------------------------------------------------------------------------------------------------
| Timing Details
| --------------
------------------------------------------------------------------------------------------------


---------------------------------------------------------------------------------------------------
From Clock:  sys_clk
  To Clock:  sys_clk

Setup :            0  Failing Endpoints,  Worst Slack       17.247ns,  Total Violation        0.000ns
Hold  :            0  Failing Endpoints,  Worst Slack        0.220ns,  Total Violation        0.000ns
PW    :            0  Failing Endpoints,  Worst Slack        7.000ns,  Total Violation        0.000ns
---------------------------------------------------------------------------------------------------


Max Delay Paths
--------------------------------------------------------------------------------------
Slack (MET) :             17.247ns  (required time - arrival time)
  Source:                 ax_pwm_m0/duty_r_reg[22]/C
                            (rising edge-triggered cell FDCE clocked by sys_clk  {rise@0.000ns fall@10.000ns period=20.000ns})
  Destination:            ax_pwm_m0/period_cnt_reg[21]/D
                            (rising edge-triggered cell FDCE clocked by sys_clk  {rise@0.000ns fall@10.000ns period=20.000ns})
  Path Group:             sys_clk
  Path Type:              Setup (Max at Slow Process Corner)
  Requirement:            20.000ns  (sys_clk rise@20.000ns - sys_clk rise@0.000ns)
  Data Path Delay:        2.798ns  (logic 1.767ns (63.152%)  route 1.031ns (36.848%))
  Logic Levels:           6  (CARRY4=5 LUT2=1)
  Clock Path Skew:        -0.029ns (DCD - SCD + CPR)
    Destination Clock Delay (DCD):    4.887ns = ( 24.887 - 20.000 ) 
    Source Clock Delay      (SCD):    5.188ns
    Clock Pessimism Removal (CPR):    0.272ns
  Clock Uncertainty:      0.035ns  ((TSJ^2 + TIJ^2)^1/2 + DJ) / 2 + PE
    Total System Jitter     (TSJ):    0.071ns
    Total Input Jitter      (TIJ):    0.000ns
    Discrete Jitter          (DJ):    0.000ns
    Phase Error              (PE):    0.000ns

    Location             Delay type                Incr(ns)  Path(ns)    Netlist Resource(s)
  -------------------------------------------------------------------    -------------------
                         (clock sys_clk rise edge)    0.000     0.000 r  
    Y18                                               0.000     0.000 r  sys_clk (IN)
                         net (fo=0)                   0.000     0.000    sys_clk
    Y18                  IBUF (Prop_ibuf_I_O)         1.496     1.496 r  sys_clk_IBUF_inst/O
                         net (fo=1, routed)           1.972     3.467    sys_clk_IBUF
    BUFGCTRL_X0Y1        BUFG (Prop_bufg_I_O)         0.096     3.563 r  sys_clk_IBUF_BUFG_inst/O
                         net (fo=27, routed)          1.624     5.188    ax_pwm_m0/clk_in1
    SLICE_X7Y18          FDCE                                         r  ax_pwm_m0/duty_r_reg[22]/C
  -------------------------------------------------------------------    -------------------
    SLICE_X7Y18          FDCE (Prop_fdce_C_Q)         0.456     5.644 r  ax_pwm_m0/duty_r_reg[22]/Q
                         net (fo=16, routed)          1.031     6.675    ax_pwm_m0/duty_r[22]
    SLICE_X6Y19          LUT2 (Prop_lut2_I0_O)        0.124     6.799 r  ax_pwm_m0/period_cnt[4]_i_2/O
                         net (fo=1, routed)           0.000     6.799    ax_pwm_m0/period_cnt[4]_i_2_n_0
    SLICE_X6Y19          CARRY4 (Prop_carry4_S[0]_CO[3])
                                                      0.513     7.312 r  ax_pwm_m0/period_cnt_reg[4]_i_1/CO[3]
                         net (fo=1, routed)           0.000     7.312    ax_pwm_m0/period_cnt_reg[4]_i_1_n_0
    SLICE_X6Y20          CARRY4 (Prop_carry4_CI_CO[3])
                                                      0.117     7.429 r  ax_pwm_m0/period_cnt_reg[8]_i_1/CO[3]
                         net (fo=1, routed)           0.000     7.429    ax_pwm_m0/period_cnt_reg[8]_i_1_n_0
    SLICE_X6Y21          CARRY4 (Prop_carry4_CI_CO[3])
                                                      0.117     7.546 r  ax_pwm_m0/period_cnt_reg[12]_i_1/CO[3]
                         net (fo=1, routed)           0.000     7.546    ax_pwm_m0/period_cnt_reg[12]_i_1_n_0
    SLICE_X6Y22          CARRY4 (Prop_carry4_CI_CO[3])
                                                      0.117     7.663 r  ax_pwm_m0/period_cnt_reg[16]_i_1/CO[3]
                         net (fo=1, routed)           0.000     7.663    ax_pwm_m0/period_cnt_reg[16]_i_1_n_0
    SLICE_X6Y23          CARRY4 (Prop_carry4_CI_O[1])
                                                      0.323     7.986 r  ax_pwm_m0/period_cnt_reg[20]_i_1/O[1]
                         net (fo=1, routed)           0.000     7.986    ax_pwm_m0/period_cnt_reg[20]_i_1_n_6
    SLICE_X6Y23          FDCE                                         r  ax_pwm_m0/period_cnt_reg[21]/D
  -------------------------------------------------------------------    -------------------

                         (clock sys_clk rise edge)   20.000    20.000 r  
    Y18                                               0.000    20.000 r  sys_clk (IN)
                         net (fo=0)                   0.000    20.000    sys_clk
    Y18                  IBUF (Prop_ibuf_I_O)         1.425    21.425 r  sys_clk_IBUF_inst/O
                         net (fo=1, routed)           1.868    23.293    sys_clk_IBUF
    BUFGCTRL_X0Y1        BUFG (Prop_bufg_I_O)         0.091    23.384 r  sys_clk_IBUF_BUFG_inst/O
                         net (fo=27, routed)          1.502    24.887    ax_pwm_m0/clk_in1
    SLICE_X6Y23          FDCE                                         r  ax_pwm_m0/period_cnt_reg[21]/C
                         clock pessimism              0.272    25.159    
                         clock uncertainty           -0.035    25.123    
    SLICE_X6Y23          FDCE (Setup_fdce_C_D)        0.109    25.232    ax_pwm_m0/period_cnt_reg[21]
  -------------------------------------------------------------------
                         required time                         25.232    
                         arrival time                          -7.986    
  -------------------------------------------------------------------
                         slack                                 17.247    

Slack (MET) :             17.255ns  (required time - arrival time)
  Source:                 ax_pwm_m0/duty_r_reg[22]/C
                            (rising edge-triggered cell FDCE clocked by sys_clk  {rise@0.000ns fall@10.000ns period=20.000ns})
  Destination:            ax_pwm_m0/period_cnt_reg[23]/D
                            (rising edge-triggered cell FDCE clocked by sys_clk  {rise@0.000ns fall@10.000ns period=20.000ns})
  Path Group:             sys_clk
  Path Type:              Setup (Max at Slow Process Corner)
  Requirement:            20.000ns  (sys_clk rise@20.000ns - sys_clk rise@0.000ns)
  Data Path Delay:        2.790ns  (logic 1.759ns (63.046%)  route 1.031ns (36.954%))
  Logic Levels:           6  (CARRY4=5 LUT2=1)
  Clock Path Skew:        -0.029ns (DCD - SCD + CPR)
    Destination Clock Delay (DCD):    4.887ns = ( 24.887 - 20.000 ) 
    Source Clock Delay      (SCD):    5.188ns
    Clock Pessimism Removal (CPR):    0.272ns
  Clock Uncertainty:      0.035ns  ((TSJ^2 + TIJ^2)^1/2 + DJ) / 2 + PE
    Total System Jitter     (TSJ):    0.071ns
    Total Input Jitter      (TIJ):    0.000ns
    Discrete Jitter          (DJ):    0.000ns
    Phase Error              (PE):    0.000ns

    Location             Delay type                Incr(ns)  Path(ns)    Netlist Resource(s)
  -------------------------------------------------------------------    -------------------
                         (clock sys_clk rise edge)    0.000     0.000 r  
    Y18                                               0.000     0.000 r  sys_clk (IN)
                         net (fo=0)                   0.000     0.000    sys_clk
    Y18                  IBUF (Prop_ibuf_I_O)         1.496     1.496 r  sys_clk_IBUF_inst/O
                         net (fo=1, routed)           1.972     3.467    sys_clk_IBUF
    BUFGCTRL_X0Y1        BUFG (Prop_bufg_I_O)         0.096     3.563 r  sys_clk_IBUF_BUFG_inst/O
                         net (fo=27, routed)          1.624     5.188    ax_pwm_m0/clk_in1
    SLICE_X7Y18          FDCE                                         r  ax_pwm_m0/duty_r_reg[22]/C
  -------------------------------------------------------------------    -------------------
    SLICE_X7Y18          FDCE (Prop_fdce_C_Q)         0.456     5.644 r  ax_pwm_m0/duty_r_reg[22]/Q
                         net (fo=16, routed)          1.031     6.675    ax_pwm_m0/duty_r[22]
    SLICE_X6Y19          LUT2 (Prop_lut2_I0_O)        0.124     6.799 r  ax_pwm_m0/period_cnt[4]_i_2/O
                         net (fo=1, routed)           0.000     6.799    ax_pwm_m0/period_cnt[4]_i_2_n_0
    SLICE_X6Y19          CARRY4 (Prop_carry4_S[0]_CO[3])
                                                      0.513     7.312 r  ax_pwm_m0/period_cnt_reg[4]_i_1/CO[3]
                         net (fo=1, routed)           0.000     7.312    ax_pwm_m0/period_cnt_reg[4]_i_1_n_0
    SLICE_X6Y20          CARRY4 (Prop_carry4_CI_CO[3])
                                                      0.117     7.429 r  ax_pwm_m0/period_cnt_reg[8]_i_1/CO[3]
                         net (fo=1, routed)           0.000     7.429    ax_pwm_m0/period_cnt_reg[8]_i_1_n_0
    SLICE_X6Y21          CARRY4 (Prop_carry4_CI_CO[3])
                                                      0.117     7.546 r  ax_pwm_m0/period_cnt_reg[12]_i_1/CO[3]
                         net (fo=1, routed)           0.000     7.546    ax_pwm_m0/period_cnt_reg[12]_i_1_n_0
    SLICE_X6Y22          CARRY4 (Prop_carry4_CI_CO[3])
                                                      0.117     7.663 r  ax_pwm_m0/period_cnt_reg[16]_i_1/CO[3]
                         net (fo=1, routed)           0.000     7.663    ax_pwm_m0/period_cnt_reg[16]_i_1_n_0
    SLICE_X6Y23          CARRY4 (Prop_carry4_CI_O[3])
                                                      0.315     7.978 r  ax_pwm_m0/period_cnt_reg[20]_i_1/O[3]
                         net (fo=1, routed)           0.000     7.978    ax_pwm_m0/period_cnt_reg[20]_i_1_n_4
    SLICE_X6Y23          FDCE                                         r  ax_pwm_m0/period_cnt_reg[23]/D
  -------------------------------------------------------------------    -------------------

                         (clock sys_clk rise edge)   20.000    20.000 r  
    Y18                                               0.000    20.000 r  sys_clk (IN)
                         net (fo=0)                   0.000    20.000    sys_clk
    Y18                  IBUF (Prop_ibuf_I_O)         1.425    21.425 r  sys_clk_IBUF_inst/O
                         net (fo=1, routed)           1.868    23.293    sys_clk_IBUF
    BUFGCTRL_X0Y1        BUFG (Prop_bufg_I_O)         0.091    23.384 r  sys_clk_IBUF_BUFG_inst/O
                         net (fo=27, routed)          1.502    24.887    ax_pwm_m0/clk_in1
    SLICE_X6Y23          FDCE                                         r  ax_pwm_m0/period_cnt_reg[23]/C
                         clock pessimism              0.272    25.159    
                         clock uncertainty           -0.035    25.123    
    SLICE_X6Y23          FDCE (Setup_fdce_C_D)        0.109    25.232    ax_pwm_m0/period_cnt_reg[23]
  -------------------------------------------------------------------
                         required time                         25.232    
                         arrival time                          -7.978    
  -------------------------------------------------------------------
                         slack                                 17.255    

Slack (MET) :             17.331ns  (required time - arrival time)
  Source:                 ax_pwm_m0/duty_r_reg[22]/C
                            (rising edge-triggered cell FDCE clocked by sys_clk  {rise@0.000ns fall@10.000ns period=20.000ns})
  Destination:            ax_pwm_m0/period_cnt_reg[22]/D
                            (rising edge-triggered cell FDCE clocked by sys_clk  {rise@0.000ns fall@10.000ns period=20.000ns})
  Path Group:             sys_clk
  Path Type:              Setup (Max at Slow Process Corner)
  Requirement:            20.000ns  (sys_clk rise@20.000ns - sys_clk rise@0.000ns)
  Data Path Delay:        2.714ns  (logic 1.683ns (62.011%)  route 1.031ns (37.989%))
  Logic Levels:           6  (CARRY4=5 LUT2=1)
  Clock Path Skew:        -0.029ns (DCD - SCD + CPR)
    Destination Clock Delay (DCD):    4.887ns = ( 24.887 - 20.000 ) 
    Source Clock Delay      (SCD):    5.188ns
    Clock Pessimism Removal (CPR):    0.272ns
  Clock Uncertainty:      0.035ns  ((TSJ^2 + TIJ^2)^1/2 + DJ) / 2 + PE
    Total System Jitter     (TSJ):    0.071ns
    Total Input Jitter      (TIJ):    0.000ns
    Discrete Jitter          (DJ):    0.000ns
    Phase Error              (PE):    0.000ns

    Location             Delay type                Incr(ns)  Path(ns)    Netlist Resource(s)
  -------------------------------------------------------------------    -------------------
                         (clock sys_clk rise edge)    0.000     0.000 r  
    Y18                                               0.000     0.000 r  sys_clk (IN)
                         net (fo=0)                   0.000     0.000    sys_clk
    Y18                  IBUF (Prop_ibuf_I_O)         1.496     1.496 r  sys_clk_IBUF_inst/O
                         net (fo=1, routed)           1.972     3.467    sys_clk_IBUF
    BUFGCTRL_X0Y1        BUFG (Prop_bufg_I_O)         0.096     3.563 r  sys_clk_IBUF_BUFG_inst/O
                         net (fo=27, routed)          1.624     5.188    ax_pwm_m0/clk_in1
    SLICE_X7Y18          FDCE                                         r  ax_pwm_m0/duty_r_reg[22]/C
  -------------------------------------------------------------------    -------------------
    SLICE_X7Y18          FDCE (Prop_fdce_C_Q)         0.456     5.644 r  ax_pwm_m0/duty_r_reg[22]/Q
                         net (fo=16, routed)          1.031     6.675    ax_pwm_m0/duty_r[22]
    SLICE_X6Y19          LUT2 (Prop_lut2_I0_O)        0.124     6.799 r  ax_pwm_m0/period_cnt[4]_i_2/O
                         net (fo=1, routed)           0.000     6.799    ax_pwm_m0/period_cnt[4]_i_2_n_0
    SLICE_X6Y19          CARRY4 (Prop_carry4_S[0]_CO[3])
                                                      0.513     7.312 r  ax_pwm_m0/period_cnt_reg[4]_i_1/CO[3]
                         net (fo=1, routed)           0.000     7.312    ax_pwm_m0/period_cnt_reg[4]_i_1_n_0
    SLICE_X6Y20          CARRY4 (Prop_carry4_CI_CO[3])
                                                      0.117     7.429 r  ax_pwm_m0/period_cnt_reg[8]_i_1/CO[3]
                         net (fo=1, routed)           0.000     7.429    ax_pwm_m0/period_cnt_reg[8]_i_1_n_0
    SLICE_X6Y21          CARRY4 (Prop_carry4_CI_CO[3])
                                                      0.117     7.546 r  ax_pwm_m0/period_cnt_reg[12]_i_1/CO[3]
                         net (fo=1, routed)           0.000     7.546    ax_pwm_m0/period_cnt_reg[12]_i_1_n_0
    SLICE_X6Y22          CARRY4 (Prop_carry4_CI_CO[3])
                                                      0.117     7.663 r  ax_pwm_m0/period_cnt_reg[16]_i_1/CO[3]
                         net (fo=1, routed)           0.000     7.663    ax_pwm_m0/period_cnt_reg[16]_i_1_n_0
    SLICE_X6Y23          CARRY4 (Prop_carry4_CI_O[2])
                                                      0.239     7.902 r  ax_pwm_m0/period_cnt_reg[20]_i_1/O[2]
                         net (fo=1, routed)           0.000     7.902    ax_pwm_m0/period_cnt_reg[20]_i_1_n_5
    SLICE_X6Y23          FDCE                                         r  ax_pwm_m0/period_cnt_reg[22]/D
  -------------------------------------------------------------------    -------------------

                         (clock sys_clk rise edge)   20.000    20.000 r  
    Y18                                               0.000    20.000 r  sys_clk (IN)
                         net (fo=0)                   0.000    20.000    sys_clk
    Y18                  IBUF (Prop_ibuf_I_O)         1.425    21.425 r  sys_clk_IBUF_inst/O
                         net (fo=1, routed)           1.868    23.293    sys_clk_IBUF
    BUFGCTRL_X0Y1        BUFG (Prop_bufg_I_O)         0.091    23.384 r  sys_clk_IBUF_BUFG_inst/O
                         net (fo=27, routed)          1.502    24.887    ax_pwm_m0/clk_in1
    SLICE_X6Y23          FDCE                                         r  ax_pwm_m0/period_cnt_reg[22]/C
                         clock pessimism              0.272    25.159    
                         clock uncertainty           -0.035    25.123    
    SLICE_X6Y23          FDCE (Setup_fdce_C_D)        0.109    25.232    ax_pwm_m0/period_cnt_reg[22]
  -------------------------------------------------------------------
                         required time                         25.232    
                         arrival time                          -7.902    
  -------------------------------------------------------------------
                         slack                                 17.331    

Slack (MET) :             17.351ns  (required time - arrival time)
  Source:                 ax_pwm_m0/duty_r_reg[22]/C
                            (rising edge-triggered cell FDCE clocked by sys_clk  {rise@0.000ns fall@10.000ns period=20.000ns})
  Destination:            ax_pwm_m0/period_cnt_reg[20]/D
                            (rising edge-triggered cell FDCE clocked by sys_clk  {rise@0.000ns fall@10.000ns period=20.000ns})
  Path Group:             sys_clk
  Path Type:              Setup (Max at Slow Process Corner)
  Requirement:            20.000ns  (sys_clk rise@20.000ns - sys_clk rise@0.000ns)
  Data Path Delay:        2.694ns  (logic 1.663ns (61.729%)  route 1.031ns (38.271%))
  Logic Levels:           6  (CARRY4=5 LUT2=1)
  Clock Path Skew:        -0.029ns (DCD - SCD + CPR)
    Destination Clock Delay (DCD):    4.887ns = ( 24.887 - 20.000 ) 
    Source Clock Delay      (SCD):    5.188ns
    Clock Pessimism Removal (CPR):    0.272ns
  Clock Uncertainty:      0.035ns  ((TSJ^2 + TIJ^2)^1/2 + DJ) / 2 + PE
    Total System Jitter     (TSJ):    0.071ns
    Total Input Jitter      (TIJ):    0.000ns
    Discrete Jitter          (DJ):    0.000ns
    Phase Error              (PE):    0.000ns

    Location             Delay type                Incr(ns)  Path(ns)    Netlist Resource(s)
  -------------------------------------------------------------------    -------------------
                         (clock sys_clk rise edge)    0.000     0.000 r  
    Y18                                               0.000     0.000 r  sys_clk (IN)
                         net (fo=0)                   0.000     0.000    sys_clk
    Y18                  IBUF (Prop_ibuf_I_O)         1.496     1.496 r  sys_clk_IBUF_inst/O
                         net (fo=1, routed)           1.972     3.467    sys_clk_IBUF
    BUFGCTRL_X0Y1        BUFG (Prop_bufg_I_O)         0.096     3.563 r  sys_clk_IBUF_BUFG_inst/O
                         net (fo=27, routed)          1.624     5.188    ax_pwm_m0/clk_in1
    SLICE_X7Y18          FDCE                                         r  ax_pwm_m0/duty_r_reg[22]/C
  -------------------------------------------------------------------    -------------------
    SLICE_X7Y18          FDCE (Prop_fdce_C_Q)         0.456     5.644 r  ax_pwm_m0/duty_r_reg[22]/Q
                         net (fo=16, routed)          1.031     6.675    ax_pwm_m0/duty_r[22]
    SLICE_X6Y19          LUT2 (Prop_lut2_I0_O)        0.124     6.799 r  ax_pwm_m0/period_cnt[4]_i_2/O
                         net (fo=1, routed)           0.000     6.799    ax_pwm_m0/period_cnt[4]_i_2_n_0
    SLICE_X6Y19          CARRY4 (Prop_carry4_S[0]_CO[3])
                                                      0.513     7.312 r  ax_pwm_m0/period_cnt_reg[4]_i_1/CO[3]
                         net (fo=1, routed)           0.000     7.312    ax_pwm_m0/period_cnt_reg[4]_i_1_n_0
    SLICE_X6Y20          CARRY4 (Prop_carry4_CI_CO[3])
                                                      0.117     7.429 r  ax_pwm_m0/period_cnt_reg[8]_i_1/CO[3]
                         net (fo=1, routed)           0.000     7.429    ax_pwm_m0/period_cnt_reg[8]_i_1_n_0
    SLICE_X6Y21          CARRY4 (Prop_carry4_CI_CO[3])
                                                      0.117     7.546 r  ax_pwm_m0/period_cnt_reg[12]_i_1/CO[3]
                         net (fo=1, routed)           0.000     7.546    ax_pwm_m0/period_cnt_reg[12]_i_1_n_0
    SLICE_X6Y22          CARRY4 (Prop_carry4_CI_CO[3])
                                                      0.117     7.663 r  ax_pwm_m0/period_cnt_reg[16]_i_1/CO[3]
                         net (fo=1, routed)           0.000     7.663    ax_pwm_m0/period_cnt_reg[16]_i_1_n_0
    SLICE_X6Y23          CARRY4 (Prop_carry4_CI_O[0])
                                                      0.219     7.882 r  ax_pwm_m0/period_cnt_reg[20]_i_1/O[0]
                         net (fo=1, routed)           0.000     7.882    ax_pwm_m0/period_cnt_reg[20]_i_1_n_7
    SLICE_X6Y23          FDCE                                         r  ax_pwm_m0/period_cnt_reg[20]/D
  -------------------------------------------------------------------    -------------------

                         (clock sys_clk rise edge)   20.000    20.000 r  
    Y18                                               0.000    20.000 r  sys_clk (IN)
                         net (fo=0)                   0.000    20.000    sys_clk
    Y18                  IBUF (Prop_ibuf_I_O)         1.425    21.425 r  sys_clk_IBUF_inst/O
                         net (fo=1, routed)           1.868    23.293    sys_clk_IBUF
    BUFGCTRL_X0Y1        BUFG (Prop_bufg_I_O)         0.091    23.384 r  sys_clk_IBUF_BUFG_inst/O
                         net (fo=27, routed)          1.502    24.887    ax_pwm_m0/clk_in1
    SLICE_X6Y23          FDCE                                         r  ax_pwm_m0/period_cnt_reg[20]/C
                         clock pessimism              0.272    25.159    
                         clock uncertainty           -0.035    25.123    
    SLICE_X6Y23          FDCE (Setup_fdce_C_D)        0.109    25.232    ax_pwm_m0/period_cnt_reg[20]
  -------------------------------------------------------------------
                         required time                         25.232    
                         arrival time                          -7.882    
  -------------------------------------------------------------------
                         slack                                 17.351    

Slack (MET) :             17.365ns  (required time - arrival time)
  Source:                 ax_pwm_m0/duty_r_reg[22]/C
                            (rising edge-triggered cell FDCE clocked by sys_clk  {rise@0.000ns fall@10.000ns period=20.000ns})
  Destination:            ax_pwm_m0/period_cnt_reg[17]/D
                            (rising edge-triggered cell FDCE clocked by sys_clk  {rise@0.000ns fall@10.000ns period=20.000ns})
  Path Group:             sys_clk
  Path Type:              Setup (Max at Slow Process Corner)
  Requirement:            20.000ns  (sys_clk rise@20.000ns - sys_clk rise@0.000ns)
  Data Path Delay:        2.681ns  (logic 1.650ns (61.543%)  route 1.031ns (38.456%))
  Logic Levels:           5  (CARRY4=4 LUT2=1)
  Clock Path Skew:        -0.028ns (DCD - SCD + CPR)
    Destination Clock Delay (DCD):    4.888ns = ( 24.888 - 20.000 ) 
    Source Clock Delay      (SCD):    5.188ns
    Clock Pessimism Removal (CPR):    0.272ns
  Clock Uncertainty:      0.035ns  ((TSJ^2 + TIJ^2)^1/2 + DJ) / 2 + PE
    Total System Jitter     (TSJ):    0.071ns
    Total Input Jitter      (TIJ):    0.000ns
    Discrete Jitter          (DJ):    0.000ns
    Phase Error              (PE):    0.000ns

    Location             Delay type                Incr(ns)  Path(ns)    Netlist Resource(s)
  -------------------------------------------------------------------    -------------------
                         (clock sys_clk rise edge)    0.000     0.000 r  
    Y18                                               0.000     0.000 r  sys_clk (IN)
                         net (fo=0)                   0.000     0.000    sys_clk
    Y18                  IBUF (Prop_ibuf_I_O)         1.496     1.496 r  sys_clk_IBUF_inst/O
                         net (fo=1, routed)           1.972     3.467    sys_clk_IBUF
    BUFGCTRL_X0Y1        BUFG (Prop_bufg_I_O)         0.096     3.563 r  sys_clk_IBUF_BUFG_inst/O
                         net (fo=27, routed)          1.624     5.188    ax_pwm_m0/clk_in1
    SLICE_X7Y18          FDCE                                         r  ax_pwm_m0/duty_r_reg[22]/C
  -------------------------------------------------------------------    -------------------
    SLICE_X7Y18          FDCE (Prop_fdce_C_Q)         0.456     5.644 r  ax_pwm_m0/duty_r_reg[22]/Q
                         net (fo=16, routed)          1.031     6.675    ax_pwm_m0/duty_r[22]
    SLICE_X6Y19          LUT2 (Prop_lut2_I0_O)        0.124     6.799 r  ax_pwm_m0/period_cnt[4]_i_2/O
                         net (fo=1, routed)           0.000     6.799    ax_pwm_m0/period_cnt[4]_i_2_n_0
    SLICE_X6Y19          CARRY4 (Prop_carry4_S[0]_CO[3])
                                                      0.513     7.312 r  ax_pwm_m0/period_cnt_reg[4]_i_1/CO[3]
                         net (fo=1, routed)           0.000     7.312    ax_pwm_m0/period_cnt_reg[4]_i_1_n_0
    SLICE_X6Y20          CARRY4 (Prop_carry4_CI_CO[3])
                                                      0.117     7.429 r  ax_pwm_m0/period_cnt_reg[8]_i_1/CO[3]
                         net (fo=1, routed)           0.000     7.429    ax_pwm_m0/period_cnt_reg[8]_i_1_n_0
    SLICE_X6Y21          CARRY4 (Prop_carry4_CI_CO[3])
                                                      0.117     7.546 r  ax_pwm_m0/period_cnt_reg[12]_i_1/CO[3]
                         net (fo=1, routed)           0.000     7.546    ax_pwm_m0/period_cnt_reg[12]_i_1_n_0
    SLICE_X6Y22          CARRY4 (Prop_carry4_CI_O[1])
                                                      0.323     7.869 r  ax_pwm_m0/period_cnt_reg[16]_i_1/O[1]
                         net (fo=1, routed)           0.000     7.869    ax_pwm_m0/period_cnt_reg[16]_i_1_n_6
    SLICE_X6Y22          FDCE                                         r  ax_pwm_m0/period_cnt_reg[17]/D
  -------------------------------------------------------------------    -------------------

                         (clock sys_clk rise edge)   20.000    20.000 r  
    Y18                                               0.000    20.000 r  sys_clk (IN)
                         net (fo=0)                   0.000    20.000    sys_clk
    Y18                  IBUF (Prop_ibuf_I_O)         1.425    21.425 r  sys_clk_IBUF_inst/O
                         net (fo=1, routed)           1.868    23.293    sys_clk_IBUF
    BUFGCTRL_X0Y1        BUFG (Prop_bufg_I_O)         0.091    23.384 r  sys_clk_IBUF_BUFG_inst/O
                         net (fo=27, routed)          1.503    24.888    ax_pwm_m0/clk_in1
    SLICE_X6Y22          FDCE                                         r  ax_pwm_m0/period_cnt_reg[17]/C
                         clock pessimism              0.272    25.160    
                         clock uncertainty           -0.035    25.124    
    SLICE_X6Y22          FDCE (Setup_fdce_C_D)        0.109    25.233    ax_pwm_m0/period_cnt_reg[17]
  -------------------------------------------------------------------
                         required time                         25.233    
                         arrival time                          -7.869    
  -------------------------------------------------------------------
                         slack                                 17.365    

Slack (MET) :             17.365ns  (required time - arrival time)
  Source:                 ax_pwm_m0/duty_r_reg[22]/C
                            (rising edge-triggered cell FDCE clocked by sys_clk  {rise@0.000ns fall@10.000ns period=20.000ns})
  Destination:            ax_pwm_m0/pwm_r_reg/D
                            (rising edge-triggered cell FDCE clocked by sys_clk  {rise@0.000ns fall@10.000ns period=20.000ns})
  Path Group:             sys_clk
  Path Type:              Setup (Max at Slow Process Corner)
  Requirement:            20.000ns  (sys_clk rise@20.000ns - sys_clk rise@0.000ns)
  Data Path Delay:        2.376ns  (logic 1.358ns (57.154%)  route 1.018ns (42.846%))
  Logic Levels:           4  (CARRY4=3 LUT3=1)
  Clock Path Skew:        -0.026ns (DCD - SCD + CPR)
    Destination Clock Delay (DCD):    4.890ns = ( 24.890 - 20.000 ) 
    Source Clock Delay      (SCD):    5.188ns
    Clock Pessimism Removal (CPR):    0.272ns
  Clock Uncertainty:      0.035ns  ((TSJ^2 + TIJ^2)^1/2 + DJ) / 2 + PE
    Total System Jitter     (TSJ):    0.071ns
    Total Input Jitter      (TIJ):    0.000ns
    Discrete Jitter          (DJ):    0.000ns
    Phase Error              (PE):    0.000ns

    Location             Delay type                Incr(ns)  Path(ns)    Netlist Resource(s)
  -------------------------------------------------------------------    -------------------
                         (clock sys_clk rise edge)    0.000     0.000 r  
    Y18                                               0.000     0.000 r  sys_clk (IN)
                         net (fo=0)                   0.000     0.000    sys_clk
    Y18                  IBUF (Prop_ibuf_I_O)         1.496     1.496 r  sys_clk_IBUF_inst/O
                         net (fo=1, routed)           1.972     3.467    sys_clk_IBUF
    BUFGCTRL_X0Y1        BUFG (Prop_bufg_I_O)         0.096     3.563 r  sys_clk_IBUF_BUFG_inst/O
                         net (fo=27, routed)          1.624     5.188    ax_pwm_m0/clk_in1
    SLICE_X7Y18          FDCE                                         r  ax_pwm_m0/duty_r_reg[22]/C
  -------------------------------------------------------------------    -------------------
    SLICE_X7Y18          FDCE (Prop_fdce_C_Q)         0.456     5.644 r  ax_pwm_m0/duty_r_reg[22]/Q
                         net (fo=16, routed)          1.018     6.662    ax_pwm_m0/duty_r[22]
    SLICE_X7Y19          LUT3 (Prop_lut3_I0_O)        0.124     6.786 r  ax_pwm_m0/pwm_r0_carry_i_7/O
                         net (fo=1, routed)           0.000     6.786    ax_pwm_m0/pwm_r0_carry_i_7_n_0
    SLICE_X7Y19          CARRY4 (Prop_carry4_S[1]_CO[3])
                                                      0.550     7.336 r  ax_pwm_m0/pwm_r0_carry/CO[3]
                         net (fo=1, routed)           0.000     7.336    ax_pwm_m0/pwm_r0_carry_n_0
    SLICE_X7Y20          CARRY4 (Prop_carry4_CI_CO[3])
                                                      0.114     7.450 r  ax_pwm_m0/pwm_r0_carry__0/CO[3]
                         net (fo=1, routed)           0.000     7.450    ax_pwm_m0/pwm_r0_carry__0_n_0
    SLICE_X7Y21          CARRY4 (Prop_carry4_CI_CO[3])
                                                      0.114     7.564 r  ax_pwm_m0/pwm_r0_carry__1/CO[3]
                         net (fo=1, routed)           0.000     7.564    ax_pwm_m0/p_0_in
    SLICE_X7Y21          FDCE                                         r  ax_pwm_m0/pwm_r_reg/D
  -------------------------------------------------------------------    -------------------

                         (clock sys_clk rise edge)   20.000    20.000 r  
    Y18                                               0.000    20.000 r  sys_clk (IN)
                         net (fo=0)                   0.000    20.000    sys_clk
    Y18                  IBUF (Prop_ibuf_I_O)         1.425    21.425 r  sys_clk_IBUF_inst/O
                         net (fo=1, routed)           1.868    23.293    sys_clk_IBUF
    BUFGCTRL_X0Y1        BUFG (Prop_bufg_I_O)         0.091    23.384 r  sys_clk_IBUF_BUFG_inst/O
                         net (fo=27, routed)          1.505    24.890    ax_pwm_m0/clk_in1
    SLICE_X7Y21          FDCE                                         r  ax_pwm_m0/pwm_r_reg/C
                         clock pessimism              0.272    25.162    
                         clock uncertainty           -0.035    25.126    
    SLICE_X7Y21          FDCE (Setup_fdce_C_D)       -0.198    24.928    ax_pwm_m0/pwm_r_reg
  -------------------------------------------------------------------
                         required time                         24.928    
                         arrival time                          -7.564    
  -------------------------------------------------------------------
                         slack                                 17.365    

Slack (MET) :             17.373ns  (required time - arrival time)
  Source:                 ax_pwm_m0/duty_r_reg[22]/C
                            (rising edge-triggered cell FDCE clocked by sys_clk  {rise@0.000ns fall@10.000ns period=20.000ns})
  Destination:            ax_pwm_m0/period_cnt_reg[19]/D
                            (rising edge-triggered cell FDCE clocked by sys_clk  {rise@0.000ns fall@10.000ns period=20.000ns})
  Path Group:             sys_clk
  Path Type:              Setup (Max at Slow Process Corner)
  Requirement:            20.000ns  (sys_clk rise@20.000ns - sys_clk rise@0.000ns)
  Data Path Delay:        2.673ns  (logic 1.642ns (61.428%)  route 1.031ns (38.572%))
  Logic Levels:           5  (CARRY4=4 LUT2=1)
  Clock Path Skew:        -0.028ns (DCD - SCD + CPR)
    Destination Clock Delay (DCD):    4.888ns = ( 24.888 - 20.000 ) 
    Source Clock Delay      (SCD):    5.188ns
    Clock Pessimism Removal (CPR):    0.272ns
  Clock Uncertainty:      0.035ns  ((TSJ^2 + TIJ^2)^1/2 + DJ) / 2 + PE
    Total System Jitter     (TSJ):    0.071ns
    Total Input Jitter      (TIJ):    0.000ns
    Discrete Jitter          (DJ):    0.000ns
    Phase Error              (PE):    0.000ns

    Location             Delay type                Incr(ns)  Path(ns)    Netlist Resource(s)
  -------------------------------------------------------------------    -------------------
                         (clock sys_clk rise edge)    0.000     0.000 r  
    Y18                                               0.000     0.000 r  sys_clk (IN)
                         net (fo=0)                   0.000     0.000    sys_clk
    Y18                  IBUF (Prop_ibuf_I_O)         1.496     1.496 r  sys_clk_IBUF_inst/O
                         net (fo=1, routed)           1.972     3.467    sys_clk_IBUF
    BUFGCTRL_X0Y1        BUFG (Prop_bufg_I_O)         0.096     3.563 r  sys_clk_IBUF_BUFG_inst/O
                         net (fo=27, routed)          1.624     5.188    ax_pwm_m0/clk_in1
    SLICE_X7Y18          FDCE                                         r  ax_pwm_m0/duty_r_reg[22]/C
  -------------------------------------------------------------------    -------------------
    SLICE_X7Y18          FDCE (Prop_fdce_C_Q)         0.456     5.644 r  ax_pwm_m0/duty_r_reg[22]/Q
                         net (fo=16, routed)          1.031     6.675    ax_pwm_m0/duty_r[22]
    SLICE_X6Y19          LUT2 (Prop_lut2_I0_O)        0.124     6.799 r  ax_pwm_m0/period_cnt[4]_i_2/O
                         net (fo=1, routed)           0.000     6.799    ax_pwm_m0/period_cnt[4]_i_2_n_0
    SLICE_X6Y19          CARRY4 (Prop_carry4_S[0]_CO[3])
                                                      0.513     7.312 r  ax_pwm_m0/period_cnt_reg[4]_i_1/CO[3]
                         net (fo=1, routed)           0.000     7.312    ax_pwm_m0/period_cnt_reg[4]_i_1_n_0
    SLICE_X6Y20          CARRY4 (Prop_carry4_CI_CO[3])
                                                      0.117     7.429 r  ax_pwm_m0/period_cnt_reg[8]_i_1/CO[3]
                         net (fo=1, routed)           0.000     7.429    ax_pwm_m0/period_cnt_reg[8]_i_1_n_0
    SLICE_X6Y21          CARRY4 (Prop_carry4_CI_CO[3])
                                                      0.117     7.546 r  ax_pwm_m0/period_cnt_reg[12]_i_1/CO[3]
                         net (fo=1, routed)           0.000     7.546    ax_pwm_m0/period_cnt_reg[12]_i_1_n_0
    SLICE_X6Y22          CARRY4 (Prop_carry4_CI_O[3])
                                                      0.315     7.861 r  ax_pwm_m0/period_cnt_reg[16]_i_1/O[3]
                         net (fo=1, routed)           0.000     7.861    ax_pwm_m0/period_cnt_reg[16]_i_1_n_4
    SLICE_X6Y22          FDCE                                         r  ax_pwm_m0/period_cnt_reg[19]/D
  -------------------------------------------------------------------    -------------------

                         (clock sys_clk rise edge)   20.000    20.000 r  
    Y18                                               0.000    20.000 r  sys_clk (IN)
                         net (fo=0)                   0.000    20.000    sys_clk
    Y18                  IBUF (Prop_ibuf_I_O)         1.425    21.425 r  sys_clk_IBUF_inst/O
                         net (fo=1, routed)           1.868    23.293    sys_clk_IBUF
    BUFGCTRL_X0Y1        BUFG (Prop_bufg_I_O)         0.091    23.384 r  sys_clk_IBUF_BUFG_inst/O
                         net (fo=27, routed)          1.503    24.888    ax_pwm_m0/clk_in1
    SLICE_X6Y22          FDCE                                         r  ax_pwm_m0/period_cnt_reg[19]/C
                         clock pessimism              0.272    25.160    
                         clock uncertainty           -0.035    25.124    
    SLICE_X6Y22          FDCE (Setup_fdce_C_D)        0.109    25.233    ax_pwm_m0/period_cnt_reg[19]
  -------------------------------------------------------------------
                         required time                         25.233    
                         arrival time                          -7.861    
  -------------------------------------------------------------------
                         slack                                 17.373    

Slack (MET) :             17.449ns  (required time - arrival time)
  Source:                 ax_pwm_m0/duty_r_reg[22]/C
                            (rising edge-triggered cell FDCE clocked by sys_clk  {rise@0.000ns fall@10.000ns period=20.000ns})
  Destination:            ax_pwm_m0/period_cnt_reg[18]/D
                            (rising edge-triggered cell FDCE clocked by sys_clk  {rise@0.000ns fall@10.000ns period=20.000ns})
  Path Group:             sys_clk
  Path Type:              Setup (Max at Slow Process Corner)
  Requirement:            20.000ns  (sys_clk rise@20.000ns - sys_clk rise@0.000ns)
  Data Path Delay:        2.597ns  (logic 1.566ns (60.300%)  route 1.031ns (39.700%))
  Logic Levels:           5  (CARRY4=4 LUT2=1)
  Clock Path Skew:        -0.028ns (DCD - SCD + CPR)
    Destination Clock Delay (DCD):    4.888ns = ( 24.888 - 20.000 ) 
    Source Clock Delay      (SCD):    5.188ns
    Clock Pessimism Removal (CPR):    0.272ns
  Clock Uncertainty:      0.035ns  ((TSJ^2 + TIJ^2)^1/2 + DJ) / 2 + PE
    Total System Jitter     (TSJ):    0.071ns
    Total Input Jitter      (TIJ):    0.000ns
    Discrete Jitter          (DJ):    0.000ns
    Phase Error              (PE):    0.000ns

    Location             Delay type                Incr(ns)  Path(ns)    Netlist Resource(s)
  -------------------------------------------------------------------    -------------------
                         (clock sys_clk rise edge)    0.000     0.000 r  
    Y18                                               0.000     0.000 r  sys_clk (IN)
                         net (fo=0)                   0.000     0.000    sys_clk
    Y18                  IBUF (Prop_ibuf_I_O)         1.496     1.496 r  sys_clk_IBUF_inst/O
                         net (fo=1, routed)           1.972     3.467    sys_clk_IBUF
    BUFGCTRL_X0Y1        BUFG (Prop_bufg_I_O)         0.096     3.563 r  sys_clk_IBUF_BUFG_inst/O
                         net (fo=27, routed)          1.624     5.188    ax_pwm_m0/clk_in1
    SLICE_X7Y18          FDCE                                         r  ax_pwm_m0/duty_r_reg[22]/C
  -------------------------------------------------------------------    -------------------
    SLICE_X7Y18          FDCE (Prop_fdce_C_Q)         0.456     5.644 r  ax_pwm_m0/duty_r_reg[22]/Q
                         net (fo=16, routed)          1.031     6.675    ax_pwm_m0/duty_r[22]
    SLICE_X6Y19          LUT2 (Prop_lut2_I0_O)        0.124     6.799 r  ax_pwm_m0/period_cnt[4]_i_2/O
                         net (fo=1, routed)           0.000     6.799    ax_pwm_m0/period_cnt[4]_i_2_n_0
    SLICE_X6Y19          CARRY4 (Prop_carry4_S[0]_CO[3])
                                                      0.513     7.312 r  ax_pwm_m0/period_cnt_reg[4]_i_1/CO[3]
                         net (fo=1, routed)           0.000     7.312    ax_pwm_m0/period_cnt_reg[4]_i_1_n_0
    SLICE_X6Y20          CARRY4 (Prop_carry4_CI_CO[3])
                                                      0.117     7.429 r  ax_pwm_m0/period_cnt_reg[8]_i_1/CO[3]
                         net (fo=1, routed)           0.000     7.429    ax_pwm_m0/period_cnt_reg[8]_i_1_n_0
    SLICE_X6Y21          CARRY4 (Prop_carry4_CI_CO[3])
                                                      0.117     7.546 r  ax_pwm_m0/period_cnt_reg[12]_i_1/CO[3]
                         net (fo=1, routed)           0.000     7.546    ax_pwm_m0/period_cnt_reg[12]_i_1_n_0
    SLICE_X6Y22          CARRY4 (Prop_carry4_CI_O[2])
                                                      0.239     7.785 r  ax_pwm_m0/period_cnt_reg[16]_i_1/O[2]
                         net (fo=1, routed)           0.000     7.785    ax_pwm_m0/period_cnt_reg[16]_i_1_n_5
    SLICE_X6Y22          FDCE                                         r  ax_pwm_m0/period_cnt_reg[18]/D
  -------------------------------------------------------------------    -------------------

                         (clock sys_clk rise edge)   20.000    20.000 r  
    Y18                                               0.000    20.000 r  sys_clk (IN)
                         net (fo=0)                   0.000    20.000    sys_clk
    Y18                  IBUF (Prop_ibuf_I_O)         1.425    21.425 r  sys_clk_IBUF_inst/O
                         net (fo=1, routed)           1.868    23.293    sys_clk_IBUF
    BUFGCTRL_X0Y1        BUFG (Prop_bufg_I_O)         0.091    23.384 r  sys_clk_IBUF_BUFG_inst/O
                         net (fo=27, routed)          1.503    24.888    ax_pwm_m0/clk_in1
    SLICE_X6Y22          FDCE                                         r  ax_pwm_m0/period_cnt_reg[18]/C
                         clock pessimism              0.272    25.160    
                         clock uncertainty           -0.035    25.124    
    SLICE_X6Y22          FDCE (Setup_fdce_C_D)        0.109    25.233    ax_pwm_m0/period_cnt_reg[18]
  -------------------------------------------------------------------
                         required time                         25.233    
                         arrival time                          -7.785    
  -------------------------------------------------------------------
                         slack                                 17.449    

Slack (MET) :             17.469ns  (required time - arrival time)
  Source:                 ax_pwm_m0/duty_r_reg[22]/C
                            (rising edge-triggered cell FDCE clocked by sys_clk  {rise@0.000ns fall@10.000ns period=20.000ns})
  Destination:            ax_pwm_m0/period_cnt_reg[16]/D
                            (rising edge-triggered cell FDCE clocked by sys_clk  {rise@0.000ns fall@10.000ns period=20.000ns})
  Path Group:             sys_clk
  Path Type:              Setup (Max at Slow Process Corner)
  Requirement:            20.000ns  (sys_clk rise@20.000ns - sys_clk rise@0.000ns)
  Data Path Delay:        2.577ns  (logic 1.546ns (59.992%)  route 1.031ns (40.008%))
  Logic Levels:           5  (CARRY4=4 LUT2=1)
  Clock Path Skew:        -0.028ns (DCD - SCD + CPR)
    Destination Clock Delay (DCD):    4.888ns = ( 24.888 - 20.000 ) 
    Source Clock Delay      (SCD):    5.188ns
    Clock Pessimism Removal (CPR):    0.272ns
  Clock Uncertainty:      0.035ns  ((TSJ^2 + TIJ^2)^1/2 + DJ) / 2 + PE
    Total System Jitter     (TSJ):    0.071ns
    Total Input Jitter      (TIJ):    0.000ns
    Discrete Jitter          (DJ):    0.000ns
    Phase Error              (PE):    0.000ns

    Location             Delay type                Incr(ns)  Path(ns)    Netlist Resource(s)
  -------------------------------------------------------------------    -------------------
                         (clock sys_clk rise edge)    0.000     0.000 r  
    Y18                                               0.000     0.000 r  sys_clk (IN)
                         net (fo=0)                   0.000     0.000    sys_clk
    Y18                  IBUF (Prop_ibuf_I_O)         1.496     1.496 r  sys_clk_IBUF_inst/O
                         net (fo=1, routed)           1.972     3.467    sys_clk_IBUF
    BUFGCTRL_X0Y1        BUFG (Prop_bufg_I_O)         0.096     3.563 r  sys_clk_IBUF_BUFG_inst/O
                         net (fo=27, routed)          1.624     5.188    ax_pwm_m0/clk_in1
    SLICE_X7Y18          FDCE                                         r  ax_pwm_m0/duty_r_reg[22]/C
  -------------------------------------------------------------------    -------------------
    SLICE_X7Y18          FDCE (Prop_fdce_C_Q)         0.456     5.644 r  ax_pwm_m0/duty_r_reg[22]/Q
                         net (fo=16, routed)          1.031     6.675    ax_pwm_m0/duty_r[22]
    SLICE_X6Y19          LUT2 (Prop_lut2_I0_O)        0.124     6.799 r  ax_pwm_m0/period_cnt[4]_i_2/O
                         net (fo=1, routed)           0.000     6.799    ax_pwm_m0/period_cnt[4]_i_2_n_0
    SLICE_X6Y19          CARRY4 (Prop_carry4_S[0]_CO[3])
                                                      0.513     7.312 r  ax_pwm_m0/period_cnt_reg[4]_i_1/CO[3]
                         net (fo=1, routed)           0.000     7.312    ax_pwm_m0/period_cnt_reg[4]_i_1_n_0
    SLICE_X6Y20          CARRY4 (Prop_carry4_CI_CO[3])
                                                      0.117     7.429 r  ax_pwm_m0/period_cnt_reg[8]_i_1/CO[3]
                         net (fo=1, routed)           0.000     7.429    ax_pwm_m0/period_cnt_reg[8]_i_1_n_0
    SLICE_X6Y21          CARRY4 (Prop_carry4_CI_CO[3])
                                                      0.117     7.546 r  ax_pwm_m0/period_cnt_reg[12]_i_1/CO[3]
                         net (fo=1, routed)           0.000     7.546    ax_pwm_m0/period_cnt_reg[12]_i_1_n_0
    SLICE_X6Y22          CARRY4 (Prop_carry4_CI_O[0])
                                                      0.219     7.765 r  ax_pwm_m0/period_cnt_reg[16]_i_1/O[0]
                         net (fo=1, routed)           0.000     7.765    ax_pwm_m0/period_cnt_reg[16]_i_1_n_7
    SLICE_X6Y22          FDCE                                         r  ax_pwm_m0/period_cnt_reg[16]/D
  -------------------------------------------------------------------    -------------------

                         (clock sys_clk rise edge)   20.000    20.000 r  
    Y18                                               0.000    20.000 r  sys_clk (IN)
                         net (fo=0)                   0.000    20.000    sys_clk
    Y18                  IBUF (Prop_ibuf_I_O)         1.425    21.425 r  sys_clk_IBUF_inst/O
                         net (fo=1, routed)           1.868    23.293    sys_clk_IBUF
    BUFGCTRL_X0Y1        BUFG (Prop_bufg_I_O)         0.091    23.384 r  sys_clk_IBUF_BUFG_inst/O
                         net (fo=27, routed)          1.503    24.888    ax_pwm_m0/clk_in1
    SLICE_X6Y22          FDCE                                         r  ax_pwm_m0/period_cnt_reg[16]/C
                         clock pessimism              0.272    25.160    
                         clock uncertainty           -0.035    25.124    
    SLICE_X6Y22          FDCE (Setup_fdce_C_D)        0.109    25.233    ax_pwm_m0/period_cnt_reg[16]
  -------------------------------------------------------------------
                         required time                         25.233    
                         arrival time                          -7.765    
  -------------------------------------------------------------------
                         slack                                 17.469    

Slack (MET) :             17.484ns  (required time - arrival time)
  Source:                 ax_pwm_m0/duty_r_reg[22]/C
                            (rising edge-triggered cell FDCE clocked by sys_clk  {rise@0.000ns fall@10.000ns period=20.000ns})
  Destination:            ax_pwm_m0/period_cnt_reg[13]/D
                            (rising edge-triggered cell FDCE clocked by sys_clk  {rise@0.000ns fall@10.000ns period=20.000ns})
  Path Group:             sys_clk
  Path Type:              Setup (Max at Slow Process Corner)
  Requirement:            20.000ns  (sys_clk rise@20.000ns - sys_clk rise@0.000ns)
  Data Path Delay:        2.564ns  (logic 1.533ns (59.789%)  route 1.031ns (40.211%))
  Logic Levels:           4  (CARRY4=3 LUT2=1)
  Clock Path Skew:        -0.026ns (DCD - SCD + CPR)
    Destination Clock Delay (DCD):    4.890ns = ( 24.890 - 20.000 ) 
    Source Clock Delay      (SCD):    5.188ns
    Clock Pessimism Removal (CPR):    0.272ns
  Clock Uncertainty:      0.035ns  ((TSJ^2 + TIJ^2)^1/2 + DJ) / 2 + PE
    Total System Jitter     (TSJ):    0.071ns
    Total Input Jitter      (TIJ):    0.000ns
    Discrete Jitter          (DJ):    0.000ns
    Phase Error              (PE):    0.000ns

    Location             Delay type                Incr(ns)  Path(ns)    Netlist Resource(s)
  -------------------------------------------------------------------    -------------------
                         (clock sys_clk rise edge)    0.000     0.000 r  
    Y18                                               0.000     0.000 r  sys_clk (IN)
                         net (fo=0)                   0.000     0.000    sys_clk
    Y18                  IBUF (Prop_ibuf_I_O)         1.496     1.496 r  sys_clk_IBUF_inst/O
                         net (fo=1, routed)           1.972     3.467    sys_clk_IBUF
    BUFGCTRL_X0Y1        BUFG (Prop_bufg_I_O)         0.096     3.563 r  sys_clk_IBUF_BUFG_inst/O
                         net (fo=27, routed)          1.624     5.188    ax_pwm_m0/clk_in1
    SLICE_X7Y18          FDCE                                         r  ax_pwm_m0/duty_r_reg[22]/C
  -------------------------------------------------------------------    -------------------
    SLICE_X7Y18          FDCE (Prop_fdce_C_Q)         0.456     5.644 r  ax_pwm_m0/duty_r_reg[22]/Q
                         net (fo=16, routed)          1.031     6.675    ax_pwm_m0/duty_r[22]
    SLICE_X6Y19          LUT2 (Prop_lut2_I0_O)        0.124     6.799 r  ax_pwm_m0/period_cnt[4]_i_2/O
                         net (fo=1, routed)           0.000     6.799    ax_pwm_m0/period_cnt[4]_i_2_n_0
    SLICE_X6Y19          CARRY4 (Prop_carry4_S[0]_CO[3])
                                                      0.513     7.312 r  ax_pwm_m0/period_cnt_reg[4]_i_1/CO[3]
                         net (fo=1, routed)           0.000     7.312    ax_pwm_m0/period_cnt_reg[4]_i_1_n_0
    SLICE_X6Y20          CARRY4 (Prop_carry4_CI_CO[3])
                                                      0.117     7.429 r  ax_pwm_m0/period_cnt_reg[8]_i_1/CO[3]
                         net (fo=1, routed)           0.000     7.429    ax_pwm_m0/period_cnt_reg[8]_i_1_n_0
    SLICE_X6Y21          CARRY4 (Prop_carry4_CI_O[1])
                                                      0.323     7.752 r  ax_pwm_m0/period_cnt_reg[12]_i_1/O[1]
                         net (fo=1, routed)           0.000     7.752    ax_pwm_m0/period_cnt_reg[12]_i_1_n_6
    SLICE_X6Y21          FDCE                                         r  ax_pwm_m0/period_cnt_reg[13]/D
  -------------------------------------------------------------------    -------------------

                         (clock sys_clk rise edge)   20.000    20.000 r  
    Y18                                               0.000    20.000 r  sys_clk (IN)
                         net (fo=0)                   0.000    20.000    sys_clk
    Y18                  IBUF (Prop_ibuf_I_O)         1.425    21.425 r  sys_clk_IBUF_inst/O
                         net (fo=1, routed)           1.868    23.293    sys_clk_IBUF
    BUFGCTRL_X0Y1        BUFG (Prop_bufg_I_O)         0.091    23.384 r  sys_clk_IBUF_BUFG_inst/O
                         net (fo=27, routed)          1.505    24.890    ax_pwm_m0/clk_in1
    SLICE_X6Y21          FDCE                                         r  ax_pwm_m0/period_cnt_reg[13]/C
                         clock pessimism              0.272    25.162    
                         clock uncertainty           -0.035    25.126    
    SLICE_X6Y21          FDCE (Setup_fdce_C_D)        0.109    25.235    ax_pwm_m0/period_cnt_reg[13]
  -------------------------------------------------------------------
                         required time                         25.235    
                         arrival time                          -7.752    
  -------------------------------------------------------------------
                         slack                                 17.484    





Min Delay Paths
--------------------------------------------------------------------------------------
Slack (MET) :             0.220ns  (arrival time - required time)
  Source:                 ax_pwm_m0/duty_r_reg[22]/C
                            (rising edge-triggered cell FDCE clocked by sys_clk  {rise@0.000ns fall@10.000ns period=20.000ns})
  Destination:            ax_pwm_m0/period_cnt_reg[0]/D
                            (rising edge-triggered cell FDCE clocked by sys_clk  {rise@0.000ns fall@10.000ns period=20.000ns})
  Path Group:             sys_clk
  Path Type:              Hold (Min at Fast Process Corner)
  Requirement:            0.000ns  (sys_clk rise@0.000ns - sys_clk rise@0.000ns)
  Data Path Delay:        0.367ns  (logic 0.256ns (69.684%)  route 0.111ns (30.316%))
  Logic Levels:           2  (CARRY4=1 LUT2=1)
  Clock Path Skew:        0.013ns (DCD - SCD - CPR)
    Destination Clock Delay (DCD):    2.024ns
    Source Clock Delay      (SCD):    1.509ns
    Clock Pessimism Removal (CPR):    0.502ns

    Location             Delay type                Incr(ns)  Path(ns)    Netlist Resource(s)
  -------------------------------------------------------------------    -------------------
                         (clock sys_clk rise edge)    0.000     0.000 r  
    Y18                                               0.000     0.000 r  sys_clk (IN)
                         net (fo=0)                   0.000     0.000    sys_clk
    Y18                  IBUF (Prop_ibuf_I_O)         0.264     0.264 r  sys_clk_IBUF_inst/O
                         net (fo=1, routed)           0.634     0.898    sys_clk_IBUF
    BUFGCTRL_X0Y1        BUFG (Prop_bufg_I_O)         0.026     0.924 r  sys_clk_IBUF_BUFG_inst/O
                         net (fo=27, routed)          0.586     1.509    ax_pwm_m0/clk_in1
    SLICE_X7Y18          FDCE                                         r  ax_pwm_m0/duty_r_reg[22]/C
  -------------------------------------------------------------------    -------------------
    SLICE_X7Y18          FDCE (Prop_fdce_C_Q)         0.141     1.650 r  ax_pwm_m0/duty_r_reg[22]/Q
                         net (fo=16, routed)          0.111     1.762    ax_pwm_m0/duty_r[22]
    SLICE_X6Y18          LUT2 (Prop_lut2_I0_O)        0.045     1.807 r  ax_pwm_m0/period_cnt[0]_i_2/O
                         net (fo=1, routed)           0.000     1.807    ax_pwm_m0/period_cnt[0]_i_2_n_0
    SLICE_X6Y18          CARRY4 (Prop_carry4_S[0]_O[0])
                                                      0.070     1.877 r  ax_pwm_m0/period_cnt_reg[0]_i_1/O[0]
                         net (fo=1, routed)           0.000     1.877    ax_pwm_m0/period_cnt_reg[0]_i_1_n_7
    SLICE_X6Y18          FDCE                                         r  ax_pwm_m0/period_cnt_reg[0]/D
  -------------------------------------------------------------------    -------------------

                         (clock sys_clk rise edge)    0.000     0.000 r  
    Y18                                               0.000     0.000 r  sys_clk (IN)
                         net (fo=0)                   0.000     0.000    sys_clk
    Y18                  IBUF (Prop_ibuf_I_O)         0.452     0.452 r  sys_clk_IBUF_inst/O
                         net (fo=1, routed)           0.689     1.140    sys_clk_IBUF
    BUFGCTRL_X0Y1        BUFG (Prop_bufg_I_O)         0.029     1.169 r  sys_clk_IBUF_BUFG_inst/O
                         net (fo=27, routed)          0.855     2.024    ax_pwm_m0/clk_in1
    SLICE_X6Y18          FDCE                                         r  ax_pwm_m0/period_cnt_reg[0]/C
                         clock pessimism             -0.502     1.522    
    SLICE_X6Y18          FDCE (Hold_fdce_C_D)         0.134     1.656    ax_pwm_m0/period_cnt_reg[0]
  -------------------------------------------------------------------
                         required time                         -1.656    
                         arrival time                           1.877    
  -------------------------------------------------------------------
                         slack                                  0.220    

Slack (MET) :             0.255ns  (arrival time - required time)
  Source:                 ax_pwm_m0/duty_r_reg[22]/C
                            (rising edge-triggered cell FDCE clocked by sys_clk  {rise@0.000ns fall@10.000ns period=20.000ns})
  Destination:            ax_pwm_m0/period_cnt_reg[1]/D
                            (rising edge-triggered cell FDCE clocked by sys_clk  {rise@0.000ns fall@10.000ns period=20.000ns})
  Path Group:             sys_clk
  Path Type:              Hold (Min at Fast Process Corner)
  Requirement:            0.000ns  (sys_clk rise@0.000ns - sys_clk rise@0.000ns)
  Data Path Delay:        0.402ns  (logic 0.291ns (72.321%)  route 0.111ns (27.679%))
  Logic Levels:           2  (CARRY4=1 LUT2=1)
  Clock Path Skew:        0.013ns (DCD - SCD - CPR)
    Destination Clock Delay (DCD):    2.024ns
    Source Clock Delay      (SCD):    1.509ns
    Clock Pessimism Removal (CPR):    0.502ns

    Location             Delay type                Incr(ns)  Path(ns)    Netlist Resource(s)
  -------------------------------------------------------------------    -------------------
                         (clock sys_clk rise edge)    0.000     0.000 r  
    Y18                                               0.000     0.000 r  sys_clk (IN)
                         net (fo=0)                   0.000     0.000    sys_clk
    Y18                  IBUF (Prop_ibuf_I_O)         0.264     0.264 r  sys_clk_IBUF_inst/O
                         net (fo=1, routed)           0.634     0.898    sys_clk_IBUF
    BUFGCTRL_X0Y1        BUFG (Prop_bufg_I_O)         0.026     0.924 r  sys_clk_IBUF_BUFG_inst/O
                         net (fo=27, routed)          0.586     1.509    ax_pwm_m0/clk_in1
    SLICE_X7Y18          FDCE                                         r  ax_pwm_m0/duty_r_reg[22]/C
  -------------------------------------------------------------------    -------------------
    SLICE_X7Y18          FDCE (Prop_fdce_C_Q)         0.141     1.650 r  ax_pwm_m0/duty_r_reg[22]/Q
                         net (fo=16, routed)          0.111     1.762    ax_pwm_m0/duty_r[22]
    SLICE_X6Y18          LUT2 (Prop_lut2_I0_O)        0.045     1.807 r  ax_pwm_m0/period_cnt[0]_i_2/O
                         net (fo=1, routed)           0.000     1.807    ax_pwm_m0/period_cnt[0]_i_2_n_0
    SLICE_X6Y18          CARRY4 (Prop_carry4_S[0]_O[1])
                                                      0.105     1.912 r  ax_pwm_m0/period_cnt_reg[0]_i_1/O[1]
                         net (fo=1, routed)           0.000     1.912    ax_pwm_m0/period_cnt_reg[0]_i_1_n_6
    SLICE_X6Y18          FDCE                                         r  ax_pwm_m0/period_cnt_reg[1]/D
  -------------------------------------------------------------------    -------------------

                         (clock sys_clk rise edge)    0.000     0.000 r  
    Y18                                               0.000     0.000 r  sys_clk (IN)
                         net (fo=0)                   0.000     0.000    sys_clk
    Y18                  IBUF (Prop_ibuf_I_O)         0.452     0.452 r  sys_clk_IBUF_inst/O
                         net (fo=1, routed)           0.689     1.140    sys_clk_IBUF
    BUFGCTRL_X0Y1        BUFG (Prop_bufg_I_O)         0.029     1.169 r  sys_clk_IBUF_BUFG_inst/O
                         net (fo=27, routed)          0.855     2.024    ax_pwm_m0/clk_in1
    SLICE_X6Y18          FDCE                                         r  ax_pwm_m0/period_cnt_reg[1]/C
                         clock pessimism             -0.502     1.522    
    SLICE_X6Y18          FDCE (Hold_fdce_C_D)         0.134     1.656    ax_pwm_m0/period_cnt_reg[1]
  -------------------------------------------------------------------
                         required time                         -1.656    
                         arrival time                           1.912    
  -------------------------------------------------------------------
                         slack                                  0.255    

Slack (MET) :             0.266ns  (arrival time - required time)
  Source:                 ax_pwm_m0/period_cnt_reg[10]/C
                            (rising edge-triggered cell FDCE clocked by sys_clk  {rise@0.000ns fall@10.000ns period=20.000ns})
  Destination:            ax_pwm_m0/period_cnt_reg[10]/D
                            (rising edge-triggered cell FDCE clocked by sys_clk  {rise@0.000ns fall@10.000ns period=20.000ns})
  Path Group:             sys_clk
  Path Type:              Hold (Min at Fast Process Corner)
  Requirement:            0.000ns  (sys_clk rise@0.000ns - sys_clk rise@0.000ns)
  Data Path Delay:        0.400ns  (logic 0.274ns (68.524%)  route 0.126ns (31.476%))
  Logic Levels:           1  (CARRY4=1)
  Clock Path Skew:        0.000ns (DCD - SCD - CPR)
    Destination Clock Delay (DCD):    2.022ns
    Source Clock Delay      (SCD):    1.507ns
    Clock Pessimism Removal (CPR):    0.515ns

    Location             Delay type                Incr(ns)  Path(ns)    Netlist Resource(s)
  -------------------------------------------------------------------    -------------------
                         (clock sys_clk rise edge)    0.000     0.000 r  
    Y18                                               0.000     0.000 r  sys_clk (IN)
                         net (fo=0)                   0.000     0.000    sys_clk
    Y18                  IBUF (Prop_ibuf_I_O)         0.264     0.264 r  sys_clk_IBUF_inst/O
                         net (fo=1, routed)           0.634     0.898    sys_clk_IBUF
    BUFGCTRL_X0Y1        BUFG (Prop_bufg_I_O)         0.026     0.924 r  sys_clk_IBUF_BUFG_inst/O
                         net (fo=27, routed)          0.584     1.507    ax_pwm_m0/clk_in1
    SLICE_X6Y20          FDCE                                         r  ax_pwm_m0/period_cnt_reg[10]/C
  -------------------------------------------------------------------    -------------------
    SLICE_X6Y20          FDCE (Prop_fdce_C_Q)         0.164     1.671 r  ax_pwm_m0/period_cnt_reg[10]/Q
                         net (fo=3, routed)           0.126     1.797    ax_pwm_m0/period_cnt_reg[10]
    SLICE_X6Y20          CARRY4 (Prop_carry4_S[2]_O[2])
                                                      0.110     1.907 r  ax_pwm_m0/period_cnt_reg[8]_i_1/O[2]
                         net (fo=1, routed)           0.000     1.907    ax_pwm_m0/period_cnt_reg[8]_i_1_n_5
    SLICE_X6Y20          FDCE                                         r  ax_pwm_m0/period_cnt_reg[10]/D
  -------------------------------------------------------------------    -------------------

                         (clock sys_clk rise edge)    0.000     0.000 r  
    Y18                                               0.000     0.000 r  sys_clk (IN)
                         net (fo=0)                   0.000     0.000    sys_clk
    Y18                  IBUF (Prop_ibuf_I_O)         0.452     0.452 r  sys_clk_IBUF_inst/O
                         net (fo=1, routed)           0.689     1.140    sys_clk_IBUF
    BUFGCTRL_X0Y1        BUFG (Prop_bufg_I_O)         0.029     1.169 r  sys_clk_IBUF_BUFG_inst/O
                         net (fo=27, routed)          0.853     2.022    ax_pwm_m0/clk_in1
    SLICE_X6Y20          FDCE                                         r  ax_pwm_m0/period_cnt_reg[10]/C
                         clock pessimism             -0.515     1.507    
    SLICE_X6Y20          FDCE (Hold_fdce_C_D)         0.134     1.641    ax_pwm_m0/period_cnt_reg[10]
  -------------------------------------------------------------------
                         required time                         -1.641    
                         arrival time                           1.907    
  -------------------------------------------------------------------
                         slack                                  0.266    

Slack (MET) :             0.267ns  (arrival time - required time)
  Source:                 ax_pwm_m0/period_cnt_reg[18]/C
                            (rising edge-triggered cell FDCE clocked by sys_clk  {rise@0.000ns fall@10.000ns period=20.000ns})
  Destination:            ax_pwm_m0/period_cnt_reg[18]/D
                            (rising edge-triggered cell FDCE clocked by sys_clk  {rise@0.000ns fall@10.000ns period=20.000ns})
  Path Group:             sys_clk
  Path Type:              Hold (Min at Fast Process Corner)
  Requirement:            0.000ns  (sys_clk rise@0.000ns - sys_clk rise@0.000ns)
  Data Path Delay:        0.401ns  (logic 0.274ns (68.412%)  route 0.127ns (31.588%))
  Logic Levels:           1  (CARRY4=1)
  Clock Path Skew:        0.000ns (DCD - SCD - CPR)
    Destination Clock Delay (DCD):    2.020ns
    Source Clock Delay      (SCD):    1.506ns
    Clock Pessimism Removal (CPR):    0.514ns

    Location             Delay type                Incr(ns)  Path(ns)    Netlist Resource(s)
  -------------------------------------------------------------------    -------------------
                         (clock sys_clk rise edge)    0.000     0.000 r  
    Y18                                               0.000     0.000 r  sys_clk (IN)
                         net (fo=0)                   0.000     0.000    sys_clk
    Y18                  IBUF (Prop_ibuf_I_O)         0.264     0.264 r  sys_clk_IBUF_inst/O
                         net (fo=1, routed)           0.634     0.898    sys_clk_IBUF
    BUFGCTRL_X0Y1        BUFG (Prop_bufg_I_O)         0.026     0.924 r  sys_clk_IBUF_BUFG_inst/O
                         net (fo=27, routed)          0.583     1.506    ax_pwm_m0/clk_in1
    SLICE_X6Y22          FDCE                                         r  ax_pwm_m0/period_cnt_reg[18]/C
  -------------------------------------------------------------------    -------------------
    SLICE_X6Y22          FDCE (Prop_fdce_C_Q)         0.164     1.670 r  ax_pwm_m0/period_cnt_reg[18]/Q
                         net (fo=3, routed)           0.127     1.797    ax_pwm_m0/period_cnt_reg[18]
    SLICE_X6Y22          CARRY4 (Prop_carry4_S[2]_O[2])
                                                      0.110     1.907 r  ax_pwm_m0/period_cnt_reg[16]_i_1/O[2]
                         net (fo=1, routed)           0.000     1.907    ax_pwm_m0/period_cnt_reg[16]_i_1_n_5
    SLICE_X6Y22          FDCE                                         r  ax_pwm_m0/period_cnt_reg[18]/D
  -------------------------------------------------------------------    -------------------

                         (clock sys_clk rise edge)    0.000     0.000 r  
    Y18                                               0.000     0.000 r  sys_clk (IN)
                         net (fo=0)                   0.000     0.000    sys_clk
    Y18                  IBUF (Prop_ibuf_I_O)         0.452     0.452 r  sys_clk_IBUF_inst/O
                         net (fo=1, routed)           0.689     1.140    sys_clk_IBUF
    BUFGCTRL_X0Y1        BUFG (Prop_bufg_I_O)         0.029     1.169 r  sys_clk_IBUF_BUFG_inst/O
                         net (fo=27, routed)          0.851     2.020    ax_pwm_m0/clk_in1
    SLICE_X6Y22          FDCE                                         r  ax_pwm_m0/period_cnt_reg[18]/C
                         clock pessimism             -0.514     1.506    
    SLICE_X6Y22          FDCE (Hold_fdce_C_D)         0.134     1.640    ax_pwm_m0/period_cnt_reg[18]
  -------------------------------------------------------------------
                         required time                         -1.640    
                         arrival time                           1.907    
  -------------------------------------------------------------------
                         slack                                  0.267    

Slack (MET) :             0.267ns  (arrival time - required time)
  Source:                 ax_pwm_m0/period_cnt_reg[14]/C
                            (rising edge-triggered cell FDCE clocked by sys_clk  {rise@0.000ns fall@10.000ns period=20.000ns})
  Destination:            ax_pwm_m0/period_cnt_reg[14]/D
                            (rising edge-triggered cell FDCE clocked by sys_clk  {rise@0.000ns fall@10.000ns period=20.000ns})
  Path Group:             sys_clk
  Path Type:              Hold (Min at Fast Process Corner)
  Requirement:            0.000ns  (sys_clk rise@0.000ns - sys_clk rise@0.000ns)
  Data Path Delay:        0.401ns  (logic 0.274ns (68.412%)  route 0.127ns (31.588%))
  Logic Levels:           1  (CARRY4=1)
  Clock Path Skew:        0.000ns (DCD - SCD - CPR)
    Destination Clock Delay (DCD):    2.021ns
    Source Clock Delay      (SCD):    1.506ns
    Clock Pessimism Removal (CPR):    0.515ns

    Location             Delay type                Incr(ns)  Path(ns)    Netlist Resource(s)
  -------------------------------------------------------------------    -------------------
                         (clock sys_clk rise edge)    0.000     0.000 r  
    Y18                                               0.000     0.000 r  sys_clk (IN)
                         net (fo=0)                   0.000     0.000    sys_clk
    Y18                  IBUF (Prop_ibuf_I_O)         0.264     0.264 r  sys_clk_IBUF_inst/O
                         net (fo=1, routed)           0.634     0.898    sys_clk_IBUF
    BUFGCTRL_X0Y1        BUFG (Prop_bufg_I_O)         0.026     0.924 r  sys_clk_IBUF_BUFG_inst/O
                         net (fo=27, routed)          0.583     1.506    ax_pwm_m0/clk_in1
    SLICE_X6Y21          FDCE                                         r  ax_pwm_m0/period_cnt_reg[14]/C
  -------------------------------------------------------------------    -------------------
    SLICE_X6Y21          FDCE (Prop_fdce_C_Q)         0.164     1.670 r  ax_pwm_m0/period_cnt_reg[14]/Q
                         net (fo=3, routed)           0.127     1.797    ax_pwm_m0/period_cnt_reg[14]
    SLICE_X6Y21          CARRY4 (Prop_carry4_S[2]_O[2])
                                                      0.110     1.907 r  ax_pwm_m0/period_cnt_reg[12]_i_1/O[2]
                         net (fo=1, routed)           0.000     1.907    ax_pwm_m0/period_cnt_reg[12]_i_1_n_5
    SLICE_X6Y21          FDCE                                         r  ax_pwm_m0/period_cnt_reg[14]/D
  -------------------------------------------------------------------    -------------------

                         (clock sys_clk rise edge)    0.000     0.000 r  
    Y18                                               0.000     0.000 r  sys_clk (IN)
                         net (fo=0)                   0.000     0.000    sys_clk
    Y18                  IBUF (Prop_ibuf_I_O)         0.452     0.452 r  sys_clk_IBUF_inst/O
                         net (fo=1, routed)           0.689     1.140    sys_clk_IBUF
    BUFGCTRL_X0Y1        BUFG (Prop_bufg_I_O)         0.029     1.169 r  sys_clk_IBUF_BUFG_inst/O
                         net (fo=27, routed)          0.852     2.021    ax_pwm_m0/clk_in1
    SLICE_X6Y21          FDCE                                         r  ax_pwm_m0/period_cnt_reg[14]/C
                         clock pessimism             -0.515     1.506    
    SLICE_X6Y21          FDCE (Hold_fdce_C_D)         0.134     1.640    ax_pwm_m0/period_cnt_reg[14]
  -------------------------------------------------------------------
                         required time                         -1.640    
                         arrival time                           1.907    
  -------------------------------------------------------------------
                         slack                                  0.267    

Slack (MET) :             0.267ns  (arrival time - required time)
  Source:                 ax_pwm_m0/period_cnt_reg[22]/C
                            (rising edge-triggered cell FDCE clocked by sys_clk  {rise@0.000ns fall@10.000ns period=20.000ns})
  Destination:            ax_pwm_m0/period_cnt_reg[22]/D
                            (rising edge-triggered cell FDCE clocked by sys_clk  {rise@0.000ns fall@10.000ns period=20.000ns})
  Path Group:             sys_clk
  Path Type:              Hold (Min at Fast Process Corner)
  Requirement:            0.000ns  (sys_clk rise@0.000ns - sys_clk rise@0.000ns)
  Data Path Delay:        0.401ns  (logic 0.274ns (68.401%)  route 0.127ns (31.599%))
  Logic Levels:           1  (CARRY4=1)
  Clock Path Skew:        0.000ns (DCD - SCD - CPR)
    Destination Clock Delay (DCD):    2.018ns
    Source Clock Delay      (SCD):    1.504ns
    Clock Pessimism Removal (CPR):    0.514ns

    Location             Delay type                Incr(ns)  Path(ns)    Netlist Resource(s)
  -------------------------------------------------------------------    -------------------
                         (clock sys_clk rise edge)    0.000     0.000 r  
    Y18                                               0.000     0.000 r  sys_clk (IN)
                         net (fo=0)                   0.000     0.000    sys_clk
    Y18                  IBUF (Prop_ibuf_I_O)         0.264     0.264 r  sys_clk_IBUF_inst/O
                         net (fo=1, routed)           0.634     0.898    sys_clk_IBUF
    BUFGCTRL_X0Y1        BUFG (Prop_bufg_I_O)         0.026     0.924 r  sys_clk_IBUF_BUFG_inst/O
                         net (fo=27, routed)          0.581     1.504    ax_pwm_m0/clk_in1
    SLICE_X6Y23          FDCE                                         r  ax_pwm_m0/period_cnt_reg[22]/C
  -------------------------------------------------------------------    -------------------
    SLICE_X6Y23          FDCE (Prop_fdce_C_Q)         0.164     1.668 r  ax_pwm_m0/period_cnt_reg[22]/Q
                         net (fo=3, routed)           0.127     1.795    ax_pwm_m0/period_cnt_reg[22]
    SLICE_X6Y23          CARRY4 (Prop_carry4_S[2]_O[2])
                                                      0.110     1.905 r  ax_pwm_m0/period_cnt_reg[20]_i_1/O[2]
                         net (fo=1, routed)           0.000     1.905    ax_pwm_m0/period_cnt_reg[20]_i_1_n_5
    SLICE_X6Y23          FDCE                                         r  ax_pwm_m0/period_cnt_reg[22]/D
  -------------------------------------------------------------------    -------------------

                         (clock sys_clk rise edge)    0.000     0.000 r  
    Y18                                               0.000     0.000 r  sys_clk (IN)
                         net (fo=0)                   0.000     0.000    sys_clk
    Y18                  IBUF (Prop_ibuf_I_O)         0.452     0.452 r  sys_clk_IBUF_inst/O
                         net (fo=1, routed)           0.689     1.140    sys_clk_IBUF
    BUFGCTRL_X0Y1        BUFG (Prop_bufg_I_O)         0.029     1.169 r  sys_clk_IBUF_BUFG_inst/O
                         net (fo=27, routed)          0.849     2.018    ax_pwm_m0/clk_in1
    SLICE_X6Y23          FDCE                                         r  ax_pwm_m0/period_cnt_reg[22]/C
                         clock pessimism             -0.514     1.504    
    SLICE_X6Y23          FDCE (Hold_fdce_C_D)         0.134     1.638    ax_pwm_m0/period_cnt_reg[22]
  -------------------------------------------------------------------
                         required time                         -1.638    
                         arrival time                           1.905    
  -------------------------------------------------------------------
                         slack                                  0.267    

Slack (MET) :             0.268ns  (arrival time - required time)
  Source:                 ax_pwm_m0/duty_r_reg[22]/C
                            (rising edge-triggered cell FDCE clocked by sys_clk  {rise@0.000ns fall@10.000ns period=20.000ns})
  Destination:            ax_pwm_m0/period_cnt_reg[5]/D
                            (rising edge-triggered cell FDCE clocked by sys_clk  {rise@0.000ns fall@10.000ns period=20.000ns})
  Path Group:             sys_clk
  Path Type:              Hold (Min at Fast Process Corner)
  Requirement:            0.000ns  (sys_clk rise@0.000ns - sys_clk rise@0.000ns)
  Data Path Delay:        0.415ns  (logic 0.270ns (65.033%)  route 0.145ns (34.967%))
  Logic Levels:           1  (CARRY4=1)
  Clock Path Skew:        0.013ns (DCD - SCD - CPR)
    Destination Clock Delay (DCD):    2.023ns
    Source Clock Delay      (SCD):    1.509ns
    Clock Pessimism Removal (CPR):    0.501ns

    Location             Delay type                Incr(ns)  Path(ns)    Netlist Resource(s)
  -------------------------------------------------------------------    -------------------
                         (clock sys_clk rise edge)    0.000     0.000 r  
    Y18                                               0.000     0.000 r  sys_clk (IN)
                         net (fo=0)                   0.000     0.000    sys_clk
    Y18                  IBUF (Prop_ibuf_I_O)         0.264     0.264 r  sys_clk_IBUF_inst/O
                         net (fo=1, routed)           0.634     0.898    sys_clk_IBUF
    BUFGCTRL_X0Y1        BUFG (Prop_bufg_I_O)         0.026     0.924 r  sys_clk_IBUF_BUFG_inst/O
                         net (fo=27, routed)          0.586     1.509    ax_pwm_m0/clk_in1
    SLICE_X7Y18          FDCE                                         r  ax_pwm_m0/duty_r_reg[22]/C
  -------------------------------------------------------------------    -------------------
    SLICE_X7Y18          FDCE (Prop_fdce_C_Q)         0.141     1.650 r  ax_pwm_m0/duty_r_reg[22]/Q
                         net (fo=16, routed)          0.145     1.795    ax_pwm_m0/duty_r[22]
    SLICE_X6Y19          CARRY4 (Prop_carry4_DI[0]_O[1])
                                                      0.129     1.924 r  ax_pwm_m0/period_cnt_reg[4]_i_1/O[1]
                         net (fo=1, routed)           0.000     1.924    ax_pwm_m0/period_cnt_reg[4]_i_1_n_6
    SLICE_X6Y19          FDCE                                         r  ax_pwm_m0/period_cnt_reg[5]/D
  -------------------------------------------------------------------    -------------------

                         (clock sys_clk rise edge)    0.000     0.000 r  
    Y18                                               0.000     0.000 r  sys_clk (IN)
                         net (fo=0)                   0.000     0.000    sys_clk
    Y18                  IBUF (Prop_ibuf_I_O)         0.452     0.452 r  sys_clk_IBUF_inst/O
                         net (fo=1, routed)           0.689     1.140    sys_clk_IBUF
    BUFGCTRL_X0Y1        BUFG (Prop_bufg_I_O)         0.029     1.169 r  sys_clk_IBUF_BUFG_inst/O
                         net (fo=27, routed)          0.854     2.023    ax_pwm_m0/clk_in1
    SLICE_X6Y19          FDCE                                         r  ax_pwm_m0/period_cnt_reg[5]/C
                         clock pessimism             -0.501     1.522    
    SLICE_X6Y19          FDCE (Hold_fdce_C_D)         0.134     1.656    ax_pwm_m0/period_cnt_reg[5]
  -------------------------------------------------------------------
                         required time                         -1.656    
                         arrival time                           1.924    
  -------------------------------------------------------------------
                         slack                                  0.268    

Slack (MET) :             0.295ns  (arrival time - required time)
  Source:                 ax_pwm_m0/duty_r_reg[22]/C
                            (rising edge-triggered cell FDCE clocked by sys_clk  {rise@0.000ns fall@10.000ns period=20.000ns})
  Destination:            ax_pwm_m0/period_cnt_reg[2]/D
                            (rising edge-triggered cell FDCE clocked by sys_clk  {rise@0.000ns fall@10.000ns period=20.000ns})
  Path Group:             sys_clk
  Path Type:              Hold (Min at Fast Process Corner)
  Requirement:            0.000ns  (sys_clk rise@0.000ns - sys_clk rise@0.000ns)
  Data Path Delay:        0.442ns  (logic 0.331ns (74.824%)  route 0.111ns (25.176%))
  Logic Levels:           2  (CARRY4=1 LUT2=1)
  Clock Path Skew:        0.013ns (DCD - SCD - CPR)
    Destination Clock Delay (DCD):    2.024ns
    Source Clock Delay      (SCD):    1.509ns
    Clock Pessimism Removal (CPR):    0.502ns

    Location             Delay type                Incr(ns)  Path(ns)    Netlist Resource(s)
  -------------------------------------------------------------------    -------------------
                         (clock sys_clk rise edge)    0.000     0.000 r  
    Y18                                               0.000     0.000 r  sys_clk (IN)
                         net (fo=0)                   0.000     0.000    sys_clk
    Y18                  IBUF (Prop_ibuf_I_O)         0.264     0.264 r  sys_clk_IBUF_inst/O
                         net (fo=1, routed)           0.634     0.898    sys_clk_IBUF
    BUFGCTRL_X0Y1        BUFG (Prop_bufg_I_O)         0.026     0.924 r  sys_clk_IBUF_BUFG_inst/O
                         net (fo=27, routed)          0.586     1.509    ax_pwm_m0/clk_in1
    SLICE_X7Y18          FDCE                                         r  ax_pwm_m0/duty_r_reg[22]/C
  -------------------------------------------------------------------    -------------------
    SLICE_X7Y18          FDCE (Prop_fdce_C_Q)         0.141     1.650 r  ax_pwm_m0/duty_r_reg[22]/Q
                         net (fo=16, routed)          0.111     1.762    ax_pwm_m0/duty_r[22]
    SLICE_X6Y18          LUT2 (Prop_lut2_I0_O)        0.045     1.807 r  ax_pwm_m0/period_cnt[0]_i_2/O
                         net (fo=1, routed)           0.000     1.807    ax_pwm_m0/period_cnt[0]_i_2_n_0
    SLICE_X6Y18          CARRY4 (Prop_carry4_S[0]_O[2])
                                                      0.145     1.952 r  ax_pwm_m0/period_cnt_reg[0]_i_1/O[2]
                         net (fo=1, routed)           0.000     1.952    ax_pwm_m0/period_cnt_reg[0]_i_1_n_5
    SLICE_X6Y18          FDCE                                         r  ax_pwm_m0/period_cnt_reg[2]/D
  -------------------------------------------------------------------    -------------------

                         (clock sys_clk rise edge)    0.000     0.000 r  
    Y18                                               0.000     0.000 r  sys_clk (IN)
                         net (fo=0)                   0.000     0.000    sys_clk
    Y18                  IBUF (Prop_ibuf_I_O)         0.452     0.452 r  sys_clk_IBUF_inst/O
                         net (fo=1, routed)           0.689     1.140    sys_clk_IBUF
    BUFGCTRL_X0Y1        BUFG (Prop_bufg_I_O)         0.029     1.169 r  sys_clk_IBUF_BUFG_inst/O
                         net (fo=27, routed)          0.855     2.024    ax_pwm_m0/clk_in1
    SLICE_X6Y18          FDCE                                         r  ax_pwm_m0/period_cnt_reg[2]/C
                         clock pessimism             -0.502     1.522    
    SLICE_X6Y18          FDCE (Hold_fdce_C_D)         0.134     1.656    ax_pwm_m0/period_cnt_reg[2]
  -------------------------------------------------------------------
                         required time                         -1.656    
                         arrival time                           1.952    
  -------------------------------------------------------------------
                         slack                                  0.295    

Slack (MET) :             0.302ns  (arrival time - required time)
  Source:                 ax_pwm_m0/period_cnt_reg[10]/C
                            (rising edge-triggered cell FDCE clocked by sys_clk  {rise@0.000ns fall@10.000ns period=20.000ns})
  Destination:            ax_pwm_m0/period_cnt_reg[11]/D
                            (rising edge-triggered cell FDCE clocked by sys_clk  {rise@0.000ns fall@10.000ns period=20.000ns})
  Path Group:             sys_clk
  Path Type:              Hold (Min at Fast Process Corner)
  Requirement:            0.000ns  (sys_clk rise@0.000ns - sys_clk rise@0.000ns)
  Data Path Delay:        0.436ns  (logic 0.310ns (71.124%)  route 0.126ns (28.876%))
  Logic Levels:           1  (CARRY4=1)
  Clock Path Skew:        0.000ns (DCD - SCD - CPR)
    Destination Clock Delay (DCD):    2.022ns
    Source Clock Delay      (SCD):    1.507ns
    Clock Pessimism Removal (CPR):    0.515ns

    Location             Delay type                Incr(ns)  Path(ns)    Netlist Resource(s)
  -------------------------------------------------------------------    -------------------
                         (clock sys_clk rise edge)    0.000     0.000 r  
    Y18                                               0.000     0.000 r  sys_clk (IN)
                         net (fo=0)                   0.000     0.000    sys_clk
    Y18                  IBUF (Prop_ibuf_I_O)         0.264     0.264 r  sys_clk_IBUF_inst/O
                         net (fo=1, routed)           0.634     0.898    sys_clk_IBUF
    BUFGCTRL_X0Y1        BUFG (Prop_bufg_I_O)         0.026     0.924 r  sys_clk_IBUF_BUFG_inst/O
                         net (fo=27, routed)          0.584     1.507    ax_pwm_m0/clk_in1
    SLICE_X6Y20          FDCE                                         r  ax_pwm_m0/period_cnt_reg[10]/C
  -------------------------------------------------------------------    -------------------
    SLICE_X6Y20          FDCE (Prop_fdce_C_Q)         0.164     1.671 r  ax_pwm_m0/period_cnt_reg[10]/Q
                         net (fo=3, routed)           0.126     1.797    ax_pwm_m0/period_cnt_reg[10]
    SLICE_X6Y20          CARRY4 (Prop_carry4_S[2]_O[3])
                                                      0.146     1.943 r  ax_pwm_m0/period_cnt_reg[8]_i_1/O[3]
                         net (fo=1, routed)           0.000     1.943    ax_pwm_m0/period_cnt_reg[8]_i_1_n_4
    SLICE_X6Y20          FDCE                                         r  ax_pwm_m0/period_cnt_reg[11]/D
  -------------------------------------------------------------------    -------------------

                         (clock sys_clk rise edge)    0.000     0.000 r  
    Y18                                               0.000     0.000 r  sys_clk (IN)
                         net (fo=0)                   0.000     0.000    sys_clk
    Y18                  IBUF (Prop_ibuf_I_O)         0.452     0.452 r  sys_clk_IBUF_inst/O
                         net (fo=1, routed)           0.689     1.140    sys_clk_IBUF
    BUFGCTRL_X0Y1        BUFG (Prop_bufg_I_O)         0.029     1.169 r  sys_clk_IBUF_BUFG_inst/O
                         net (fo=27, routed)          0.853     2.022    ax_pwm_m0/clk_in1
    SLICE_X6Y20          FDCE                                         r  ax_pwm_m0/period_cnt_reg[11]/C
                         clock pessimism             -0.515     1.507    
    SLICE_X6Y20          FDCE (Hold_fdce_C_D)         0.134     1.641    ax_pwm_m0/period_cnt_reg[11]
  -------------------------------------------------------------------
                         required time                         -1.641    
                         arrival time                           1.943    
  -------------------------------------------------------------------
                         slack                                  0.302    

Slack (MET) :             0.303ns  (arrival time - required time)
  Source:                 ax_pwm_m0/period_cnt_reg[18]/C
                            (rising edge-triggered cell FDCE clocked by sys_clk  {rise@0.000ns fall@10.000ns period=20.000ns})
  Destination:            ax_pwm_m0/period_cnt_reg[19]/D
                            (rising edge-triggered cell FDCE clocked by sys_clk  {rise@0.000ns fall@10.000ns period=20.000ns})
  Path Group:             sys_clk
  Path Type:              Hold (Min at Fast Process Corner)
  Requirement:            0.000ns  (sys_clk rise@0.000ns - sys_clk rise@0.000ns)
  Data Path Delay:        0.437ns  (logic 0.310ns (71.017%)  route 0.127ns (28.983%))
  Logic Levels:           1  (CARRY4=1)
  Clock Path Skew:        0.000ns (DCD - SCD - CPR)
    Destination Clock Delay (DCD):    2.020ns
    Source Clock Delay      (SCD):    1.506ns
    Clock Pessimism Removal (CPR):    0.514ns

    Location             Delay type                Incr(ns)  Path(ns)    Netlist Resource(s)
  -------------------------------------------------------------------    -------------------
                         (clock sys_clk rise edge)    0.000     0.000 r  
    Y18                                               0.000     0.000 r  sys_clk (IN)
                         net (fo=0)                   0.000     0.000    sys_clk
    Y18                  IBUF (Prop_ibuf_I_O)         0.264     0.264 r  sys_clk_IBUF_inst/O
                         net (fo=1, routed)           0.634     0.898    sys_clk_IBUF
    BUFGCTRL_X0Y1        BUFG (Prop_bufg_I_O)         0.026     0.924 r  sys_clk_IBUF_BUFG_inst/O
                         net (fo=27, routed)          0.583     1.506    ax_pwm_m0/clk_in1
    SLICE_X6Y22          FDCE                                         r  ax_pwm_m0/period_cnt_reg[18]/C
  -------------------------------------------------------------------    -------------------
    SLICE_X6Y22          FDCE (Prop_fdce_C_Q)         0.164     1.670 r  ax_pwm_m0/period_cnt_reg[18]/Q
                         net (fo=3, routed)           0.127     1.797    ax_pwm_m0/period_cnt_reg[18]
    SLICE_X6Y22          CARRY4 (Prop_carry4_S[2]_O[3])
                                                      0.146     1.943 r  ax_pwm_m0/period_cnt_reg[16]_i_1/O[3]
                         net (fo=1, routed)           0.000     1.943    ax_pwm_m0/period_cnt_reg[16]_i_1_n_4
    SLICE_X6Y22          FDCE                                         r  ax_pwm_m0/period_cnt_reg[19]/D
  -------------------------------------------------------------------    -------------------

                         (clock sys_clk rise edge)    0.000     0.000 r  
    Y18                                               0.000     0.000 r  sys_clk (IN)
                         net (fo=0)                   0.000     0.000    sys_clk
    Y18                  IBUF (Prop_ibuf_I_O)         0.452     0.452 r  sys_clk_IBUF_inst/O
                         net (fo=1, routed)           0.689     1.140    sys_clk_IBUF
    BUFGCTRL_X0Y1        BUFG (Prop_bufg_I_O)         0.029     1.169 r  sys_clk_IBUF_BUFG_inst/O
                         net (fo=27, routed)          0.851     2.020    ax_pwm_m0/clk_in1
    SLICE_X6Y22          FDCE                                         r  ax_pwm_m0/period_cnt_reg[19]/C
                         clock pessimism             -0.514     1.506    
    SLICE_X6Y22          FDCE (Hold_fdce_C_D)         0.134     1.640    ax_pwm_m0/period_cnt_reg[19]
  -------------------------------------------------------------------
                         required time                         -1.640    
                         arrival time                           1.943    
  -------------------------------------------------------------------
                         slack                                  0.303    





Pulse Width Checks
--------------------------------------------------------------------------------------
Clock Name:         sys_clk
Waveform(ns):       { 0.000 10.000 }
Period(ns):         20.000
Sources:            { sys_clk }

Check Type        Corner  Lib Pin            Reference Pin  Required(ns)  Actual(ns)  Slack(ns)  Location         Pin
Min Period        n/a     BUFG/I             n/a            2.155         20.000      17.845     BUFGCTRL_X0Y1    sys_clk_IBUF_BUFG_inst/I
Min Period        n/a     MMCME2_ADV/CLKIN1  n/a            1.249         20.000      18.751     MMCME2_ADV_X1Y0  video_pll_m0/inst/mmcm_adv_inst/CLKIN1
Min Period        n/a     FDCE/C             n/a            1.000         20.000      19.000     SLICE_X7Y18      ax_pwm_m0/duty_r_reg[22]/C
Min Period        n/a     FDCE/C             n/a            1.000         20.000      19.000     SLICE_X6Y18      ax_pwm_m0/period_cnt_reg[0]/C
Min Period        n/a     FDCE/C             n/a            1.000         20.000      19.000     SLICE_X6Y20      ax_pwm_m0/period_cnt_reg[10]/C
Min Period        n/a     FDCE/C             n/a            1.000         20.000      19.000     SLICE_X6Y20      ax_pwm_m0/period_cnt_reg[11]/C
Min Period        n/a     FDCE/C             n/a            1.000         20.000      19.000     SLICE_X6Y21      ax_pwm_m0/period_cnt_reg[12]/C
Min Period        n/a     FDCE/C             n/a            1.000         20.000      19.000     SLICE_X6Y21      ax_pwm_m0/period_cnt_reg[13]/C
Min Period        n/a     FDCE/C             n/a            1.000         20.000      19.000     SLICE_X6Y21      ax_pwm_m0/period_cnt_reg[14]/C
Min Period        n/a     FDCE/C             n/a            1.000         20.000      19.000     SLICE_X6Y21      ax_pwm_m0/period_cnt_reg[15]/C
Max Period        n/a     MMCME2_ADV/CLKIN1  n/a            100.000       20.000      80.000     MMCME2_ADV_X1Y0  video_pll_m0/inst/mmcm_adv_inst/CLKIN1
Low Pulse Width   Slow    MMCME2_ADV/CLKIN1  n/a            3.000         10.000      7.000      MMCME2_ADV_X1Y0  video_pll_m0/inst/mmcm_adv_inst/CLKIN1
Low Pulse Width   Fast    MMCME2_ADV/CLKIN1  n/a            3.000         10.000      7.000      MMCME2_ADV_X1Y0  video_pll_m0/inst/mmcm_adv_inst/CLKIN1
Low Pulse Width   Slow    FDCE/C             n/a            0.500         10.000      9.500      SLICE_X6Y20      ax_pwm_m0/period_cnt_reg[10]/C
Low Pulse Width   Slow    FDCE/C             n/a            0.500         10.000      9.500      SLICE_X6Y20      ax_pwm_m0/period_cnt_reg[11]/C
Low Pulse Width   Slow    FDCE/C             n/a            0.500         10.000      9.500      SLICE_X6Y21      ax_pwm_m0/period_cnt_reg[12]/C
Low Pulse Width   Slow    FDCE/C             n/a            0.500         10.000      9.500      SLICE_X6Y21      ax_pwm_m0/period_cnt_reg[13]/C
Low Pulse Width   Slow    FDCE/C             n/a            0.500         10.000      9.500      SLICE_X6Y21      ax_pwm_m0/period_cnt_reg[14]/C
Low Pulse Width   Slow    FDCE/C             n/a            0.500         10.000      9.500      SLICE_X6Y21      ax_pwm_m0/period_cnt_reg[15]/C
Low Pulse Width   Fast    FDCE/C             n/a            0.500         10.000      9.500      SLICE_X6Y23      ax_pwm_m0/period_cnt_reg[20]/C
Low Pulse Width   Fast    FDCE/C             n/a            0.500         10.000      9.500      SLICE_X6Y23      ax_pwm_m0/period_cnt_reg[21]/C
High Pulse Width  Slow    MMCME2_ADV/CLKIN1  n/a            3.000         10.000      7.000      MMCME2_ADV_X1Y0  video_pll_m0/inst/mmcm_adv_inst/CLKIN1
High Pulse Width  Fast    MMCME2_ADV/CLKIN1  n/a            3.000         10.000      7.000      MMCME2_ADV_X1Y0  video_pll_m0/inst/mmcm_adv_inst/CLKIN1
High Pulse Width  Slow    FDCE/C             n/a            0.500         10.000      9.500      SLICE_X7Y18      ax_pwm_m0/duty_r_reg[22]/C
High Pulse Width  Slow    FDCE/C             n/a            0.500         10.000      9.500      SLICE_X6Y18      ax_pwm_m0/period_cnt_reg[0]/C
High Pulse Width  Slow    FDCE/C             n/a            0.500         10.000      9.500      SLICE_X6Y18      ax_pwm_m0/period_cnt_reg[1]/C
High Pulse Width  Slow    FDCE/C             n/a            0.500         10.000      9.500      SLICE_X6Y18      ax_pwm_m0/period_cnt_reg[2]/C
High Pulse Width  Slow    FDCE/C             n/a            0.500         10.000      9.500      SLICE_X6Y18      ax_pwm_m0/period_cnt_reg[3]/C
High Pulse Width  Slow    FDCE/C             n/a            0.500         10.000      9.500      SLICE_X6Y19      ax_pwm_m0/period_cnt_reg[4]/C
High Pulse Width  Slow    FDCE/C             n/a            0.500         10.000      9.500      SLICE_X6Y19      ax_pwm_m0/period_cnt_reg[5]/C
High Pulse Width  Slow    FDCE/C             n/a            0.500         10.000      9.500      SLICE_X6Y19      ax_pwm_m0/period_cnt_reg[6]/C



---------------------------------------------------------------------------------------------------
From Clock:  clk_out1_video_pll
  To Clock:  clk_out1_video_pll

Setup :            0  Failing Endpoints,  Worst Slack       23.579ns,  Total Violation        0.000ns
Hold  :            0  Failing Endpoints,  Worst Slack        0.086ns,  Total Violation        0.000ns
PW    :            0  Failing Endpoints,  Worst Slack       14.652ns,  Total Violation        0.000ns
---------------------------------------------------------------------------------------------------


Max Delay Paths
--------------------------------------------------------------------------------------
Slack (MET) :             23.579ns  (required time - arrival time)
  Source:                 osd_display_m0/osd_rom_m0/U0/inst_blk_mem_gen/gnbram.gnativebmg.native_blk_mem_gen/valid.cstr/ramloop[0].ram.r/prim_init.ram/DEVICE_7SERIES.NO_BMM_INFO.SP.SIMPLE_PRIM18.ram/CLKARDCLK
                            (rising edge-triggered cell RAMB18E1 clocked by clk_out1_video_pll  {rise@0.000ns fall@15.152ns period=30.303ns})
  Destination:            osd_display_m0/v_data_reg[15]_lopt_replica_6/R
                            (rising edge-triggered cell FDRE clocked by clk_out1_video_pll  {rise@0.000ns fall@15.152ns period=30.303ns})
  Path Group:             clk_out1_video_pll
  Path Type:              Setup (Max at Slow Process Corner)
  Requirement:            30.303ns  (clk_out1_video_pll rise@30.303ns - clk_out1_video_pll rise@0.000ns)
  Data Path Delay:        6.192ns  (logic 2.702ns (43.635%)  route 3.490ns (56.365%))
  Logic Levels:           2  (LUT4=1 LUT6=1)
  Clock Path Skew:        -0.005ns (DCD - SCD + CPR)
    Destination Clock Delay (DCD):    4.893ns = ( 35.196 - 30.303 ) 
    Source Clock Delay      (SCD):    5.157ns
    Clock Pessimism Removal (CPR):    0.259ns
  Clock Uncertainty:      0.098ns  ((TSJ^2 + DJ^2)^1/2) / 2 + PE
    Total System Jitter     (TSJ):    0.071ns
    Discrete Jitter          (DJ):    0.182ns
    Phase Error              (PE):    0.000ns

    Location             Delay type                Incr(ns)  Path(ns)    Netlist Resource(s)
  -------------------------------------------------------------------    -------------------
                         (clock clk_out1_video_pll rise edge)
                                                      0.000     0.000 r  
    Y18                                               0.000     0.000 r  sys_clk (IN)
                         net (fo=0)                   0.000     0.000    sys_clk
    Y18                  IBUF (Prop_ibuf_I_O)         1.496     1.496 r  sys_clk_IBUF_inst/O
                         net (fo=1, routed)           1.972     3.467    sys_clk_IBUF
    BUFGCTRL_X0Y1        BUFG (Prop_bufg_I_O)         0.096     3.563 r  sys_clk_IBUF_BUFG_inst/O
                         net (fo=27, routed)          1.575     5.139    video_pll_m0/inst/clk_in1
    MMCME2_ADV_X1Y0      MMCME2_ADV (Prop_mmcme2_adv_CLKIN1_CLKOUT0)
                                                     -3.333     1.806 r  video_pll_m0/inst/mmcm_adv_inst/CLKOUT0
                         net (fo=1, routed)           1.661     3.467    video_pll_m0/inst/clk_out1_video_pll
    BUFGCTRL_X0Y0        BUFG (Prop_bufg_I_O)         0.096     3.563 r  video_pll_m0/inst/clkout1_buf/O
                         net (fo=132, routed)         1.594     5.157    osd_display_m0/osd_rom_m0/U0/inst_blk_mem_gen/gnbram.gnativebmg.native_blk_mem_gen/valid.cstr/ramloop[0].ram.r/prim_init.ram/clka
    RAMB18_X0Y8          RAMB18E1                                     r  osd_display_m0/osd_rom_m0/U0/inst_blk_mem_gen/gnbram.gnativebmg.native_blk_mem_gen/valid.cstr/ramloop[0].ram.r/prim_init.ram/DEVICE_7SERIES.NO_BMM_INFO.SP.SIMPLE_PRIM18.ram/CLKARDCLK
  -------------------------------------------------------------------    -------------------
    RAMB18_X0Y8          RAMB18E1 (Prop_ramb18e1_CLKARDCLK_DOADO[5])
                                                      2.454     7.611 r  osd_display_m0/osd_rom_m0/U0/inst_blk_mem_gen/gnbram.gnativebmg.native_blk_mem_gen/valid.cstr/ramloop[0].ram.r/prim_init.ram/DEVICE_7SERIES.NO_BMM_INFO.SP.SIMPLE_PRIM18.ram/DOADO[5]
                         net (fo=1, routed)           1.294     8.905    osd_display_m0/q[5]
    SLICE_X9Y20          LUT6 (Prop_lut6_I3_O)        0.124     9.029 f  osd_display_m0/v_data[23]_i_2/O
                         net (fo=1, routed)           0.403     9.432    osd_display_m0/v_data[23]_i_2_n_0
    SLICE_X9Y20          LUT4 (Prop_lut4_I0_O)        0.124     9.556 r  osd_display_m0/v_data[23]_i_1/O
                         net (fo=24, routed)          1.793    11.349    osd_display_m0/v_data
    SLICE_X0Y29          FDRE                                         r  osd_display_m0/v_data_reg[15]_lopt_replica_6/R
  -------------------------------------------------------------------    -------------------

                         (clock clk_out1_video_pll rise edge)
                                                     30.303    30.303 r  
    Y18                                               0.000    30.303 r  sys_clk (IN)
                         net (fo=0)                   0.000    30.303    sys_clk
    Y18                  IBUF (Prop_ibuf_I_O)         1.425    31.728 r  sys_clk_IBUF_inst/O
                         net (fo=1, routed)           1.868    33.596    sys_clk_IBUF
    BUFGCTRL_X0Y1        BUFG (Prop_bufg_I_O)         0.091    33.687 r  sys_clk_IBUF_BUFG_inst/O
                         net (fo=27, routed)          1.457    35.145    video_pll_m0/inst/clk_in1
    MMCME2_ADV_X1Y0      MMCME2_ADV (Prop_mmcme2_adv_CLKIN1_CLKOUT0)
                                                     -3.129    32.015 r  video_pll_m0/inst/mmcm_adv_inst/CLKOUT0
                         net (fo=1, routed)           1.581    33.596    video_pll_m0/inst/clk_out1_video_pll
    BUFGCTRL_X0Y0        BUFG (Prop_bufg_I_O)         0.091    33.687 r  video_pll_m0/inst/clkout1_buf/O
                         net (fo=132, routed)         1.508    35.196    osd_display_m0/clk_out1
    SLICE_X0Y29          FDRE                                         r  osd_display_m0/v_data_reg[15]_lopt_replica_6/C
                         clock pessimism              0.259    35.455    
                         clock uncertainty           -0.098    35.357    
    SLICE_X0Y29          FDRE (Setup_fdre_C_R)       -0.429    34.928    osd_display_m0/v_data_reg[15]_lopt_replica_6
  -------------------------------------------------------------------
                         required time                         34.928    
                         arrival time                         -11.349    
  -------------------------------------------------------------------
                         slack                                 23.579    

Slack (MET) :             23.579ns  (required time - arrival time)
  Source:                 osd_display_m0/osd_rom_m0/U0/inst_blk_mem_gen/gnbram.gnativebmg.native_blk_mem_gen/valid.cstr/ramloop[0].ram.r/prim_init.ram/DEVICE_7SERIES.NO_BMM_INFO.SP.SIMPLE_PRIM18.ram/CLKARDCLK
                            (rising edge-triggered cell RAMB18E1 clocked by clk_out1_video_pll  {rise@0.000ns fall@15.152ns period=30.303ns})
  Destination:            osd_display_m0/v_data_reg[15]_lopt_replica_7/R
                            (rising edge-triggered cell FDRE clocked by clk_out1_video_pll  {rise@0.000ns fall@15.152ns period=30.303ns})
  Path Group:             clk_out1_video_pll
  Path Type:              Setup (Max at Slow Process Corner)
  Requirement:            30.303ns  (clk_out1_video_pll rise@30.303ns - clk_out1_video_pll rise@0.000ns)
  Data Path Delay:        6.192ns  (logic 2.702ns (43.635%)  route 3.490ns (56.365%))
  Logic Levels:           2  (LUT4=1 LUT6=1)
  Clock Path Skew:        -0.005ns (DCD - SCD + CPR)
    Destination Clock Delay (DCD):    4.893ns = ( 35.196 - 30.303 ) 
    Source Clock Delay      (SCD):    5.157ns
    Clock Pessimism Removal (CPR):    0.259ns
  Clock Uncertainty:      0.098ns  ((TSJ^2 + DJ^2)^1/2) / 2 + PE
    Total System Jitter     (TSJ):    0.071ns
    Discrete Jitter          (DJ):    0.182ns
    Phase Error              (PE):    0.000ns

    Location             Delay type                Incr(ns)  Path(ns)    Netlist Resource(s)
  -------------------------------------------------------------------    -------------------
                         (clock clk_out1_video_pll rise edge)
                                                      0.000     0.000 r  
    Y18                                               0.000     0.000 r  sys_clk (IN)
                         net (fo=0)                   0.000     0.000    sys_clk
    Y18                  IBUF (Prop_ibuf_I_O)         1.496     1.496 r  sys_clk_IBUF_inst/O
                         net (fo=1, routed)           1.972     3.467    sys_clk_IBUF
    BUFGCTRL_X0Y1        BUFG (Prop_bufg_I_O)         0.096     3.563 r  sys_clk_IBUF_BUFG_inst/O
                         net (fo=27, routed)          1.575     5.139    video_pll_m0/inst/clk_in1
    MMCME2_ADV_X1Y0      MMCME2_ADV (Prop_mmcme2_adv_CLKIN1_CLKOUT0)
                                                     -3.333     1.806 r  video_pll_m0/inst/mmcm_adv_inst/CLKOUT0
                         net (fo=1, routed)           1.661     3.467    video_pll_m0/inst/clk_out1_video_pll
    BUFGCTRL_X0Y0        BUFG (Prop_bufg_I_O)         0.096     3.563 r  video_pll_m0/inst/clkout1_buf/O
                         net (fo=132, routed)         1.594     5.157    osd_display_m0/osd_rom_m0/U0/inst_blk_mem_gen/gnbram.gnativebmg.native_blk_mem_gen/valid.cstr/ramloop[0].ram.r/prim_init.ram/clka
    RAMB18_X0Y8          RAMB18E1                                     r  osd_display_m0/osd_rom_m0/U0/inst_blk_mem_gen/gnbram.gnativebmg.native_blk_mem_gen/valid.cstr/ramloop[0].ram.r/prim_init.ram/DEVICE_7SERIES.NO_BMM_INFO.SP.SIMPLE_PRIM18.ram/CLKARDCLK
  -------------------------------------------------------------------    -------------------
    RAMB18_X0Y8          RAMB18E1 (Prop_ramb18e1_CLKARDCLK_DOADO[5])
                                                      2.454     7.611 r  osd_display_m0/osd_rom_m0/U0/inst_blk_mem_gen/gnbram.gnativebmg.native_blk_mem_gen/valid.cstr/ramloop[0].ram.r/prim_init.ram/DEVICE_7SERIES.NO_BMM_INFO.SP.SIMPLE_PRIM18.ram/DOADO[5]
                         net (fo=1, routed)           1.294     8.905    osd_display_m0/q[5]
    SLICE_X9Y20          LUT6 (Prop_lut6_I3_O)        0.124     9.029 f  osd_display_m0/v_data[23]_i_2/O
                         net (fo=1, routed)           0.403     9.432    osd_display_m0/v_data[23]_i_2_n_0
    SLICE_X9Y20          LUT4 (Prop_lut4_I0_O)        0.124     9.556 r  osd_display_m0/v_data[23]_i_1/O
                         net (fo=24, routed)          1.793    11.349    osd_display_m0/v_data
    SLICE_X0Y29          FDRE                                         r  osd_display_m0/v_data_reg[15]_lopt_replica_7/R
  -------------------------------------------------------------------    -------------------

                         (clock clk_out1_video_pll rise edge)
                                                     30.303    30.303 r  
    Y18                                               0.000    30.303 r  sys_clk (IN)
                         net (fo=0)                   0.000    30.303    sys_clk
    Y18                  IBUF (Prop_ibuf_I_O)         1.425    31.728 r  sys_clk_IBUF_inst/O
                         net (fo=1, routed)           1.868    33.596    sys_clk_IBUF
    BUFGCTRL_X0Y1        BUFG (Prop_bufg_I_O)         0.091    33.687 r  sys_clk_IBUF_BUFG_inst/O
                         net (fo=27, routed)          1.457    35.145    video_pll_m0/inst/clk_in1
    MMCME2_ADV_X1Y0      MMCME2_ADV (Prop_mmcme2_adv_CLKIN1_CLKOUT0)
                                                     -3.129    32.015 r  video_pll_m0/inst/mmcm_adv_inst/CLKOUT0
                         net (fo=1, routed)           1.581    33.596    video_pll_m0/inst/clk_out1_video_pll
    BUFGCTRL_X0Y0        BUFG (Prop_bufg_I_O)         0.091    33.687 r  video_pll_m0/inst/clkout1_buf/O
                         net (fo=132, routed)         1.508    35.196    osd_display_m0/clk_out1
    SLICE_X0Y29          FDRE                                         r  osd_display_m0/v_data_reg[15]_lopt_replica_7/C
                         clock pessimism              0.259    35.455    
                         clock uncertainty           -0.098    35.357    
    SLICE_X0Y29          FDRE (Setup_fdre_C_R)       -0.429    34.928    osd_display_m0/v_data_reg[15]_lopt_replica_7
  -------------------------------------------------------------------
                         required time                         34.928    
                         arrival time                         -11.349    
  -------------------------------------------------------------------
                         slack                                 23.579    

Slack (MET) :             23.579ns  (required time - arrival time)
  Source:                 osd_display_m0/osd_rom_m0/U0/inst_blk_mem_gen/gnbram.gnativebmg.native_blk_mem_gen/valid.cstr/ramloop[0].ram.r/prim_init.ram/DEVICE_7SERIES.NO_BMM_INFO.SP.SIMPLE_PRIM18.ram/CLKARDCLK
                            (rising edge-triggered cell RAMB18E1 clocked by clk_out1_video_pll  {rise@0.000ns fall@15.152ns period=30.303ns})
  Destination:            osd_display_m0/v_data_reg[7]/R
                            (rising edge-triggered cell FDRE clocked by clk_out1_video_pll  {rise@0.000ns fall@15.152ns period=30.303ns})
  Path Group:             clk_out1_video_pll
  Path Type:              Setup (Max at Slow Process Corner)
  Requirement:            30.303ns  (clk_out1_video_pll rise@30.303ns - clk_out1_video_pll rise@0.000ns)
  Data Path Delay:        6.192ns  (logic 2.702ns (43.635%)  route 3.490ns (56.365%))
  Logic Levels:           2  (LUT4=1 LUT6=1)
  Clock Path Skew:        -0.005ns (DCD - SCD + CPR)
    Destination Clock Delay (DCD):    4.893ns = ( 35.196 - 30.303 ) 
    Source Clock Delay      (SCD):    5.157ns
    Clock Pessimism Removal (CPR):    0.259ns
  Clock Uncertainty:      0.098ns  ((TSJ^2 + DJ^2)^1/2) / 2 + PE
    Total System Jitter     (TSJ):    0.071ns
    Discrete Jitter          (DJ):    0.182ns
    Phase Error              (PE):    0.000ns

    Location             Delay type                Incr(ns)  Path(ns)    Netlist Resource(s)
  -------------------------------------------------------------------    -------------------
                         (clock clk_out1_video_pll rise edge)
                                                      0.000     0.000 r  
    Y18                                               0.000     0.000 r  sys_clk (IN)
                         net (fo=0)                   0.000     0.000    sys_clk
    Y18                  IBUF (Prop_ibuf_I_O)         1.496     1.496 r  sys_clk_IBUF_inst/O
                         net (fo=1, routed)           1.972     3.467    sys_clk_IBUF
    BUFGCTRL_X0Y1        BUFG (Prop_bufg_I_O)         0.096     3.563 r  sys_clk_IBUF_BUFG_inst/O
                         net (fo=27, routed)          1.575     5.139    video_pll_m0/inst/clk_in1
    MMCME2_ADV_X1Y0      MMCME2_ADV (Prop_mmcme2_adv_CLKIN1_CLKOUT0)
                                                     -3.333     1.806 r  video_pll_m0/inst/mmcm_adv_inst/CLKOUT0
                         net (fo=1, routed)           1.661     3.467    video_pll_m0/inst/clk_out1_video_pll
    BUFGCTRL_X0Y0        BUFG (Prop_bufg_I_O)         0.096     3.563 r  video_pll_m0/inst/clkout1_buf/O
                         net (fo=132, routed)         1.594     5.157    osd_display_m0/osd_rom_m0/U0/inst_blk_mem_gen/gnbram.gnativebmg.native_blk_mem_gen/valid.cstr/ramloop[0].ram.r/prim_init.ram/clka
    RAMB18_X0Y8          RAMB18E1                                     r  osd_display_m0/osd_rom_m0/U0/inst_blk_mem_gen/gnbram.gnativebmg.native_blk_mem_gen/valid.cstr/ramloop[0].ram.r/prim_init.ram/DEVICE_7SERIES.NO_BMM_INFO.SP.SIMPLE_PRIM18.ram/CLKARDCLK
  -------------------------------------------------------------------    -------------------
    RAMB18_X0Y8          RAMB18E1 (Prop_ramb18e1_CLKARDCLK_DOADO[5])
                                                      2.454     7.611 r  osd_display_m0/osd_rom_m0/U0/inst_blk_mem_gen/gnbram.gnativebmg.native_blk_mem_gen/valid.cstr/ramloop[0].ram.r/prim_init.ram/DEVICE_7SERIES.NO_BMM_INFO.SP.SIMPLE_PRIM18.ram/DOADO[5]
                         net (fo=1, routed)           1.294     8.905    osd_display_m0/q[5]
    SLICE_X9Y20          LUT6 (Prop_lut6_I3_O)        0.124     9.029 f  osd_display_m0/v_data[23]_i_2/O
                         net (fo=1, routed)           0.403     9.432    osd_display_m0/v_data[23]_i_2_n_0
    SLICE_X9Y20          LUT4 (Prop_lut4_I0_O)        0.124     9.556 r  osd_display_m0/v_data[23]_i_1/O
                         net (fo=24, routed)          1.793    11.349    osd_display_m0/v_data
    SLICE_X0Y29          FDRE                                         r  osd_display_m0/v_data_reg[7]/R
  -------------------------------------------------------------------    -------------------

                         (clock clk_out1_video_pll rise edge)
                                                     30.303    30.303 r  
    Y18                                               0.000    30.303 r  sys_clk (IN)
                         net (fo=0)                   0.000    30.303    sys_clk
    Y18                  IBUF (Prop_ibuf_I_O)         1.425    31.728 r  sys_clk_IBUF_inst/O
                         net (fo=1, routed)           1.868    33.596    sys_clk_IBUF
    BUFGCTRL_X0Y1        BUFG (Prop_bufg_I_O)         0.091    33.687 r  sys_clk_IBUF_BUFG_inst/O
                         net (fo=27, routed)          1.457    35.145    video_pll_m0/inst/clk_in1
    MMCME2_ADV_X1Y0      MMCME2_ADV (Prop_mmcme2_adv_CLKIN1_CLKOUT0)
                                                     -3.129    32.015 r  video_pll_m0/inst/mmcm_adv_inst/CLKOUT0
                         net (fo=1, routed)           1.581    33.596    video_pll_m0/inst/clk_out1_video_pll
    BUFGCTRL_X0Y0        BUFG (Prop_bufg_I_O)         0.091    33.687 r  video_pll_m0/inst/clkout1_buf/O
                         net (fo=132, routed)         1.508    35.196    osd_display_m0/clk_out1
    SLICE_X0Y29          FDRE                                         r  osd_display_m0/v_data_reg[7]/C
                         clock pessimism              0.259    35.455    
                         clock uncertainty           -0.098    35.357    
    SLICE_X0Y29          FDRE (Setup_fdre_C_R)       -0.429    34.928    osd_display_m0/v_data_reg[7]
  -------------------------------------------------------------------
                         required time                         34.928    
                         arrival time                         -11.349    
  -------------------------------------------------------------------
                         slack                                 23.579    

Slack (MET) :             23.579ns  (required time - arrival time)
  Source:                 osd_display_m0/osd_rom_m0/U0/inst_blk_mem_gen/gnbram.gnativebmg.native_blk_mem_gen/valid.cstr/ramloop[0].ram.r/prim_init.ram/DEVICE_7SERIES.NO_BMM_INFO.SP.SIMPLE_PRIM18.ram/CLKARDCLK
                            (rising edge-triggered cell RAMB18E1 clocked by clk_out1_video_pll  {rise@0.000ns fall@15.152ns period=30.303ns})
  Destination:            osd_display_m0/v_data_reg[7]_lopt_replica/R
                            (rising edge-triggered cell FDRE clocked by clk_out1_video_pll  {rise@0.000ns fall@15.152ns period=30.303ns})
  Path Group:             clk_out1_video_pll
  Path Type:              Setup (Max at Slow Process Corner)
  Requirement:            30.303ns  (clk_out1_video_pll rise@30.303ns - clk_out1_video_pll rise@0.000ns)
  Data Path Delay:        6.192ns  (logic 2.702ns (43.635%)  route 3.490ns (56.365%))
  Logic Levels:           2  (LUT4=1 LUT6=1)
  Clock Path Skew:        -0.005ns (DCD - SCD + CPR)
    Destination Clock Delay (DCD):    4.893ns = ( 35.196 - 30.303 ) 
    Source Clock Delay      (SCD):    5.157ns
    Clock Pessimism Removal (CPR):    0.259ns
  Clock Uncertainty:      0.098ns  ((TSJ^2 + DJ^2)^1/2) / 2 + PE
    Total System Jitter     (TSJ):    0.071ns
    Discrete Jitter          (DJ):    0.182ns
    Phase Error              (PE):    0.000ns

    Location             Delay type                Incr(ns)  Path(ns)    Netlist Resource(s)
  -------------------------------------------------------------------    -------------------
                         (clock clk_out1_video_pll rise edge)
                                                      0.000     0.000 r  
    Y18                                               0.000     0.000 r  sys_clk (IN)
                         net (fo=0)                   0.000     0.000    sys_clk
    Y18                  IBUF (Prop_ibuf_I_O)         1.496     1.496 r  sys_clk_IBUF_inst/O
                         net (fo=1, routed)           1.972     3.467    sys_clk_IBUF
    BUFGCTRL_X0Y1        BUFG (Prop_bufg_I_O)         0.096     3.563 r  sys_clk_IBUF_BUFG_inst/O
                         net (fo=27, routed)          1.575     5.139    video_pll_m0/inst/clk_in1
    MMCME2_ADV_X1Y0      MMCME2_ADV (Prop_mmcme2_adv_CLKIN1_CLKOUT0)
                                                     -3.333     1.806 r  video_pll_m0/inst/mmcm_adv_inst/CLKOUT0
                         net (fo=1, routed)           1.661     3.467    video_pll_m0/inst/clk_out1_video_pll
    BUFGCTRL_X0Y0        BUFG (Prop_bufg_I_O)         0.096     3.563 r  video_pll_m0/inst/clkout1_buf/O
                         net (fo=132, routed)         1.594     5.157    osd_display_m0/osd_rom_m0/U0/inst_blk_mem_gen/gnbram.gnativebmg.native_blk_mem_gen/valid.cstr/ramloop[0].ram.r/prim_init.ram/clka
    RAMB18_X0Y8          RAMB18E1                                     r  osd_display_m0/osd_rom_m0/U0/inst_blk_mem_gen/gnbram.gnativebmg.native_blk_mem_gen/valid.cstr/ramloop[0].ram.r/prim_init.ram/DEVICE_7SERIES.NO_BMM_INFO.SP.SIMPLE_PRIM18.ram/CLKARDCLK
  -------------------------------------------------------------------    -------------------
    RAMB18_X0Y8          RAMB18E1 (Prop_ramb18e1_CLKARDCLK_DOADO[5])
                                                      2.454     7.611 r  osd_display_m0/osd_rom_m0/U0/inst_blk_mem_gen/gnbram.gnativebmg.native_blk_mem_gen/valid.cstr/ramloop[0].ram.r/prim_init.ram/DEVICE_7SERIES.NO_BMM_INFO.SP.SIMPLE_PRIM18.ram/DOADO[5]
                         net (fo=1, routed)           1.294     8.905    osd_display_m0/q[5]
    SLICE_X9Y20          LUT6 (Prop_lut6_I3_O)        0.124     9.029 f  osd_display_m0/v_data[23]_i_2/O
                         net (fo=1, routed)           0.403     9.432    osd_display_m0/v_data[23]_i_2_n_0
    SLICE_X9Y20          LUT4 (Prop_lut4_I0_O)        0.124     9.556 r  osd_display_m0/v_data[23]_i_1/O
                         net (fo=24, routed)          1.793    11.349    osd_display_m0/v_data
    SLICE_X0Y29          FDRE                                         r  osd_display_m0/v_data_reg[7]_lopt_replica/R
  -------------------------------------------------------------------    -------------------

                         (clock clk_out1_video_pll rise edge)
                                                     30.303    30.303 r  
    Y18                                               0.000    30.303 r  sys_clk (IN)
                         net (fo=0)                   0.000    30.303    sys_clk
    Y18                  IBUF (Prop_ibuf_I_O)         1.425    31.728 r  sys_clk_IBUF_inst/O
                         net (fo=1, routed)           1.868    33.596    sys_clk_IBUF
    BUFGCTRL_X0Y1        BUFG (Prop_bufg_I_O)         0.091    33.687 r  sys_clk_IBUF_BUFG_inst/O
                         net (fo=27, routed)          1.457    35.145    video_pll_m0/inst/clk_in1
    MMCME2_ADV_X1Y0      MMCME2_ADV (Prop_mmcme2_adv_CLKIN1_CLKOUT0)
                                                     -3.129    32.015 r  video_pll_m0/inst/mmcm_adv_inst/CLKOUT0
                         net (fo=1, routed)           1.581    33.596    video_pll_m0/inst/clk_out1_video_pll
    BUFGCTRL_X0Y0        BUFG (Prop_bufg_I_O)         0.091    33.687 r  video_pll_m0/inst/clkout1_buf/O
                         net (fo=132, routed)         1.508    35.196    osd_display_m0/clk_out1
    SLICE_X0Y29          FDRE                                         r  osd_display_m0/v_data_reg[7]_lopt_replica/C
                         clock pessimism              0.259    35.455    
                         clock uncertainty           -0.098    35.357    
    SLICE_X0Y29          FDRE (Setup_fdre_C_R)       -0.429    34.928    osd_display_m0/v_data_reg[7]_lopt_replica
  -------------------------------------------------------------------
                         required time                         34.928    
                         arrival time                         -11.349    
  -------------------------------------------------------------------
                         slack                                 23.579    

Slack (MET) :             23.579ns  (required time - arrival time)
  Source:                 osd_display_m0/osd_rom_m0/U0/inst_blk_mem_gen/gnbram.gnativebmg.native_blk_mem_gen/valid.cstr/ramloop[0].ram.r/prim_init.ram/DEVICE_7SERIES.NO_BMM_INFO.SP.SIMPLE_PRIM18.ram/CLKARDCLK
                            (rising edge-triggered cell RAMB18E1 clocked by clk_out1_video_pll  {rise@0.000ns fall@15.152ns period=30.303ns})
  Destination:            osd_display_m0/v_data_reg[7]_lopt_replica_2/R
                            (rising edge-triggered cell FDRE clocked by clk_out1_video_pll  {rise@0.000ns fall@15.152ns period=30.303ns})
  Path Group:             clk_out1_video_pll
  Path Type:              Setup (Max at Slow Process Corner)
  Requirement:            30.303ns  (clk_out1_video_pll rise@30.303ns - clk_out1_video_pll rise@0.000ns)
  Data Path Delay:        6.192ns  (logic 2.702ns (43.635%)  route 3.490ns (56.365%))
  Logic Levels:           2  (LUT4=1 LUT6=1)
  Clock Path Skew:        -0.005ns (DCD - SCD + CPR)
    Destination Clock Delay (DCD):    4.893ns = ( 35.196 - 30.303 ) 
    Source Clock Delay      (SCD):    5.157ns
    Clock Pessimism Removal (CPR):    0.259ns
  Clock Uncertainty:      0.098ns  ((TSJ^2 + DJ^2)^1/2) / 2 + PE
    Total System Jitter     (TSJ):    0.071ns
    Discrete Jitter          (DJ):    0.182ns
    Phase Error              (PE):    0.000ns

    Location             Delay type                Incr(ns)  Path(ns)    Netlist Resource(s)
  -------------------------------------------------------------------    -------------------
                         (clock clk_out1_video_pll rise edge)
                                                      0.000     0.000 r  
    Y18                                               0.000     0.000 r  sys_clk (IN)
                         net (fo=0)                   0.000     0.000    sys_clk
    Y18                  IBUF (Prop_ibuf_I_O)         1.496     1.496 r  sys_clk_IBUF_inst/O
                         net (fo=1, routed)           1.972     3.467    sys_clk_IBUF
    BUFGCTRL_X0Y1        BUFG (Prop_bufg_I_O)         0.096     3.563 r  sys_clk_IBUF_BUFG_inst/O
                         net (fo=27, routed)          1.575     5.139    video_pll_m0/inst/clk_in1
    MMCME2_ADV_X1Y0      MMCME2_ADV (Prop_mmcme2_adv_CLKIN1_CLKOUT0)
                                                     -3.333     1.806 r  video_pll_m0/inst/mmcm_adv_inst/CLKOUT0
                         net (fo=1, routed)           1.661     3.467    video_pll_m0/inst/clk_out1_video_pll
    BUFGCTRL_X0Y0        BUFG (Prop_bufg_I_O)         0.096     3.563 r  video_pll_m0/inst/clkout1_buf/O
                         net (fo=132, routed)         1.594     5.157    osd_display_m0/osd_rom_m0/U0/inst_blk_mem_gen/gnbram.gnativebmg.native_blk_mem_gen/valid.cstr/ramloop[0].ram.r/prim_init.ram/clka
    RAMB18_X0Y8          RAMB18E1                                     r  osd_display_m0/osd_rom_m0/U0/inst_blk_mem_gen/gnbram.gnativebmg.native_blk_mem_gen/valid.cstr/ramloop[0].ram.r/prim_init.ram/DEVICE_7SERIES.NO_BMM_INFO.SP.SIMPLE_PRIM18.ram/CLKARDCLK
  -------------------------------------------------------------------    -------------------
    RAMB18_X0Y8          RAMB18E1 (Prop_ramb18e1_CLKARDCLK_DOADO[5])
                                                      2.454     7.611 r  osd_display_m0/osd_rom_m0/U0/inst_blk_mem_gen/gnbram.gnativebmg.native_blk_mem_gen/valid.cstr/ramloop[0].ram.r/prim_init.ram/DEVICE_7SERIES.NO_BMM_INFO.SP.SIMPLE_PRIM18.ram/DOADO[5]
                         net (fo=1, routed)           1.294     8.905    osd_display_m0/q[5]
    SLICE_X9Y20          LUT6 (Prop_lut6_I3_O)        0.124     9.029 f  osd_display_m0/v_data[23]_i_2/O
                         net (fo=1, routed)           0.403     9.432    osd_display_m0/v_data[23]_i_2_n_0
    SLICE_X9Y20          LUT4 (Prop_lut4_I0_O)        0.124     9.556 r  osd_display_m0/v_data[23]_i_1/O
                         net (fo=24, routed)          1.793    11.349    osd_display_m0/v_data
    SLICE_X0Y29          FDRE                                         r  osd_display_m0/v_data_reg[7]_lopt_replica_2/R
  -------------------------------------------------------------------    -------------------

                         (clock clk_out1_video_pll rise edge)
                                                     30.303    30.303 r  
    Y18                                               0.000    30.303 r  sys_clk (IN)
                         net (fo=0)                   0.000    30.303    sys_clk
    Y18                  IBUF (Prop_ibuf_I_O)         1.425    31.728 r  sys_clk_IBUF_inst/O
                         net (fo=1, routed)           1.868    33.596    sys_clk_IBUF
    BUFGCTRL_X0Y1        BUFG (Prop_bufg_I_O)         0.091    33.687 r  sys_clk_IBUF_BUFG_inst/O
                         net (fo=27, routed)          1.457    35.145    video_pll_m0/inst/clk_in1
    MMCME2_ADV_X1Y0      MMCME2_ADV (Prop_mmcme2_adv_CLKIN1_CLKOUT0)
                                                     -3.129    32.015 r  video_pll_m0/inst/mmcm_adv_inst/CLKOUT0
                         net (fo=1, routed)           1.581    33.596    video_pll_m0/inst/clk_out1_video_pll
    BUFGCTRL_X0Y0        BUFG (Prop_bufg_I_O)         0.091    33.687 r  video_pll_m0/inst/clkout1_buf/O
                         net (fo=132, routed)         1.508    35.196    osd_display_m0/clk_out1
    SLICE_X0Y29          FDRE                                         r  osd_display_m0/v_data_reg[7]_lopt_replica_2/C
                         clock pessimism              0.259    35.455    
                         clock uncertainty           -0.098    35.357    
    SLICE_X0Y29          FDRE (Setup_fdre_C_R)       -0.429    34.928    osd_display_m0/v_data_reg[7]_lopt_replica_2
  -------------------------------------------------------------------
                         required time                         34.928    
                         arrival time                         -11.349    
  -------------------------------------------------------------------
                         slack                                 23.579    

Slack (MET) :             23.579ns  (required time - arrival time)
  Source:                 osd_display_m0/osd_rom_m0/U0/inst_blk_mem_gen/gnbram.gnativebmg.native_blk_mem_gen/valid.cstr/ramloop[0].ram.r/prim_init.ram/DEVICE_7SERIES.NO_BMM_INFO.SP.SIMPLE_PRIM18.ram/CLKARDCLK
                            (rising edge-triggered cell RAMB18E1 clocked by clk_out1_video_pll  {rise@0.000ns fall@15.152ns period=30.303ns})
  Destination:            osd_display_m0/v_data_reg[7]_lopt_replica_3/R
                            (rising edge-triggered cell FDRE clocked by clk_out1_video_pll  {rise@0.000ns fall@15.152ns period=30.303ns})
  Path Group:             clk_out1_video_pll
  Path Type:              Setup (Max at Slow Process Corner)
  Requirement:            30.303ns  (clk_out1_video_pll rise@30.303ns - clk_out1_video_pll rise@0.000ns)
  Data Path Delay:        6.192ns  (logic 2.702ns (43.635%)  route 3.490ns (56.365%))
  Logic Levels:           2  (LUT4=1 LUT6=1)
  Clock Path Skew:        -0.005ns (DCD - SCD + CPR)
    Destination Clock Delay (DCD):    4.893ns = ( 35.196 - 30.303 ) 
    Source Clock Delay      (SCD):    5.157ns
    Clock Pessimism Removal (CPR):    0.259ns
  Clock Uncertainty:      0.098ns  ((TSJ^2 + DJ^2)^1/2) / 2 + PE
    Total System Jitter     (TSJ):    0.071ns
    Discrete Jitter          (DJ):    0.182ns
    Phase Error              (PE):    0.000ns

    Location             Delay type                Incr(ns)  Path(ns)    Netlist Resource(s)
  -------------------------------------------------------------------    -------------------
                         (clock clk_out1_video_pll rise edge)
                                                      0.000     0.000 r  
    Y18                                               0.000     0.000 r  sys_clk (IN)
                         net (fo=0)                   0.000     0.000    sys_clk
    Y18                  IBUF (Prop_ibuf_I_O)         1.496     1.496 r  sys_clk_IBUF_inst/O
                         net (fo=1, routed)           1.972     3.467    sys_clk_IBUF
    BUFGCTRL_X0Y1        BUFG (Prop_bufg_I_O)         0.096     3.563 r  sys_clk_IBUF_BUFG_inst/O
                         net (fo=27, routed)          1.575     5.139    video_pll_m0/inst/clk_in1
    MMCME2_ADV_X1Y0      MMCME2_ADV (Prop_mmcme2_adv_CLKIN1_CLKOUT0)
                                                     -3.333     1.806 r  video_pll_m0/inst/mmcm_adv_inst/CLKOUT0
                         net (fo=1, routed)           1.661     3.467    video_pll_m0/inst/clk_out1_video_pll
    BUFGCTRL_X0Y0        BUFG (Prop_bufg_I_O)         0.096     3.563 r  video_pll_m0/inst/clkout1_buf/O
                         net (fo=132, routed)         1.594     5.157    osd_display_m0/osd_rom_m0/U0/inst_blk_mem_gen/gnbram.gnativebmg.native_blk_mem_gen/valid.cstr/ramloop[0].ram.r/prim_init.ram/clka
    RAMB18_X0Y8          RAMB18E1                                     r  osd_display_m0/osd_rom_m0/U0/inst_blk_mem_gen/gnbram.gnativebmg.native_blk_mem_gen/valid.cstr/ramloop[0].ram.r/prim_init.ram/DEVICE_7SERIES.NO_BMM_INFO.SP.SIMPLE_PRIM18.ram/CLKARDCLK
  -------------------------------------------------------------------    -------------------
    RAMB18_X0Y8          RAMB18E1 (Prop_ramb18e1_CLKARDCLK_DOADO[5])
                                                      2.454     7.611 r  osd_display_m0/osd_rom_m0/U0/inst_blk_mem_gen/gnbram.gnativebmg.native_blk_mem_gen/valid.cstr/ramloop[0].ram.r/prim_init.ram/DEVICE_7SERIES.NO_BMM_INFO.SP.SIMPLE_PRIM18.ram/DOADO[5]
                         net (fo=1, routed)           1.294     8.905    osd_display_m0/q[5]
    SLICE_X9Y20          LUT6 (Prop_lut6_I3_O)        0.124     9.029 f  osd_display_m0/v_data[23]_i_2/O
                         net (fo=1, routed)           0.403     9.432    osd_display_m0/v_data[23]_i_2_n_0
    SLICE_X9Y20          LUT4 (Prop_lut4_I0_O)        0.124     9.556 r  osd_display_m0/v_data[23]_i_1/O
                         net (fo=24, routed)          1.793    11.349    osd_display_m0/v_data
    SLICE_X0Y29          FDRE                                         r  osd_display_m0/v_data_reg[7]_lopt_replica_3/R
  -------------------------------------------------------------------    -------------------

                         (clock clk_out1_video_pll rise edge)
                                                     30.303    30.303 r  
    Y18                                               0.000    30.303 r  sys_clk (IN)
                         net (fo=0)                   0.000    30.303    sys_clk
    Y18                  IBUF (Prop_ibuf_I_O)         1.425    31.728 r  sys_clk_IBUF_inst/O
                         net (fo=1, routed)           1.868    33.596    sys_clk_IBUF
    BUFGCTRL_X0Y1        BUFG (Prop_bufg_I_O)         0.091    33.687 r  sys_clk_IBUF_BUFG_inst/O
                         net (fo=27, routed)          1.457    35.145    video_pll_m0/inst/clk_in1
    MMCME2_ADV_X1Y0      MMCME2_ADV (Prop_mmcme2_adv_CLKIN1_CLKOUT0)
                                                     -3.129    32.015 r  video_pll_m0/inst/mmcm_adv_inst/CLKOUT0
                         net (fo=1, routed)           1.581    33.596    video_pll_m0/inst/clk_out1_video_pll
    BUFGCTRL_X0Y0        BUFG (Prop_bufg_I_O)         0.091    33.687 r  video_pll_m0/inst/clkout1_buf/O
                         net (fo=132, routed)         1.508    35.196    osd_display_m0/clk_out1
    SLICE_X0Y29          FDRE                                         r  osd_display_m0/v_data_reg[7]_lopt_replica_3/C
                         clock pessimism              0.259    35.455    
                         clock uncertainty           -0.098    35.357    
    SLICE_X0Y29          FDRE (Setup_fdre_C_R)       -0.429    34.928    osd_display_m0/v_data_reg[7]_lopt_replica_3
  -------------------------------------------------------------------
                         required time                         34.928    
                         arrival time                         -11.349    
  -------------------------------------------------------------------
                         slack                                 23.579    

Slack (MET) :             23.583ns  (required time - arrival time)
  Source:                 osd_display_m0/osd_rom_m0/U0/inst_blk_mem_gen/gnbram.gnativebmg.native_blk_mem_gen/valid.cstr/ramloop[0].ram.r/prim_init.ram/DEVICE_7SERIES.NO_BMM_INFO.SP.SIMPLE_PRIM18.ram/CLKARDCLK
                            (rising edge-triggered cell RAMB18E1 clocked by clk_out1_video_pll  {rise@0.000ns fall@15.152ns period=30.303ns})
  Destination:            osd_display_m0/v_data_reg[15]/R
                            (rising edge-triggered cell FDRE clocked by clk_out1_video_pll  {rise@0.000ns fall@15.152ns period=30.303ns})
  Path Group:             clk_out1_video_pll
  Path Type:              Setup (Max at Slow Process Corner)
  Requirement:            30.303ns  (clk_out1_video_pll rise@30.303ns - clk_out1_video_pll rise@0.000ns)
  Data Path Delay:        6.188ns  (logic 2.702ns (43.666%)  route 3.486ns (56.334%))
  Logic Levels:           2  (LUT4=1 LUT6=1)
  Clock Path Skew:        -0.005ns (DCD - SCD + CPR)
    Destination Clock Delay (DCD):    4.893ns = ( 35.196 - 30.303 ) 
    Source Clock Delay      (SCD):    5.157ns
    Clock Pessimism Removal (CPR):    0.259ns
  Clock Uncertainty:      0.098ns  ((TSJ^2 + DJ^2)^1/2) / 2 + PE
    Total System Jitter     (TSJ):    0.071ns
    Discrete Jitter          (DJ):    0.182ns
    Phase Error              (PE):    0.000ns

    Location             Delay type                Incr(ns)  Path(ns)    Netlist Resource(s)
  -------------------------------------------------------------------    -------------------
                         (clock clk_out1_video_pll rise edge)
                                                      0.000     0.000 r  
    Y18                                               0.000     0.000 r  sys_clk (IN)
                         net (fo=0)                   0.000     0.000    sys_clk
    Y18                  IBUF (Prop_ibuf_I_O)         1.496     1.496 r  sys_clk_IBUF_inst/O
                         net (fo=1, routed)           1.972     3.467    sys_clk_IBUF
    BUFGCTRL_X0Y1        BUFG (Prop_bufg_I_O)         0.096     3.563 r  sys_clk_IBUF_BUFG_inst/O
                         net (fo=27, routed)          1.575     5.139    video_pll_m0/inst/clk_in1
    MMCME2_ADV_X1Y0      MMCME2_ADV (Prop_mmcme2_adv_CLKIN1_CLKOUT0)
                                                     -3.333     1.806 r  video_pll_m0/inst/mmcm_adv_inst/CLKOUT0
                         net (fo=1, routed)           1.661     3.467    video_pll_m0/inst/clk_out1_video_pll
    BUFGCTRL_X0Y0        BUFG (Prop_bufg_I_O)         0.096     3.563 r  video_pll_m0/inst/clkout1_buf/O
                         net (fo=132, routed)         1.594     5.157    osd_display_m0/osd_rom_m0/U0/inst_blk_mem_gen/gnbram.gnativebmg.native_blk_mem_gen/valid.cstr/ramloop[0].ram.r/prim_init.ram/clka
    RAMB18_X0Y8          RAMB18E1                                     r  osd_display_m0/osd_rom_m0/U0/inst_blk_mem_gen/gnbram.gnativebmg.native_blk_mem_gen/valid.cstr/ramloop[0].ram.r/prim_init.ram/DEVICE_7SERIES.NO_BMM_INFO.SP.SIMPLE_PRIM18.ram/CLKARDCLK
  -------------------------------------------------------------------    -------------------
    RAMB18_X0Y8          RAMB18E1 (Prop_ramb18e1_CLKARDCLK_DOADO[5])
                                                      2.454     7.611 r  osd_display_m0/osd_rom_m0/U0/inst_blk_mem_gen/gnbram.gnativebmg.native_blk_mem_gen/valid.cstr/ramloop[0].ram.r/prim_init.ram/DEVICE_7SERIES.NO_BMM_INFO.SP.SIMPLE_PRIM18.ram/DOADO[5]
                         net (fo=1, routed)           1.294     8.905    osd_display_m0/q[5]
    SLICE_X9Y20          LUT6 (Prop_lut6_I3_O)        0.124     9.029 f  osd_display_m0/v_data[23]_i_2/O
                         net (fo=1, routed)           0.403     9.432    osd_display_m0/v_data[23]_i_2_n_0
    SLICE_X9Y20          LUT4 (Prop_lut4_I0_O)        0.124     9.556 r  osd_display_m0/v_data[23]_i_1/O
                         net (fo=24, routed)          1.789    11.345    osd_display_m0/v_data
    SLICE_X1Y29          FDRE                                         r  osd_display_m0/v_data_reg[15]/R
  -------------------------------------------------------------------    -------------------

                         (clock clk_out1_video_pll rise edge)
                                                     30.303    30.303 r  
    Y18                                               0.000    30.303 r  sys_clk (IN)
                         net (fo=0)                   0.000    30.303    sys_clk
    Y18                  IBUF (Prop_ibuf_I_O)         1.425    31.728 r  sys_clk_IBUF_inst/O
                         net (fo=1, routed)           1.868    33.596    sys_clk_IBUF
    BUFGCTRL_X0Y1        BUFG (Prop_bufg_I_O)         0.091    33.687 r  sys_clk_IBUF_BUFG_inst/O
                         net (fo=27, routed)          1.457    35.145    video_pll_m0/inst/clk_in1
    MMCME2_ADV_X1Y0      MMCME2_ADV (Prop_mmcme2_adv_CLKIN1_CLKOUT0)
                                                     -3.129    32.015 r  video_pll_m0/inst/mmcm_adv_inst/CLKOUT0
                         net (fo=1, routed)           1.581    33.596    video_pll_m0/inst/clk_out1_video_pll
    BUFGCTRL_X0Y0        BUFG (Prop_bufg_I_O)         0.091    33.687 r  video_pll_m0/inst/clkout1_buf/O
                         net (fo=132, routed)         1.508    35.196    osd_display_m0/clk_out1
    SLICE_X1Y29          FDRE                                         r  osd_display_m0/v_data_reg[15]/C
                         clock pessimism              0.259    35.455    
                         clock uncertainty           -0.098    35.357    
    SLICE_X1Y29          FDRE (Setup_fdre_C_R)       -0.429    34.928    osd_display_m0/v_data_reg[15]
  -------------------------------------------------------------------
                         required time                         34.928    
                         arrival time                         -11.345    
  -------------------------------------------------------------------
                         slack                                 23.583    

Slack (MET) :             23.583ns  (required time - arrival time)
  Source:                 osd_display_m0/osd_rom_m0/U0/inst_blk_mem_gen/gnbram.gnativebmg.native_blk_mem_gen/valid.cstr/ramloop[0].ram.r/prim_init.ram/DEVICE_7SERIES.NO_BMM_INFO.SP.SIMPLE_PRIM18.ram/CLKARDCLK
                            (rising edge-triggered cell RAMB18E1 clocked by clk_out1_video_pll  {rise@0.000ns fall@15.152ns period=30.303ns})
  Destination:            osd_display_m0/v_data_reg[15]_lopt_replica_5/R
                            (rising edge-triggered cell FDRE clocked by clk_out1_video_pll  {rise@0.000ns fall@15.152ns period=30.303ns})
  Path Group:             clk_out1_video_pll
  Path Type:              Setup (Max at Slow Process Corner)
  Requirement:            30.303ns  (clk_out1_video_pll rise@30.303ns - clk_out1_video_pll rise@0.000ns)
  Data Path Delay:        6.188ns  (logic 2.702ns (43.666%)  route 3.486ns (56.334%))
  Logic Levels:           2  (LUT4=1 LUT6=1)
  Clock Path Skew:        -0.005ns (DCD - SCD + CPR)
    Destination Clock Delay (DCD):    4.893ns = ( 35.196 - 30.303 ) 
    Source Clock Delay      (SCD):    5.157ns
    Clock Pessimism Removal (CPR):    0.259ns
  Clock Uncertainty:      0.098ns  ((TSJ^2 + DJ^2)^1/2) / 2 + PE
    Total System Jitter     (TSJ):    0.071ns
    Discrete Jitter          (DJ):    0.182ns
    Phase Error              (PE):    0.000ns

    Location             Delay type                Incr(ns)  Path(ns)    Netlist Resource(s)
  -------------------------------------------------------------------    -------------------
                         (clock clk_out1_video_pll rise edge)
                                                      0.000     0.000 r  
    Y18                                               0.000     0.000 r  sys_clk (IN)
                         net (fo=0)                   0.000     0.000    sys_clk
    Y18                  IBUF (Prop_ibuf_I_O)         1.496     1.496 r  sys_clk_IBUF_inst/O
                         net (fo=1, routed)           1.972     3.467    sys_clk_IBUF
    BUFGCTRL_X0Y1        BUFG (Prop_bufg_I_O)         0.096     3.563 r  sys_clk_IBUF_BUFG_inst/O
                         net (fo=27, routed)          1.575     5.139    video_pll_m0/inst/clk_in1
    MMCME2_ADV_X1Y0      MMCME2_ADV (Prop_mmcme2_adv_CLKIN1_CLKOUT0)
                                                     -3.333     1.806 r  video_pll_m0/inst/mmcm_adv_inst/CLKOUT0
                         net (fo=1, routed)           1.661     3.467    video_pll_m0/inst/clk_out1_video_pll
    BUFGCTRL_X0Y0        BUFG (Prop_bufg_I_O)         0.096     3.563 r  video_pll_m0/inst/clkout1_buf/O
                         net (fo=132, routed)         1.594     5.157    osd_display_m0/osd_rom_m0/U0/inst_blk_mem_gen/gnbram.gnativebmg.native_blk_mem_gen/valid.cstr/ramloop[0].ram.r/prim_init.ram/clka
    RAMB18_X0Y8          RAMB18E1                                     r  osd_display_m0/osd_rom_m0/U0/inst_blk_mem_gen/gnbram.gnativebmg.native_blk_mem_gen/valid.cstr/ramloop[0].ram.r/prim_init.ram/DEVICE_7SERIES.NO_BMM_INFO.SP.SIMPLE_PRIM18.ram/CLKARDCLK
  -------------------------------------------------------------------    -------------------
    RAMB18_X0Y8          RAMB18E1 (Prop_ramb18e1_CLKARDCLK_DOADO[5])
                                                      2.454     7.611 r  osd_display_m0/osd_rom_m0/U0/inst_blk_mem_gen/gnbram.gnativebmg.native_blk_mem_gen/valid.cstr/ramloop[0].ram.r/prim_init.ram/DEVICE_7SERIES.NO_BMM_INFO.SP.SIMPLE_PRIM18.ram/DOADO[5]
                         net (fo=1, routed)           1.294     8.905    osd_display_m0/q[5]
    SLICE_X9Y20          LUT6 (Prop_lut6_I3_O)        0.124     9.029 f  osd_display_m0/v_data[23]_i_2/O
                         net (fo=1, routed)           0.403     9.432    osd_display_m0/v_data[23]_i_2_n_0
    SLICE_X9Y20          LUT4 (Prop_lut4_I0_O)        0.124     9.556 r  osd_display_m0/v_data[23]_i_1/O
                         net (fo=24, routed)          1.789    11.345    osd_display_m0/v_data
    SLICE_X1Y29          FDRE                                         r  osd_display_m0/v_data_reg[15]_lopt_replica_5/R
  -------------------------------------------------------------------    -------------------

                         (clock clk_out1_video_pll rise edge)
                                                     30.303    30.303 r  
    Y18                                               0.000    30.303 r  sys_clk (IN)
                         net (fo=0)                   0.000    30.303    sys_clk
    Y18                  IBUF (Prop_ibuf_I_O)         1.425    31.728 r  sys_clk_IBUF_inst/O
                         net (fo=1, routed)           1.868    33.596    sys_clk_IBUF
    BUFGCTRL_X0Y1        BUFG (Prop_bufg_I_O)         0.091    33.687 r  sys_clk_IBUF_BUFG_inst/O
                         net (fo=27, routed)          1.457    35.145    video_pll_m0/inst/clk_in1
    MMCME2_ADV_X1Y0      MMCME2_ADV (Prop_mmcme2_adv_CLKIN1_CLKOUT0)
                                                     -3.129    32.015 r  video_pll_m0/inst/mmcm_adv_inst/CLKOUT0
                         net (fo=1, routed)           1.581    33.596    video_pll_m0/inst/clk_out1_video_pll
    BUFGCTRL_X0Y0        BUFG (Prop_bufg_I_O)         0.091    33.687 r  video_pll_m0/inst/clkout1_buf/O
                         net (fo=132, routed)         1.508    35.196    osd_display_m0/clk_out1
    SLICE_X1Y29          FDRE                                         r  osd_display_m0/v_data_reg[15]_lopt_replica_5/C
                         clock pessimism              0.259    35.455    
                         clock uncertainty           -0.098    35.357    
    SLICE_X1Y29          FDRE (Setup_fdre_C_R)       -0.429    34.928    osd_display_m0/v_data_reg[15]_lopt_replica_5
  -------------------------------------------------------------------
                         required time                         34.928    
                         arrival time                         -11.345    
  -------------------------------------------------------------------
                         slack                                 23.583    

Slack (MET) :             23.583ns  (required time - arrival time)
  Source:                 osd_display_m0/osd_rom_m0/U0/inst_blk_mem_gen/gnbram.gnativebmg.native_blk_mem_gen/valid.cstr/ramloop[0].ram.r/prim_init.ram/DEVICE_7SERIES.NO_BMM_INFO.SP.SIMPLE_PRIM18.ram/CLKARDCLK
                            (rising edge-triggered cell RAMB18E1 clocked by clk_out1_video_pll  {rise@0.000ns fall@15.152ns period=30.303ns})
  Destination:            osd_display_m0/v_data_reg[7]_lopt_replica_4/R
                            (rising edge-triggered cell FDRE clocked by clk_out1_video_pll  {rise@0.000ns fall@15.152ns period=30.303ns})
  Path Group:             clk_out1_video_pll
  Path Type:              Setup (Max at Slow Process Corner)
  Requirement:            30.303ns  (clk_out1_video_pll rise@30.303ns - clk_out1_video_pll rise@0.000ns)
  Data Path Delay:        6.188ns  (logic 2.702ns (43.666%)  route 3.486ns (56.334%))
  Logic Levels:           2  (LUT4=1 LUT6=1)
  Clock Path Skew:        -0.005ns (DCD - SCD + CPR)
    Destination Clock Delay (DCD):    4.893ns = ( 35.196 - 30.303 ) 
    Source Clock Delay      (SCD):    5.157ns
    Clock Pessimism Removal (CPR):    0.259ns
  Clock Uncertainty:      0.098ns  ((TSJ^2 + DJ^2)^1/2) / 2 + PE
    Total System Jitter     (TSJ):    0.071ns
    Discrete Jitter          (DJ):    0.182ns
    Phase Error              (PE):    0.000ns

    Location             Delay type                Incr(ns)  Path(ns)    Netlist Resource(s)
  -------------------------------------------------------------------    -------------------
                         (clock clk_out1_video_pll rise edge)
                                                      0.000     0.000 r  
    Y18                                               0.000     0.000 r  sys_clk (IN)
                         net (fo=0)                   0.000     0.000    sys_clk
    Y18                  IBUF (Prop_ibuf_I_O)         1.496     1.496 r  sys_clk_IBUF_inst/O
                         net (fo=1, routed)           1.972     3.467    sys_clk_IBUF
    BUFGCTRL_X0Y1        BUFG (Prop_bufg_I_O)         0.096     3.563 r  sys_clk_IBUF_BUFG_inst/O
                         net (fo=27, routed)          1.575     5.139    video_pll_m0/inst/clk_in1
    MMCME2_ADV_X1Y0      MMCME2_ADV (Prop_mmcme2_adv_CLKIN1_CLKOUT0)
                                                     -3.333     1.806 r  video_pll_m0/inst/mmcm_adv_inst/CLKOUT0
                         net (fo=1, routed)           1.661     3.467    video_pll_m0/inst/clk_out1_video_pll
    BUFGCTRL_X0Y0        BUFG (Prop_bufg_I_O)         0.096     3.563 r  video_pll_m0/inst/clkout1_buf/O
                         net (fo=132, routed)         1.594     5.157    osd_display_m0/osd_rom_m0/U0/inst_blk_mem_gen/gnbram.gnativebmg.native_blk_mem_gen/valid.cstr/ramloop[0].ram.r/prim_init.ram/clka
    RAMB18_X0Y8          RAMB18E1                                     r  osd_display_m0/osd_rom_m0/U0/inst_blk_mem_gen/gnbram.gnativebmg.native_blk_mem_gen/valid.cstr/ramloop[0].ram.r/prim_init.ram/DEVICE_7SERIES.NO_BMM_INFO.SP.SIMPLE_PRIM18.ram/CLKARDCLK
  -------------------------------------------------------------------    -------------------
    RAMB18_X0Y8          RAMB18E1 (Prop_ramb18e1_CLKARDCLK_DOADO[5])
                                                      2.454     7.611 r  osd_display_m0/osd_rom_m0/U0/inst_blk_mem_gen/gnbram.gnativebmg.native_blk_mem_gen/valid.cstr/ramloop[0].ram.r/prim_init.ram/DEVICE_7SERIES.NO_BMM_INFO.SP.SIMPLE_PRIM18.ram/DOADO[5]
                         net (fo=1, routed)           1.294     8.905    osd_display_m0/q[5]
    SLICE_X9Y20          LUT6 (Prop_lut6_I3_O)        0.124     9.029 f  osd_display_m0/v_data[23]_i_2/O
                         net (fo=1, routed)           0.403     9.432    osd_display_m0/v_data[23]_i_2_n_0
    SLICE_X9Y20          LUT4 (Prop_lut4_I0_O)        0.124     9.556 r  osd_display_m0/v_data[23]_i_1/O
                         net (fo=24, routed)          1.789    11.345    osd_display_m0/v_data
    SLICE_X1Y29          FDRE                                         r  osd_display_m0/v_data_reg[7]_lopt_replica_4/R
  -------------------------------------------------------------------    -------------------

                         (clock clk_out1_video_pll rise edge)
                                                     30.303    30.303 r  
    Y18                                               0.000    30.303 r  sys_clk (IN)
                         net (fo=0)                   0.000    30.303    sys_clk
    Y18                  IBUF (Prop_ibuf_I_O)         1.425    31.728 r  sys_clk_IBUF_inst/O
                         net (fo=1, routed)           1.868    33.596    sys_clk_IBUF
    BUFGCTRL_X0Y1        BUFG (Prop_bufg_I_O)         0.091    33.687 r  sys_clk_IBUF_BUFG_inst/O
                         net (fo=27, routed)          1.457    35.145    video_pll_m0/inst/clk_in1
    MMCME2_ADV_X1Y0      MMCME2_ADV (Prop_mmcme2_adv_CLKIN1_CLKOUT0)
                                                     -3.129    32.015 r  video_pll_m0/inst/mmcm_adv_inst/CLKOUT0
                         net (fo=1, routed)           1.581    33.596    video_pll_m0/inst/clk_out1_video_pll
    BUFGCTRL_X0Y0        BUFG (Prop_bufg_I_O)         0.091    33.687 r  video_pll_m0/inst/clkout1_buf/O
                         net (fo=132, routed)         1.508    35.196    osd_display_m0/clk_out1
    SLICE_X1Y29          FDRE                                         r  osd_display_m0/v_data_reg[7]_lopt_replica_4/C
                         clock pessimism              0.259    35.455    
                         clock uncertainty           -0.098    35.357    
    SLICE_X1Y29          FDRE (Setup_fdre_C_R)       -0.429    34.928    osd_display_m0/v_data_reg[7]_lopt_replica_4
  -------------------------------------------------------------------
                         required time                         34.928    
                         arrival time                         -11.345    
  -------------------------------------------------------------------
                         slack                                 23.583    

Slack (MET) :             23.583ns  (required time - arrival time)
  Source:                 osd_display_m0/osd_rom_m0/U0/inst_blk_mem_gen/gnbram.gnativebmg.native_blk_mem_gen/valid.cstr/ramloop[0].ram.r/prim_init.ram/DEVICE_7SERIES.NO_BMM_INFO.SP.SIMPLE_PRIM18.ram/CLKARDCLK
                            (rising edge-triggered cell RAMB18E1 clocked by clk_out1_video_pll  {rise@0.000ns fall@15.152ns period=30.303ns})
  Destination:            osd_display_m0/v_data_reg[7]_lopt_replica_7/R
                            (rising edge-triggered cell FDRE clocked by clk_out1_video_pll  {rise@0.000ns fall@15.152ns period=30.303ns})
  Path Group:             clk_out1_video_pll
  Path Type:              Setup (Max at Slow Process Corner)
  Requirement:            30.303ns  (clk_out1_video_pll rise@30.303ns - clk_out1_video_pll rise@0.000ns)
  Data Path Delay:        6.188ns  (logic 2.702ns (43.666%)  route 3.486ns (56.334%))
  Logic Levels:           2  (LUT4=1 LUT6=1)
  Clock Path Skew:        -0.005ns (DCD - SCD + CPR)
    Destination Clock Delay (DCD):    4.893ns = ( 35.196 - 30.303 ) 
    Source Clock Delay      (SCD):    5.157ns
    Clock Pessimism Removal (CPR):    0.259ns
  Clock Uncertainty:      0.098ns  ((TSJ^2 + DJ^2)^1/2) / 2 + PE
    Total System Jitter     (TSJ):    0.071ns
    Discrete Jitter          (DJ):    0.182ns
    Phase Error              (PE):    0.000ns

    Location             Delay type                Incr(ns)  Path(ns)    Netlist Resource(s)
  -------------------------------------------------------------------    -------------------
                         (clock clk_out1_video_pll rise edge)
                                                      0.000     0.000 r  
    Y18                                               0.000     0.000 r  sys_clk (IN)
                         net (fo=0)                   0.000     0.000    sys_clk
    Y18                  IBUF (Prop_ibuf_I_O)         1.496     1.496 r  sys_clk_IBUF_inst/O
                         net (fo=1, routed)           1.972     3.467    sys_clk_IBUF
    BUFGCTRL_X0Y1        BUFG (Prop_bufg_I_O)         0.096     3.563 r  sys_clk_IBUF_BUFG_inst/O
                         net (fo=27, routed)          1.575     5.139    video_pll_m0/inst/clk_in1
    MMCME2_ADV_X1Y0      MMCME2_ADV (Prop_mmcme2_adv_CLKIN1_CLKOUT0)
                                                     -3.333     1.806 r  video_pll_m0/inst/mmcm_adv_inst/CLKOUT0
                         net (fo=1, routed)           1.661     3.467    video_pll_m0/inst/clk_out1_video_pll
    BUFGCTRL_X0Y0        BUFG (Prop_bufg_I_O)         0.096     3.563 r  video_pll_m0/inst/clkout1_buf/O
                         net (fo=132, routed)         1.594     5.157    osd_display_m0/osd_rom_m0/U0/inst_blk_mem_gen/gnbram.gnativebmg.native_blk_mem_gen/valid.cstr/ramloop[0].ram.r/prim_init.ram/clka
    RAMB18_X0Y8          RAMB18E1                                     r  osd_display_m0/osd_rom_m0/U0/inst_blk_mem_gen/gnbram.gnativebmg.native_blk_mem_gen/valid.cstr/ramloop[0].ram.r/prim_init.ram/DEVICE_7SERIES.NO_BMM_INFO.SP.SIMPLE_PRIM18.ram/CLKARDCLK
  -------------------------------------------------------------------    -------------------
    RAMB18_X0Y8          RAMB18E1 (Prop_ramb18e1_CLKARDCLK_DOADO[5])
                                                      2.454     7.611 r  osd_display_m0/osd_rom_m0/U0/inst_blk_mem_gen/gnbram.gnativebmg.native_blk_mem_gen/valid.cstr/ramloop[0].ram.r/prim_init.ram/DEVICE_7SERIES.NO_BMM_INFO.SP.SIMPLE_PRIM18.ram/DOADO[5]
                         net (fo=1, routed)           1.294     8.905    osd_display_m0/q[5]
    SLICE_X9Y20          LUT6 (Prop_lut6_I3_O)        0.124     9.029 f  osd_display_m0/v_data[23]_i_2/O
                         net (fo=1, routed)           0.403     9.432    osd_display_m0/v_data[23]_i_2_n_0
    SLICE_X9Y20          LUT4 (Prop_lut4_I0_O)        0.124     9.556 r  osd_display_m0/v_data[23]_i_1/O
                         net (fo=24, routed)          1.789    11.345    osd_display_m0/v_data
    SLICE_X1Y29          FDRE                                         r  osd_display_m0/v_data_reg[7]_lopt_replica_7/R
  -------------------------------------------------------------------    -------------------

                         (clock clk_out1_video_pll rise edge)
                                                     30.303    30.303 r  
    Y18                                               0.000    30.303 r  sys_clk (IN)
                         net (fo=0)                   0.000    30.303    sys_clk
    Y18                  IBUF (Prop_ibuf_I_O)         1.425    31.728 r  sys_clk_IBUF_inst/O
                         net (fo=1, routed)           1.868    33.596    sys_clk_IBUF
    BUFGCTRL_X0Y1        BUFG (Prop_bufg_I_O)         0.091    33.687 r  sys_clk_IBUF_BUFG_inst/O
                         net (fo=27, routed)          1.457    35.145    video_pll_m0/inst/clk_in1
    MMCME2_ADV_X1Y0      MMCME2_ADV (Prop_mmcme2_adv_CLKIN1_CLKOUT0)
                                                     -3.129    32.015 r  video_pll_m0/inst/mmcm_adv_inst/CLKOUT0
                         net (fo=1, routed)           1.581    33.596    video_pll_m0/inst/clk_out1_video_pll
    BUFGCTRL_X0Y0        BUFG (Prop_bufg_I_O)         0.091    33.687 r  video_pll_m0/inst/clkout1_buf/O
                         net (fo=132, routed)         1.508    35.196    osd_display_m0/clk_out1
    SLICE_X1Y29          FDRE                                         r  osd_display_m0/v_data_reg[7]_lopt_replica_7/C
                         clock pessimism              0.259    35.455    
                         clock uncertainty           -0.098    35.357    
    SLICE_X1Y29          FDRE (Setup_fdre_C_R)       -0.429    34.928    osd_display_m0/v_data_reg[7]_lopt_replica_7
  -------------------------------------------------------------------
                         required time                         34.928    
                         arrival time                         -11.345    
  -------------------------------------------------------------------
                         slack                                 23.583    





Min Delay Paths
--------------------------------------------------------------------------------------
Slack (MET) :             0.086ns  (arrival time - required time)
  Source:                 osd_display_m0/osd_ram_addr_reg[12]/C
                            (rising edge-triggered cell FDRE clocked by clk_out1_video_pll  {rise@0.000ns fall@15.152ns period=30.303ns})
  Destination:            osd_display_m0/osd_rom_m0/U0/inst_blk_mem_gen/gnbram.gnativebmg.native_blk_mem_gen/valid.cstr/ramloop[0].ram.r/prim_init.ram/DEVICE_7SERIES.NO_BMM_INFO.SP.SIMPLE_PRIM18.ram/ADDRARDADDR[12]
                            (rising edge-triggered cell RAMB18E1 clocked by clk_out1_video_pll  {rise@0.000ns fall@15.152ns period=30.303ns})
  Path Group:             clk_out1_video_pll
  Path Type:              Hold (Min at Fast Process Corner)
  Requirement:            0.000ns  (clk_out1_video_pll rise@0.000ns - clk_out1_video_pll rise@0.000ns)
  Data Path Delay:        0.323ns  (logic 0.164ns (50.845%)  route 0.159ns (49.155%))
  Logic Levels:           0  
  Clock Path Skew:        0.053ns (DCD - SCD - CPR)
    Destination Clock Delay (DCD):    2.032ns
    Source Clock Delay      (SCD):    1.479ns
    Clock Pessimism Removal (CPR):    0.500ns

    Location             Delay type                Incr(ns)  Path(ns)    Netlist Resource(s)
  -------------------------------------------------------------------    -------------------
                         (clock clk_out1_video_pll rise edge)
                                                      0.000     0.000 r  
    Y18                                               0.000     0.000 r  sys_clk (IN)
                         net (fo=0)                   0.000     0.000    sys_clk
    Y18                  IBUF (Prop_ibuf_I_O)         0.264     0.264 r  sys_clk_IBUF_inst/O
                         net (fo=1, routed)           0.634     0.898    sys_clk_IBUF
    BUFGCTRL_X0Y1        BUFG (Prop_bufg_I_O)         0.026     0.924 r  sys_clk_IBUF_BUFG_inst/O
                         net (fo=27, routed)          0.549     1.472    video_pll_m0/inst/clk_in1
    MMCME2_ADV_X1Y0      MMCME2_ADV (Prop_mmcme2_adv_CLKIN1_CLKOUT0)
                                                     -1.061     0.412 r  video_pll_m0/inst/mmcm_adv_inst/CLKOUT0
                         net (fo=1, routed)           0.486     0.898    video_pll_m0/inst/clk_out1_video_pll
    BUFGCTRL_X0Y0        BUFG (Prop_bufg_I_O)         0.026     0.924 r  video_pll_m0/inst/clkout1_buf/O
                         net (fo=132, routed)         0.556     1.479    osd_display_m0/clk_out1
    SLICE_X8Y21          FDRE                                         r  osd_display_m0/osd_ram_addr_reg[12]/C
  -------------------------------------------------------------------    -------------------
    SLICE_X8Y21          FDRE (Prop_fdre_C_Q)         0.164     1.643 r  osd_display_m0/osd_ram_addr_reg[12]/Q
                         net (fo=2, routed)           0.159     1.802    osd_display_m0/osd_rom_m0/U0/inst_blk_mem_gen/gnbram.gnativebmg.native_blk_mem_gen/valid.cstr/ramloop[0].ram.r/prim_init.ram/addra[9]
    RAMB18_X0Y8          RAMB18E1                                     r  osd_display_m0/osd_rom_m0/U0/inst_blk_mem_gen/gnbram.gnativebmg.native_blk_mem_gen/valid.cstr/ramloop[0].ram.r/prim_init.ram/DEVICE_7SERIES.NO_BMM_INFO.SP.SIMPLE_PRIM18.ram/ADDRARDADDR[12]
  -------------------------------------------------------------------    -------------------

                         (clock clk_out1_video_pll rise edge)
                                                      0.000     0.000 r  
    Y18                                               0.000     0.000 r  sys_clk (IN)
                         net (fo=0)                   0.000     0.000    sys_clk
    Y18                  IBUF (Prop_ibuf_I_O)         0.452     0.452 r  sys_clk_IBUF_inst/O
                         net (fo=1, routed)           0.689     1.140    sys_clk_IBUF
    BUFGCTRL_X0Y1        BUFG (Prop_bufg_I_O)         0.029     1.169 r  sys_clk_IBUF_BUFG_inst/O
                         net (fo=27, routed)          0.817     1.986    video_pll_m0/inst/clk_in1
    MMCME2_ADV_X1Y0      MMCME2_ADV (Prop_mmcme2_adv_CLKIN1_CLKOUT0)
                                                     -1.375     0.611 r  video_pll_m0/inst/mmcm_adv_inst/CLKOUT0
                         net (fo=1, routed)           0.530     1.140    video_pll_m0/inst/clk_out1_video_pll
    BUFGCTRL_X0Y0        BUFG (Prop_bufg_I_O)         0.029     1.169 r  video_pll_m0/inst/clkout1_buf/O
                         net (fo=132, routed)         0.863     2.032    osd_display_m0/osd_rom_m0/U0/inst_blk_mem_gen/gnbram.gnativebmg.native_blk_mem_gen/valid.cstr/ramloop[0].ram.r/prim_init.ram/clka
    RAMB18_X0Y8          RAMB18E1                                     r  osd_display_m0/osd_rom_m0/U0/inst_blk_mem_gen/gnbram.gnativebmg.native_blk_mem_gen/valid.cstr/ramloop[0].ram.r/prim_init.ram/DEVICE_7SERIES.NO_BMM_INFO.SP.SIMPLE_PRIM18.ram/CLKARDCLK
                         clock pessimism             -0.500     1.533    
    RAMB18_X0Y8          RAMB18E1 (Hold_ramb18e1_CLKARDCLK_ADDRARDADDR[12])
                                                      0.183     1.716    osd_display_m0/osd_rom_m0/U0/inst_blk_mem_gen/gnbram.gnativebmg.native_blk_mem_gen/valid.cstr/ramloop[0].ram.r/prim_init.ram/DEVICE_7SERIES.NO_BMM_INFO.SP.SIMPLE_PRIM18.ram
  -------------------------------------------------------------------
                         required time                         -1.716    
                         arrival time                           1.802    
  -------------------------------------------------------------------
                         slack                                  0.086    

Slack (MET) :             0.146ns  (arrival time - required time)
  Source:                 osd_display_m0/osd_ram_addr_reg[7]/C
                            (rising edge-triggered cell FDRE clocked by clk_out1_video_pll  {rise@0.000ns fall@15.152ns period=30.303ns})
  Destination:            osd_display_m0/osd_rom_m0/U0/inst_blk_mem_gen/gnbram.gnativebmg.native_blk_mem_gen/valid.cstr/ramloop[0].ram.r/prim_init.ram/DEVICE_7SERIES.NO_BMM_INFO.SP.SIMPLE_PRIM18.ram/ADDRARDADDR[7]
                            (rising edge-triggered cell RAMB18E1 clocked by clk_out1_video_pll  {rise@0.000ns fall@15.152ns period=30.303ns})
  Path Group:             clk_out1_video_pll
  Path Type:              Hold (Min at Fast Process Corner)
  Requirement:            0.000ns  (clk_out1_video_pll rise@0.000ns - clk_out1_video_pll rise@0.000ns)
  Data Path Delay:        0.381ns  (logic 0.164ns (43.097%)  route 0.217ns (56.903%))
  Logic Levels:           0  
  Clock Path Skew:        0.051ns (DCD - SCD - CPR)
    Destination Clock Delay (DCD):    2.032ns
    Source Clock Delay      (SCD):    1.481ns
    Clock Pessimism Removal (CPR):    0.500ns

    Location             Delay type                Incr(ns)  Path(ns)    Netlist Resource(s)
  -------------------------------------------------------------------    -------------------
                         (clock clk_out1_video_pll rise edge)
                                                      0.000     0.000 r  
    Y18                                               0.000     0.000 r  sys_clk (IN)
                         net (fo=0)                   0.000     0.000    sys_clk
    Y18                  IBUF (Prop_ibuf_I_O)         0.264     0.264 r  sys_clk_IBUF_inst/O
                         net (fo=1, routed)           0.634     0.898    sys_clk_IBUF
    BUFGCTRL_X0Y1        BUFG (Prop_bufg_I_O)         0.026     0.924 r  sys_clk_IBUF_BUFG_inst/O
                         net (fo=27, routed)          0.549     1.472    video_pll_m0/inst/clk_in1
    MMCME2_ADV_X1Y0      MMCME2_ADV (Prop_mmcme2_adv_CLKIN1_CLKOUT0)
                                                     -1.061     0.412 r  video_pll_m0/inst/mmcm_adv_inst/CLKOUT0
                         net (fo=1, routed)           0.486     0.898    video_pll_m0/inst/clk_out1_video_pll
    BUFGCTRL_X0Y0        BUFG (Prop_bufg_I_O)         0.026     0.924 r  video_pll_m0/inst/clkout1_buf/O
                         net (fo=132, routed)         0.558     1.481    osd_display_m0/clk_out1
    SLICE_X8Y19          FDRE                                         r  osd_display_m0/osd_ram_addr_reg[7]/C
  -------------------------------------------------------------------    -------------------
    SLICE_X8Y19          FDRE (Prop_fdre_C_Q)         0.164     1.645 r  osd_display_m0/osd_ram_addr_reg[7]/Q
                         net (fo=2, routed)           0.217     1.862    osd_display_m0/osd_rom_m0/U0/inst_blk_mem_gen/gnbram.gnativebmg.native_blk_mem_gen/valid.cstr/ramloop[0].ram.r/prim_init.ram/addra[4]
    RAMB18_X0Y8          RAMB18E1                                     r  osd_display_m0/osd_rom_m0/U0/inst_blk_mem_gen/gnbram.gnativebmg.native_blk_mem_gen/valid.cstr/ramloop[0].ram.r/prim_init.ram/DEVICE_7SERIES.NO_BMM_INFO.SP.SIMPLE_PRIM18.ram/ADDRARDADDR[7]
  -------------------------------------------------------------------    -------------------

                         (clock clk_out1_video_pll rise edge)
                                                      0.000     0.000 r  
    Y18                                               0.000     0.000 r  sys_clk (IN)
                         net (fo=0)                   0.000     0.000    sys_clk
    Y18                  IBUF (Prop_ibuf_I_O)         0.452     0.452 r  sys_clk_IBUF_inst/O
                         net (fo=1, routed)           0.689     1.140    sys_clk_IBUF
    BUFGCTRL_X0Y1        BUFG (Prop_bufg_I_O)         0.029     1.169 r  sys_clk_IBUF_BUFG_inst/O
                         net (fo=27, routed)          0.817     1.986    video_pll_m0/inst/clk_in1
    MMCME2_ADV_X1Y0      MMCME2_ADV (Prop_mmcme2_adv_CLKIN1_CLKOUT0)
                                                     -1.375     0.611 r  video_pll_m0/inst/mmcm_adv_inst/CLKOUT0
                         net (fo=1, routed)           0.530     1.140    video_pll_m0/inst/clk_out1_video_pll
    BUFGCTRL_X0Y0        BUFG (Prop_bufg_I_O)         0.029     1.169 r  video_pll_m0/inst/clkout1_buf/O
                         net (fo=132, routed)         0.863     2.032    osd_display_m0/osd_rom_m0/U0/inst_blk_mem_gen/gnbram.gnativebmg.native_blk_mem_gen/valid.cstr/ramloop[0].ram.r/prim_init.ram/clka
    RAMB18_X0Y8          RAMB18E1                                     r  osd_display_m0/osd_rom_m0/U0/inst_blk_mem_gen/gnbram.gnativebmg.native_blk_mem_gen/valid.cstr/ramloop[0].ram.r/prim_init.ram/DEVICE_7SERIES.NO_BMM_INFO.SP.SIMPLE_PRIM18.ram/CLKARDCLK
                         clock pessimism             -0.500     1.533    
    RAMB18_X0Y8          RAMB18E1 (Hold_ramb18e1_CLKARDCLK_ADDRARDADDR[7])
                                                      0.183     1.716    osd_display_m0/osd_rom_m0/U0/inst_blk_mem_gen/gnbram.gnativebmg.native_blk_mem_gen/valid.cstr/ramloop[0].ram.r/prim_init.ram/DEVICE_7SERIES.NO_BMM_INFO.SP.SIMPLE_PRIM18.ram
  -------------------------------------------------------------------
                         required time                         -1.716    
                         arrival time                           1.862    
  -------------------------------------------------------------------
                         slack                                  0.146    

Slack (MET) :             0.149ns  (arrival time - required time)
  Source:                 osd_display_m0/osd_ram_addr_reg[11]/C
                            (rising edge-triggered cell FDRE clocked by clk_out1_video_pll  {rise@0.000ns fall@15.152ns period=30.303ns})
  Destination:            osd_display_m0/osd_rom_m0/U0/inst_blk_mem_gen/gnbram.gnativebmg.native_blk_mem_gen/valid.cstr/ramloop[0].ram.r/prim_init.ram/DEVICE_7SERIES.NO_BMM_INFO.SP.SIMPLE_PRIM18.ram/ADDRARDADDR[11]
                            (rising edge-triggered cell RAMB18E1 clocked by clk_out1_video_pll  {rise@0.000ns fall@15.152ns period=30.303ns})
  Path Group:             clk_out1_video_pll
  Path Type:              Hold (Min at Fast Process Corner)
  Requirement:            0.000ns  (clk_out1_video_pll rise@0.000ns - clk_out1_video_pll rise@0.000ns)
  Data Path Delay:        0.385ns  (logic 0.164ns (42.634%)  route 0.221ns (57.366%))
  Logic Levels:           0  
  Clock Path Skew:        0.052ns (DCD - SCD - CPR)
    Destination Clock Delay (DCD):    2.032ns
    Source Clock Delay      (SCD):    1.480ns
    Clock Pessimism Removal (CPR):    0.500ns

    Location             Delay type                Incr(ns)  Path(ns)    Netlist Resource(s)
  -------------------------------------------------------------------    -------------------
                         (clock clk_out1_video_pll rise edge)
                                                      0.000     0.000 r  
    Y18                                               0.000     0.000 r  sys_clk (IN)
                         net (fo=0)                   0.000     0.000    sys_clk
    Y18                  IBUF (Prop_ibuf_I_O)         0.264     0.264 r  sys_clk_IBUF_inst/O
                         net (fo=1, routed)           0.634     0.898    sys_clk_IBUF
    BUFGCTRL_X0Y1        BUFG (Prop_bufg_I_O)         0.026     0.924 r  sys_clk_IBUF_BUFG_inst/O
                         net (fo=27, routed)          0.549     1.472    video_pll_m0/inst/clk_in1
    MMCME2_ADV_X1Y0      MMCME2_ADV (Prop_mmcme2_adv_CLKIN1_CLKOUT0)
                                                     -1.061     0.412 r  video_pll_m0/inst/mmcm_adv_inst/CLKOUT0
                         net (fo=1, routed)           0.486     0.898    video_pll_m0/inst/clk_out1_video_pll
    BUFGCTRL_X0Y0        BUFG (Prop_bufg_I_O)         0.026     0.924 r  video_pll_m0/inst/clkout1_buf/O
                         net (fo=132, routed)         0.557     1.480    osd_display_m0/clk_out1
    SLICE_X8Y20          FDRE                                         r  osd_display_m0/osd_ram_addr_reg[11]/C
  -------------------------------------------------------------------    -------------------
    SLICE_X8Y20          FDRE (Prop_fdre_C_Q)         0.164     1.644 r  osd_display_m0/osd_ram_addr_reg[11]/Q
                         net (fo=2, routed)           0.221     1.865    osd_display_m0/osd_rom_m0/U0/inst_blk_mem_gen/gnbram.gnativebmg.native_blk_mem_gen/valid.cstr/ramloop[0].ram.r/prim_init.ram/addra[8]
    RAMB18_X0Y8          RAMB18E1                                     r  osd_display_m0/osd_rom_m0/U0/inst_blk_mem_gen/gnbram.gnativebmg.native_blk_mem_gen/valid.cstr/ramloop[0].ram.r/prim_init.ram/DEVICE_7SERIES.NO_BMM_INFO.SP.SIMPLE_PRIM18.ram/ADDRARDADDR[11]
  -------------------------------------------------------------------    -------------------

                         (clock clk_out1_video_pll rise edge)
                                                      0.000     0.000 r  
    Y18                                               0.000     0.000 r  sys_clk (IN)
                         net (fo=0)                   0.000     0.000    sys_clk
    Y18                  IBUF (Prop_ibuf_I_O)         0.452     0.452 r  sys_clk_IBUF_inst/O
                         net (fo=1, routed)           0.689     1.140    sys_clk_IBUF
    BUFGCTRL_X0Y1        BUFG (Prop_bufg_I_O)         0.029     1.169 r  sys_clk_IBUF_BUFG_inst/O
                         net (fo=27, routed)          0.817     1.986    video_pll_m0/inst/clk_in1
    MMCME2_ADV_X1Y0      MMCME2_ADV (Prop_mmcme2_adv_CLKIN1_CLKOUT0)
                                                     -1.375     0.611 r  video_pll_m0/inst/mmcm_adv_inst/CLKOUT0
                         net (fo=1, routed)           0.530     1.140    video_pll_m0/inst/clk_out1_video_pll
    BUFGCTRL_X0Y0        BUFG (Prop_bufg_I_O)         0.029     1.169 r  video_pll_m0/inst/clkout1_buf/O
                         net (fo=132, routed)         0.863     2.032    osd_display_m0/osd_rom_m0/U0/inst_blk_mem_gen/gnbram.gnativebmg.native_blk_mem_gen/valid.cstr/ramloop[0].ram.r/prim_init.ram/clka
    RAMB18_X0Y8          RAMB18E1                                     r  osd_display_m0/osd_rom_m0/U0/inst_blk_mem_gen/gnbram.gnativebmg.native_blk_mem_gen/valid.cstr/ramloop[0].ram.r/prim_init.ram/DEVICE_7SERIES.NO_BMM_INFO.SP.SIMPLE_PRIM18.ram/CLKARDCLK
                         clock pessimism             -0.500     1.533    
    RAMB18_X0Y8          RAMB18E1 (Hold_ramb18e1_CLKARDCLK_ADDRARDADDR[11])
                                                      0.183     1.716    osd_display_m0/osd_rom_m0/U0/inst_blk_mem_gen/gnbram.gnativebmg.native_blk_mem_gen/valid.cstr/ramloop[0].ram.r/prim_init.ram/DEVICE_7SERIES.NO_BMM_INFO.SP.SIMPLE_PRIM18.ram
  -------------------------------------------------------------------
                         required time                         -1.716    
                         arrival time                           1.865    
  -------------------------------------------------------------------
                         slack                                  0.149    

Slack (MET) :             0.151ns  (arrival time - required time)
  Source:                 osd_display_m0/osd_ram_addr_reg[9]/C
                            (rising edge-triggered cell FDRE clocked by clk_out1_video_pll  {rise@0.000ns fall@15.152ns period=30.303ns})
  Destination:            osd_display_m0/osd_rom_m0/U0/inst_blk_mem_gen/gnbram.gnativebmg.native_blk_mem_gen/valid.cstr/ramloop[0].ram.r/prim_init.ram/DEVICE_7SERIES.NO_BMM_INFO.SP.SIMPLE_PRIM18.ram/ADDRARDADDR[9]
                            (rising edge-triggered cell RAMB18E1 clocked by clk_out1_video_pll  {rise@0.000ns fall@15.152ns period=30.303ns})
  Path Group:             clk_out1_video_pll
  Path Type:              Hold (Min at Fast Process Corner)
  Requirement:            0.000ns  (clk_out1_video_pll rise@0.000ns - clk_out1_video_pll rise@0.000ns)
  Data Path Delay:        0.387ns  (logic 0.164ns (42.428%)  route 0.223ns (57.572%))
  Logic Levels:           0  
  Clock Path Skew:        0.052ns (DCD - SCD - CPR)
    Destination Clock Delay (DCD):    2.032ns
    Source Clock Delay      (SCD):    1.480ns
    Clock Pessimism Removal (CPR):    0.500ns

    Location             Delay type                Incr(ns)  Path(ns)    Netlist Resource(s)
  -------------------------------------------------------------------    -------------------
                         (clock clk_out1_video_pll rise edge)
                                                      0.000     0.000 r  
    Y18                                               0.000     0.000 r  sys_clk (IN)
                         net (fo=0)                   0.000     0.000    sys_clk
    Y18                  IBUF (Prop_ibuf_I_O)         0.264     0.264 r  sys_clk_IBUF_inst/O
                         net (fo=1, routed)           0.634     0.898    sys_clk_IBUF
    BUFGCTRL_X0Y1        BUFG (Prop_bufg_I_O)         0.026     0.924 r  sys_clk_IBUF_BUFG_inst/O
                         net (fo=27, routed)          0.549     1.472    video_pll_m0/inst/clk_in1
    MMCME2_ADV_X1Y0      MMCME2_ADV (Prop_mmcme2_adv_CLKIN1_CLKOUT0)
                                                     -1.061     0.412 r  video_pll_m0/inst/mmcm_adv_inst/CLKOUT0
                         net (fo=1, routed)           0.486     0.898    video_pll_m0/inst/clk_out1_video_pll
    BUFGCTRL_X0Y0        BUFG (Prop_bufg_I_O)         0.026     0.924 r  video_pll_m0/inst/clkout1_buf/O
                         net (fo=132, routed)         0.557     1.480    osd_display_m0/clk_out1
    SLICE_X8Y20          FDRE                                         r  osd_display_m0/osd_ram_addr_reg[9]/C
  -------------------------------------------------------------------    -------------------
    SLICE_X8Y20          FDRE (Prop_fdre_C_Q)         0.164     1.644 r  osd_display_m0/osd_ram_addr_reg[9]/Q
                         net (fo=2, routed)           0.223     1.867    osd_display_m0/osd_rom_m0/U0/inst_blk_mem_gen/gnbram.gnativebmg.native_blk_mem_gen/valid.cstr/ramloop[0].ram.r/prim_init.ram/addra[6]
    RAMB18_X0Y8          RAMB18E1                                     r  osd_display_m0/osd_rom_m0/U0/inst_blk_mem_gen/gnbram.gnativebmg.native_blk_mem_gen/valid.cstr/ramloop[0].ram.r/prim_init.ram/DEVICE_7SERIES.NO_BMM_INFO.SP.SIMPLE_PRIM18.ram/ADDRARDADDR[9]
  -------------------------------------------------------------------    -------------------

                         (clock clk_out1_video_pll rise edge)
                                                      0.000     0.000 r  
    Y18                                               0.000     0.000 r  sys_clk (IN)
                         net (fo=0)                   0.000     0.000    sys_clk
    Y18                  IBUF (Prop_ibuf_I_O)         0.452     0.452 r  sys_clk_IBUF_inst/O
                         net (fo=1, routed)           0.689     1.140    sys_clk_IBUF
    BUFGCTRL_X0Y1        BUFG (Prop_bufg_I_O)         0.029     1.169 r  sys_clk_IBUF_BUFG_inst/O
                         net (fo=27, routed)          0.817     1.986    video_pll_m0/inst/clk_in1
    MMCME2_ADV_X1Y0      MMCME2_ADV (Prop_mmcme2_adv_CLKIN1_CLKOUT0)
                                                     -1.375     0.611 r  video_pll_m0/inst/mmcm_adv_inst/CLKOUT0
                         net (fo=1, routed)           0.530     1.140    video_pll_m0/inst/clk_out1_video_pll
    BUFGCTRL_X0Y0        BUFG (Prop_bufg_I_O)         0.029     1.169 r  video_pll_m0/inst/clkout1_buf/O
                         net (fo=132, routed)         0.863     2.032    osd_display_m0/osd_rom_m0/U0/inst_blk_mem_gen/gnbram.gnativebmg.native_blk_mem_gen/valid.cstr/ramloop[0].ram.r/prim_init.ram/clka
    RAMB18_X0Y8          RAMB18E1                                     r  osd_display_m0/osd_rom_m0/U0/inst_blk_mem_gen/gnbram.gnativebmg.native_blk_mem_gen/valid.cstr/ramloop[0].ram.r/prim_init.ram/DEVICE_7SERIES.NO_BMM_INFO.SP.SIMPLE_PRIM18.ram/CLKARDCLK
                         clock pessimism             -0.500     1.533    
    RAMB18_X0Y8          RAMB18E1 (Hold_ramb18e1_CLKARDCLK_ADDRARDADDR[9])
                                                      0.183     1.716    osd_display_m0/osd_rom_m0/U0/inst_blk_mem_gen/gnbram.gnativebmg.native_blk_mem_gen/valid.cstr/ramloop[0].ram.r/prim_init.ram/DEVICE_7SERIES.NO_BMM_INFO.SP.SIMPLE_PRIM18.ram
  -------------------------------------------------------------------
                         required time                         -1.716    
                         arrival time                           1.867    
  -------------------------------------------------------------------
                         slack                                  0.151    

Slack (MET) :             0.153ns  (arrival time - required time)
  Source:                 osd_display_m0/osd_ram_addr_reg[3]/C
                            (rising edge-triggered cell FDRE clocked by clk_out1_video_pll  {rise@0.000ns fall@15.152ns period=30.303ns})
  Destination:            osd_display_m0/osd_rom_m0/U0/inst_blk_mem_gen/gnbram.gnativebmg.native_blk_mem_gen/valid.cstr/ramloop[0].ram.r/prim_init.ram/DEVICE_7SERIES.NO_BMM_INFO.SP.SIMPLE_PRIM18.ram/ADDRARDADDR[3]
                            (rising edge-triggered cell RAMB18E1 clocked by clk_out1_video_pll  {rise@0.000ns fall@15.152ns period=30.303ns})
  Path Group:             clk_out1_video_pll
  Path Type:              Hold (Min at Fast Process Corner)
  Requirement:            0.000ns  (clk_out1_video_pll rise@0.000ns - clk_out1_video_pll rise@0.000ns)
  Data Path Delay:        0.387ns  (logic 0.164ns (42.399%)  route 0.223ns (57.601%))
  Logic Levels:           0  
  Clock Path Skew:        0.050ns (DCD - SCD - CPR)
    Destination Clock Delay (DCD):    2.032ns
    Source Clock Delay      (SCD):    1.482ns
    Clock Pessimism Removal (CPR):    0.500ns

    Location             Delay type                Incr(ns)  Path(ns)    Netlist Resource(s)
  -------------------------------------------------------------------    -------------------
                         (clock clk_out1_video_pll rise edge)
                                                      0.000     0.000 r  
    Y18                                               0.000     0.000 r  sys_clk (IN)
                         net (fo=0)                   0.000     0.000    sys_clk
    Y18                  IBUF (Prop_ibuf_I_O)         0.264     0.264 r  sys_clk_IBUF_inst/O
                         net (fo=1, routed)           0.634     0.898    sys_clk_IBUF
    BUFGCTRL_X0Y1        BUFG (Prop_bufg_I_O)         0.026     0.924 r  sys_clk_IBUF_BUFG_inst/O
                         net (fo=27, routed)          0.549     1.472    video_pll_m0/inst/clk_in1
    MMCME2_ADV_X1Y0      MMCME2_ADV (Prop_mmcme2_adv_CLKIN1_CLKOUT0)
                                                     -1.061     0.412 r  video_pll_m0/inst/mmcm_adv_inst/CLKOUT0
                         net (fo=1, routed)           0.486     0.898    video_pll_m0/inst/clk_out1_video_pll
    BUFGCTRL_X0Y0        BUFG (Prop_bufg_I_O)         0.026     0.924 r  video_pll_m0/inst/clkout1_buf/O
                         net (fo=132, routed)         0.559     1.482    osd_display_m0/clk_out1
    SLICE_X8Y18          FDRE                                         r  osd_display_m0/osd_ram_addr_reg[3]/C
  -------------------------------------------------------------------    -------------------
    SLICE_X8Y18          FDRE (Prop_fdre_C_Q)         0.164     1.646 r  osd_display_m0/osd_ram_addr_reg[3]/Q
                         net (fo=2, routed)           0.223     1.869    osd_display_m0/osd_rom_m0/U0/inst_blk_mem_gen/gnbram.gnativebmg.native_blk_mem_gen/valid.cstr/ramloop[0].ram.r/prim_init.ram/addra[0]
    RAMB18_X0Y8          RAMB18E1                                     r  osd_display_m0/osd_rom_m0/U0/inst_blk_mem_gen/gnbram.gnativebmg.native_blk_mem_gen/valid.cstr/ramloop[0].ram.r/prim_init.ram/DEVICE_7SERIES.NO_BMM_INFO.SP.SIMPLE_PRIM18.ram/ADDRARDADDR[3]
  -------------------------------------------------------------------    -------------------

                         (clock clk_out1_video_pll rise edge)
                                                      0.000     0.000 r  
    Y18                                               0.000     0.000 r  sys_clk (IN)
                         net (fo=0)                   0.000     0.000    sys_clk
    Y18                  IBUF (Prop_ibuf_I_O)         0.452     0.452 r  sys_clk_IBUF_inst/O
                         net (fo=1, routed)           0.689     1.140    sys_clk_IBUF
    BUFGCTRL_X0Y1        BUFG (Prop_bufg_I_O)         0.029     1.169 r  sys_clk_IBUF_BUFG_inst/O
                         net (fo=27, routed)          0.817     1.986    video_pll_m0/inst/clk_in1
    MMCME2_ADV_X1Y0      MMCME2_ADV (Prop_mmcme2_adv_CLKIN1_CLKOUT0)
                                                     -1.375     0.611 r  video_pll_m0/inst/mmcm_adv_inst/CLKOUT0
                         net (fo=1, routed)           0.530     1.140    video_pll_m0/inst/clk_out1_video_pll
    BUFGCTRL_X0Y0        BUFG (Prop_bufg_I_O)         0.029     1.169 r  video_pll_m0/inst/clkout1_buf/O
                         net (fo=132, routed)         0.863     2.032    osd_display_m0/osd_rom_m0/U0/inst_blk_mem_gen/gnbram.gnativebmg.native_blk_mem_gen/valid.cstr/ramloop[0].ram.r/prim_init.ram/clka
    RAMB18_X0Y8          RAMB18E1                                     r  osd_display_m0/osd_rom_m0/U0/inst_blk_mem_gen/gnbram.gnativebmg.native_blk_mem_gen/valid.cstr/ramloop[0].ram.r/prim_init.ram/DEVICE_7SERIES.NO_BMM_INFO.SP.SIMPLE_PRIM18.ram/CLKARDCLK
                         clock pessimism             -0.500     1.533    
    RAMB18_X0Y8          RAMB18E1 (Hold_ramb18e1_CLKARDCLK_ADDRARDADDR[3])
                                                      0.183     1.716    osd_display_m0/osd_rom_m0/U0/inst_blk_mem_gen/gnbram.gnativebmg.native_blk_mem_gen/valid.cstr/ramloop[0].ram.r/prim_init.ram/DEVICE_7SERIES.NO_BMM_INFO.SP.SIMPLE_PRIM18.ram
  -------------------------------------------------------------------
                         required time                         -1.716    
                         arrival time                           1.869    
  -------------------------------------------------------------------
                         slack                                  0.153    

Slack (MET) :             0.163ns  (arrival time - required time)
  Source:                 color_bar_m0/rgb_g_reg_reg[7]/C
                            (rising edge-triggered cell FDCE clocked by clk_out1_video_pll  {rise@0.000ns fall@15.152ns period=30.303ns})
  Destination:            osd_display_m0/timing_gen_xy_m0/i_data_d0_reg[15]/D
                            (rising edge-triggered cell FDRE clocked by clk_out1_video_pll  {rise@0.000ns fall@15.152ns period=30.303ns})
  Path Group:             clk_out1_video_pll
  Path Type:              Hold (Min at Fast Process Corner)
  Requirement:            0.000ns  (clk_out1_video_pll rise@0.000ns - clk_out1_video_pll rise@0.000ns)
  Data Path Delay:        0.269ns  (logic 0.141ns (52.385%)  route 0.128ns (47.615%))
  Logic Levels:           0  
  Clock Path Skew:        0.036ns (DCD - SCD - CPR)
    Destination Clock Delay (DCD):    2.020ns
    Source Clock Delay      (SCD):    1.504ns
    Clock Pessimism Removal (CPR):    0.480ns

    Location             Delay type                Incr(ns)  Path(ns)    Netlist Resource(s)
  -------------------------------------------------------------------    -------------------
                         (clock clk_out1_video_pll rise edge)
                                                      0.000     0.000 r  
    Y18                                               0.000     0.000 r  sys_clk (IN)
                         net (fo=0)                   0.000     0.000    sys_clk
    Y18                  IBUF (Prop_ibuf_I_O)         0.264     0.264 r  sys_clk_IBUF_inst/O
                         net (fo=1, routed)           0.634     0.898    sys_clk_IBUF
    BUFGCTRL_X0Y1        BUFG (Prop_bufg_I_O)         0.026     0.924 r  sys_clk_IBUF_BUFG_inst/O
                         net (fo=27, routed)          0.549     1.472    video_pll_m0/inst/clk_in1
    MMCME2_ADV_X1Y0      MMCME2_ADV (Prop_mmcme2_adv_CLKIN1_CLKOUT0)
                                                     -1.061     0.412 r  video_pll_m0/inst/mmcm_adv_inst/CLKOUT0
                         net (fo=1, routed)           0.486     0.898    video_pll_m0/inst/clk_out1_video_pll
    BUFGCTRL_X0Y0        BUFG (Prop_bufg_I_O)         0.026     0.924 r  video_pll_m0/inst/clkout1_buf/O
                         net (fo=132, routed)         0.581     1.504    color_bar_m0/clk_out1
    SLICE_X4Y26          FDCE                                         r  color_bar_m0/rgb_g_reg_reg[7]/C
  -------------------------------------------------------------------    -------------------
    SLICE_X4Y26          FDCE (Prop_fdce_C_Q)         0.141     1.645 r  color_bar_m0/rgb_g_reg_reg[7]/Q
                         net (fo=2, routed)           0.128     1.773    osd_display_m0/timing_gen_xy_m0/D[1]
    SLICE_X3Y26          FDRE                                         r  osd_display_m0/timing_gen_xy_m0/i_data_d0_reg[15]/D
  -------------------------------------------------------------------    -------------------

                         (clock clk_out1_video_pll rise edge)
                                                      0.000     0.000 r  
    Y18                                               0.000     0.000 r  sys_clk (IN)
                         net (fo=0)                   0.000     0.000    sys_clk
    Y18                  IBUF (Prop_ibuf_I_O)         0.452     0.452 r  sys_clk_IBUF_inst/O
                         net (fo=1, routed)           0.689     1.140    sys_clk_IBUF
    BUFGCTRL_X0Y1        BUFG (Prop_bufg_I_O)         0.029     1.169 r  sys_clk_IBUF_BUFG_inst/O
                         net (fo=27, routed)          0.817     1.986    video_pll_m0/inst/clk_in1
    MMCME2_ADV_X1Y0      MMCME2_ADV (Prop_mmcme2_adv_CLKIN1_CLKOUT0)
                                                     -1.375     0.611 r  video_pll_m0/inst/mmcm_adv_inst/CLKOUT0
                         net (fo=1, routed)           0.530     1.140    video_pll_m0/inst/clk_out1_video_pll
    BUFGCTRL_X0Y0        BUFG (Prop_bufg_I_O)         0.029     1.169 r  video_pll_m0/inst/clkout1_buf/O
                         net (fo=132, routed)         0.851     2.020    osd_display_m0/timing_gen_xy_m0/clk_out1
    SLICE_X3Y26          FDRE                                         r  osd_display_m0/timing_gen_xy_m0/i_data_d0_reg[15]/C
                         clock pessimism             -0.480     1.540    
    SLICE_X3Y26          FDRE (Hold_fdre_C_D)         0.070     1.610    osd_display_m0/timing_gen_xy_m0/i_data_d0_reg[15]
  -------------------------------------------------------------------
                         required time                         -1.610    
                         arrival time                           1.773    
  -------------------------------------------------------------------
                         slack                                  0.163    

Slack (MET) :             0.169ns  (arrival time - required time)
  Source:                 color_bar_m0/vs_reg_d0_reg/C
                            (rising edge-triggered cell FDCE clocked by clk_out1_video_pll  {rise@0.000ns fall@15.152ns period=30.303ns})
  Destination:            osd_display_m0/timing_gen_xy_m0/vs_d0_reg/D
                            (rising edge-triggered cell FDRE clocked by clk_out1_video_pll  {rise@0.000ns fall@15.152ns period=30.303ns})
  Path Group:             clk_out1_video_pll
  Path Type:              Hold (Min at Fast Process Corner)
  Requirement:            0.000ns  (clk_out1_video_pll rise@0.000ns - clk_out1_video_pll rise@0.000ns)
  Data Path Delay:        0.245ns  (logic 0.141ns (57.591%)  route 0.104ns (42.409%))
  Logic Levels:           0  
  Clock Path Skew:        0.013ns (DCD - SCD - CPR)
    Destination Clock Delay (DCD):    2.017ns
    Source Clock Delay      (SCD):    1.503ns
    Clock Pessimism Removal (CPR):    0.501ns

    Location             Delay type                Incr(ns)  Path(ns)    Netlist Resource(s)
  -------------------------------------------------------------------    -------------------
                         (clock clk_out1_video_pll rise edge)
                                                      0.000     0.000 r  
    Y18                                               0.000     0.000 r  sys_clk (IN)
                         net (fo=0)                   0.000     0.000    sys_clk
    Y18                  IBUF (Prop_ibuf_I_O)         0.264     0.264 r  sys_clk_IBUF_inst/O
                         net (fo=1, routed)           0.634     0.898    sys_clk_IBUF
    BUFGCTRL_X0Y1        BUFG (Prop_bufg_I_O)         0.026     0.924 r  sys_clk_IBUF_BUFG_inst/O
                         net (fo=27, routed)          0.549     1.472    video_pll_m0/inst/clk_in1
    MMCME2_ADV_X1Y0      MMCME2_ADV (Prop_mmcme2_adv_CLKIN1_CLKOUT0)
                                                     -1.061     0.412 r  video_pll_m0/inst/mmcm_adv_inst/CLKOUT0
                         net (fo=1, routed)           0.486     0.898    video_pll_m0/inst/clk_out1_video_pll
    BUFGCTRL_X0Y0        BUFG (Prop_bufg_I_O)         0.026     0.924 r  video_pll_m0/inst/clkout1_buf/O
                         net (fo=132, routed)         0.580     1.503    color_bar_m0/clk_out1
    SLICE_X4Y24          FDCE                                         r  color_bar_m0/vs_reg_d0_reg/C
  -------------------------------------------------------------------    -------------------
    SLICE_X4Y24          FDCE (Prop_fdce_C_Q)         0.141     1.644 r  color_bar_m0/vs_reg_d0_reg/Q
                         net (fo=1, routed)           0.104     1.748    osd_display_m0/timing_gen_xy_m0/vs_reg_d0
    SLICE_X6Y24          FDRE                                         r  osd_display_m0/timing_gen_xy_m0/vs_d0_reg/D
  -------------------------------------------------------------------    -------------------

                         (clock clk_out1_video_pll rise edge)
                                                      0.000     0.000 r  
    Y18                                               0.000     0.000 r  sys_clk (IN)
                         net (fo=0)                   0.000     0.000    sys_clk
    Y18                  IBUF (Prop_ibuf_I_O)         0.452     0.452 r  sys_clk_IBUF_inst/O
                         net (fo=1, routed)           0.689     1.140    sys_clk_IBUF
    BUFGCTRL_X0Y1        BUFG (Prop_bufg_I_O)         0.029     1.169 r  sys_clk_IBUF_BUFG_inst/O
                         net (fo=27, routed)          0.817     1.986    video_pll_m0/inst/clk_in1
    MMCME2_ADV_X1Y0      MMCME2_ADV (Prop_mmcme2_adv_CLKIN1_CLKOUT0)
                                                     -1.375     0.611 r  video_pll_m0/inst/mmcm_adv_inst/CLKOUT0
                         net (fo=1, routed)           0.530     1.140    video_pll_m0/inst/clk_out1_video_pll
    BUFGCTRL_X0Y0        BUFG (Prop_bufg_I_O)         0.029     1.169 r  video_pll_m0/inst/clkout1_buf/O
                         net (fo=132, routed)         0.848     2.017    osd_display_m0/timing_gen_xy_m0/clk_out1
    SLICE_X6Y24          FDRE                                         r  osd_display_m0/timing_gen_xy_m0/vs_d0_reg/C
                         clock pessimism             -0.501     1.516    
    SLICE_X6Y24          FDRE (Hold_fdre_C_D)         0.063     1.579    osd_display_m0/timing_gen_xy_m0/vs_d0_reg
  -------------------------------------------------------------------
                         required time                         -1.579    
                         arrival time                           1.748    
  -------------------------------------------------------------------
                         slack                                  0.169    

Slack (MET) :             0.182ns  (arrival time - required time)
  Source:                 color_bar_m0/video_active_d0_reg/C
                            (rising edge-triggered cell FDCE clocked by clk_out1_video_pll  {rise@0.000ns fall@15.152ns period=30.303ns})
  Destination:            osd_display_m0/timing_gen_xy_m0/de_d0_reg/D
                            (rising edge-triggered cell FDRE clocked by clk_out1_video_pll  {rise@0.000ns fall@15.152ns period=30.303ns})
  Path Group:             clk_out1_video_pll
  Path Type:              Hold (Min at Fast Process Corner)
  Requirement:            0.000ns  (clk_out1_video_pll rise@0.000ns - clk_out1_video_pll rise@0.000ns)
  Data Path Delay:        0.247ns  (logic 0.141ns (57.182%)  route 0.106ns (42.818%))
  Logic Levels:           0  
  Clock Path Skew:        0.013ns (DCD - SCD - CPR)
    Destination Clock Delay (DCD):    2.017ns
    Source Clock Delay      (SCD):    1.503ns
    Clock Pessimism Removal (CPR):    0.501ns

    Location             Delay type                Incr(ns)  Path(ns)    Netlist Resource(s)
  -------------------------------------------------------------------    -------------------
                         (clock clk_out1_video_pll rise edge)
                                                      0.000     0.000 r  
    Y18                                               0.000     0.000 r  sys_clk (IN)
                         net (fo=0)                   0.000     0.000    sys_clk
    Y18                  IBUF (Prop_ibuf_I_O)         0.264     0.264 r  sys_clk_IBUF_inst/O
                         net (fo=1, routed)           0.634     0.898    sys_clk_IBUF
    BUFGCTRL_X0Y1        BUFG (Prop_bufg_I_O)         0.026     0.924 r  sys_clk_IBUF_BUFG_inst/O
                         net (fo=27, routed)          0.549     1.472    video_pll_m0/inst/clk_in1
    MMCME2_ADV_X1Y0      MMCME2_ADV (Prop_mmcme2_adv_CLKIN1_CLKOUT0)
                                                     -1.061     0.412 r  video_pll_m0/inst/mmcm_adv_inst/CLKOUT0
                         net (fo=1, routed)           0.486     0.898    video_pll_m0/inst/clk_out1_video_pll
    BUFGCTRL_X0Y0        BUFG (Prop_bufg_I_O)         0.026     0.924 r  video_pll_m0/inst/clkout1_buf/O
                         net (fo=132, routed)         0.580     1.503    color_bar_m0/clk_out1
    SLICE_X4Y24          FDCE                                         r  color_bar_m0/video_active_d0_reg/C
  -------------------------------------------------------------------    -------------------
    SLICE_X4Y24          FDCE (Prop_fdce_C_Q)         0.141     1.644 r  color_bar_m0/video_active_d0_reg/Q
                         net (fo=1, routed)           0.106     1.750    osd_display_m0/timing_gen_xy_m0/video_active_d0
    SLICE_X6Y24          FDRE                                         r  osd_display_m0/timing_gen_xy_m0/de_d0_reg/D
  -------------------------------------------------------------------    -------------------

                         (clock clk_out1_video_pll rise edge)
                                                      0.000     0.000 r  
    Y18                                               0.000     0.000 r  sys_clk (IN)
                         net (fo=0)                   0.000     0.000    sys_clk
    Y18                  IBUF (Prop_ibuf_I_O)         0.452     0.452 r  sys_clk_IBUF_inst/O
                         net (fo=1, routed)           0.689     1.140    sys_clk_IBUF
    BUFGCTRL_X0Y1        BUFG (Prop_bufg_I_O)         0.029     1.169 r  sys_clk_IBUF_BUFG_inst/O
                         net (fo=27, routed)          0.817     1.986    video_pll_m0/inst/clk_in1
    MMCME2_ADV_X1Y0      MMCME2_ADV (Prop_mmcme2_adv_CLKIN1_CLKOUT0)
                                                     -1.375     0.611 r  video_pll_m0/inst/mmcm_adv_inst/CLKOUT0
                         net (fo=1, routed)           0.530     1.140    video_pll_m0/inst/clk_out1_video_pll
    BUFGCTRL_X0Y0        BUFG (Prop_bufg_I_O)         0.029     1.169 r  video_pll_m0/inst/clkout1_buf/O
                         net (fo=132, routed)         0.848     2.017    osd_display_m0/timing_gen_xy_m0/clk_out1
    SLICE_X6Y24          FDRE                                         r  osd_display_m0/timing_gen_xy_m0/de_d0_reg/C
                         clock pessimism             -0.501     1.516    
    SLICE_X6Y24          FDRE (Hold_fdre_C_D)         0.052     1.568    osd_display_m0/timing_gen_xy_m0/de_d0_reg
  -------------------------------------------------------------------
                         required time                         -1.568    
                         arrival time                           1.750    
  -------------------------------------------------------------------
                         slack                                  0.182    

Slack (MET) :             0.191ns  (arrival time - required time)
  Source:                 osd_display_m0/timing_gen_xy_m0/i_data_d0_reg[7]/C
                            (rising edge-triggered cell FDRE clocked by clk_out1_video_pll  {rise@0.000ns fall@15.152ns period=30.303ns})
  Destination:            osd_display_m0/timing_gen_xy_m0/i_data_d1_reg[7]/D
                            (rising edge-triggered cell FDRE clocked by clk_out1_video_pll  {rise@0.000ns fall@15.152ns period=30.303ns})
  Path Group:             clk_out1_video_pll
  Path Type:              Hold (Min at Fast Process Corner)
  Requirement:            0.000ns  (clk_out1_video_pll rise@0.000ns - clk_out1_video_pll rise@0.000ns)
  Data Path Delay:        0.263ns  (logic 0.141ns (53.571%)  route 0.122ns (46.429%))
  Logic Levels:           0  
  Clock Path Skew:        0.000ns (DCD - SCD - CPR)
    Destination Clock Delay (DCD):    2.020ns
    Source Clock Delay      (SCD):    1.506ns
    Clock Pessimism Removal (CPR):    0.514ns

    Location             Delay type                Incr(ns)  Path(ns)    Netlist Resource(s)
  -------------------------------------------------------------------    -------------------
                         (clock clk_out1_video_pll rise edge)
                                                      0.000     0.000 r  
    Y18                                               0.000     0.000 r  sys_clk (IN)
                         net (fo=0)                   0.000     0.000    sys_clk
    Y18                  IBUF (Prop_ibuf_I_O)         0.264     0.264 r  sys_clk_IBUF_inst/O
                         net (fo=1, routed)           0.634     0.898    sys_clk_IBUF
    BUFGCTRL_X0Y1        BUFG (Prop_bufg_I_O)         0.026     0.924 r  sys_clk_IBUF_BUFG_inst/O
                         net (fo=27, routed)          0.549     1.472    video_pll_m0/inst/clk_in1
    MMCME2_ADV_X1Y0      MMCME2_ADV (Prop_mmcme2_adv_CLKIN1_CLKOUT0)
                                                     -1.061     0.412 r  video_pll_m0/inst/mmcm_adv_inst/CLKOUT0
                         net (fo=1, routed)           0.486     0.898    video_pll_m0/inst/clk_out1_video_pll
    BUFGCTRL_X0Y0        BUFG (Prop_bufg_I_O)         0.026     0.924 r  video_pll_m0/inst/clkout1_buf/O
                         net (fo=132, routed)         0.583     1.506    osd_display_m0/timing_gen_xy_m0/clk_out1
    SLICE_X3Y26          FDRE                                         r  osd_display_m0/timing_gen_xy_m0/i_data_d0_reg[7]/C
  -------------------------------------------------------------------    -------------------
    SLICE_X3Y26          FDRE (Prop_fdre_C_Q)         0.141     1.647 r  osd_display_m0/timing_gen_xy_m0/i_data_d0_reg[7]/Q
                         net (fo=2, routed)           0.122     1.769    osd_display_m0/timing_gen_xy_m0/i_data_d0[7]
    SLICE_X3Y26          FDRE                                         r  osd_display_m0/timing_gen_xy_m0/i_data_d1_reg[7]/D
  -------------------------------------------------------------------    -------------------

                         (clock clk_out1_video_pll rise edge)
                                                      0.000     0.000 r  
    Y18                                               0.000     0.000 r  sys_clk (IN)
                         net (fo=0)                   0.000     0.000    sys_clk
    Y18                  IBUF (Prop_ibuf_I_O)         0.452     0.452 r  sys_clk_IBUF_inst/O
                         net (fo=1, routed)           0.689     1.140    sys_clk_IBUF
    BUFGCTRL_X0Y1        BUFG (Prop_bufg_I_O)         0.029     1.169 r  sys_clk_IBUF_BUFG_inst/O
                         net (fo=27, routed)          0.817     1.986    video_pll_m0/inst/clk_in1
    MMCME2_ADV_X1Y0      MMCME2_ADV (Prop_mmcme2_adv_CLKIN1_CLKOUT0)
                                                     -1.375     0.611 r  video_pll_m0/inst/mmcm_adv_inst/CLKOUT0
                         net (fo=1, routed)           0.530     1.140    video_pll_m0/inst/clk_out1_video_pll
    BUFGCTRL_X0Y0        BUFG (Prop_bufg_I_O)         0.029     1.169 r  video_pll_m0/inst/clkout1_buf/O
                         net (fo=132, routed)         0.851     2.020    osd_display_m0/timing_gen_xy_m0/clk_out1
    SLICE_X3Y26          FDRE                                         r  osd_display_m0/timing_gen_xy_m0/i_data_d1_reg[7]/C
                         clock pessimism             -0.514     1.506    
    SLICE_X3Y26          FDRE (Hold_fdre_C_D)         0.072     1.578    osd_display_m0/timing_gen_xy_m0/i_data_d1_reg[7]
  -------------------------------------------------------------------
                         required time                         -1.578    
                         arrival time                           1.769    
  -------------------------------------------------------------------
                         slack                                  0.191    

Slack (MET) :             0.198ns  (arrival time - required time)
  Source:                 osd_display_m0/timing_gen_xy_m0/y_cnt_reg[4]/C
                            (rising edge-triggered cell FDCE clocked by clk_out1_video_pll  {rise@0.000ns fall@15.152ns period=30.303ns})
  Destination:            osd_display_m0/region_active_reg/D
                            (rising edge-triggered cell FDRE clocked by clk_out1_video_pll  {rise@0.000ns fall@15.152ns period=30.303ns})
  Path Group:             clk_out1_video_pll
  Path Type:              Hold (Min at Fast Process Corner)
  Requirement:            0.000ns  (clk_out1_video_pll rise@0.000ns - clk_out1_video_pll rise@0.000ns)
  Data Path Delay:        0.302ns  (logic 0.209ns (69.158%)  route 0.093ns (30.842%))
  Logic Levels:           1  (LUT5=1)
  Clock Path Skew:        0.013ns (DCD - SCD - CPR)
    Destination Clock Delay (DCD):    2.018ns
    Source Clock Delay      (SCD):    1.504ns
    Clock Pessimism Removal (CPR):    0.501ns

    Location             Delay type                Incr(ns)  Path(ns)    Netlist Resource(s)
  -------------------------------------------------------------------    -------------------
                         (clock clk_out1_video_pll rise edge)
                                                      0.000     0.000 r  
    Y18                                               0.000     0.000 r  sys_clk (IN)
                         net (fo=0)                   0.000     0.000    sys_clk
    Y18                  IBUF (Prop_ibuf_I_O)         0.264     0.264 r  sys_clk_IBUF_inst/O
                         net (fo=1, routed)           0.634     0.898    sys_clk_IBUF
    BUFGCTRL_X0Y1        BUFG (Prop_bufg_I_O)         0.026     0.924 r  sys_clk_IBUF_BUFG_inst/O
                         net (fo=27, routed)          0.549     1.472    video_pll_m0/inst/clk_in1
    MMCME2_ADV_X1Y0      MMCME2_ADV (Prop_mmcme2_adv_CLKIN1_CLKOUT0)
                                                     -1.061     0.412 r  video_pll_m0/inst/mmcm_adv_inst/CLKOUT0
                         net (fo=1, routed)           0.486     0.898    video_pll_m0/inst/clk_out1_video_pll
    BUFGCTRL_X0Y0        BUFG (Prop_bufg_I_O)         0.026     0.924 r  video_pll_m0/inst/clkout1_buf/O
                         net (fo=132, routed)         0.581     1.504    osd_display_m0/timing_gen_xy_m0/clk_out1
    SLICE_X6Y26          FDCE                                         r  osd_display_m0/timing_gen_xy_m0/y_cnt_reg[4]/C
  -------------------------------------------------------------------    -------------------
    SLICE_X6Y26          FDCE (Prop_fdce_C_Q)         0.164     1.668 r  osd_display_m0/timing_gen_xy_m0/y_cnt_reg[4]/Q
                         net (fo=2, routed)           0.093     1.761    osd_display_m0/timing_gen_xy_m0/pos_y[4]
    SLICE_X7Y26          LUT5 (Prop_lut5_I2_O)        0.045     1.806 r  osd_display_m0/timing_gen_xy_m0/region_active_i_1/O
                         net (fo=1, routed)           0.000     1.806    osd_display_m0/region_active0
    SLICE_X7Y26          FDRE                                         r  osd_display_m0/region_active_reg/D
  -------------------------------------------------------------------    -------------------

                         (clock clk_out1_video_pll rise edge)
                                                      0.000     0.000 r  
    Y18                                               0.000     0.000 r  sys_clk (IN)
                         net (fo=0)                   0.000     0.000    sys_clk
    Y18                  IBUF (Prop_ibuf_I_O)         0.452     0.452 r  sys_clk_IBUF_inst/O
                         net (fo=1, routed)           0.689     1.140    sys_clk_IBUF
    BUFGCTRL_X0Y1        BUFG (Prop_bufg_I_O)         0.029     1.169 r  sys_clk_IBUF_BUFG_inst/O
                         net (fo=27, routed)          0.817     1.986    video_pll_m0/inst/clk_in1
    MMCME2_ADV_X1Y0      MMCME2_ADV (Prop_mmcme2_adv_CLKIN1_CLKOUT0)
                                                     -1.375     0.611 r  video_pll_m0/inst/mmcm_adv_inst/CLKOUT0
                         net (fo=1, routed)           0.530     1.140    video_pll_m0/inst/clk_out1_video_pll
    BUFGCTRL_X0Y0        BUFG (Prop_bufg_I_O)         0.029     1.169 r  video_pll_m0/inst/clkout1_buf/O
                         net (fo=132, routed)         0.849     2.018    osd_display_m0/clk_out1
    SLICE_X7Y26          FDRE                                         r  osd_display_m0/region_active_reg/C
                         clock pessimism             -0.501     1.517    
    SLICE_X7Y26          FDRE (Hold_fdre_C_D)         0.091     1.608    osd_display_m0/region_active_reg
  -------------------------------------------------------------------
                         required time                         -1.608    
                         arrival time                           1.806    
  -------------------------------------------------------------------
                         slack                                  0.198    





Pulse Width Checks
--------------------------------------------------------------------------------------
Clock Name:         clk_out1_video_pll
Waveform(ns):       { 0.000 15.152 }
Period(ns):         30.303
Sources:            { video_pll_m0/inst/mmcm_adv_inst/CLKOUT0 }

Check Type        Corner  Lib Pin             Reference Pin  Required(ns)  Actual(ns)  Slack(ns)  Location         Pin
Min Period        n/a     RAMB18E1/CLKARDCLK  n/a            2.576         30.303      27.727     RAMB18_X0Y8      osd_display_m0/osd_rom_m0/U0/inst_blk_mem_gen/gnbram.gnativebmg.native_blk_mem_gen/valid.cstr/ramloop[0].ram.r/prim_init.ram/DEVICE_7SERIES.NO_BMM_INFO.SP.SIMPLE_PRIM18.ram/CLKARDCLK
Min Period        n/a     RAMB18E1/CLKBWRCLK  n/a            2.576         30.303      27.727     RAMB18_X0Y8      osd_display_m0/osd_rom_m0/U0/inst_blk_mem_gen/gnbram.gnativebmg.native_blk_mem_gen/valid.cstr/ramloop[0].ram.r/prim_init.ram/DEVICE_7SERIES.NO_BMM_INFO.SP.SIMPLE_PRIM18.ram/CLKBWRCLK
Min Period        n/a     BUFG/I              n/a            2.155         30.303      28.148     BUFGCTRL_X0Y0    video_pll_m0/inst/clkout1_buf/I
Min Period        n/a     MMCME2_ADV/CLKOUT0  n/a            1.249         30.303      29.054     MMCME2_ADV_X1Y0  video_pll_m0/inst/mmcm_adv_inst/CLKOUT0
Min Period        n/a     FDCE/C              n/a            1.000         30.303      29.303     SLICE_X1Y27      color_bar_m0/active_x_reg[10]/C
Min Period        n/a     FDCE/C              n/a            1.000         30.303      29.303     SLICE_X1Y27      color_bar_m0/active_x_reg[11]/C
Min Period        n/a     FDCE/C              n/a            1.000         30.303      29.303     SLICE_X1Y25      color_bar_m0/active_x_reg[1]/C
Min Period        n/a     FDCE/C              n/a            1.000         30.303      29.303     SLICE_X1Y25      color_bar_m0/active_x_reg[2]/C
Min Period        n/a     FDCE/C              n/a            1.000         30.303      29.303     SLICE_X1Y25      color_bar_m0/active_x_reg[3]/C
Min Period        n/a     FDCE/C              n/a            1.000         30.303      29.303     SLICE_X1Y25      color_bar_m0/active_x_reg[4]/C
Max Period        n/a     MMCME2_ADV/CLKOUT0  n/a            213.360       30.303      183.057    MMCME2_ADV_X1Y0  video_pll_m0/inst/mmcm_adv_inst/CLKOUT0
Low Pulse Width   Slow    FDCE/C              n/a            0.500         15.152      14.652     SLICE_X1Y26      color_bar_m0/active_x_reg[5]/C
Low Pulse Width   Slow    FDCE/C              n/a            0.500         15.152      14.652     SLICE_X1Y26      color_bar_m0/active_x_reg[6]/C
Low Pulse Width   Slow    FDCE/C              n/a            0.500         15.152      14.652     SLICE_X1Y26      color_bar_m0/active_x_reg[7]/C
Low Pulse Width   Slow    FDCE/C              n/a            0.500         15.152      14.652     SLICE_X1Y26      color_bar_m0/active_x_reg[8]/C
Low Pulse Width   Slow    FDCE/C              n/a            0.500         15.152      14.652     SLICE_X2Y26      color_bar_m0/h_cnt_reg[10]/C
Low Pulse Width   Slow    FDCE/C              n/a            0.500         15.152      14.652     SLICE_X2Y26      color_bar_m0/h_cnt_reg[11]/C
Low Pulse Width   Slow    FDCE/C              n/a            0.500         15.152      14.652     SLICE_X1Y19      color_bar_m0/hs_reg_d0_reg/C
Low Pulse Width   Slow    FDCE/C              n/a            0.500         15.152      14.652     SLICE_X2Y23      color_bar_m0/v_cnt_reg[0]/C
Low Pulse Width   Fast    FDRE/C              n/a            0.500         15.152      14.652     SLICE_X8Y20      osd_display_m0/osd_ram_addr_reg[10]/C
Low Pulse Width   Fast    FDRE/C              n/a            0.500         15.152      14.652     SLICE_X8Y20      osd_display_m0/osd_ram_addr_reg[11]/C
High Pulse Width  Slow    FDCE/C              n/a            0.500         15.152      14.652     SLICE_X1Y27      color_bar_m0/active_x_reg[10]/C
High Pulse Width  Slow    FDCE/C              n/a            0.500         15.152      14.652     SLICE_X1Y27      color_bar_m0/active_x_reg[11]/C
High Pulse Width  Slow    FDCE/C              n/a            0.500         15.152      14.652     SLICE_X1Y25      color_bar_m0/active_x_reg[1]/C
High Pulse Width  Slow    FDCE/C              n/a            0.500         15.152      14.652     SLICE_X1Y25      color_bar_m0/active_x_reg[2]/C
High Pulse Width  Slow    FDCE/C              n/a            0.500         15.152      14.652     SLICE_X1Y25      color_bar_m0/active_x_reg[3]/C
High Pulse Width  Slow    FDCE/C              n/a            0.500         15.152      14.652     SLICE_X1Y25      color_bar_m0/active_x_reg[4]/C
High Pulse Width  Slow    FDCE/C              n/a            0.500         15.152      14.652     SLICE_X1Y26      color_bar_m0/active_x_reg[5]/C
High Pulse Width  Slow    FDCE/C              n/a            0.500         15.152      14.652     SLICE_X1Y26      color_bar_m0/active_x_reg[6]/C
High Pulse Width  Slow    FDCE/C              n/a            0.500         15.152      14.652     SLICE_X1Y26      color_bar_m0/active_x_reg[7]/C
High Pulse Width  Slow    FDCE/C              n/a            0.500         15.152      14.652     SLICE_X1Y26      color_bar_m0/active_x_reg[8]/C



---------------------------------------------------------------------------------------------------
From Clock:  clkfbout_video_pll
  To Clock:  clkfbout_video_pll

Setup :           NA  Failing Endpoints,  Worst Slack           NA  ,  Total Violation           NA
Hold  :           NA  Failing Endpoints,  Worst Slack           NA  ,  Total Violation           NA
PW    :            0  Failing Endpoints,  Worst Slack       17.845ns,  Total Violation        0.000ns
---------------------------------------------------------------------------------------------------


Pulse Width Checks
--------------------------------------------------------------------------------------
Clock Name:         clkfbout_video_pll
Waveform(ns):       { 0.000 10.000 }
Period(ns):         20.000
Sources:            { video_pll_m0/inst/mmcm_adv_inst/CLKFBOUT }

Check Type  Corner  Lib Pin              Reference Pin  Required(ns)  Actual(ns)  Slack(ns)  Location         Pin
Min Period  n/a     BUFG/I               n/a            2.155         20.000      17.845     BUFGCTRL_X0Y2    video_pll_m0/inst/clkf_buf/I
Min Period  n/a     MMCME2_ADV/CLKFBOUT  n/a            1.249         20.000      18.751     MMCME2_ADV_X1Y0  video_pll_m0/inst/mmcm_adv_inst/CLKFBOUT
Min Period  n/a     MMCME2_ADV/CLKFBIN   n/a            1.249         20.000      18.751     MMCME2_ADV_X1Y0  video_pll_m0/inst/mmcm_adv_inst/CLKFBIN
Max Period  n/a     MMCME2_ADV/CLKFBIN   n/a            100.000       20.000      80.000     MMCME2_ADV_X1Y0  video_pll_m0/inst/mmcm_adv_inst/CLKFBIN
Max Period  n/a     MMCME2_ADV/CLKFBOUT  n/a            213.360       20.000      193.360    MMCME2_ADV_X1Y0  video_pll_m0/inst/mmcm_adv_inst/CLKFBOUT



