Copyright 1986-2019 Xilinx, Inc. All Rights Reserved.
-----------------------------------------------------------------------------------------------------------------------------------------------------------------------------------------------------------------
| Tool Version : Vivado v.2019.1 (win64) Build 2552052 Fri May 24 14:49:42 MDT 2019
| Date         : Fri Mar  3 17:52:13 2023
| Host         : DESKTOP-AOVMD3L running 64-bit major release  (build 9200)
| Command      : report_timing_summary -max_paths 10 -file video_ethernet_timing_summary_routed.rpt -pb video_ethernet_timing_summary_routed.pb -rpx video_ethernet_timing_summary_routed.rpx -warn_on_violation
| Design       : video_ethernet
| Device       : 7a35t-fgg484
| Speed File   : -2  PRODUCTION 1.23 2018-06-13
-----------------------------------------------------------------------------------------------------------------------------------------------------------------------------------------------------------------

Timing Summary Report

------------------------------------------------------------------------------------------------
| Timer Settings
| --------------
------------------------------------------------------------------------------------------------

  Enable Multi Corner Analysis               :  Yes
  Enable Pessimism Removal                   :  Yes
  Pessimism Removal Resolution               :  Nearest Common Node
  Enable Input Delay Default Clock           :  No
  Enable Preset / Clear Arcs                 :  No
  Disable Flight Delays                      :  No
  Ignore I/O Paths                           :  No
  Timing Early Launch at Borrowing Latches   :  No
  Borrow Time for Max Delay Exceptions       :  Yes

  Corner  Analyze    Analyze    
  Name    Max Paths  Min Paths  
  ------  ---------  ---------  
  Slow    Yes        Yes        
  Fast    Yes        Yes        



check_timing report

Table of Contents
-----------------
1. checking no_clock
2. checking constant_clock
3. checking pulse_width_clock
4. checking unconstrained_internal_endpoints
5. checking no_input_delay
6. checking no_output_delay
7. checking multiple_clock
8. checking generated_clocks
9. checking loops
10. checking partial_input_delay
11. checking partial_output_delay
12. checking latch_loops

1. checking no_clock
--------------------
 There are 0 register/latch pins with no clock.


2. checking constant_clock
--------------------------
 There are 0 register/latch pins with constant_clock.


3. checking pulse_width_clock
-----------------------------
 There are 0 register/latch pins which need pulse_width check


4. checking unconstrained_internal_endpoints
--------------------------------------------
 There are 0 pins that are not constrained for maximum delay.

 There are 0 pins that are not constrained for maximum delay due to constant clock.


5. checking no_input_delay
--------------------------
 There are 31 input ports with no input delay specified. (HIGH)

 There are 0 input ports with no input delay but user has a false path constraint.


6. checking no_output_delay
---------------------------
 There are 10 ports with no output delay specified. (HIGH)

 There are 0 ports with no output delay but user has a false path constraint

 There are 0 ports with no output delay but with a timing clock defined on it or propagating through it


7. checking multiple_clock
--------------------------
 There are 0 register/latch pins with multiple clocks.


8. checking generated_clocks
----------------------------
 There are 0 generated clocks that are not connected to a clock source.


9. checking loops
-----------------
 There are 0 combinational loops in the design.


10. checking partial_input_delay
--------------------------------
 There are 0 input ports with partial input delay specified.


11. checking partial_output_delay
---------------------------------
 There are 0 ports with partial output delay specified.


12. checking latch_loops
------------------------
 There are 0 combinational latch loops in the design through latch input



------------------------------------------------------------------------------------------------
| Design Timing Summary
| ---------------------
------------------------------------------------------------------------------------------------

    WNS(ns)      TNS(ns)  TNS Failing Endpoints  TNS Total Endpoints      WHS(ns)      THS(ns)  THS Failing Endpoints  THS Total Endpoints     WPWS(ns)     TPWS(ns)  TPWS Failing Endpoints  TPWS Total Endpoints  
    -------      -------  ---------------------  -------------------      -------      -------  ---------------------  -------------------     --------     --------  ----------------------  --------------------  
      1.446        0.000                      0                 3971        0.103        0.000                      0                 3947        0.264        0.000                       0                  2480  


All user specified timing constraints are met.


------------------------------------------------------------------------------------------------
| Clock Summary
| -------------
------------------------------------------------------------------------------------------------

Clock                   Waveform(ns)         Period(ns)      Frequency(MHz)
-----                   ------------         ----------      --------------
clk_wiz_0/inst/clk_in1  {0.000 10.000}       20.000          50.000          
  clk_out1_clk_wiz_0    {0.000 2.500}        5.000           200.000         
  clkfbout_clk_wiz_0    {0.000 10.000}       20.000          50.000          
cmos1_pclk              {0.000 5.952}        11.904          84.005          
cmos2_pclk              {0.000 5.952}        11.904          84.005          
rx_clk                  {0.000 4.000}        8.000           125.000         
sys_clk                 {0.000 10.000}       20.000          50.000          


------------------------------------------------------------------------------------------------
| Intra Clock Table
| -----------------
------------------------------------------------------------------------------------------------

Clock                       WNS(ns)      TNS(ns)  TNS Failing Endpoints  TNS Total Endpoints      WHS(ns)      THS(ns)  THS Failing Endpoints  THS Total Endpoints     WPWS(ns)     TPWS(ns)  TPWS Failing Endpoints  TPWS Total Endpoints  
-----                       -------      -------  ---------------------  -------------------      -------      -------  ---------------------  -------------------     --------     --------  ----------------------  --------------------  
clk_wiz_0/inst/clk_in1                                                                                                                                                    7.000        0.000                       0                     1  
  clk_out1_clk_wiz_0                                                                                                                                                      0.264        0.000                       0                     3  
  clkfbout_clk_wiz_0                                                                                                                                                     18.408        0.000                       0                     3  
cmos1_pclk                    8.499        0.000                      0                  202        0.113        0.000                      0                  202        5.098        0.000                       0                   131  
cmos2_pclk                    8.499        0.000                      0                  202        0.113        0.000                      0                  202        5.098        0.000                       0                   131  
rx_clk                        2.078        0.000                      0                 3314        0.103        0.000                      0                 3314        3.146        0.000                       0                  2099  
sys_clk                      14.931        0.000                      0                  365        0.108        0.000                      0                  365        9.500        0.000                       0                   243  


------------------------------------------------------------------------------------------------
| Inter Clock Table
| -----------------
------------------------------------------------------------------------------------------------

From Clock    To Clock          WNS(ns)      TNS(ns)  TNS Failing Endpoints  TNS Total Endpoints      WHS(ns)      THS(ns)  THS Failing Endpoints  THS Total Endpoints  
----------    --------          -------      -------  ---------------------  -------------------      -------      -------  ---------------------  -------------------  
rx_clk        cmos1_pclk          6.896        0.000                      0                   12                                                                        
rx_clk        cmos2_pclk          6.896        0.000                      0                   12                                                                        
cmos1_pclk    rx_clk             10.856        0.000                      0                   12                                                                        
cmos2_pclk    rx_clk             10.856        0.000                      0                   12                                                                        
sys_clk       rx_clk              1.446        0.000                      0                    2        0.360        0.000                      0                    2  


------------------------------------------------------------------------------------------------
| Other Path Groups Table
| -----------------------
------------------------------------------------------------------------------------------------

Path Group         From Clock         To Clock               WNS(ns)      TNS(ns)  TNS Failing Endpoints  TNS Total Endpoints      WHS(ns)      THS(ns)  THS Failing Endpoints  THS Total Endpoints  
----------         ----------         --------               -------      -------  ---------------------  -------------------      -------      -------  ---------------------  -------------------  
**async_default**  rx_clk             rx_clk                   6.222        0.000                      0                   64        0.428        0.000                      0                   64  


------------------------------------------------------------------------------------------------
| Timing Details
| --------------
------------------------------------------------------------------------------------------------


---------------------------------------------------------------------------------------------------
From Clock:  clk_wiz_0/inst/clk_in1
  To Clock:  clk_wiz_0/inst/clk_in1

Setup :           NA  Failing Endpoints,  Worst Slack           NA  ,  Total Violation           NA
Hold  :           NA  Failing Endpoints,  Worst Slack           NA  ,  Total Violation           NA
PW    :            0  Failing Endpoints,  Worst Slack        7.000ns,  Total Violation        0.000ns
---------------------------------------------------------------------------------------------------


Pulse Width Checks
--------------------------------------------------------------------------------------
Clock Name:         clk_wiz_0/inst/clk_in1
Waveform(ns):       { 0.000 10.000 }
Period(ns):         20.000
Sources:            { clk_wiz_0/inst/clk_in1 }

Check Type        Corner  Lib Pin            Reference Pin  Required(ns)  Actual(ns)  Slack(ns)  Location         Pin
Min Period        n/a     MMCME2_ADV/CLKIN1  n/a            1.249         20.000      18.751     MMCME2_ADV_X1Y0  clk_wiz_0/inst/mmcm_adv_inst/CLKIN1
Max Period        n/a     MMCME2_ADV/CLKIN1  n/a            100.000       20.000      80.000     MMCME2_ADV_X1Y0  clk_wiz_0/inst/mmcm_adv_inst/CLKIN1
Low Pulse Width   Fast    MMCME2_ADV/CLKIN1  n/a            3.000         10.000      7.000      MMCME2_ADV_X1Y0  clk_wiz_0/inst/mmcm_adv_inst/CLKIN1
Low Pulse Width   Slow    MMCME2_ADV/CLKIN1  n/a            3.000         10.000      7.000      MMCME2_ADV_X1Y0  clk_wiz_0/inst/mmcm_adv_inst/CLKIN1
High Pulse Width  Slow    MMCME2_ADV/CLKIN1  n/a            3.000         10.000      7.000      MMCME2_ADV_X1Y0  clk_wiz_0/inst/mmcm_adv_inst/CLKIN1
High Pulse Width  Fast    MMCME2_ADV/CLKIN1  n/a            3.000         10.000      7.000      MMCME2_ADV_X1Y0  clk_wiz_0/inst/mmcm_adv_inst/CLKIN1



---------------------------------------------------------------------------------------------------
From Clock:  clk_out1_clk_wiz_0
  To Clock:  clk_out1_clk_wiz_0

Setup :           NA  Failing Endpoints,  Worst Slack           NA  ,  Total Violation           NA
Hold  :           NA  Failing Endpoints,  Worst Slack           NA  ,  Total Violation           NA
PW    :            0  Failing Endpoints,  Worst Slack        0.264ns,  Total Violation        0.000ns
---------------------------------------------------------------------------------------------------


Pulse Width Checks
--------------------------------------------------------------------------------------
Clock Name:         clk_out1_clk_wiz_0
Waveform(ns):       { 0.000 2.500 }
Period(ns):         5.000
Sources:            { clk_wiz_0/inst/mmcm_adv_inst/CLKOUT0 }

Check Type  Corner  Lib Pin             Reference Pin  Required(ns)  Actual(ns)  Slack(ns)  Location         Pin
Min Period  n/a     IDELAYCTRL/REFCLK   n/a            2.438         5.000       2.562      IDELAYCTRL_X0Y1  IDELAYCTRL_inst/REFCLK
Min Period  n/a     BUFG/I              n/a            1.592         5.000       3.408      BUFGCTRL_X0Y0    clk_wiz_0/inst/clkout1_buf/I
Min Period  n/a     MMCME2_ADV/CLKOUT0  n/a            1.249         5.000       3.751      MMCME2_ADV_X1Y0  clk_wiz_0/inst/mmcm_adv_inst/CLKOUT0
Max Period  n/a     IDELAYCTRL/REFCLK   n/a            5.264         5.000       0.264      IDELAYCTRL_X0Y1  IDELAYCTRL_inst/REFCLK
Max Period  n/a     MMCME2_ADV/CLKOUT0  n/a            213.360       5.000       208.360    MMCME2_ADV_X1Y0  clk_wiz_0/inst/mmcm_adv_inst/CLKOUT0



---------------------------------------------------------------------------------------------------
From Clock:  clkfbout_clk_wiz_0
  To Clock:  clkfbout_clk_wiz_0

Setup :           NA  Failing Endpoints,  Worst Slack           NA  ,  Total Violation           NA
Hold  :           NA  Failing Endpoints,  Worst Slack           NA  ,  Total Violation           NA
PW    :            0  Failing Endpoints,  Worst Slack       18.408ns,  Total Violation        0.000ns
---------------------------------------------------------------------------------------------------


Pulse Width Checks
--------------------------------------------------------------------------------------
Clock Name:         clkfbout_clk_wiz_0
Waveform(ns):       { 0.000 10.000 }
Period(ns):         20.000
Sources:            { clk_wiz_0/inst/mmcm_adv_inst/CLKFBOUT }

Check Type  Corner  Lib Pin              Reference Pin  Required(ns)  Actual(ns)  Slack(ns)  Location         Pin
Min Period  n/a     BUFG/I               n/a            1.592         20.000      18.408     BUFGCTRL_X0Y3    clk_wiz_0/inst/clkf_buf/I
Min Period  n/a     MMCME2_ADV/CLKFBOUT  n/a            1.249         20.000      18.751     MMCME2_ADV_X1Y0  clk_wiz_0/inst/mmcm_adv_inst/CLKFBOUT
Min Period  n/a     MMCME2_ADV/CLKFBIN   n/a            1.249         20.000      18.751     MMCME2_ADV_X1Y0  clk_wiz_0/inst/mmcm_adv_inst/CLKFBIN
Max Period  n/a     MMCME2_ADV/CLKFBIN   n/a            100.000       20.000      80.000     MMCME2_ADV_X1Y0  clk_wiz_0/inst/mmcm_adv_inst/CLKFBIN
Max Period  n/a     MMCME2_ADV/CLKFBOUT  n/a            213.360       20.000      193.360    MMCME2_ADV_X1Y0  clk_wiz_0/inst/mmcm_adv_inst/CLKFBOUT



---------------------------------------------------------------------------------------------------
From Clock:  cmos1_pclk
  To Clock:  cmos1_pclk

Setup :            0  Failing Endpoints,  Worst Slack        8.499ns,  Total Violation        0.000ns
Hold  :            0  Failing Endpoints,  Worst Slack        0.113ns,  Total Violation        0.000ns
PW    :            0  Failing Endpoints,  Worst Slack        5.098ns,  Total Violation        0.000ns
---------------------------------------------------------------------------------------------------


Max Delay Paths
--------------------------------------------------------------------------------------
Slack (MET) :             8.499ns  (required time - arrival time)
  Source:                 camera_delay_inst/cmos_href_buf_reg[2]__0/C
                            (rising edge-triggered cell FDRE clocked by cmos1_pclk  {rise@0.000ns fall@5.952ns period=11.904ns})
  Destination:            camera_fifo_inst/U0/inst_fifo_gen/gconvfifo.rf/grf.rf/gntv_or_sync_fifo.mem/gbm.gbmg.gbmga.ngecc.bmg/inst_blk_mem_gen/gnbram.gnativebmg.native_blk_mem_gen/valid.cstr/ramloop[0].ram.r/prim_noinit.ram/DEVICE_7SERIES.NO_BMM_INFO.SDP.SIMPLE_PRIM36.ram/ENARDEN
                            (rising edge-triggered cell RAMB36E1 clocked by cmos1_pclk  {rise@0.000ns fall@5.952ns period=11.904ns})
  Path Group:             cmos1_pclk
  Path Type:              Setup (Max at Slow Process Corner)
  Requirement:            11.904ns  (cmos1_pclk rise@11.904ns - cmos1_pclk rise@0.000ns)
  Data Path Delay:        2.986ns  (logic 0.630ns (21.097%)  route 2.356ns (78.903%))
  Logic Levels:           1  (LUT2=1)
  Clock Path Skew:        0.004ns (DCD - SCD + CPR)
    Destination Clock Delay (DCD):    6.623ns = ( 18.527 - 11.904 ) 
    Source Clock Delay      (SCD):    7.468ns
    Clock Pessimism Removal (CPR):    0.849ns
  Clock Uncertainty:      0.035ns  ((TSJ^2 + TIJ^2)^1/2 + DJ) / 2 + PE
    Total System Jitter     (TSJ):    0.071ns
    Total Input Jitter      (TIJ):    0.000ns
    Discrete Jitter          (DJ):    0.000ns
    Phase Error              (PE):    0.000ns

    Location             Delay type                Incr(ns)  Path(ns)    Netlist Resource(s)
  -------------------------------------------------------------------    -------------------
                         (clock cmos1_pclk rise edge)
                                                      0.000     0.000 r  
    E19                                               0.000     0.000 r  cmos1_pclk (IN)
                         net (fo=0)                   0.000     0.000    cmos1_pclk
    E19                  IBUF (Prop_ibuf_I_O)         1.426     1.426 r  cmos1_pclk_IBUF_inst/O
                         net (fo=1, routed)           3.419     4.846    cmos_select_inst/cmos1_pclk_IBUF
    SLICE_X32Y58         LUT3 (Prop_lut3_I0_O)        0.119     4.965 r  cmos_select_inst/camera_fifo_inst_i_1/O
                         net (fo=1, routed)           0.912     5.876    cmos_select_inst/cmos_pclk
    BUFGCTRL_X0Y2        BUFG (Prop_bufg_I_O)         0.243     6.119 r  cmos_select_inst/cmos_pclk_BUFG_inst/O
                         net (fo=130, routed)         1.349     7.468    camera_delay_inst/cmos_pclk
    SLICE_X30Y25         FDRE                                         r  camera_delay_inst/cmos_href_buf_reg[2]__0/C
  -------------------------------------------------------------------    -------------------
    SLICE_X30Y25         FDRE (Prop_fdre_C_Q)         0.398     7.866 r  camera_delay_inst/cmos_href_buf_reg[2]__0/Q
                         net (fo=2, routed)           0.811     8.677    camera_fifo_inst/U0/inst_fifo_gen/gconvfifo.rf/grf.rf/gntv_or_sync_fifo.gl0.wr/gwas.wsts/wr_en
    SLICE_X31Y22         LUT2 (Prop_lut2_I0_O)        0.232     8.909 r  camera_fifo_inst/U0/inst_fifo_gen/gconvfifo.rf/grf.rf/gntv_or_sync_fifo.gl0.wr/gwas.wsts/DEVICE_7SERIES.NO_BMM_INFO.SDP.SIMPLE_PRIM36.ram_i_4/O
                         net (fo=37, routed)          1.545    10.454    camera_fifo_inst/U0/inst_fifo_gen/gconvfifo.rf/grf.rf/gntv_or_sync_fifo.mem/gbm.gbmg.gbmga.ngecc.bmg/inst_blk_mem_gen/gnbram.gnativebmg.native_blk_mem_gen/valid.cstr/ramloop[0].ram.r/prim_noinit.ram/p_20_out
    RAMB36_X0Y4          RAMB36E1                                     r  camera_fifo_inst/U0/inst_fifo_gen/gconvfifo.rf/grf.rf/gntv_or_sync_fifo.mem/gbm.gbmg.gbmga.ngecc.bmg/inst_blk_mem_gen/gnbram.gnativebmg.native_blk_mem_gen/valid.cstr/ramloop[0].ram.r/prim_noinit.ram/DEVICE_7SERIES.NO_BMM_INFO.SDP.SIMPLE_PRIM36.ram/ENARDEN
  -------------------------------------------------------------------    -------------------

                         (clock cmos1_pclk rise edge)
                                                     11.904    11.904 r  
    E19                                               0.000    11.904 r  cmos1_pclk (IN)
                         net (fo=0)                   0.000    11.904    cmos1_pclk
    E19                  IBUF (Prop_ibuf_I_O)         1.360    13.264 r  cmos1_pclk_IBUF_inst/O
                         net (fo=1, routed)           2.881    16.146    cmos_select_inst/cmos1_pclk_IBUF
    SLICE_X32Y58         LUT3 (Prop_lut3_I0_O)        0.095    16.241 r  cmos_select_inst/camera_fifo_inst_i_1/O
                         net (fo=1, routed)           0.792    17.032    cmos_select_inst/cmos_pclk
    BUFGCTRL_X0Y2        BUFG (Prop_bufg_I_O)         0.208    17.240 r  cmos_select_inst/cmos_pclk_BUFG_inst/O
                         net (fo=130, routed)         1.286    18.527    camera_fifo_inst/U0/inst_fifo_gen/gconvfifo.rf/grf.rf/gntv_or_sync_fifo.mem/gbm.gbmg.gbmga.ngecc.bmg/inst_blk_mem_gen/gnbram.gnativebmg.native_blk_mem_gen/valid.cstr/ramloop[0].ram.r/prim_noinit.ram/wr_clk
    RAMB36_X0Y4          RAMB36E1                                     r  camera_fifo_inst/U0/inst_fifo_gen/gconvfifo.rf/grf.rf/gntv_or_sync_fifo.mem/gbm.gbmg.gbmga.ngecc.bmg/inst_blk_mem_gen/gnbram.gnativebmg.native_blk_mem_gen/valid.cstr/ramloop[0].ram.r/prim_noinit.ram/DEVICE_7SERIES.NO_BMM_INFO.SDP.SIMPLE_PRIM36.ram/CLKARDCLK
                         clock pessimism              0.849    19.376    
                         clock uncertainty           -0.035    19.341    
    RAMB36_X0Y4          RAMB36E1 (Setup_ramb36e1_CLKARDCLK_ENARDEN)
                                                     -0.387    18.954    camera_fifo_inst/U0/inst_fifo_gen/gconvfifo.rf/grf.rf/gntv_or_sync_fifo.mem/gbm.gbmg.gbmga.ngecc.bmg/inst_blk_mem_gen/gnbram.gnativebmg.native_blk_mem_gen/valid.cstr/ramloop[0].ram.r/prim_noinit.ram/DEVICE_7SERIES.NO_BMM_INFO.SDP.SIMPLE_PRIM36.ram
  -------------------------------------------------------------------
                         required time                         18.954    
                         arrival time                         -10.454    
  -------------------------------------------------------------------
                         slack                                  8.499    

Slack (MET) :             8.506ns  (required time - arrival time)
  Source:                 camera_fifo_inst/U0/inst_fifo_gen/gconvfifo.rf/grf.rf/gntv_or_sync_fifo.gcx.clkx/rd_pntr_cdc_inst/dest_out_bin_ff_reg[1]/C
                            (rising edge-triggered cell FDRE clocked by cmos1_pclk  {rise@0.000ns fall@5.952ns period=11.904ns})
  Destination:            camera_fifo_inst/U0/inst_fifo_gen/gconvfifo.rf/grf.rf/gntv_or_sync_fifo.gl0.wr/gwas.wsts/ram_full_fb_i_reg/D
                            (rising edge-triggered cell FDSE clocked by cmos1_pclk  {rise@0.000ns fall@5.952ns period=11.904ns})
  Path Group:             cmos1_pclk
  Path Type:              Setup (Max at Slow Process Corner)
  Requirement:            11.904ns  (cmos1_pclk rise@11.904ns - cmos1_pclk rise@0.000ns)
  Data Path Delay:        3.257ns  (logic 1.331ns (40.863%)  route 1.926ns (59.137%))
  Logic Levels:           4  (CARRY4=2 LUT4=1 LUT5=1)
  Clock Path Skew:        -0.030ns (DCD - SCD + CPR)
    Destination Clock Delay (DCD):    6.580ns = ( 18.484 - 11.904 ) 
    Source Clock Delay      (SCD):    7.475ns
    Clock Pessimism Removal (CPR):    0.865ns
  Clock Uncertainty:      0.035ns  ((TSJ^2 + TIJ^2)^1/2 + DJ) / 2 + PE
    Total System Jitter     (TSJ):    0.071ns
    Total Input Jitter      (TIJ):    0.000ns
    Discrete Jitter          (DJ):    0.000ns
    Phase Error              (PE):    0.000ns

    Location             Delay type                Incr(ns)  Path(ns)    Netlist Resource(s)
  -------------------------------------------------------------------    -------------------
                         (clock cmos1_pclk rise edge)
                                                      0.000     0.000 r  
    E19                                               0.000     0.000 r  cmos1_pclk (IN)
                         net (fo=0)                   0.000     0.000    cmos1_pclk
    E19                  IBUF (Prop_ibuf_I_O)         1.426     1.426 r  cmos1_pclk_IBUF_inst/O
                         net (fo=1, routed)           3.419     4.846    cmos_select_inst/cmos1_pclk_IBUF
    SLICE_X32Y58         LUT3 (Prop_lut3_I0_O)        0.119     4.965 r  cmos_select_inst/camera_fifo_inst_i_1/O
                         net (fo=1, routed)           0.912     5.876    cmos_select_inst/cmos_pclk
    BUFGCTRL_X0Y2        BUFG (Prop_bufg_I_O)         0.243     6.119 r  cmos_select_inst/cmos_pclk_BUFG_inst/O
                         net (fo=130, routed)         1.356     7.475    camera_fifo_inst/U0/inst_fifo_gen/gconvfifo.rf/grf.rf/gntv_or_sync_fifo.gcx.clkx/rd_pntr_cdc_inst/dest_clk
    SLICE_X31Y19         FDRE                                         r  camera_fifo_inst/U0/inst_fifo_gen/gconvfifo.rf/grf.rf/gntv_or_sync_fifo.gcx.clkx/rd_pntr_cdc_inst/dest_out_bin_ff_reg[1]/C
  -------------------------------------------------------------------    -------------------
    SLICE_X31Y19         FDRE (Prop_fdre_C_Q)         0.379     7.854 r  camera_fifo_inst/U0/inst_fifo_gen/gconvfifo.rf/grf.rf/gntv_or_sync_fifo.gcx.clkx/rd_pntr_cdc_inst/dest_out_bin_ff_reg[1]/Q
                         net (fo=2, routed)           0.780     8.634    camera_fifo_inst/U0/inst_fifo_gen/gconvfifo.rf/grf.rf/gntv_or_sync_fifo.gl0.wr/gwas.wsts/c2/RD_PNTR_WR[1]
    SLICE_X33Y19         LUT4 (Prop_lut4_I2_O)        0.105     8.739 r  camera_fifo_inst/U0/inst_fifo_gen/gconvfifo.rf/grf.rf/gntv_or_sync_fifo.gl0.wr/gwas.wsts/c2/gmux.gm[0].gm1.m1_i_1/O
                         net (fo=1, routed)           0.000     8.739    camera_fifo_inst/U0/inst_fifo_gen/gconvfifo.rf/grf.rf/gntv_or_sync_fifo.gl0.wr/gwas.wsts/c2/v1_reg[0]
    SLICE_X33Y19         CARRY4 (Prop_carry4_S[0]_CO[3])
                                                      0.440     9.179 r  camera_fifo_inst/U0/inst_fifo_gen/gconvfifo.rf/grf.rf/gntv_or_sync_fifo.gl0.wr/gwas.wsts/c2/gmux.gm[0].gm1.m1_CARRY4/CO[3]
                         net (fo=1, routed)           0.000     9.179    camera_fifo_inst/U0/inst_fifo_gen/gconvfifo.rf/grf.rf/gntv_or_sync_fifo.gl0.wr/gwas.wsts/c2/carrynet_3
    SLICE_X33Y20         CARRY4 (Prop_carry4_CI_CO[1])
                                                      0.132     9.311 r  camera_fifo_inst/U0/inst_fifo_gen/gconvfifo.rf/grf.rf/gntv_or_sync_fifo.gl0.wr/gwas.wsts/c2/gmux.gm[4].gms.ms_CARRY4/CO[1]
                         net (fo=1, routed)           0.776    10.087    camera_fifo_inst/U0/inst_fifo_gen/gconvfifo.rf/grf.rf/gntv_or_sync_fifo.gl0.wr/gwas.wsts/comp2
    SLICE_X31Y22         LUT5 (Prop_lut5_I0_O)        0.275    10.362 r  camera_fifo_inst/U0/inst_fifo_gen/gconvfifo.rf/grf.rf/gntv_or_sync_fifo.gl0.wr/gwas.wsts//i_/O
                         net (fo=2, routed)           0.370    10.732    camera_fifo_inst/U0/inst_fifo_gen/gconvfifo.rf/grf.rf/gntv_or_sync_fifo.gl0.wr/gwas.wsts//i__n_0
    SLICE_X31Y23         FDSE                                         r  camera_fifo_inst/U0/inst_fifo_gen/gconvfifo.rf/grf.rf/gntv_or_sync_fifo.gl0.wr/gwas.wsts/ram_full_fb_i_reg/D
  -------------------------------------------------------------------    -------------------

                         (clock cmos1_pclk rise edge)
                                                     11.904    11.904 r  
    E19                                               0.000    11.904 r  cmos1_pclk (IN)
                         net (fo=0)                   0.000    11.904    cmos1_pclk
    E19                  IBUF (Prop_ibuf_I_O)         1.360    13.264 r  cmos1_pclk_IBUF_inst/O
                         net (fo=1, routed)           2.881    16.146    cmos_select_inst/cmos1_pclk_IBUF
    SLICE_X32Y58         LUT3 (Prop_lut3_I0_O)        0.095    16.241 r  cmos_select_inst/camera_fifo_inst_i_1/O
                         net (fo=1, routed)           0.792    17.032    cmos_select_inst/cmos_pclk
    BUFGCTRL_X0Y2        BUFG (Prop_bufg_I_O)         0.208    17.240 r  cmos_select_inst/cmos_pclk_BUFG_inst/O
                         net (fo=130, routed)         1.244    18.484    camera_fifo_inst/U0/inst_fifo_gen/gconvfifo.rf/grf.rf/gntv_or_sync_fifo.gl0.wr/gwas.wsts/wr_clk
    SLICE_X31Y23         FDSE                                         r  camera_fifo_inst/U0/inst_fifo_gen/gconvfifo.rf/grf.rf/gntv_or_sync_fifo.gl0.wr/gwas.wsts/ram_full_fb_i_reg/C
                         clock pessimism              0.865    19.349    
                         clock uncertainty           -0.035    19.314    
    SLICE_X31Y23         FDSE (Setup_fdse_C_D)       -0.075    19.239    camera_fifo_inst/U0/inst_fifo_gen/gconvfifo.rf/grf.rf/gntv_or_sync_fifo.gl0.wr/gwas.wsts/ram_full_fb_i_reg
  -------------------------------------------------------------------
                         required time                         19.239    
                         arrival time                         -10.732    
  -------------------------------------------------------------------
                         slack                                  8.506    

Slack (MET) :             8.637ns  (required time - arrival time)
  Source:                 camera_fifo_inst/U0/inst_fifo_gen/gconvfifo.rf/grf.rf/gntv_or_sync_fifo.gcx.clkx/rd_pntr_cdc_inst/dest_out_bin_ff_reg[1]/C
                            (rising edge-triggered cell FDRE clocked by cmos1_pclk  {rise@0.000ns fall@5.952ns period=11.904ns})
  Destination:            camera_fifo_inst/U0/inst_fifo_gen/gconvfifo.rf/grf.rf/gntv_or_sync_fifo.gl0.wr/gwas.wsts/ram_full_i_reg/D
                            (rising edge-triggered cell FDSE clocked by cmos1_pclk  {rise@0.000ns fall@5.952ns period=11.904ns})
  Path Group:             cmos1_pclk
  Path Type:              Setup (Max at Slow Process Corner)
  Requirement:            11.904ns  (cmos1_pclk rise@11.904ns - cmos1_pclk rise@0.000ns)
  Data Path Delay:        3.142ns  (logic 1.331ns (42.356%)  route 1.811ns (57.644%))
  Logic Levels:           4  (CARRY4=2 LUT4=1 LUT5=1)
  Clock Path Skew:        -0.030ns (DCD - SCD + CPR)
    Destination Clock Delay (DCD):    6.580ns = ( 18.484 - 11.904 ) 
    Source Clock Delay      (SCD):    7.475ns
    Clock Pessimism Removal (CPR):    0.865ns
  Clock Uncertainty:      0.035ns  ((TSJ^2 + TIJ^2)^1/2 + DJ) / 2 + PE
    Total System Jitter     (TSJ):    0.071ns
    Total Input Jitter      (TIJ):    0.000ns
    Discrete Jitter          (DJ):    0.000ns
    Phase Error              (PE):    0.000ns

    Location             Delay type                Incr(ns)  Path(ns)    Netlist Resource(s)
  -------------------------------------------------------------------    -------------------
                         (clock cmos1_pclk rise edge)
                                                      0.000     0.000 r  
    E19                                               0.000     0.000 r  cmos1_pclk (IN)
                         net (fo=0)                   0.000     0.000    cmos1_pclk
    E19                  IBUF (Prop_ibuf_I_O)         1.426     1.426 r  cmos1_pclk_IBUF_inst/O
                         net (fo=1, routed)           3.419     4.846    cmos_select_inst/cmos1_pclk_IBUF
    SLICE_X32Y58         LUT3 (Prop_lut3_I0_O)        0.119     4.965 r  cmos_select_inst/camera_fifo_inst_i_1/O
                         net (fo=1, routed)           0.912     5.876    cmos_select_inst/cmos_pclk
    BUFGCTRL_X0Y2        BUFG (Prop_bufg_I_O)         0.243     6.119 r  cmos_select_inst/cmos_pclk_BUFG_inst/O
                         net (fo=130, routed)         1.356     7.475    camera_fifo_inst/U0/inst_fifo_gen/gconvfifo.rf/grf.rf/gntv_or_sync_fifo.gcx.clkx/rd_pntr_cdc_inst/dest_clk
    SLICE_X31Y19         FDRE                                         r  camera_fifo_inst/U0/inst_fifo_gen/gconvfifo.rf/grf.rf/gntv_or_sync_fifo.gcx.clkx/rd_pntr_cdc_inst/dest_out_bin_ff_reg[1]/C
  -------------------------------------------------------------------    -------------------
    SLICE_X31Y19         FDRE (Prop_fdre_C_Q)         0.379     7.854 r  camera_fifo_inst/U0/inst_fifo_gen/gconvfifo.rf/grf.rf/gntv_or_sync_fifo.gcx.clkx/rd_pntr_cdc_inst/dest_out_bin_ff_reg[1]/Q
                         net (fo=2, routed)           0.780     8.634    camera_fifo_inst/U0/inst_fifo_gen/gconvfifo.rf/grf.rf/gntv_or_sync_fifo.gl0.wr/gwas.wsts/c2/RD_PNTR_WR[1]
    SLICE_X33Y19         LUT4 (Prop_lut4_I2_O)        0.105     8.739 r  camera_fifo_inst/U0/inst_fifo_gen/gconvfifo.rf/grf.rf/gntv_or_sync_fifo.gl0.wr/gwas.wsts/c2/gmux.gm[0].gm1.m1_i_1/O
                         net (fo=1, routed)           0.000     8.739    camera_fifo_inst/U0/inst_fifo_gen/gconvfifo.rf/grf.rf/gntv_or_sync_fifo.gl0.wr/gwas.wsts/c2/v1_reg[0]
    SLICE_X33Y19         CARRY4 (Prop_carry4_S[0]_CO[3])
                                                      0.440     9.179 r  camera_fifo_inst/U0/inst_fifo_gen/gconvfifo.rf/grf.rf/gntv_or_sync_fifo.gl0.wr/gwas.wsts/c2/gmux.gm[0].gm1.m1_CARRY4/CO[3]
                         net (fo=1, routed)           0.000     9.179    camera_fifo_inst/U0/inst_fifo_gen/gconvfifo.rf/grf.rf/gntv_or_sync_fifo.gl0.wr/gwas.wsts/c2/carrynet_3
    SLICE_X33Y20         CARRY4 (Prop_carry4_CI_CO[1])
                                                      0.132     9.311 r  camera_fifo_inst/U0/inst_fifo_gen/gconvfifo.rf/grf.rf/gntv_or_sync_fifo.gl0.wr/gwas.wsts/c2/gmux.gm[4].gms.ms_CARRY4/CO[1]
                         net (fo=1, routed)           0.776    10.087    camera_fifo_inst/U0/inst_fifo_gen/gconvfifo.rf/grf.rf/gntv_or_sync_fifo.gl0.wr/gwas.wsts/comp2
    SLICE_X31Y22         LUT5 (Prop_lut5_I0_O)        0.275    10.362 r  camera_fifo_inst/U0/inst_fifo_gen/gconvfifo.rf/grf.rf/gntv_or_sync_fifo.gl0.wr/gwas.wsts//i_/O
                         net (fo=2, routed)           0.256    10.618    camera_fifo_inst/U0/inst_fifo_gen/gconvfifo.rf/grf.rf/gntv_or_sync_fifo.gl0.wr/gwas.wsts//i__n_0
    SLICE_X31Y23         FDSE                                         r  camera_fifo_inst/U0/inst_fifo_gen/gconvfifo.rf/grf.rf/gntv_or_sync_fifo.gl0.wr/gwas.wsts/ram_full_i_reg/D
  -------------------------------------------------------------------    -------------------

                         (clock cmos1_pclk rise edge)
                                                     11.904    11.904 r  
    E19                                               0.000    11.904 r  cmos1_pclk (IN)
                         net (fo=0)                   0.000    11.904    cmos1_pclk
    E19                  IBUF (Prop_ibuf_I_O)         1.360    13.264 r  cmos1_pclk_IBUF_inst/O
                         net (fo=1, routed)           2.881    16.146    cmos_select_inst/cmos1_pclk_IBUF
    SLICE_X32Y58         LUT3 (Prop_lut3_I0_O)        0.095    16.241 r  cmos_select_inst/camera_fifo_inst_i_1/O
                         net (fo=1, routed)           0.792    17.032    cmos_select_inst/cmos_pclk
    BUFGCTRL_X0Y2        BUFG (Prop_bufg_I_O)         0.208    17.240 r  cmos_select_inst/cmos_pclk_BUFG_inst/O
                         net (fo=130, routed)         1.244    18.484    camera_fifo_inst/U0/inst_fifo_gen/gconvfifo.rf/grf.rf/gntv_or_sync_fifo.gl0.wr/gwas.wsts/wr_clk
    SLICE_X31Y23         FDSE                                         r  camera_fifo_inst/U0/inst_fifo_gen/gconvfifo.rf/grf.rf/gntv_or_sync_fifo.gl0.wr/gwas.wsts/ram_full_i_reg/C
                         clock pessimism              0.865    19.349    
                         clock uncertainty           -0.035    19.314    
    SLICE_X31Y23         FDSE (Setup_fdse_C_D)       -0.059    19.255    camera_fifo_inst/U0/inst_fifo_gen/gconvfifo.rf/grf.rf/gntv_or_sync_fifo.gl0.wr/gwas.wsts/ram_full_i_reg
  -------------------------------------------------------------------
                         required time                         19.255    
                         arrival time                         -10.618    
  -------------------------------------------------------------------
                         slack                                  8.637    

Slack (MET) :             8.876ns  (required time - arrival time)
  Source:                 camera_fifo_inst/U0/inst_fifo_gen/gconvfifo.rf/grf.rf/gntv_or_sync_fifo.gcx.clkx/rd_pntr_cdc_inst/dest_graysync_ff_reg[1][11]/C
                            (rising edge-triggered cell FDRE clocked by cmos1_pclk  {rise@0.000ns fall@5.952ns period=11.904ns})
  Destination:            camera_fifo_inst/U0/inst_fifo_gen/gconvfifo.rf/grf.rf/gntv_or_sync_fifo.gcx.clkx/rd_pntr_cdc_inst/dest_out_bin_ff_reg[1]/D
                            (rising edge-triggered cell FDRE clocked by cmos1_pclk  {rise@0.000ns fall@5.952ns period=11.904ns})
  Path Group:             cmos1_pclk
  Path Type:              Setup (Max at Slow Process Corner)
  Requirement:            11.904ns  (cmos1_pclk rise@11.904ns - cmos1_pclk rise@0.000ns)
  Data Path Delay:        2.879ns  (logic 0.692ns (24.034%)  route 2.187ns (75.966%))
  Logic Levels:           2  (LUT6=2)
  Clock Path Skew:        -0.039ns (DCD - SCD + CPR)
    Destination Clock Delay (DCD):    6.585ns = ( 18.489 - 11.904 ) 
    Source Clock Delay      (SCD):    7.473ns
    Clock Pessimism Removal (CPR):    0.849ns
  Clock Uncertainty:      0.035ns  ((TSJ^2 + TIJ^2)^1/2 + DJ) / 2 + PE
    Total System Jitter     (TSJ):    0.071ns
    Total Input Jitter      (TIJ):    0.000ns
    Discrete Jitter          (DJ):    0.000ns
    Phase Error              (PE):    0.000ns

    Location             Delay type                Incr(ns)  Path(ns)    Netlist Resource(s)
  -------------------------------------------------------------------    -------------------
                         (clock cmos1_pclk rise edge)
                                                      0.000     0.000 r  
    E19                                               0.000     0.000 r  cmos1_pclk (IN)
                         net (fo=0)                   0.000     0.000    cmos1_pclk
    E19                  IBUF (Prop_ibuf_I_O)         1.426     1.426 r  cmos1_pclk_IBUF_inst/O
                         net (fo=1, routed)           3.419     4.846    cmos_select_inst/cmos1_pclk_IBUF
    SLICE_X32Y58         LUT3 (Prop_lut3_I0_O)        0.119     4.965 r  cmos_select_inst/camera_fifo_inst_i_1/O
                         net (fo=1, routed)           0.912     5.876    cmos_select_inst/cmos_pclk
    BUFGCTRL_X0Y2        BUFG (Prop_bufg_I_O)         0.243     6.119 r  cmos_select_inst/cmos_pclk_BUFG_inst/O
                         net (fo=130, routed)         1.354     7.473    camera_fifo_inst/U0/inst_fifo_gen/gconvfifo.rf/grf.rf/gntv_or_sync_fifo.gcx.clkx/rd_pntr_cdc_inst/dest_clk
    SLICE_X29Y21         FDRE                                         r  camera_fifo_inst/U0/inst_fifo_gen/gconvfifo.rf/grf.rf/gntv_or_sync_fifo.gcx.clkx/rd_pntr_cdc_inst/dest_graysync_ff_reg[1][11]/C
  -------------------------------------------------------------------    -------------------
    SLICE_X29Y21         FDRE (Prop_fdre_C_Q)         0.348     7.821 r  camera_fifo_inst/U0/inst_fifo_gen/gconvfifo.rf/grf.rf/gntv_or_sync_fifo.gcx.clkx/rd_pntr_cdc_inst/dest_graysync_ff_reg[1][11]/Q
                         net (fo=6, routed)           0.829     8.650    camera_fifo_inst/U0/inst_fifo_gen/gconvfifo.rf/grf.rf/gntv_or_sync_fifo.gcx.clkx/rd_pntr_cdc_inst/dest_graysync_ff[1][11]
    SLICE_X30Y21         LUT6 (Prop_lut6_I3_O)        0.239     8.889 r  camera_fifo_inst/U0/inst_fifo_gen/gconvfifo.rf/grf.rf/gntv_or_sync_fifo.gcx.clkx/rd_pntr_cdc_inst/dest_out_bin_ff[6]_i_1/O
                         net (fo=6, routed)           0.691     9.580    camera_fifo_inst/U0/inst_fifo_gen/gconvfifo.rf/grf.rf/gntv_or_sync_fifo.gcx.clkx/rd_pntr_cdc_inst/binval[6]
    SLICE_X30Y18         LUT6 (Prop_lut6_I3_O)        0.105     9.685 r  camera_fifo_inst/U0/inst_fifo_gen/gconvfifo.rf/grf.rf/gntv_or_sync_fifo.gcx.clkx/rd_pntr_cdc_inst/dest_out_bin_ff[1]_i_1/O
                         net (fo=2, routed)           0.667    10.352    camera_fifo_inst/U0/inst_fifo_gen/gconvfifo.rf/grf.rf/gntv_or_sync_fifo.gcx.clkx/rd_pntr_cdc_inst/binval[1]
    SLICE_X31Y19         FDRE                                         r  camera_fifo_inst/U0/inst_fifo_gen/gconvfifo.rf/grf.rf/gntv_or_sync_fifo.gcx.clkx/rd_pntr_cdc_inst/dest_out_bin_ff_reg[1]/D
  -------------------------------------------------------------------    -------------------

                         (clock cmos1_pclk rise edge)
                                                     11.904    11.904 r  
    E19                                               0.000    11.904 r  cmos1_pclk (IN)
                         net (fo=0)                   0.000    11.904    cmos1_pclk
    E19                  IBUF (Prop_ibuf_I_O)         1.360    13.264 r  cmos1_pclk_IBUF_inst/O
                         net (fo=1, routed)           2.881    16.146    cmos_select_inst/cmos1_pclk_IBUF
    SLICE_X32Y58         LUT3 (Prop_lut3_I0_O)        0.095    16.241 r  cmos_select_inst/camera_fifo_inst_i_1/O
                         net (fo=1, routed)           0.792    17.032    cmos_select_inst/cmos_pclk
    BUFGCTRL_X0Y2        BUFG (Prop_bufg_I_O)         0.208    17.240 r  cmos_select_inst/cmos_pclk_BUFG_inst/O
                         net (fo=130, routed)         1.249    18.489    camera_fifo_inst/U0/inst_fifo_gen/gconvfifo.rf/grf.rf/gntv_or_sync_fifo.gcx.clkx/rd_pntr_cdc_inst/dest_clk
    SLICE_X31Y19         FDRE                                         r  camera_fifo_inst/U0/inst_fifo_gen/gconvfifo.rf/grf.rf/gntv_or_sync_fifo.gcx.clkx/rd_pntr_cdc_inst/dest_out_bin_ff_reg[1]/C
                         clock pessimism              0.849    19.338    
                         clock uncertainty           -0.035    19.303    
    SLICE_X31Y19         FDRE (Setup_fdre_C_D)       -0.074    19.229    camera_fifo_inst/U0/inst_fifo_gen/gconvfifo.rf/grf.rf/gntv_or_sync_fifo.gcx.clkx/rd_pntr_cdc_inst/dest_out_bin_ff_reg[1]
  -------------------------------------------------------------------
                         required time                         19.229    
                         arrival time                         -10.352    
  -------------------------------------------------------------------
                         slack                                  8.876    

Slack (MET) :             9.015ns  (required time - arrival time)
  Source:                 camera_fifo_inst/U0/inst_fifo_gen/gconvfifo.rf/grf.rf/gntv_or_sync_fifo.gcx.clkx/rd_pntr_cdc_inst/dest_graysync_ff_reg[1][11]/C
                            (rising edge-triggered cell FDRE clocked by cmos1_pclk  {rise@0.000ns fall@5.952ns period=11.904ns})
  Destination:            camera_fifo_inst/U0/inst_fifo_gen/gconvfifo.rf/grf.rf/gntv_or_sync_fifo.gcx.clkx/rd_pntr_cdc_inst/dest_out_bin_ff_reg[0]/D
                            (rising edge-triggered cell FDRE clocked by cmos1_pclk  {rise@0.000ns fall@5.952ns period=11.904ns})
  Path Group:             cmos1_pclk
  Path Type:              Setup (Max at Slow Process Corner)
  Requirement:            11.904ns  (cmos1_pclk rise@11.904ns - cmos1_pclk rise@0.000ns)
  Data Path Delay:        2.887ns  (logic 0.797ns (27.604%)  route 2.090ns (72.396%))
  Logic Levels:           3  (LUT2=1 LUT6=2)
  Clock Path Skew:        -0.038ns (DCD - SCD + CPR)
    Destination Clock Delay (DCD):    6.586ns = ( 18.490 - 11.904 ) 
    Source Clock Delay      (SCD):    7.473ns
    Clock Pessimism Removal (CPR):    0.849ns
  Clock Uncertainty:      0.035ns  ((TSJ^2 + TIJ^2)^1/2 + DJ) / 2 + PE
    Total System Jitter     (TSJ):    0.071ns
    Total Input Jitter      (TIJ):    0.000ns
    Discrete Jitter          (DJ):    0.000ns
    Phase Error              (PE):    0.000ns

    Location             Delay type                Incr(ns)  Path(ns)    Netlist Resource(s)
  -------------------------------------------------------------------    -------------------
                         (clock cmos1_pclk rise edge)
                                                      0.000     0.000 r  
    E19                                               0.000     0.000 r  cmos1_pclk (IN)
                         net (fo=0)                   0.000     0.000    cmos1_pclk
    E19                  IBUF (Prop_ibuf_I_O)         1.426     1.426 r  cmos1_pclk_IBUF_inst/O
                         net (fo=1, routed)           3.419     4.846    cmos_select_inst/cmos1_pclk_IBUF
    SLICE_X32Y58         LUT3 (Prop_lut3_I0_O)        0.119     4.965 r  cmos_select_inst/camera_fifo_inst_i_1/O
                         net (fo=1, routed)           0.912     5.876    cmos_select_inst/cmos_pclk
    BUFGCTRL_X0Y2        BUFG (Prop_bufg_I_O)         0.243     6.119 r  cmos_select_inst/cmos_pclk_BUFG_inst/O
                         net (fo=130, routed)         1.354     7.473    camera_fifo_inst/U0/inst_fifo_gen/gconvfifo.rf/grf.rf/gntv_or_sync_fifo.gcx.clkx/rd_pntr_cdc_inst/dest_clk
    SLICE_X29Y21         FDRE                                         r  camera_fifo_inst/U0/inst_fifo_gen/gconvfifo.rf/grf.rf/gntv_or_sync_fifo.gcx.clkx/rd_pntr_cdc_inst/dest_graysync_ff_reg[1][11]/C
  -------------------------------------------------------------------    -------------------
    SLICE_X29Y21         FDRE (Prop_fdre_C_Q)         0.348     7.821 r  camera_fifo_inst/U0/inst_fifo_gen/gconvfifo.rf/grf.rf/gntv_or_sync_fifo.gcx.clkx/rd_pntr_cdc_inst/dest_graysync_ff_reg[1][11]/Q
                         net (fo=6, routed)           0.829     8.650    camera_fifo_inst/U0/inst_fifo_gen/gconvfifo.rf/grf.rf/gntv_or_sync_fifo.gcx.clkx/rd_pntr_cdc_inst/dest_graysync_ff[1][11]
    SLICE_X30Y21         LUT6 (Prop_lut6_I3_O)        0.239     8.889 r  camera_fifo_inst/U0/inst_fifo_gen/gconvfifo.rf/grf.rf/gntv_or_sync_fifo.gcx.clkx/rd_pntr_cdc_inst/dest_out_bin_ff[6]_i_1/O
                         net (fo=6, routed)           0.691     9.580    camera_fifo_inst/U0/inst_fifo_gen/gconvfifo.rf/grf.rf/gntv_or_sync_fifo.gcx.clkx/rd_pntr_cdc_inst/binval[6]
    SLICE_X30Y18         LUT6 (Prop_lut6_I3_O)        0.105     9.685 r  camera_fifo_inst/U0/inst_fifo_gen/gconvfifo.rf/grf.rf/gntv_or_sync_fifo.gcx.clkx/rd_pntr_cdc_inst/dest_out_bin_ff[1]_i_1/O
                         net (fo=2, routed)           0.570    10.255    camera_fifo_inst/U0/inst_fifo_gen/gconvfifo.rf/grf.rf/gntv_or_sync_fifo.gcx.clkx/rd_pntr_cdc_inst/binval[1]
    SLICE_X30Y18         LUT2 (Prop_lut2_I1_O)        0.105    10.360 r  camera_fifo_inst/U0/inst_fifo_gen/gconvfifo.rf/grf.rf/gntv_or_sync_fifo.gcx.clkx/rd_pntr_cdc_inst/dest_out_bin_ff[0]_i_1/O
                         net (fo=1, routed)           0.000    10.360    camera_fifo_inst/U0/inst_fifo_gen/gconvfifo.rf/grf.rf/gntv_or_sync_fifo.gcx.clkx/rd_pntr_cdc_inst/binval[0]
    SLICE_X30Y18         FDRE                                         r  camera_fifo_inst/U0/inst_fifo_gen/gconvfifo.rf/grf.rf/gntv_or_sync_fifo.gcx.clkx/rd_pntr_cdc_inst/dest_out_bin_ff_reg[0]/D
  -------------------------------------------------------------------    -------------------

                         (clock cmos1_pclk rise edge)
                                                     11.904    11.904 r  
    E19                                               0.000    11.904 r  cmos1_pclk (IN)
                         net (fo=0)                   0.000    11.904    cmos1_pclk
    E19                  IBUF (Prop_ibuf_I_O)         1.360    13.264 r  cmos1_pclk_IBUF_inst/O
                         net (fo=1, routed)           2.881    16.146    cmos_select_inst/cmos1_pclk_IBUF
    SLICE_X32Y58         LUT3 (Prop_lut3_I0_O)        0.095    16.241 r  cmos_select_inst/camera_fifo_inst_i_1/O
                         net (fo=1, routed)           0.792    17.032    cmos_select_inst/cmos_pclk
    BUFGCTRL_X0Y2        BUFG (Prop_bufg_I_O)         0.208    17.240 r  cmos_select_inst/cmos_pclk_BUFG_inst/O
                         net (fo=130, routed)         1.250    18.490    camera_fifo_inst/U0/inst_fifo_gen/gconvfifo.rf/grf.rf/gntv_or_sync_fifo.gcx.clkx/rd_pntr_cdc_inst/dest_clk
    SLICE_X30Y18         FDRE                                         r  camera_fifo_inst/U0/inst_fifo_gen/gconvfifo.rf/grf.rf/gntv_or_sync_fifo.gcx.clkx/rd_pntr_cdc_inst/dest_out_bin_ff_reg[0]/C
                         clock pessimism              0.849    19.339    
                         clock uncertainty           -0.035    19.304    
    SLICE_X30Y18         FDRE (Setup_fdre_C_D)        0.072    19.376    camera_fifo_inst/U0/inst_fifo_gen/gconvfifo.rf/grf.rf/gntv_or_sync_fifo.gcx.clkx/rd_pntr_cdc_inst/dest_out_bin_ff_reg[0]
  -------------------------------------------------------------------
                         required time                         19.376    
                         arrival time                         -10.360    
  -------------------------------------------------------------------
                         slack                                  9.015    

Slack (MET) :             9.456ns  (required time - arrival time)
  Source:                 camera_delay_inst/cmos_href_buf_reg[2]__0/C
                            (rising edge-triggered cell FDRE clocked by cmos1_pclk  {rise@0.000ns fall@5.952ns period=11.904ns})
  Destination:            camera_fifo_inst/U0/inst_fifo_gen/gconvfifo.rf/grf.rf/gntv_or_sync_fifo.gl0.wr/wpntr/gic0.gc0.count_d2_reg[0]/CE
                            (rising edge-triggered cell FDRE clocked by cmos1_pclk  {rise@0.000ns fall@5.952ns period=11.904ns})
  Path Group:             cmos1_pclk
  Path Type:              Setup (Max at Slow Process Corner)
  Requirement:            11.904ns  (cmos1_pclk rise@11.904ns - cmos1_pclk rise@0.000ns)
  Data Path Delay:        2.247ns  (logic 0.630ns (28.036%)  route 1.617ns (71.964%))
  Logic Levels:           1  (LUT2=1)
  Clock Path Skew:        -0.030ns (DCD - SCD + CPR)
    Destination Clock Delay (DCD):    6.589ns = ( 18.493 - 11.904 ) 
    Source Clock Delay      (SCD):    7.468ns
    Clock Pessimism Removal (CPR):    0.849ns
  Clock Uncertainty:      0.035ns  ((TSJ^2 + TIJ^2)^1/2 + DJ) / 2 + PE
    Total System Jitter     (TSJ):    0.071ns
    Total Input Jitter      (TIJ):    0.000ns
    Discrete Jitter          (DJ):    0.000ns
    Phase Error              (PE):    0.000ns

    Location             Delay type                Incr(ns)  Path(ns)    Netlist Resource(s)
  -------------------------------------------------------------------    -------------------
                         (clock cmos1_pclk rise edge)
                                                      0.000     0.000 r  
    E19                                               0.000     0.000 r  cmos1_pclk (IN)
                         net (fo=0)                   0.000     0.000    cmos1_pclk
    E19                  IBUF (Prop_ibuf_I_O)         1.426     1.426 r  cmos1_pclk_IBUF_inst/O
                         net (fo=1, routed)           3.419     4.846    cmos_select_inst/cmos1_pclk_IBUF
    SLICE_X32Y58         LUT3 (Prop_lut3_I0_O)        0.119     4.965 r  cmos_select_inst/camera_fifo_inst_i_1/O
                         net (fo=1, routed)           0.912     5.876    cmos_select_inst/cmos_pclk
    BUFGCTRL_X0Y2        BUFG (Prop_bufg_I_O)         0.243     6.119 r  cmos_select_inst/cmos_pclk_BUFG_inst/O
                         net (fo=130, routed)         1.349     7.468    camera_delay_inst/cmos_pclk
    SLICE_X30Y25         FDRE                                         r  camera_delay_inst/cmos_href_buf_reg[2]__0/C
  -------------------------------------------------------------------    -------------------
    SLICE_X30Y25         FDRE (Prop_fdre_C_Q)         0.398     7.866 r  camera_delay_inst/cmos_href_buf_reg[2]__0/Q
                         net (fo=2, routed)           0.811     8.677    camera_fifo_inst/U0/inst_fifo_gen/gconvfifo.rf/grf.rf/gntv_or_sync_fifo.gl0.wr/gwas.wsts/wr_en
    SLICE_X31Y22         LUT2 (Prop_lut2_I0_O)        0.232     8.909 r  camera_fifo_inst/U0/inst_fifo_gen/gconvfifo.rf/grf.rf/gntv_or_sync_fifo.gl0.wr/gwas.wsts/DEVICE_7SERIES.NO_BMM_INFO.SDP.SIMPLE_PRIM36.ram_i_4/O
                         net (fo=37, routed)          0.806     9.715    camera_fifo_inst/U0/inst_fifo_gen/gconvfifo.rf/grf.rf/gntv_or_sync_fifo.gl0.wr/wpntr/E[0]
    SLICE_X14Y19         FDRE                                         r  camera_fifo_inst/U0/inst_fifo_gen/gconvfifo.rf/grf.rf/gntv_or_sync_fifo.gl0.wr/wpntr/gic0.gc0.count_d2_reg[0]/CE
  -------------------------------------------------------------------    -------------------

                         (clock cmos1_pclk rise edge)
                                                     11.904    11.904 r  
    E19                                               0.000    11.904 r  cmos1_pclk (IN)
                         net (fo=0)                   0.000    11.904    cmos1_pclk
    E19                  IBUF (Prop_ibuf_I_O)         1.360    13.264 r  cmos1_pclk_IBUF_inst/O
                         net (fo=1, routed)           2.881    16.146    cmos_select_inst/cmos1_pclk_IBUF
    SLICE_X32Y58         LUT3 (Prop_lut3_I0_O)        0.095    16.241 r  cmos_select_inst/camera_fifo_inst_i_1/O
                         net (fo=1, routed)           0.792    17.032    cmos_select_inst/cmos_pclk
    BUFGCTRL_X0Y2        BUFG (Prop_bufg_I_O)         0.208    17.240 r  cmos_select_inst/cmos_pclk_BUFG_inst/O
                         net (fo=130, routed)         1.253    18.493    camera_fifo_inst/U0/inst_fifo_gen/gconvfifo.rf/grf.rf/gntv_or_sync_fifo.gl0.wr/wpntr/wr_clk
    SLICE_X14Y19         FDRE                                         r  camera_fifo_inst/U0/inst_fifo_gen/gconvfifo.rf/grf.rf/gntv_or_sync_fifo.gl0.wr/wpntr/gic0.gc0.count_d2_reg[0]/C
                         clock pessimism              0.849    19.342    
                         clock uncertainty           -0.035    19.307    
    SLICE_X14Y19         FDRE (Setup_fdre_C_CE)      -0.136    19.171    camera_fifo_inst/U0/inst_fifo_gen/gconvfifo.rf/grf.rf/gntv_or_sync_fifo.gl0.wr/wpntr/gic0.gc0.count_d2_reg[0]
  -------------------------------------------------------------------
                         required time                         19.171    
                         arrival time                          -9.715    
  -------------------------------------------------------------------
                         slack                                  9.456    

Slack (MET) :             9.456ns  (required time - arrival time)
  Source:                 camera_delay_inst/cmos_href_buf_reg[2]__0/C
                            (rising edge-triggered cell FDRE clocked by cmos1_pclk  {rise@0.000ns fall@5.952ns period=11.904ns})
  Destination:            camera_fifo_inst/U0/inst_fifo_gen/gconvfifo.rf/grf.rf/gntv_or_sync_fifo.gl0.wr/wpntr/gic0.gc0.count_d2_reg[1]/CE
                            (rising edge-triggered cell FDRE clocked by cmos1_pclk  {rise@0.000ns fall@5.952ns period=11.904ns})
  Path Group:             cmos1_pclk
  Path Type:              Setup (Max at Slow Process Corner)
  Requirement:            11.904ns  (cmos1_pclk rise@11.904ns - cmos1_pclk rise@0.000ns)
  Data Path Delay:        2.247ns  (logic 0.630ns (28.036%)  route 1.617ns (71.964%))
  Logic Levels:           1  (LUT2=1)
  Clock Path Skew:        -0.030ns (DCD - SCD + CPR)
    Destination Clock Delay (DCD):    6.589ns = ( 18.493 - 11.904 ) 
    Source Clock Delay      (SCD):    7.468ns
    Clock Pessimism Removal (CPR):    0.849ns
  Clock Uncertainty:      0.035ns  ((TSJ^2 + TIJ^2)^1/2 + DJ) / 2 + PE
    Total System Jitter     (TSJ):    0.071ns
    Total Input Jitter      (TIJ):    0.000ns
    Discrete Jitter          (DJ):    0.000ns
    Phase Error              (PE):    0.000ns

    Location             Delay type                Incr(ns)  Path(ns)    Netlist Resource(s)
  -------------------------------------------------------------------    -------------------
                         (clock cmos1_pclk rise edge)
                                                      0.000     0.000 r  
    E19                                               0.000     0.000 r  cmos1_pclk (IN)
                         net (fo=0)                   0.000     0.000    cmos1_pclk
    E19                  IBUF (Prop_ibuf_I_O)         1.426     1.426 r  cmos1_pclk_IBUF_inst/O
                         net (fo=1, routed)           3.419     4.846    cmos_select_inst/cmos1_pclk_IBUF
    SLICE_X32Y58         LUT3 (Prop_lut3_I0_O)        0.119     4.965 r  cmos_select_inst/camera_fifo_inst_i_1/O
                         net (fo=1, routed)           0.912     5.876    cmos_select_inst/cmos_pclk
    BUFGCTRL_X0Y2        BUFG (Prop_bufg_I_O)         0.243     6.119 r  cmos_select_inst/cmos_pclk_BUFG_inst/O
                         net (fo=130, routed)         1.349     7.468    camera_delay_inst/cmos_pclk
    SLICE_X30Y25         FDRE                                         r  camera_delay_inst/cmos_href_buf_reg[2]__0/C
  -------------------------------------------------------------------    -------------------
    SLICE_X30Y25         FDRE (Prop_fdre_C_Q)         0.398     7.866 r  camera_delay_inst/cmos_href_buf_reg[2]__0/Q
                         net (fo=2, routed)           0.811     8.677    camera_fifo_inst/U0/inst_fifo_gen/gconvfifo.rf/grf.rf/gntv_or_sync_fifo.gl0.wr/gwas.wsts/wr_en
    SLICE_X31Y22         LUT2 (Prop_lut2_I0_O)        0.232     8.909 r  camera_fifo_inst/U0/inst_fifo_gen/gconvfifo.rf/grf.rf/gntv_or_sync_fifo.gl0.wr/gwas.wsts/DEVICE_7SERIES.NO_BMM_INFO.SDP.SIMPLE_PRIM36.ram_i_4/O
                         net (fo=37, routed)          0.806     9.715    camera_fifo_inst/U0/inst_fifo_gen/gconvfifo.rf/grf.rf/gntv_or_sync_fifo.gl0.wr/wpntr/E[0]
    SLICE_X14Y19         FDRE                                         r  camera_fifo_inst/U0/inst_fifo_gen/gconvfifo.rf/grf.rf/gntv_or_sync_fifo.gl0.wr/wpntr/gic0.gc0.count_d2_reg[1]/CE
  -------------------------------------------------------------------    -------------------

                         (clock cmos1_pclk rise edge)
                                                     11.904    11.904 r  
    E19                                               0.000    11.904 r  cmos1_pclk (IN)
                         net (fo=0)                   0.000    11.904    cmos1_pclk
    E19                  IBUF (Prop_ibuf_I_O)         1.360    13.264 r  cmos1_pclk_IBUF_inst/O
                         net (fo=1, routed)           2.881    16.146    cmos_select_inst/cmos1_pclk_IBUF
    SLICE_X32Y58         LUT3 (Prop_lut3_I0_O)        0.095    16.241 r  cmos_select_inst/camera_fifo_inst_i_1/O
                         net (fo=1, routed)           0.792    17.032    cmos_select_inst/cmos_pclk
    BUFGCTRL_X0Y2        BUFG (Prop_bufg_I_O)         0.208    17.240 r  cmos_select_inst/cmos_pclk_BUFG_inst/O
                         net (fo=130, routed)         1.253    18.493    camera_fifo_inst/U0/inst_fifo_gen/gconvfifo.rf/grf.rf/gntv_or_sync_fifo.gl0.wr/wpntr/wr_clk
    SLICE_X14Y19         FDRE                                         r  camera_fifo_inst/U0/inst_fifo_gen/gconvfifo.rf/grf.rf/gntv_or_sync_fifo.gl0.wr/wpntr/gic0.gc0.count_d2_reg[1]/C
                         clock pessimism              0.849    19.342    
                         clock uncertainty           -0.035    19.307    
    SLICE_X14Y19         FDRE (Setup_fdre_C_CE)      -0.136    19.171    camera_fifo_inst/U0/inst_fifo_gen/gconvfifo.rf/grf.rf/gntv_or_sync_fifo.gl0.wr/wpntr/gic0.gc0.count_d2_reg[1]
  -------------------------------------------------------------------
                         required time                         19.171    
                         arrival time                          -9.715    
  -------------------------------------------------------------------
                         slack                                  9.456    

Slack (MET) :             9.456ns  (required time - arrival time)
  Source:                 camera_delay_inst/cmos_href_buf_reg[2]__0/C
                            (rising edge-triggered cell FDRE clocked by cmos1_pclk  {rise@0.000ns fall@5.952ns period=11.904ns})
  Destination:            camera_fifo_inst/U0/inst_fifo_gen/gconvfifo.rf/grf.rf/gntv_or_sync_fifo.gl0.wr/wpntr/gic0.gc0.count_d2_reg[2]/CE
                            (rising edge-triggered cell FDRE clocked by cmos1_pclk  {rise@0.000ns fall@5.952ns period=11.904ns})
  Path Group:             cmos1_pclk
  Path Type:              Setup (Max at Slow Process Corner)
  Requirement:            11.904ns  (cmos1_pclk rise@11.904ns - cmos1_pclk rise@0.000ns)
  Data Path Delay:        2.247ns  (logic 0.630ns (28.036%)  route 1.617ns (71.964%))
  Logic Levels:           1  (LUT2=1)
  Clock Path Skew:        -0.030ns (DCD - SCD + CPR)
    Destination Clock Delay (DCD):    6.589ns = ( 18.493 - 11.904 ) 
    Source Clock Delay      (SCD):    7.468ns
    Clock Pessimism Removal (CPR):    0.849ns
  Clock Uncertainty:      0.035ns  ((TSJ^2 + TIJ^2)^1/2 + DJ) / 2 + PE
    Total System Jitter     (TSJ):    0.071ns
    Total Input Jitter      (TIJ):    0.000ns
    Discrete Jitter          (DJ):    0.000ns
    Phase Error              (PE):    0.000ns

    Location             Delay type                Incr(ns)  Path(ns)    Netlist Resource(s)
  -------------------------------------------------------------------    -------------------
                         (clock cmos1_pclk rise edge)
                                                      0.000     0.000 r  
    E19                                               0.000     0.000 r  cmos1_pclk (IN)
                         net (fo=0)                   0.000     0.000    cmos1_pclk
    E19                  IBUF (Prop_ibuf_I_O)         1.426     1.426 r  cmos1_pclk_IBUF_inst/O
                         net (fo=1, routed)           3.419     4.846    cmos_select_inst/cmos1_pclk_IBUF
    SLICE_X32Y58         LUT3 (Prop_lut3_I0_O)        0.119     4.965 r  cmos_select_inst/camera_fifo_inst_i_1/O
                         net (fo=1, routed)           0.912     5.876    cmos_select_inst/cmos_pclk
    BUFGCTRL_X0Y2        BUFG (Prop_bufg_I_O)         0.243     6.119 r  cmos_select_inst/cmos_pclk_BUFG_inst/O
                         net (fo=130, routed)         1.349     7.468    camera_delay_inst/cmos_pclk
    SLICE_X30Y25         FDRE                                         r  camera_delay_inst/cmos_href_buf_reg[2]__0/C
  -------------------------------------------------------------------    -------------------
    SLICE_X30Y25         FDRE (Prop_fdre_C_Q)         0.398     7.866 r  camera_delay_inst/cmos_href_buf_reg[2]__0/Q
                         net (fo=2, routed)           0.811     8.677    camera_fifo_inst/U0/inst_fifo_gen/gconvfifo.rf/grf.rf/gntv_or_sync_fifo.gl0.wr/gwas.wsts/wr_en
    SLICE_X31Y22         LUT2 (Prop_lut2_I0_O)        0.232     8.909 r  camera_fifo_inst/U0/inst_fifo_gen/gconvfifo.rf/grf.rf/gntv_or_sync_fifo.gl0.wr/gwas.wsts/DEVICE_7SERIES.NO_BMM_INFO.SDP.SIMPLE_PRIM36.ram_i_4/O
                         net (fo=37, routed)          0.806     9.715    camera_fifo_inst/U0/inst_fifo_gen/gconvfifo.rf/grf.rf/gntv_or_sync_fifo.gl0.wr/wpntr/E[0]
    SLICE_X14Y19         FDRE                                         r  camera_fifo_inst/U0/inst_fifo_gen/gconvfifo.rf/grf.rf/gntv_or_sync_fifo.gl0.wr/wpntr/gic0.gc0.count_d2_reg[2]/CE
  -------------------------------------------------------------------    -------------------

                         (clock cmos1_pclk rise edge)
                                                     11.904    11.904 r  
    E19                                               0.000    11.904 r  cmos1_pclk (IN)
                         net (fo=0)                   0.000    11.904    cmos1_pclk
    E19                  IBUF (Prop_ibuf_I_O)         1.360    13.264 r  cmos1_pclk_IBUF_inst/O
                         net (fo=1, routed)           2.881    16.146    cmos_select_inst/cmos1_pclk_IBUF
    SLICE_X32Y58         LUT3 (Prop_lut3_I0_O)        0.095    16.241 r  cmos_select_inst/camera_fifo_inst_i_1/O
                         net (fo=1, routed)           0.792    17.032    cmos_select_inst/cmos_pclk
    BUFGCTRL_X0Y2        BUFG (Prop_bufg_I_O)         0.208    17.240 r  cmos_select_inst/cmos_pclk_BUFG_inst/O
                         net (fo=130, routed)         1.253    18.493    camera_fifo_inst/U0/inst_fifo_gen/gconvfifo.rf/grf.rf/gntv_or_sync_fifo.gl0.wr/wpntr/wr_clk
    SLICE_X14Y19         FDRE                                         r  camera_fifo_inst/U0/inst_fifo_gen/gconvfifo.rf/grf.rf/gntv_or_sync_fifo.gl0.wr/wpntr/gic0.gc0.count_d2_reg[2]/C
                         clock pessimism              0.849    19.342    
                         clock uncertainty           -0.035    19.307    
    SLICE_X14Y19         FDRE (Setup_fdre_C_CE)      -0.136    19.171    camera_fifo_inst/U0/inst_fifo_gen/gconvfifo.rf/grf.rf/gntv_or_sync_fifo.gl0.wr/wpntr/gic0.gc0.count_d2_reg[2]
  -------------------------------------------------------------------
                         required time                         19.171    
                         arrival time                          -9.715    
  -------------------------------------------------------------------
                         slack                                  9.456    

Slack (MET) :             9.456ns  (required time - arrival time)
  Source:                 camera_delay_inst/cmos_href_buf_reg[2]__0/C
                            (rising edge-triggered cell FDRE clocked by cmos1_pclk  {rise@0.000ns fall@5.952ns period=11.904ns})
  Destination:            camera_fifo_inst/U0/inst_fifo_gen/gconvfifo.rf/grf.rf/gntv_or_sync_fifo.gl0.wr/wpntr/gic0.gc0.count_d2_reg[3]/CE
                            (rising edge-triggered cell FDRE clocked by cmos1_pclk  {rise@0.000ns fall@5.952ns period=11.904ns})
  Path Group:             cmos1_pclk
  Path Type:              Setup (Max at Slow Process Corner)
  Requirement:            11.904ns  (cmos1_pclk rise@11.904ns - cmos1_pclk rise@0.000ns)
  Data Path Delay:        2.247ns  (logic 0.630ns (28.036%)  route 1.617ns (71.964%))
  Logic Levels:           1  (LUT2=1)
  Clock Path Skew:        -0.030ns (DCD - SCD + CPR)
    Destination Clock Delay (DCD):    6.589ns = ( 18.493 - 11.904 ) 
    Source Clock Delay      (SCD):    7.468ns
    Clock Pessimism Removal (CPR):    0.849ns
  Clock Uncertainty:      0.035ns  ((TSJ^2 + TIJ^2)^1/2 + DJ) / 2 + PE
    Total System Jitter     (TSJ):    0.071ns
    Total Input Jitter      (TIJ):    0.000ns
    Discrete Jitter          (DJ):    0.000ns
    Phase Error              (PE):    0.000ns

    Location             Delay type                Incr(ns)  Path(ns)    Netlist Resource(s)
  -------------------------------------------------------------------    -------------------
                         (clock cmos1_pclk rise edge)
                                                      0.000     0.000 r  
    E19                                               0.000     0.000 r  cmos1_pclk (IN)
                         net (fo=0)                   0.000     0.000    cmos1_pclk
    E19                  IBUF (Prop_ibuf_I_O)         1.426     1.426 r  cmos1_pclk_IBUF_inst/O
                         net (fo=1, routed)           3.419     4.846    cmos_select_inst/cmos1_pclk_IBUF
    SLICE_X32Y58         LUT3 (Prop_lut3_I0_O)        0.119     4.965 r  cmos_select_inst/camera_fifo_inst_i_1/O
                         net (fo=1, routed)           0.912     5.876    cmos_select_inst/cmos_pclk
    BUFGCTRL_X0Y2        BUFG (Prop_bufg_I_O)         0.243     6.119 r  cmos_select_inst/cmos_pclk_BUFG_inst/O
                         net (fo=130, routed)         1.349     7.468    camera_delay_inst/cmos_pclk
    SLICE_X30Y25         FDRE                                         r  camera_delay_inst/cmos_href_buf_reg[2]__0/C
  -------------------------------------------------------------------    -------------------
    SLICE_X30Y25         FDRE (Prop_fdre_C_Q)         0.398     7.866 r  camera_delay_inst/cmos_href_buf_reg[2]__0/Q
                         net (fo=2, routed)           0.811     8.677    camera_fifo_inst/U0/inst_fifo_gen/gconvfifo.rf/grf.rf/gntv_or_sync_fifo.gl0.wr/gwas.wsts/wr_en
    SLICE_X31Y22         LUT2 (Prop_lut2_I0_O)        0.232     8.909 r  camera_fifo_inst/U0/inst_fifo_gen/gconvfifo.rf/grf.rf/gntv_or_sync_fifo.gl0.wr/gwas.wsts/DEVICE_7SERIES.NO_BMM_INFO.SDP.SIMPLE_PRIM36.ram_i_4/O
                         net (fo=37, routed)          0.806     9.715    camera_fifo_inst/U0/inst_fifo_gen/gconvfifo.rf/grf.rf/gntv_or_sync_fifo.gl0.wr/wpntr/E[0]
    SLICE_X14Y19         FDRE                                         r  camera_fifo_inst/U0/inst_fifo_gen/gconvfifo.rf/grf.rf/gntv_or_sync_fifo.gl0.wr/wpntr/gic0.gc0.count_d2_reg[3]/CE
  -------------------------------------------------------------------    -------------------

                         (clock cmos1_pclk rise edge)
                                                     11.904    11.904 r  
    E19                                               0.000    11.904 r  cmos1_pclk (IN)
                         net (fo=0)                   0.000    11.904    cmos1_pclk
    E19                  IBUF (Prop_ibuf_I_O)         1.360    13.264 r  cmos1_pclk_IBUF_inst/O
                         net (fo=1, routed)           2.881    16.146    cmos_select_inst/cmos1_pclk_IBUF
    SLICE_X32Y58         LUT3 (Prop_lut3_I0_O)        0.095    16.241 r  cmos_select_inst/camera_fifo_inst_i_1/O
                         net (fo=1, routed)           0.792    17.032    cmos_select_inst/cmos_pclk
    BUFGCTRL_X0Y2        BUFG (Prop_bufg_I_O)         0.208    17.240 r  cmos_select_inst/cmos_pclk_BUFG_inst/O
                         net (fo=130, routed)         1.253    18.493    camera_fifo_inst/U0/inst_fifo_gen/gconvfifo.rf/grf.rf/gntv_or_sync_fifo.gl0.wr/wpntr/wr_clk
    SLICE_X14Y19         FDRE                                         r  camera_fifo_inst/U0/inst_fifo_gen/gconvfifo.rf/grf.rf/gntv_or_sync_fifo.gl0.wr/wpntr/gic0.gc0.count_d2_reg[3]/C
                         clock pessimism              0.849    19.342    
                         clock uncertainty           -0.035    19.307    
    SLICE_X14Y19         FDRE (Setup_fdre_C_CE)      -0.136    19.171    camera_fifo_inst/U0/inst_fifo_gen/gconvfifo.rf/grf.rf/gntv_or_sync_fifo.gl0.wr/wpntr/gic0.gc0.count_d2_reg[3]
  -------------------------------------------------------------------
                         required time                         19.171    
                         arrival time                          -9.715    
  -------------------------------------------------------------------
                         slack                                  9.456    

Slack (MET) :             9.456ns  (required time - arrival time)
  Source:                 camera_delay_inst/cmos_href_buf_reg[2]__0/C
                            (rising edge-triggered cell FDRE clocked by cmos1_pclk  {rise@0.000ns fall@5.952ns period=11.904ns})
  Destination:            camera_fifo_inst/U0/inst_fifo_gen/gconvfifo.rf/grf.rf/gntv_or_sync_fifo.gl0.wr/wpntr/gic0.gc0.count_d2_reg[4]/CE
                            (rising edge-triggered cell FDRE clocked by cmos1_pclk  {rise@0.000ns fall@5.952ns period=11.904ns})
  Path Group:             cmos1_pclk
  Path Type:              Setup (Max at Slow Process Corner)
  Requirement:            11.904ns  (cmos1_pclk rise@11.904ns - cmos1_pclk rise@0.000ns)
  Data Path Delay:        2.247ns  (logic 0.630ns (28.036%)  route 1.617ns (71.964%))
  Logic Levels:           1  (LUT2=1)
  Clock Path Skew:        -0.030ns (DCD - SCD + CPR)
    Destination Clock Delay (DCD):    6.589ns = ( 18.493 - 11.904 ) 
    Source Clock Delay      (SCD):    7.468ns
    Clock Pessimism Removal (CPR):    0.849ns
  Clock Uncertainty:      0.035ns  ((TSJ^2 + TIJ^2)^1/2 + DJ) / 2 + PE
    Total System Jitter     (TSJ):    0.071ns
    Total Input Jitter      (TIJ):    0.000ns
    Discrete Jitter          (DJ):    0.000ns
    Phase Error              (PE):    0.000ns

    Location             Delay type                Incr(ns)  Path(ns)    Netlist Resource(s)
  -------------------------------------------------------------------    -------------------
                         (clock cmos1_pclk rise edge)
                                                      0.000     0.000 r  
    E19                                               0.000     0.000 r  cmos1_pclk (IN)
                         net (fo=0)                   0.000     0.000    cmos1_pclk
    E19                  IBUF (Prop_ibuf_I_O)         1.426     1.426 r  cmos1_pclk_IBUF_inst/O
                         net (fo=1, routed)           3.419     4.846    cmos_select_inst/cmos1_pclk_IBUF
    SLICE_X32Y58         LUT3 (Prop_lut3_I0_O)        0.119     4.965 r  cmos_select_inst/camera_fifo_inst_i_1/O
                         net (fo=1, routed)           0.912     5.876    cmos_select_inst/cmos_pclk
    BUFGCTRL_X0Y2        BUFG (Prop_bufg_I_O)         0.243     6.119 r  cmos_select_inst/cmos_pclk_BUFG_inst/O
                         net (fo=130, routed)         1.349     7.468    camera_delay_inst/cmos_pclk
    SLICE_X30Y25         FDRE                                         r  camera_delay_inst/cmos_href_buf_reg[2]__0/C
  -------------------------------------------------------------------    -------------------
    SLICE_X30Y25         FDRE (Prop_fdre_C_Q)         0.398     7.866 r  camera_delay_inst/cmos_href_buf_reg[2]__0/Q
                         net (fo=2, routed)           0.811     8.677    camera_fifo_inst/U0/inst_fifo_gen/gconvfifo.rf/grf.rf/gntv_or_sync_fifo.gl0.wr/gwas.wsts/wr_en
    SLICE_X31Y22         LUT2 (Prop_lut2_I0_O)        0.232     8.909 r  camera_fifo_inst/U0/inst_fifo_gen/gconvfifo.rf/grf.rf/gntv_or_sync_fifo.gl0.wr/gwas.wsts/DEVICE_7SERIES.NO_BMM_INFO.SDP.SIMPLE_PRIM36.ram_i_4/O
                         net (fo=37, routed)          0.806     9.715    camera_fifo_inst/U0/inst_fifo_gen/gconvfifo.rf/grf.rf/gntv_or_sync_fifo.gl0.wr/wpntr/E[0]
    SLICE_X14Y19         FDRE                                         r  camera_fifo_inst/U0/inst_fifo_gen/gconvfifo.rf/grf.rf/gntv_or_sync_fifo.gl0.wr/wpntr/gic0.gc0.count_d2_reg[4]/CE
  -------------------------------------------------------------------    -------------------

                         (clock cmos1_pclk rise edge)
                                                     11.904    11.904 r  
    E19                                               0.000    11.904 r  cmos1_pclk (IN)
                         net (fo=0)                   0.000    11.904    cmos1_pclk
    E19                  IBUF (Prop_ibuf_I_O)         1.360    13.264 r  cmos1_pclk_IBUF_inst/O
                         net (fo=1, routed)           2.881    16.146    cmos_select_inst/cmos1_pclk_IBUF
    SLICE_X32Y58         LUT3 (Prop_lut3_I0_O)        0.095    16.241 r  cmos_select_inst/camera_fifo_inst_i_1/O
                         net (fo=1, routed)           0.792    17.032    cmos_select_inst/cmos_pclk
    BUFGCTRL_X0Y2        BUFG (Prop_bufg_I_O)         0.208    17.240 r  cmos_select_inst/cmos_pclk_BUFG_inst/O
                         net (fo=130, routed)         1.253    18.493    camera_fifo_inst/U0/inst_fifo_gen/gconvfifo.rf/grf.rf/gntv_or_sync_fifo.gl0.wr/wpntr/wr_clk
    SLICE_X14Y19         FDRE                                         r  camera_fifo_inst/U0/inst_fifo_gen/gconvfifo.rf/grf.rf/gntv_or_sync_fifo.gl0.wr/wpntr/gic0.gc0.count_d2_reg[4]/C
                         clock pessimism              0.849    19.342    
                         clock uncertainty           -0.035    19.307    
    SLICE_X14Y19         FDRE (Setup_fdre_C_CE)      -0.136    19.171    camera_fifo_inst/U0/inst_fifo_gen/gconvfifo.rf/grf.rf/gntv_or_sync_fifo.gl0.wr/wpntr/gic0.gc0.count_d2_reg[4]
  -------------------------------------------------------------------
                         required time                         19.171    
                         arrival time                          -9.715    
  -------------------------------------------------------------------
                         slack                                  9.456    





Min Delay Paths
--------------------------------------------------------------------------------------
Slack (MET) :             0.113ns  (arrival time - required time)
  Source:                 camera_delay_inst/cmos_data_d2_reg[5]__0/C
                            (rising edge-triggered cell FDRE clocked by cmos1_pclk  {rise@0.000ns fall@5.952ns period=11.904ns})
  Destination:            camera_fifo_inst/U0/inst_fifo_gen/gconvfifo.rf/grf.rf/gntv_or_sync_fifo.mem/gbm.gbmg.gbmga.ngecc.bmg/inst_blk_mem_gen/gnbram.gnativebmg.native_blk_mem_gen/valid.cstr/ramloop[0].ram.r/prim_noinit.ram/DEVICE_7SERIES.NO_BMM_INFO.SDP.SIMPLE_PRIM36.ram/DIADI[5]
                            (rising edge-triggered cell RAMB36E1 clocked by cmos1_pclk  {rise@0.000ns fall@5.952ns period=11.904ns})
  Path Group:             cmos1_pclk
  Path Type:              Hold (Min at Fast Process Corner)
  Requirement:            0.000ns  (cmos1_pclk rise@0.000ns - cmos1_pclk rise@0.000ns)
  Data Path Delay:        0.401ns  (logic 0.148ns (36.905%)  route 0.253ns (63.095%))
  Logic Levels:           0  
  Clock Path Skew:        0.046ns (DCD - SCD - CPR)
    Destination Clock Delay (DCD):    3.969ns
    Source Clock Delay      (SCD):    3.119ns
    Clock Pessimism Removal (CPR):    0.805ns

    Location             Delay type                Incr(ns)  Path(ns)    Netlist Resource(s)
  -------------------------------------------------------------------    -------------------
                         (clock cmos1_pclk rise edge)
                                                      0.000     0.000 r  
    E19                                               0.000     0.000 r  cmos1_pclk (IN)
                         net (fo=0)                   0.000     0.000    cmos1_pclk
    E19                  IBUF (Prop_ibuf_I_O)         0.263     0.263 r  cmos1_pclk_IBUF_inst/O
                         net (fo=1, routed)           1.713     1.976    cmos_select_inst/cmos1_pclk_IBUF
    SLICE_X32Y58         LUT3 (Prop_lut3_I0_O)        0.044     2.020 r  cmos_select_inst/camera_fifo_inst_i_1/O
                         net (fo=1, routed)           0.431     2.451    cmos_select_inst/cmos_pclk
    BUFGCTRL_X0Y2        BUFG (Prop_bufg_I_O)         0.088     2.539 r  cmos_select_inst/cmos_pclk_BUFG_inst/O
                         net (fo=130, routed)         0.580     3.119    camera_delay_inst/cmos_pclk
    SLICE_X6Y24          FDRE                                         r  camera_delay_inst/cmos_data_d2_reg[5]__0/C
  -------------------------------------------------------------------    -------------------
    SLICE_X6Y24          FDRE (Prop_fdre_C_Q)         0.148     3.267 r  camera_delay_inst/cmos_data_d2_reg[5]__0/Q
                         net (fo=1, routed)           0.253     3.520    camera_fifo_inst/U0/inst_fifo_gen/gconvfifo.rf/grf.rf/gntv_or_sync_fifo.mem/gbm.gbmg.gbmga.ngecc.bmg/inst_blk_mem_gen/gnbram.gnativebmg.native_blk_mem_gen/valid.cstr/ramloop[0].ram.r/prim_noinit.ram/din[5]
    RAMB36_X0Y4          RAMB36E1                                     r  camera_fifo_inst/U0/inst_fifo_gen/gconvfifo.rf/grf.rf/gntv_or_sync_fifo.mem/gbm.gbmg.gbmga.ngecc.bmg/inst_blk_mem_gen/gnbram.gnativebmg.native_blk_mem_gen/valid.cstr/ramloop[0].ram.r/prim_noinit.ram/DEVICE_7SERIES.NO_BMM_INFO.SDP.SIMPLE_PRIM36.ram/DIADI[5]
  -------------------------------------------------------------------    -------------------

                         (clock cmos1_pclk rise edge)
                                                      0.000     0.000 r  
    E19                                               0.000     0.000 r  cmos1_pclk (IN)
                         net (fo=0)                   0.000     0.000    cmos1_pclk
    E19                  IBUF (Prop_ibuf_I_O)         0.451     0.451 r  cmos1_pclk_IBUF_inst/O
                         net (fo=1, routed)           2.001     2.452    cmos_select_inst/cmos1_pclk_IBUF
    SLICE_X32Y58         LUT3 (Prop_lut3_I0_O)        0.055     2.507 r  cmos_select_inst/camera_fifo_inst_i_1/O
                         net (fo=1, routed)           0.496     3.003    cmos_select_inst/cmos_pclk
    BUFGCTRL_X0Y2        BUFG (Prop_bufg_I_O)         0.107     3.110 r  cmos_select_inst/cmos_pclk_BUFG_inst/O
                         net (fo=130, routed)         0.859     3.969    camera_fifo_inst/U0/inst_fifo_gen/gconvfifo.rf/grf.rf/gntv_or_sync_fifo.mem/gbm.gbmg.gbmga.ngecc.bmg/inst_blk_mem_gen/gnbram.gnativebmg.native_blk_mem_gen/valid.cstr/ramloop[0].ram.r/prim_noinit.ram/wr_clk
    RAMB36_X0Y4          RAMB36E1                                     r  camera_fifo_inst/U0/inst_fifo_gen/gconvfifo.rf/grf.rf/gntv_or_sync_fifo.mem/gbm.gbmg.gbmga.ngecc.bmg/inst_blk_mem_gen/gnbram.gnativebmg.native_blk_mem_gen/valid.cstr/ramloop[0].ram.r/prim_noinit.ram/DEVICE_7SERIES.NO_BMM_INFO.SDP.SIMPLE_PRIM36.ram/CLKARDCLK
                         clock pessimism             -0.805     3.164    
    RAMB36_X0Y4          RAMB36E1 (Hold_ramb36e1_CLKARDCLK_DIADI[5])
                                                      0.242     3.406    camera_fifo_inst/U0/inst_fifo_gen/gconvfifo.rf/grf.rf/gntv_or_sync_fifo.mem/gbm.gbmg.gbmga.ngecc.bmg/inst_blk_mem_gen/gnbram.gnativebmg.native_blk_mem_gen/valid.cstr/ramloop[0].ram.r/prim_noinit.ram/DEVICE_7SERIES.NO_BMM_INFO.SDP.SIMPLE_PRIM36.ram
  -------------------------------------------------------------------
                         required time                         -3.406    
                         arrival time                           3.520    
  -------------------------------------------------------------------
                         slack                                  0.113    

Slack (MET) :             0.120ns  (arrival time - required time)
  Source:                 camera_fifo_inst/U0/inst_fifo_gen/gconvfifo.rf/grf.rf/gntv_or_sync_fifo.gcx.clkx/rd_pntr_cdc_inst/dest_graysync_ff_reg[0][6]/C
                            (rising edge-triggered cell FDRE clocked by cmos1_pclk  {rise@0.000ns fall@5.952ns period=11.904ns})
  Destination:            camera_fifo_inst/U0/inst_fifo_gen/gconvfifo.rf/grf.rf/gntv_or_sync_fifo.gcx.clkx/rd_pntr_cdc_inst/dest_graysync_ff_reg[1][6]/D
                            (rising edge-triggered cell FDRE clocked by cmos1_pclk  {rise@0.000ns fall@5.952ns period=11.904ns})
  Path Group:             cmos1_pclk
  Path Type:              Hold (Min at Fast Process Corner)
  Requirement:            0.000ns  (cmos1_pclk rise@0.000ns - cmos1_pclk rise@0.000ns)
  Data Path Delay:        0.196ns  (logic 0.141ns (71.838%)  route 0.055ns (28.162%))
  Logic Levels:           0  
  Clock Path Skew:        0.000ns (DCD - SCD - CPR)
    Destination Clock Delay (DCD):    3.931ns
    Source Clock Delay      (SCD):    3.092ns
    Clock Pessimism Removal (CPR):    0.839ns

    Location             Delay type                Incr(ns)  Path(ns)    Netlist Resource(s)
  -------------------------------------------------------------------    -------------------
                         (clock cmos1_pclk rise edge)
                                                      0.000     0.000 r  
    E19                                               0.000     0.000 r  cmos1_pclk (IN)
                         net (fo=0)                   0.000     0.000    cmos1_pclk
    E19                  IBUF (Prop_ibuf_I_O)         0.263     0.263 r  cmos1_pclk_IBUF_inst/O
                         net (fo=1, routed)           1.713     1.976    cmos_select_inst/cmos1_pclk_IBUF
    SLICE_X32Y58         LUT3 (Prop_lut3_I0_O)        0.044     2.020 r  cmos_select_inst/camera_fifo_inst_i_1/O
                         net (fo=1, routed)           0.431     2.451    cmos_select_inst/cmos_pclk
    BUFGCTRL_X0Y2        BUFG (Prop_bufg_I_O)         0.088     2.539 r  cmos_select_inst/cmos_pclk_BUFG_inst/O
                         net (fo=130, routed)         0.553     3.092    camera_fifo_inst/U0/inst_fifo_gen/gconvfifo.rf/grf.rf/gntv_or_sync_fifo.gcx.clkx/rd_pntr_cdc_inst/dest_clk
    SLICE_X29Y21         FDRE                                         r  camera_fifo_inst/U0/inst_fifo_gen/gconvfifo.rf/grf.rf/gntv_or_sync_fifo.gcx.clkx/rd_pntr_cdc_inst/dest_graysync_ff_reg[0][6]/C
  -------------------------------------------------------------------    -------------------
    SLICE_X29Y21         FDRE (Prop_fdre_C_Q)         0.141     3.233 r  camera_fifo_inst/U0/inst_fifo_gen/gconvfifo.rf/grf.rf/gntv_or_sync_fifo.gcx.clkx/rd_pntr_cdc_inst/dest_graysync_ff_reg[0][6]/Q
                         net (fo=1, routed)           0.055     3.288    camera_fifo_inst/U0/inst_fifo_gen/gconvfifo.rf/grf.rf/gntv_or_sync_fifo.gcx.clkx/rd_pntr_cdc_inst/dest_graysync_ff[0][6]
    SLICE_X29Y21         FDRE                                         r  camera_fifo_inst/U0/inst_fifo_gen/gconvfifo.rf/grf.rf/gntv_or_sync_fifo.gcx.clkx/rd_pntr_cdc_inst/dest_graysync_ff_reg[1][6]/D
  -------------------------------------------------------------------    -------------------

                         (clock cmos1_pclk rise edge)
                                                      0.000     0.000 r  
    E19                                               0.000     0.000 r  cmos1_pclk (IN)
                         net (fo=0)                   0.000     0.000    cmos1_pclk
    E19                  IBUF (Prop_ibuf_I_O)         0.451     0.451 r  cmos1_pclk_IBUF_inst/O
                         net (fo=1, routed)           2.001     2.452    cmos_select_inst/cmos1_pclk_IBUF
    SLICE_X32Y58         LUT3 (Prop_lut3_I0_O)        0.055     2.507 r  cmos_select_inst/camera_fifo_inst_i_1/O
                         net (fo=1, routed)           0.496     3.003    cmos_select_inst/cmos_pclk
    BUFGCTRL_X0Y2        BUFG (Prop_bufg_I_O)         0.107     3.110 r  cmos_select_inst/cmos_pclk_BUFG_inst/O
                         net (fo=130, routed)         0.821     3.931    camera_fifo_inst/U0/inst_fifo_gen/gconvfifo.rf/grf.rf/gntv_or_sync_fifo.gcx.clkx/rd_pntr_cdc_inst/dest_clk
    SLICE_X29Y21         FDRE                                         r  camera_fifo_inst/U0/inst_fifo_gen/gconvfifo.rf/grf.rf/gntv_or_sync_fifo.gcx.clkx/rd_pntr_cdc_inst/dest_graysync_ff_reg[1][6]/C
                         clock pessimism             -0.839     3.092    
    SLICE_X29Y21         FDRE (Hold_fdre_C_D)         0.076     3.168    camera_fifo_inst/U0/inst_fifo_gen/gconvfifo.rf/grf.rf/gntv_or_sync_fifo.gcx.clkx/rd_pntr_cdc_inst/dest_graysync_ff_reg[1][6]
  -------------------------------------------------------------------
                         required time                         -3.168    
                         arrival time                           3.288    
  -------------------------------------------------------------------
                         slack                                  0.120    

Slack (MET) :             0.121ns  (arrival time - required time)
  Source:                 camera_fifo_inst/U0/inst_fifo_gen/gconvfifo.rf/grf.rf/rstblk/ngwrdrst.grst.g7serrst.gsckt_wrst.gic_rst.xpm_cdc_single_inst_rrst_wr/syncstages_ff_reg[0]/C
                            (rising edge-triggered cell FDRE clocked by cmos1_pclk  {rise@0.000ns fall@5.952ns period=11.904ns})
  Destination:            camera_fifo_inst/U0/inst_fifo_gen/gconvfifo.rf/grf.rf/rstblk/ngwrdrst.grst.g7serrst.gsckt_wrst.gic_rst.xpm_cdc_single_inst_rrst_wr/syncstages_ff_reg[1]/D
                            (rising edge-triggered cell FDRE clocked by cmos1_pclk  {rise@0.000ns fall@5.952ns period=11.904ns})
  Path Group:             cmos1_pclk
  Path Type:              Hold (Min at Fast Process Corner)
  Requirement:            0.000ns  (cmos1_pclk rise@0.000ns - cmos1_pclk rise@0.000ns)
  Data Path Delay:        0.196ns  (logic 0.141ns (71.838%)  route 0.055ns (28.162%))
  Logic Levels:           0  
  Clock Path Skew:        0.000ns (DCD - SCD - CPR)
    Destination Clock Delay (DCD):    3.926ns
    Source Clock Delay      (SCD):    3.089ns
    Clock Pessimism Removal (CPR):    0.837ns

    Location             Delay type                Incr(ns)  Path(ns)    Netlist Resource(s)
  -------------------------------------------------------------------    -------------------
                         (clock cmos1_pclk rise edge)
                                                      0.000     0.000 r  
    E19                                               0.000     0.000 r  cmos1_pclk (IN)
                         net (fo=0)                   0.000     0.000    cmos1_pclk
    E19                  IBUF (Prop_ibuf_I_O)         0.263     0.263 r  cmos1_pclk_IBUF_inst/O
                         net (fo=1, routed)           1.713     1.976    cmos_select_inst/cmos1_pclk_IBUF
    SLICE_X32Y58         LUT3 (Prop_lut3_I0_O)        0.044     2.020 r  cmos_select_inst/camera_fifo_inst_i_1/O
                         net (fo=1, routed)           0.431     2.451    cmos_select_inst/cmos_pclk
    BUFGCTRL_X0Y2        BUFG (Prop_bufg_I_O)         0.088     2.539 r  cmos_select_inst/cmos_pclk_BUFG_inst/O
                         net (fo=130, routed)         0.550     3.089    camera_fifo_inst/U0/inst_fifo_gen/gconvfifo.rf/grf.rf/rstblk/ngwrdrst.grst.g7serrst.gsckt_wrst.gic_rst.xpm_cdc_single_inst_rrst_wr/dest_clk
    SLICE_X33Y24         FDRE                                         r  camera_fifo_inst/U0/inst_fifo_gen/gconvfifo.rf/grf.rf/rstblk/ngwrdrst.grst.g7serrst.gsckt_wrst.gic_rst.xpm_cdc_single_inst_rrst_wr/syncstages_ff_reg[0]/C
  -------------------------------------------------------------------    -------------------
    SLICE_X33Y24         FDRE (Prop_fdre_C_Q)         0.141     3.230 r  camera_fifo_inst/U0/inst_fifo_gen/gconvfifo.rf/grf.rf/rstblk/ngwrdrst.grst.g7serrst.gsckt_wrst.gic_rst.xpm_cdc_single_inst_rrst_wr/syncstages_ff_reg[0]/Q
                         net (fo=1, routed)           0.055     3.285    camera_fifo_inst/U0/inst_fifo_gen/gconvfifo.rf/grf.rf/rstblk/ngwrdrst.grst.g7serrst.gsckt_wrst.gic_rst.xpm_cdc_single_inst_rrst_wr/syncstages_ff[0]
    SLICE_X33Y24         FDRE                                         r  camera_fifo_inst/U0/inst_fifo_gen/gconvfifo.rf/grf.rf/rstblk/ngwrdrst.grst.g7serrst.gsckt_wrst.gic_rst.xpm_cdc_single_inst_rrst_wr/syncstages_ff_reg[1]/D
  -------------------------------------------------------------------    -------------------

                         (clock cmos1_pclk rise edge)
                                                      0.000     0.000 r  
    E19                                               0.000     0.000 r  cmos1_pclk (IN)
                         net (fo=0)                   0.000     0.000    cmos1_pclk
    E19                  IBUF (Prop_ibuf_I_O)         0.451     0.451 r  cmos1_pclk_IBUF_inst/O
                         net (fo=1, routed)           2.001     2.452    cmos_select_inst/cmos1_pclk_IBUF
    SLICE_X32Y58         LUT3 (Prop_lut3_I0_O)        0.055     2.507 r  cmos_select_inst/camera_fifo_inst_i_1/O
                         net (fo=1, routed)           0.496     3.003    cmos_select_inst/cmos_pclk
    BUFGCTRL_X0Y2        BUFG (Prop_bufg_I_O)         0.107     3.110 r  cmos_select_inst/cmos_pclk_BUFG_inst/O
                         net (fo=130, routed)         0.816     3.926    camera_fifo_inst/U0/inst_fifo_gen/gconvfifo.rf/grf.rf/rstblk/ngwrdrst.grst.g7serrst.gsckt_wrst.gic_rst.xpm_cdc_single_inst_rrst_wr/dest_clk
    SLICE_X33Y24         FDRE                                         r  camera_fifo_inst/U0/inst_fifo_gen/gconvfifo.rf/grf.rf/rstblk/ngwrdrst.grst.g7serrst.gsckt_wrst.gic_rst.xpm_cdc_single_inst_rrst_wr/syncstages_ff_reg[1]/C
                         clock pessimism             -0.837     3.089    
    SLICE_X33Y24         FDRE (Hold_fdre_C_D)         0.075     3.164    camera_fifo_inst/U0/inst_fifo_gen/gconvfifo.rf/grf.rf/rstblk/ngwrdrst.grst.g7serrst.gsckt_wrst.gic_rst.xpm_cdc_single_inst_rrst_wr/syncstages_ff_reg[1]
  -------------------------------------------------------------------
                         required time                         -3.164    
                         arrival time                           3.285    
  -------------------------------------------------------------------
                         slack                                  0.121    

Slack (MET) :             0.121ns  (arrival time - required time)
  Source:                 camera_fifo_inst/U0/inst_fifo_gen/gconvfifo.rf/grf.rf/gntv_or_sync_fifo.gcx.clkx/rd_pntr_cdc_inst/dest_graysync_ff_reg[0][10]/C
                            (rising edge-triggered cell FDRE clocked by cmos1_pclk  {rise@0.000ns fall@5.952ns period=11.904ns})
  Destination:            camera_fifo_inst/U0/inst_fifo_gen/gconvfifo.rf/grf.rf/gntv_or_sync_fifo.gcx.clkx/rd_pntr_cdc_inst/dest_graysync_ff_reg[1][10]/D
                            (rising edge-triggered cell FDRE clocked by cmos1_pclk  {rise@0.000ns fall@5.952ns period=11.904ns})
  Path Group:             cmos1_pclk
  Path Type:              Hold (Min at Fast Process Corner)
  Requirement:            0.000ns  (cmos1_pclk rise@0.000ns - cmos1_pclk rise@0.000ns)
  Data Path Delay:        0.196ns  (logic 0.141ns (71.838%)  route 0.055ns (28.162%))
  Logic Levels:           0  
  Clock Path Skew:        0.000ns (DCD - SCD - CPR)
    Destination Clock Delay (DCD):    3.931ns
    Source Clock Delay      (SCD):    3.092ns
    Clock Pessimism Removal (CPR):    0.839ns

    Location             Delay type                Incr(ns)  Path(ns)    Netlist Resource(s)
  -------------------------------------------------------------------    -------------------
                         (clock cmos1_pclk rise edge)
                                                      0.000     0.000 r  
    E19                                               0.000     0.000 r  cmos1_pclk (IN)
                         net (fo=0)                   0.000     0.000    cmos1_pclk
    E19                  IBUF (Prop_ibuf_I_O)         0.263     0.263 r  cmos1_pclk_IBUF_inst/O
                         net (fo=1, routed)           1.713     1.976    cmos_select_inst/cmos1_pclk_IBUF
    SLICE_X32Y58         LUT3 (Prop_lut3_I0_O)        0.044     2.020 r  cmos_select_inst/camera_fifo_inst_i_1/O
                         net (fo=1, routed)           0.431     2.451    cmos_select_inst/cmos_pclk
    BUFGCTRL_X0Y2        BUFG (Prop_bufg_I_O)         0.088     2.539 r  cmos_select_inst/cmos_pclk_BUFG_inst/O
                         net (fo=130, routed)         0.553     3.092    camera_fifo_inst/U0/inst_fifo_gen/gconvfifo.rf/grf.rf/gntv_or_sync_fifo.gcx.clkx/rd_pntr_cdc_inst/dest_clk
    SLICE_X29Y21         FDRE                                         r  camera_fifo_inst/U0/inst_fifo_gen/gconvfifo.rf/grf.rf/gntv_or_sync_fifo.gcx.clkx/rd_pntr_cdc_inst/dest_graysync_ff_reg[0][10]/C
  -------------------------------------------------------------------    -------------------
    SLICE_X29Y21         FDRE (Prop_fdre_C_Q)         0.141     3.233 r  camera_fifo_inst/U0/inst_fifo_gen/gconvfifo.rf/grf.rf/gntv_or_sync_fifo.gcx.clkx/rd_pntr_cdc_inst/dest_graysync_ff_reg[0][10]/Q
                         net (fo=1, routed)           0.055     3.288    camera_fifo_inst/U0/inst_fifo_gen/gconvfifo.rf/grf.rf/gntv_or_sync_fifo.gcx.clkx/rd_pntr_cdc_inst/dest_graysync_ff[0][10]
    SLICE_X29Y21         FDRE                                         r  camera_fifo_inst/U0/inst_fifo_gen/gconvfifo.rf/grf.rf/gntv_or_sync_fifo.gcx.clkx/rd_pntr_cdc_inst/dest_graysync_ff_reg[1][10]/D
  -------------------------------------------------------------------    -------------------

                         (clock cmos1_pclk rise edge)
                                                      0.000     0.000 r  
    E19                                               0.000     0.000 r  cmos1_pclk (IN)
                         net (fo=0)                   0.000     0.000    cmos1_pclk
    E19                  IBUF (Prop_ibuf_I_O)         0.451     0.451 r  cmos1_pclk_IBUF_inst/O
                         net (fo=1, routed)           2.001     2.452    cmos_select_inst/cmos1_pclk_IBUF
    SLICE_X32Y58         LUT3 (Prop_lut3_I0_O)        0.055     2.507 r  cmos_select_inst/camera_fifo_inst_i_1/O
                         net (fo=1, routed)           0.496     3.003    cmos_select_inst/cmos_pclk
    BUFGCTRL_X0Y2        BUFG (Prop_bufg_I_O)         0.107     3.110 r  cmos_select_inst/cmos_pclk_BUFG_inst/O
                         net (fo=130, routed)         0.821     3.931    camera_fifo_inst/U0/inst_fifo_gen/gconvfifo.rf/grf.rf/gntv_or_sync_fifo.gcx.clkx/rd_pntr_cdc_inst/dest_clk
    SLICE_X29Y21         FDRE                                         r  camera_fifo_inst/U0/inst_fifo_gen/gconvfifo.rf/grf.rf/gntv_or_sync_fifo.gcx.clkx/rd_pntr_cdc_inst/dest_graysync_ff_reg[1][10]/C
                         clock pessimism             -0.839     3.092    
    SLICE_X29Y21         FDRE (Hold_fdre_C_D)         0.075     3.167    camera_fifo_inst/U0/inst_fifo_gen/gconvfifo.rf/grf.rf/gntv_or_sync_fifo.gcx.clkx/rd_pntr_cdc_inst/dest_graysync_ff_reg[1][10]
  -------------------------------------------------------------------
                         required time                         -3.167    
                         arrival time                           3.288    
  -------------------------------------------------------------------
                         slack                                  0.121    

Slack (MET) :             0.123ns  (arrival time - required time)
  Source:                 camera_fifo_inst/U0/inst_fifo_gen/gconvfifo.rf/grf.rf/gntv_or_sync_fifo.gcx.clkx/rd_pntr_cdc_inst/dest_graysync_ff_reg[0][4]/C
                            (rising edge-triggered cell FDRE clocked by cmos1_pclk  {rise@0.000ns fall@5.952ns period=11.904ns})
  Destination:            camera_fifo_inst/U0/inst_fifo_gen/gconvfifo.rf/grf.rf/gntv_or_sync_fifo.gcx.clkx/rd_pntr_cdc_inst/dest_graysync_ff_reg[1][4]/D
                            (rising edge-triggered cell FDRE clocked by cmos1_pclk  {rise@0.000ns fall@5.952ns period=11.904ns})
  Path Group:             cmos1_pclk
  Path Type:              Hold (Min at Fast Process Corner)
  Requirement:            0.000ns  (cmos1_pclk rise@0.000ns - cmos1_pclk rise@0.000ns)
  Data Path Delay:        0.199ns  (logic 0.141ns (70.847%)  route 0.058ns (29.152%))
  Logic Levels:           0  
  Clock Path Skew:        0.000ns (DCD - SCD - CPR)
    Destination Clock Delay (DCD):    3.934ns
    Source Clock Delay      (SCD):    3.095ns
    Clock Pessimism Removal (CPR):    0.839ns

    Location             Delay type                Incr(ns)  Path(ns)    Netlist Resource(s)
  -------------------------------------------------------------------    -------------------
                         (clock cmos1_pclk rise edge)
                                                      0.000     0.000 r  
    E19                                               0.000     0.000 r  cmos1_pclk (IN)
                         net (fo=0)                   0.000     0.000    cmos1_pclk
    E19                  IBUF (Prop_ibuf_I_O)         0.263     0.263 r  cmos1_pclk_IBUF_inst/O
                         net (fo=1, routed)           1.713     1.976    cmos_select_inst/cmos1_pclk_IBUF
    SLICE_X32Y58         LUT3 (Prop_lut3_I0_O)        0.044     2.020 r  cmos_select_inst/camera_fifo_inst_i_1/O
                         net (fo=1, routed)           0.431     2.451    cmos_select_inst/cmos_pclk
    BUFGCTRL_X0Y2        BUFG (Prop_bufg_I_O)         0.088     2.539 r  cmos_select_inst/cmos_pclk_BUFG_inst/O
                         net (fo=130, routed)         0.556     3.095    camera_fifo_inst/U0/inst_fifo_gen/gconvfifo.rf/grf.rf/gntv_or_sync_fifo.gcx.clkx/rd_pntr_cdc_inst/dest_clk
    SLICE_X28Y18         FDRE                                         r  camera_fifo_inst/U0/inst_fifo_gen/gconvfifo.rf/grf.rf/gntv_or_sync_fifo.gcx.clkx/rd_pntr_cdc_inst/dest_graysync_ff_reg[0][4]/C
  -------------------------------------------------------------------    -------------------
    SLICE_X28Y18         FDRE (Prop_fdre_C_Q)         0.141     3.236 r  camera_fifo_inst/U0/inst_fifo_gen/gconvfifo.rf/grf.rf/gntv_or_sync_fifo.gcx.clkx/rd_pntr_cdc_inst/dest_graysync_ff_reg[0][4]/Q
                         net (fo=1, routed)           0.058     3.294    camera_fifo_inst/U0/inst_fifo_gen/gconvfifo.rf/grf.rf/gntv_or_sync_fifo.gcx.clkx/rd_pntr_cdc_inst/dest_graysync_ff[0][4]
    SLICE_X28Y18         FDRE                                         r  camera_fifo_inst/U0/inst_fifo_gen/gconvfifo.rf/grf.rf/gntv_or_sync_fifo.gcx.clkx/rd_pntr_cdc_inst/dest_graysync_ff_reg[1][4]/D
  -------------------------------------------------------------------    -------------------

                         (clock cmos1_pclk rise edge)
                                                      0.000     0.000 r  
    E19                                               0.000     0.000 r  cmos1_pclk (IN)
                         net (fo=0)                   0.000     0.000    cmos1_pclk
    E19                  IBUF (Prop_ibuf_I_O)         0.451     0.451 r  cmos1_pclk_IBUF_inst/O
                         net (fo=1, routed)           2.001     2.452    cmos_select_inst/cmos1_pclk_IBUF
    SLICE_X32Y58         LUT3 (Prop_lut3_I0_O)        0.055     2.507 r  cmos_select_inst/camera_fifo_inst_i_1/O
                         net (fo=1, routed)           0.496     3.003    cmos_select_inst/cmos_pclk
    BUFGCTRL_X0Y2        BUFG (Prop_bufg_I_O)         0.107     3.110 r  cmos_select_inst/cmos_pclk_BUFG_inst/O
                         net (fo=130, routed)         0.824     3.934    camera_fifo_inst/U0/inst_fifo_gen/gconvfifo.rf/grf.rf/gntv_or_sync_fifo.gcx.clkx/rd_pntr_cdc_inst/dest_clk
    SLICE_X28Y18         FDRE                                         r  camera_fifo_inst/U0/inst_fifo_gen/gconvfifo.rf/grf.rf/gntv_or_sync_fifo.gcx.clkx/rd_pntr_cdc_inst/dest_graysync_ff_reg[1][4]/C
                         clock pessimism             -0.839     3.095    
    SLICE_X28Y18         FDRE (Hold_fdre_C_D)         0.076     3.171    camera_fifo_inst/U0/inst_fifo_gen/gconvfifo.rf/grf.rf/gntv_or_sync_fifo.gcx.clkx/rd_pntr_cdc_inst/dest_graysync_ff_reg[1][4]
  -------------------------------------------------------------------
                         required time                         -3.171    
                         arrival time                           3.294    
  -------------------------------------------------------------------
                         slack                                  0.123    

Slack (MET) :             0.124ns  (arrival time - required time)
  Source:                 camera_fifo_inst/U0/inst_fifo_gen/gconvfifo.rf/grf.rf/gntv_or_sync_fifo.gcx.clkx/rd_pntr_cdc_inst/dest_graysync_ff_reg[0][5]/C
                            (rising edge-triggered cell FDRE clocked by cmos1_pclk  {rise@0.000ns fall@5.952ns period=11.904ns})
  Destination:            camera_fifo_inst/U0/inst_fifo_gen/gconvfifo.rf/grf.rf/gntv_or_sync_fifo.gcx.clkx/rd_pntr_cdc_inst/dest_graysync_ff_reg[1][5]/D
                            (rising edge-triggered cell FDRE clocked by cmos1_pclk  {rise@0.000ns fall@5.952ns period=11.904ns})
  Path Group:             cmos1_pclk
  Path Type:              Hold (Min at Fast Process Corner)
  Requirement:            0.000ns  (cmos1_pclk rise@0.000ns - cmos1_pclk rise@0.000ns)
  Data Path Delay:        0.202ns  (logic 0.141ns (69.956%)  route 0.061ns (30.044%))
  Logic Levels:           0  
  Clock Path Skew:        0.000ns (DCD - SCD - CPR)
    Destination Clock Delay (DCD):    3.934ns
    Source Clock Delay      (SCD):    3.095ns
    Clock Pessimism Removal (CPR):    0.839ns

    Location             Delay type                Incr(ns)  Path(ns)    Netlist Resource(s)
  -------------------------------------------------------------------    -------------------
                         (clock cmos1_pclk rise edge)
                                                      0.000     0.000 r  
    E19                                               0.000     0.000 r  cmos1_pclk (IN)
                         net (fo=0)                   0.000     0.000    cmos1_pclk
    E19                  IBUF (Prop_ibuf_I_O)         0.263     0.263 r  cmos1_pclk_IBUF_inst/O
                         net (fo=1, routed)           1.713     1.976    cmos_select_inst/cmos1_pclk_IBUF
    SLICE_X32Y58         LUT3 (Prop_lut3_I0_O)        0.044     2.020 r  cmos_select_inst/camera_fifo_inst_i_1/O
                         net (fo=1, routed)           0.431     2.451    cmos_select_inst/cmos_pclk
    BUFGCTRL_X0Y2        BUFG (Prop_bufg_I_O)         0.088     2.539 r  cmos_select_inst/cmos_pclk_BUFG_inst/O
                         net (fo=130, routed)         0.556     3.095    camera_fifo_inst/U0/inst_fifo_gen/gconvfifo.rf/grf.rf/gntv_or_sync_fifo.gcx.clkx/rd_pntr_cdc_inst/dest_clk
    SLICE_X28Y18         FDRE                                         r  camera_fifo_inst/U0/inst_fifo_gen/gconvfifo.rf/grf.rf/gntv_or_sync_fifo.gcx.clkx/rd_pntr_cdc_inst/dest_graysync_ff_reg[0][5]/C
  -------------------------------------------------------------------    -------------------
    SLICE_X28Y18         FDRE (Prop_fdre_C_Q)         0.141     3.236 r  camera_fifo_inst/U0/inst_fifo_gen/gconvfifo.rf/grf.rf/gntv_or_sync_fifo.gcx.clkx/rd_pntr_cdc_inst/dest_graysync_ff_reg[0][5]/Q
                         net (fo=1, routed)           0.061     3.296    camera_fifo_inst/U0/inst_fifo_gen/gconvfifo.rf/grf.rf/gntv_or_sync_fifo.gcx.clkx/rd_pntr_cdc_inst/dest_graysync_ff[0][5]
    SLICE_X28Y18         FDRE                                         r  camera_fifo_inst/U0/inst_fifo_gen/gconvfifo.rf/grf.rf/gntv_or_sync_fifo.gcx.clkx/rd_pntr_cdc_inst/dest_graysync_ff_reg[1][5]/D
  -------------------------------------------------------------------    -------------------

                         (clock cmos1_pclk rise edge)
                                                      0.000     0.000 r  
    E19                                               0.000     0.000 r  cmos1_pclk (IN)
                         net (fo=0)                   0.000     0.000    cmos1_pclk
    E19                  IBUF (Prop_ibuf_I_O)         0.451     0.451 r  cmos1_pclk_IBUF_inst/O
                         net (fo=1, routed)           2.001     2.452    cmos_select_inst/cmos1_pclk_IBUF
    SLICE_X32Y58         LUT3 (Prop_lut3_I0_O)        0.055     2.507 r  cmos_select_inst/camera_fifo_inst_i_1/O
                         net (fo=1, routed)           0.496     3.003    cmos_select_inst/cmos_pclk
    BUFGCTRL_X0Y2        BUFG (Prop_bufg_I_O)         0.107     3.110 r  cmos_select_inst/cmos_pclk_BUFG_inst/O
                         net (fo=130, routed)         0.824     3.934    camera_fifo_inst/U0/inst_fifo_gen/gconvfifo.rf/grf.rf/gntv_or_sync_fifo.gcx.clkx/rd_pntr_cdc_inst/dest_clk
    SLICE_X28Y18         FDRE                                         r  camera_fifo_inst/U0/inst_fifo_gen/gconvfifo.rf/grf.rf/gntv_or_sync_fifo.gcx.clkx/rd_pntr_cdc_inst/dest_graysync_ff_reg[1][5]/C
                         clock pessimism             -0.839     3.095    
    SLICE_X28Y18         FDRE (Hold_fdre_C_D)         0.078     3.173    camera_fifo_inst/U0/inst_fifo_gen/gconvfifo.rf/grf.rf/gntv_or_sync_fifo.gcx.clkx/rd_pntr_cdc_inst/dest_graysync_ff_reg[1][5]
  -------------------------------------------------------------------
                         required time                         -3.173    
                         arrival time                           3.296    
  -------------------------------------------------------------------
                         slack                                  0.124    

Slack (MET) :             0.125ns  (arrival time - required time)
  Source:                 camera_fifo_inst/U0/inst_fifo_gen/gconvfifo.rf/grf.rf/gntv_or_sync_fifo.gcx.clkx/rd_pntr_cdc_inst/dest_graysync_ff_reg[0][11]/C
                            (rising edge-triggered cell FDRE clocked by cmos1_pclk  {rise@0.000ns fall@5.952ns period=11.904ns})
  Destination:            camera_fifo_inst/U0/inst_fifo_gen/gconvfifo.rf/grf.rf/gntv_or_sync_fifo.gcx.clkx/rd_pntr_cdc_inst/dest_graysync_ff_reg[1][11]/D
                            (rising edge-triggered cell FDRE clocked by cmos1_pclk  {rise@0.000ns fall@5.952ns period=11.904ns})
  Path Group:             cmos1_pclk
  Path Type:              Hold (Min at Fast Process Corner)
  Requirement:            0.000ns  (cmos1_pclk rise@0.000ns - cmos1_pclk rise@0.000ns)
  Data Path Delay:        0.196ns  (logic 0.141ns (71.838%)  route 0.055ns (28.162%))
  Logic Levels:           0  
  Clock Path Skew:        0.000ns (DCD - SCD - CPR)
    Destination Clock Delay (DCD):    3.931ns
    Source Clock Delay      (SCD):    3.092ns
    Clock Pessimism Removal (CPR):    0.839ns

    Location             Delay type                Incr(ns)  Path(ns)    Netlist Resource(s)
  -------------------------------------------------------------------    -------------------
                         (clock cmos1_pclk rise edge)
                                                      0.000     0.000 r  
    E19                                               0.000     0.000 r  cmos1_pclk (IN)
                         net (fo=0)                   0.000     0.000    cmos1_pclk
    E19                  IBUF (Prop_ibuf_I_O)         0.263     0.263 r  cmos1_pclk_IBUF_inst/O
                         net (fo=1, routed)           1.713     1.976    cmos_select_inst/cmos1_pclk_IBUF
    SLICE_X32Y58         LUT3 (Prop_lut3_I0_O)        0.044     2.020 r  cmos_select_inst/camera_fifo_inst_i_1/O
                         net (fo=1, routed)           0.431     2.451    cmos_select_inst/cmos_pclk
    BUFGCTRL_X0Y2        BUFG (Prop_bufg_I_O)         0.088     2.539 r  cmos_select_inst/cmos_pclk_BUFG_inst/O
                         net (fo=130, routed)         0.553     3.092    camera_fifo_inst/U0/inst_fifo_gen/gconvfifo.rf/grf.rf/gntv_or_sync_fifo.gcx.clkx/rd_pntr_cdc_inst/dest_clk
    SLICE_X29Y21         FDRE                                         r  camera_fifo_inst/U0/inst_fifo_gen/gconvfifo.rf/grf.rf/gntv_or_sync_fifo.gcx.clkx/rd_pntr_cdc_inst/dest_graysync_ff_reg[0][11]/C
  -------------------------------------------------------------------    -------------------
    SLICE_X29Y21         FDRE (Prop_fdre_C_Q)         0.141     3.233 r  camera_fifo_inst/U0/inst_fifo_gen/gconvfifo.rf/grf.rf/gntv_or_sync_fifo.gcx.clkx/rd_pntr_cdc_inst/dest_graysync_ff_reg[0][11]/Q
                         net (fo=1, routed)           0.055     3.288    camera_fifo_inst/U0/inst_fifo_gen/gconvfifo.rf/grf.rf/gntv_or_sync_fifo.gcx.clkx/rd_pntr_cdc_inst/dest_graysync_ff[0][11]
    SLICE_X29Y21         FDRE                                         r  camera_fifo_inst/U0/inst_fifo_gen/gconvfifo.rf/grf.rf/gntv_or_sync_fifo.gcx.clkx/rd_pntr_cdc_inst/dest_graysync_ff_reg[1][11]/D
  -------------------------------------------------------------------    -------------------

                         (clock cmos1_pclk rise edge)
                                                      0.000     0.000 r  
    E19                                               0.000     0.000 r  cmos1_pclk (IN)
                         net (fo=0)                   0.000     0.000    cmos1_pclk
    E19                  IBUF (Prop_ibuf_I_O)         0.451     0.451 r  cmos1_pclk_IBUF_inst/O
                         net (fo=1, routed)           2.001     2.452    cmos_select_inst/cmos1_pclk_IBUF
    SLICE_X32Y58         LUT3 (Prop_lut3_I0_O)        0.055     2.507 r  cmos_select_inst/camera_fifo_inst_i_1/O
                         net (fo=1, routed)           0.496     3.003    cmos_select_inst/cmos_pclk
    BUFGCTRL_X0Y2        BUFG (Prop_bufg_I_O)         0.107     3.110 r  cmos_select_inst/cmos_pclk_BUFG_inst/O
                         net (fo=130, routed)         0.821     3.931    camera_fifo_inst/U0/inst_fifo_gen/gconvfifo.rf/grf.rf/gntv_or_sync_fifo.gcx.clkx/rd_pntr_cdc_inst/dest_clk
    SLICE_X29Y21         FDRE                                         r  camera_fifo_inst/U0/inst_fifo_gen/gconvfifo.rf/grf.rf/gntv_or_sync_fifo.gcx.clkx/rd_pntr_cdc_inst/dest_graysync_ff_reg[1][11]/C
                         clock pessimism             -0.839     3.092    
    SLICE_X29Y21         FDRE (Hold_fdre_C_D)         0.071     3.163    camera_fifo_inst/U0/inst_fifo_gen/gconvfifo.rf/grf.rf/gntv_or_sync_fifo.gcx.clkx/rd_pntr_cdc_inst/dest_graysync_ff_reg[1][11]
  -------------------------------------------------------------------
                         required time                         -3.163    
                         arrival time                           3.288    
  -------------------------------------------------------------------
                         slack                                  0.125    

Slack (MET) :             0.127ns  (arrival time - required time)
  Source:                 camera_fifo_inst/U0/inst_fifo_gen/gconvfifo.rf/grf.rf/gntv_or_sync_fifo.gcx.clkx/rd_pntr_cdc_inst/dest_graysync_ff_reg[0][2]/C
                            (rising edge-triggered cell FDRE clocked by cmos1_pclk  {rise@0.000ns fall@5.952ns period=11.904ns})
  Destination:            camera_fifo_inst/U0/inst_fifo_gen/gconvfifo.rf/grf.rf/gntv_or_sync_fifo.gcx.clkx/rd_pntr_cdc_inst/dest_graysync_ff_reg[1][2]/D
                            (rising edge-triggered cell FDRE clocked by cmos1_pclk  {rise@0.000ns fall@5.952ns period=11.904ns})
  Path Group:             cmos1_pclk
  Path Type:              Hold (Min at Fast Process Corner)
  Requirement:            0.000ns  (cmos1_pclk rise@0.000ns - cmos1_pclk rise@0.000ns)
  Data Path Delay:        0.198ns  (logic 0.141ns (71.201%)  route 0.057ns (28.799%))
  Logic Levels:           0  
  Clock Path Skew:        0.000ns (DCD - SCD - CPR)
    Destination Clock Delay (DCD):    3.934ns
    Source Clock Delay      (SCD):    3.095ns
    Clock Pessimism Removal (CPR):    0.839ns

    Location             Delay type                Incr(ns)  Path(ns)    Netlist Resource(s)
  -------------------------------------------------------------------    -------------------
                         (clock cmos1_pclk rise edge)
                                                      0.000     0.000 r  
    E19                                               0.000     0.000 r  cmos1_pclk (IN)
                         net (fo=0)                   0.000     0.000    cmos1_pclk
    E19                  IBUF (Prop_ibuf_I_O)         0.263     0.263 r  cmos1_pclk_IBUF_inst/O
                         net (fo=1, routed)           1.713     1.976    cmos_select_inst/cmos1_pclk_IBUF
    SLICE_X32Y58         LUT3 (Prop_lut3_I0_O)        0.044     2.020 r  cmos_select_inst/camera_fifo_inst_i_1/O
                         net (fo=1, routed)           0.431     2.451    cmos_select_inst/cmos_pclk
    BUFGCTRL_X0Y2        BUFG (Prop_bufg_I_O)         0.088     2.539 r  cmos_select_inst/cmos_pclk_BUFG_inst/O
                         net (fo=130, routed)         0.556     3.095    camera_fifo_inst/U0/inst_fifo_gen/gconvfifo.rf/grf.rf/gntv_or_sync_fifo.gcx.clkx/rd_pntr_cdc_inst/dest_clk
    SLICE_X28Y18         FDRE                                         r  camera_fifo_inst/U0/inst_fifo_gen/gconvfifo.rf/grf.rf/gntv_or_sync_fifo.gcx.clkx/rd_pntr_cdc_inst/dest_graysync_ff_reg[0][2]/C
  -------------------------------------------------------------------    -------------------
    SLICE_X28Y18         FDRE (Prop_fdre_C_Q)         0.141     3.236 r  camera_fifo_inst/U0/inst_fifo_gen/gconvfifo.rf/grf.rf/gntv_or_sync_fifo.gcx.clkx/rd_pntr_cdc_inst/dest_graysync_ff_reg[0][2]/Q
                         net (fo=1, routed)           0.057     3.293    camera_fifo_inst/U0/inst_fifo_gen/gconvfifo.rf/grf.rf/gntv_or_sync_fifo.gcx.clkx/rd_pntr_cdc_inst/dest_graysync_ff[0][2]
    SLICE_X28Y18         FDRE                                         r  camera_fifo_inst/U0/inst_fifo_gen/gconvfifo.rf/grf.rf/gntv_or_sync_fifo.gcx.clkx/rd_pntr_cdc_inst/dest_graysync_ff_reg[1][2]/D
  -------------------------------------------------------------------    -------------------

                         (clock cmos1_pclk rise edge)
                                                      0.000     0.000 r  
    E19                                               0.000     0.000 r  cmos1_pclk (IN)
                         net (fo=0)                   0.000     0.000    cmos1_pclk
    E19                  IBUF (Prop_ibuf_I_O)         0.451     0.451 r  cmos1_pclk_IBUF_inst/O
                         net (fo=1, routed)           2.001     2.452    cmos_select_inst/cmos1_pclk_IBUF
    SLICE_X32Y58         LUT3 (Prop_lut3_I0_O)        0.055     2.507 r  cmos_select_inst/camera_fifo_inst_i_1/O
                         net (fo=1, routed)           0.496     3.003    cmos_select_inst/cmos_pclk
    BUFGCTRL_X0Y2        BUFG (Prop_bufg_I_O)         0.107     3.110 r  cmos_select_inst/cmos_pclk_BUFG_inst/O
                         net (fo=130, routed)         0.824     3.934    camera_fifo_inst/U0/inst_fifo_gen/gconvfifo.rf/grf.rf/gntv_or_sync_fifo.gcx.clkx/rd_pntr_cdc_inst/dest_clk
    SLICE_X28Y18         FDRE                                         r  camera_fifo_inst/U0/inst_fifo_gen/gconvfifo.rf/grf.rf/gntv_or_sync_fifo.gcx.clkx/rd_pntr_cdc_inst/dest_graysync_ff_reg[1][2]/C
                         clock pessimism             -0.839     3.095    
    SLICE_X28Y18         FDRE (Hold_fdre_C_D)         0.071     3.166    camera_fifo_inst/U0/inst_fifo_gen/gconvfifo.rf/grf.rf/gntv_or_sync_fifo.gcx.clkx/rd_pntr_cdc_inst/dest_graysync_ff_reg[1][2]
  -------------------------------------------------------------------
                         required time                         -3.166    
                         arrival time                           3.293    
  -------------------------------------------------------------------
                         slack                                  0.127    

Slack (MET) :             0.130ns  (arrival time - required time)
  Source:                 camera_fifo_inst/U0/inst_fifo_gen/gconvfifo.rf/grf.rf/gntv_or_sync_fifo.gcx.clkx/rd_pntr_cdc_inst/dest_graysync_ff_reg[0][3]/C
                            (rising edge-triggered cell FDRE clocked by cmos1_pclk  {rise@0.000ns fall@5.952ns period=11.904ns})
  Destination:            camera_fifo_inst/U0/inst_fifo_gen/gconvfifo.rf/grf.rf/gntv_or_sync_fifo.gcx.clkx/rd_pntr_cdc_inst/dest_graysync_ff_reg[1][3]/D
                            (rising edge-triggered cell FDRE clocked by cmos1_pclk  {rise@0.000ns fall@5.952ns period=11.904ns})
  Path Group:             cmos1_pclk
  Path Type:              Hold (Min at Fast Process Corner)
  Requirement:            0.000ns  (cmos1_pclk rise@0.000ns - cmos1_pclk rise@0.000ns)
  Data Path Delay:        0.205ns  (logic 0.141ns (68.843%)  route 0.064ns (31.157%))
  Logic Levels:           0  
  Clock Path Skew:        0.000ns (DCD - SCD - CPR)
    Destination Clock Delay (DCD):    3.935ns
    Source Clock Delay      (SCD):    3.096ns
    Clock Pessimism Removal (CPR):    0.839ns

    Location             Delay type                Incr(ns)  Path(ns)    Netlist Resource(s)
  -------------------------------------------------------------------    -------------------
                         (clock cmos1_pclk rise edge)
                                                      0.000     0.000 r  
    E19                                               0.000     0.000 r  cmos1_pclk (IN)
                         net (fo=0)                   0.000     0.000    cmos1_pclk
    E19                  IBUF (Prop_ibuf_I_O)         0.263     0.263 r  cmos1_pclk_IBUF_inst/O
                         net (fo=1, routed)           1.713     1.976    cmos_select_inst/cmos1_pclk_IBUF
    SLICE_X32Y58         LUT3 (Prop_lut3_I0_O)        0.044     2.020 r  cmos_select_inst/camera_fifo_inst_i_1/O
                         net (fo=1, routed)           0.431     2.451    cmos_select_inst/cmos_pclk
    BUFGCTRL_X0Y2        BUFG (Prop_bufg_I_O)         0.088     2.539 r  cmos_select_inst/cmos_pclk_BUFG_inst/O
                         net (fo=130, routed)         0.557     3.096    camera_fifo_inst/U0/inst_fifo_gen/gconvfifo.rf/grf.rf/gntv_or_sync_fifo.gcx.clkx/rd_pntr_cdc_inst/dest_clk
    SLICE_X28Y17         FDRE                                         r  camera_fifo_inst/U0/inst_fifo_gen/gconvfifo.rf/grf.rf/gntv_or_sync_fifo.gcx.clkx/rd_pntr_cdc_inst/dest_graysync_ff_reg[0][3]/C
  -------------------------------------------------------------------    -------------------
    SLICE_X28Y17         FDRE (Prop_fdre_C_Q)         0.141     3.237 r  camera_fifo_inst/U0/inst_fifo_gen/gconvfifo.rf/grf.rf/gntv_or_sync_fifo.gcx.clkx/rd_pntr_cdc_inst/dest_graysync_ff_reg[0][3]/Q
                         net (fo=1, routed)           0.064     3.300    camera_fifo_inst/U0/inst_fifo_gen/gconvfifo.rf/grf.rf/gntv_or_sync_fifo.gcx.clkx/rd_pntr_cdc_inst/dest_graysync_ff[0][3]
    SLICE_X28Y17         FDRE                                         r  camera_fifo_inst/U0/inst_fifo_gen/gconvfifo.rf/grf.rf/gntv_or_sync_fifo.gcx.clkx/rd_pntr_cdc_inst/dest_graysync_ff_reg[1][3]/D
  -------------------------------------------------------------------    -------------------

                         (clock cmos1_pclk rise edge)
                                                      0.000     0.000 r  
    E19                                               0.000     0.000 r  cmos1_pclk (IN)
                         net (fo=0)                   0.000     0.000    cmos1_pclk
    E19                  IBUF (Prop_ibuf_I_O)         0.451     0.451 r  cmos1_pclk_IBUF_inst/O
                         net (fo=1, routed)           2.001     2.452    cmos_select_inst/cmos1_pclk_IBUF
    SLICE_X32Y58         LUT3 (Prop_lut3_I0_O)        0.055     2.507 r  cmos_select_inst/camera_fifo_inst_i_1/O
                         net (fo=1, routed)           0.496     3.003    cmos_select_inst/cmos_pclk
    BUFGCTRL_X0Y2        BUFG (Prop_bufg_I_O)         0.107     3.110 r  cmos_select_inst/cmos_pclk_BUFG_inst/O
                         net (fo=130, routed)         0.825     3.935    camera_fifo_inst/U0/inst_fifo_gen/gconvfifo.rf/grf.rf/gntv_or_sync_fifo.gcx.clkx/rd_pntr_cdc_inst/dest_clk
    SLICE_X28Y17         FDRE                                         r  camera_fifo_inst/U0/inst_fifo_gen/gconvfifo.rf/grf.rf/gntv_or_sync_fifo.gcx.clkx/rd_pntr_cdc_inst/dest_graysync_ff_reg[1][3]/C
                         clock pessimism             -0.839     3.096    
    SLICE_X28Y17         FDRE (Hold_fdre_C_D)         0.075     3.171    camera_fifo_inst/U0/inst_fifo_gen/gconvfifo.rf/grf.rf/gntv_or_sync_fifo.gcx.clkx/rd_pntr_cdc_inst/dest_graysync_ff_reg[1][3]
  -------------------------------------------------------------------
                         required time                         -3.171    
                         arrival time                           3.300    
  -------------------------------------------------------------------
                         slack                                  0.130    

Slack (MET) :             0.130ns  (arrival time - required time)
  Source:                 camera_fifo_inst/U0/inst_fifo_gen/gconvfifo.rf/grf.rf/gntv_or_sync_fifo.gcx.clkx/rd_pntr_cdc_inst/dest_graysync_ff_reg[0][0]/C
                            (rising edge-triggered cell FDRE clocked by cmos1_pclk  {rise@0.000ns fall@5.952ns period=11.904ns})
  Destination:            camera_fifo_inst/U0/inst_fifo_gen/gconvfifo.rf/grf.rf/gntv_or_sync_fifo.gcx.clkx/rd_pntr_cdc_inst/dest_graysync_ff_reg[1][0]/D
                            (rising edge-triggered cell FDRE clocked by cmos1_pclk  {rise@0.000ns fall@5.952ns period=11.904ns})
  Path Group:             cmos1_pclk
  Path Type:              Hold (Min at Fast Process Corner)
  Requirement:            0.000ns  (cmos1_pclk rise@0.000ns - cmos1_pclk rise@0.000ns)
  Data Path Delay:        0.205ns  (logic 0.141ns (68.843%)  route 0.064ns (31.157%))
  Logic Levels:           0  
  Clock Path Skew:        0.000ns (DCD - SCD - CPR)
    Destination Clock Delay (DCD):    3.934ns
    Source Clock Delay      (SCD):    3.095ns
    Clock Pessimism Removal (CPR):    0.839ns

    Location             Delay type                Incr(ns)  Path(ns)    Netlist Resource(s)
  -------------------------------------------------------------------    -------------------
                         (clock cmos1_pclk rise edge)
                                                      0.000     0.000 r  
    E19                                               0.000     0.000 r  cmos1_pclk (IN)
                         net (fo=0)                   0.000     0.000    cmos1_pclk
    E19                  IBUF (Prop_ibuf_I_O)         0.263     0.263 r  cmos1_pclk_IBUF_inst/O
                         net (fo=1, routed)           1.713     1.976    cmos_select_inst/cmos1_pclk_IBUF
    SLICE_X32Y58         LUT3 (Prop_lut3_I0_O)        0.044     2.020 r  cmos_select_inst/camera_fifo_inst_i_1/O
                         net (fo=1, routed)           0.431     2.451    cmos_select_inst/cmos_pclk
    BUFGCTRL_X0Y2        BUFG (Prop_bufg_I_O)         0.088     2.539 r  cmos_select_inst/cmos_pclk_BUFG_inst/O
                         net (fo=130, routed)         0.556     3.095    camera_fifo_inst/U0/inst_fifo_gen/gconvfifo.rf/grf.rf/gntv_or_sync_fifo.gcx.clkx/rd_pntr_cdc_inst/dest_clk
    SLICE_X28Y18         FDRE                                         r  camera_fifo_inst/U0/inst_fifo_gen/gconvfifo.rf/grf.rf/gntv_or_sync_fifo.gcx.clkx/rd_pntr_cdc_inst/dest_graysync_ff_reg[0][0]/C
  -------------------------------------------------------------------    -------------------
    SLICE_X28Y18         FDRE (Prop_fdre_C_Q)         0.141     3.236 r  camera_fifo_inst/U0/inst_fifo_gen/gconvfifo.rf/grf.rf/gntv_or_sync_fifo.gcx.clkx/rd_pntr_cdc_inst/dest_graysync_ff_reg[0][0]/Q
                         net (fo=1, routed)           0.064     3.299    camera_fifo_inst/U0/inst_fifo_gen/gconvfifo.rf/grf.rf/gntv_or_sync_fifo.gcx.clkx/rd_pntr_cdc_inst/dest_graysync_ff[0][0]
    SLICE_X28Y18         FDRE                                         r  camera_fifo_inst/U0/inst_fifo_gen/gconvfifo.rf/grf.rf/gntv_or_sync_fifo.gcx.clkx/rd_pntr_cdc_inst/dest_graysync_ff_reg[1][0]/D
  -------------------------------------------------------------------    -------------------

                         (clock cmos1_pclk rise edge)
                                                      0.000     0.000 r  
    E19                                               0.000     0.000 r  cmos1_pclk (IN)
                         net (fo=0)                   0.000     0.000    cmos1_pclk
    E19                  IBUF (Prop_ibuf_I_O)         0.451     0.451 r  cmos1_pclk_IBUF_inst/O
                         net (fo=1, routed)           2.001     2.452    cmos_select_inst/cmos1_pclk_IBUF
    SLICE_X32Y58         LUT3 (Prop_lut3_I0_O)        0.055     2.507 r  cmos_select_inst/camera_fifo_inst_i_1/O
                         net (fo=1, routed)           0.496     3.003    cmos_select_inst/cmos_pclk
    BUFGCTRL_X0Y2        BUFG (Prop_bufg_I_O)         0.107     3.110 r  cmos_select_inst/cmos_pclk_BUFG_inst/O
                         net (fo=130, routed)         0.824     3.934    camera_fifo_inst/U0/inst_fifo_gen/gconvfifo.rf/grf.rf/gntv_or_sync_fifo.gcx.clkx/rd_pntr_cdc_inst/dest_clk
    SLICE_X28Y18         FDRE                                         r  camera_fifo_inst/U0/inst_fifo_gen/gconvfifo.rf/grf.rf/gntv_or_sync_fifo.gcx.clkx/rd_pntr_cdc_inst/dest_graysync_ff_reg[1][0]/C
                         clock pessimism             -0.839     3.095    
    SLICE_X28Y18         FDRE (Hold_fdre_C_D)         0.075     3.170    camera_fifo_inst/U0/inst_fifo_gen/gconvfifo.rf/grf.rf/gntv_or_sync_fifo.gcx.clkx/rd_pntr_cdc_inst/dest_graysync_ff_reg[1][0]
  -------------------------------------------------------------------
                         required time                         -3.170    
                         arrival time                           3.299    
  -------------------------------------------------------------------
                         slack                                  0.130    





Pulse Width Checks
--------------------------------------------------------------------------------------
Clock Name:         cmos1_pclk
Waveform(ns):       { 0.000 5.952 }
Period(ns):         11.904
Sources:            { cmos1_pclk }

Check Type        Corner  Lib Pin             Reference Pin  Required(ns)  Actual(ns)  Slack(ns)  Location       Pin
Min Period        n/a     RAMB36E1/CLKARDCLK  n/a            2.170         11.904      9.734      RAMB36_X0Y4    camera_fifo_inst/U0/inst_fifo_gen/gconvfifo.rf/grf.rf/gntv_or_sync_fifo.mem/gbm.gbmg.gbmga.ngecc.bmg/inst_blk_mem_gen/gnbram.gnativebmg.native_blk_mem_gen/valid.cstr/ramloop[0].ram.r/prim_noinit.ram/DEVICE_7SERIES.NO_BMM_INFO.SDP.SIMPLE_PRIM36.ram/CLKARDCLK
Min Period        n/a     BUFG/I              n/a            1.592         11.904      10.312     BUFGCTRL_X0Y2  cmos_select_inst/cmos_pclk_BUFG_inst/I
Min Period        n/a     FDRE/C              n/a            1.000         11.904      10.904     SLICE_X6Y24    camera_delay_inst/cmos_data_d2_reg[0]__0/C
Min Period        n/a     FDRE/C              n/a            1.000         11.904      10.904     SLICE_X6Y24    camera_delay_inst/cmos_data_d2_reg[1]__0/C
Min Period        n/a     FDRE/C              n/a            1.000         11.904      10.904     SLICE_X6Y24    camera_delay_inst/cmos_data_d2_reg[2]__0/C
Min Period        n/a     FDRE/C              n/a            1.000         11.904      10.904     SLICE_X31Y22   camera_fifo_inst/U0/inst_fifo_gen/gconvfifo.rf/grf.rf/rstblk/grstd1.grst_full.grst_f.rst_d1_reg/C
Min Period        n/a     FDRE/C              n/a            1.000         11.904      10.904     SLICE_X31Y22   camera_fifo_inst/U0/inst_fifo_gen/gconvfifo.rf/grf.rf/rstblk/grstd1.grst_full.grst_f.rst_d2_reg/C
Min Period        n/a     FDSE/C              n/a            1.000         11.904      10.904     SLICE_X31Y23   camera_fifo_inst/U0/inst_fifo_gen/gconvfifo.rf/grf.rf/rstblk/grstd1.grst_full.grst_f.rst_d3_reg/C
Min Period        n/a     FDRE/C              n/a            1.000         11.904      10.904     SLICE_X33Y24   camera_fifo_inst/U0/inst_fifo_gen/gconvfifo.rf/grf.rf/rstblk/ngwrdrst.grst.g7serrst.gsckt_wrst.gic_rst.rd_rst_wr_ext_reg[0]/C
Min Period        n/a     FDRE/C              n/a            1.000         11.904      10.904     SLICE_X34Y23   camera_fifo_inst/U0/inst_fifo_gen/gconvfifo.rf/grf.rf/rstblk/ngwrdrst.grst.g7serrst.gsckt_wrst.gic_rst.rd_rst_wr_ext_reg[1]/C
Low Pulse Width   Slow    SRL16E/CLK          n/a            0.854         5.952       5.098      SLICE_X30Y25   camera_delay_inst/cmos_href_buf_reg[1]_srl2/CLK
Low Pulse Width   Slow    SRL16E/CLK          n/a            0.854         5.952       5.098      SLICE_X30Y25   camera_fifo_inst/U0/inst_fifo_gen/gconvfifo.rf/grf.rf/gntv_or_sync_fifo.mem/gbm.gbmg.gbmga.ngecc.bmg/inst_blk_mem_gen/gnbram.gnativebmg.native_blk_mem_gen/valid.cstr/ramloop[0].ram.r/SAFETY_CKT_GEN.RSTA_SHFT_REG_reg[3]_srl3/CLK
Low Pulse Width   Slow    SRL16E/CLK          n/a            0.854         5.952       5.098      SLICE_X6Y24    camera_delay_inst/cmos_data_d1_reg[0]_srl2/CLK
Low Pulse Width   Fast    SRL16E/CLK          n/a            0.854         5.952       5.098      SLICE_X6Y24    camera_delay_inst/cmos_data_d1_reg[0]_srl2/CLK
Low Pulse Width   Slow    SRL16E/CLK          n/a            0.854         5.952       5.098      SLICE_X6Y24    camera_delay_inst/cmos_data_d1_reg[1]_srl2/CLK
Low Pulse Width   Fast    SRL16E/CLK          n/a            0.854         5.952       5.098      SLICE_X6Y24    camera_delay_inst/cmos_data_d1_reg[1]_srl2/CLK
Low Pulse Width   Slow    SRL16E/CLK          n/a            0.854         5.952       5.098      SLICE_X6Y24    camera_delay_inst/cmos_data_d1_reg[2]_srl2/CLK
Low Pulse Width   Fast    SRL16E/CLK          n/a            0.854         5.952       5.098      SLICE_X6Y24    camera_delay_inst/cmos_data_d1_reg[2]_srl2/CLK
Low Pulse Width   Slow    SRL16E/CLK          n/a            0.854         5.952       5.098      SLICE_X6Y24    camera_delay_inst/cmos_data_d1_reg[3]_srl2/CLK
Low Pulse Width   Fast    SRL16E/CLK          n/a            0.854         5.952       5.098      SLICE_X6Y24    camera_delay_inst/cmos_data_d1_reg[3]_srl2/CLK
High Pulse Width  Fast    SRL16E/CLK          n/a            0.854         5.952       5.098      SLICE_X30Y25   camera_delay_inst/cmos_href_buf_reg[1]_srl2/CLK
High Pulse Width  Fast    SRL16E/CLK          n/a            0.854         5.952       5.098      SLICE_X30Y25   camera_fifo_inst/U0/inst_fifo_gen/gconvfifo.rf/grf.rf/gntv_or_sync_fifo.mem/gbm.gbmg.gbmga.ngecc.bmg/inst_blk_mem_gen/gnbram.gnativebmg.native_blk_mem_gen/valid.cstr/ramloop[0].ram.r/SAFETY_CKT_GEN.RSTA_SHFT_REG_reg[3]_srl3/CLK
High Pulse Width  Fast    SRL16E/CLK          n/a            0.854         5.952       5.098      SLICE_X6Y24    camera_delay_inst/cmos_data_d1_reg[0]_srl2/CLK
High Pulse Width  Fast    SRL16E/CLK          n/a            0.854         5.952       5.098      SLICE_X6Y24    camera_delay_inst/cmos_data_d1_reg[1]_srl2/CLK
High Pulse Width  Fast    SRL16E/CLK          n/a            0.854         5.952       5.098      SLICE_X6Y24    camera_delay_inst/cmos_data_d1_reg[2]_srl2/CLK
High Pulse Width  Fast    SRL16E/CLK          n/a            0.854         5.952       5.098      SLICE_X6Y24    camera_delay_inst/cmos_data_d1_reg[3]_srl2/CLK
High Pulse Width  Fast    SRL16E/CLK          n/a            0.854         5.952       5.098      SLICE_X6Y24    camera_delay_inst/cmos_data_d1_reg[4]_srl2/CLK
High Pulse Width  Fast    SRL16E/CLK          n/a            0.854         5.952       5.098      SLICE_X6Y24    camera_delay_inst/cmos_data_d1_reg[5]_srl2/CLK
High Pulse Width  Fast    SRL16E/CLK          n/a            0.854         5.952       5.098      SLICE_X6Y24    camera_delay_inst/cmos_data_d1_reg[6]_srl2/CLK
High Pulse Width  Fast    SRL16E/CLK          n/a            0.854         5.952       5.098      SLICE_X6Y24    camera_delay_inst/cmos_data_d1_reg[7]_srl2/CLK



---------------------------------------------------------------------------------------------------
From Clock:  cmos2_pclk
  To Clock:  cmos2_pclk

Setup :            0  Failing Endpoints,  Worst Slack        8.499ns,  Total Violation        0.000ns
Hold  :            0  Failing Endpoints,  Worst Slack        0.113ns,  Total Violation        0.000ns
PW    :            0  Failing Endpoints,  Worst Slack        5.098ns,  Total Violation        0.000ns
---------------------------------------------------------------------------------------------------


Max Delay Paths
--------------------------------------------------------------------------------------
Slack (MET) :             8.499ns  (required time - arrival time)
  Source:                 camera_delay_inst/cmos_href_buf_reg[2]__0/C
                            (rising edge-triggered cell FDRE clocked by cmos2_pclk  {rise@0.000ns fall@5.952ns period=11.904ns})
  Destination:            camera_fifo_inst/U0/inst_fifo_gen/gconvfifo.rf/grf.rf/gntv_or_sync_fifo.mem/gbm.gbmg.gbmga.ngecc.bmg/inst_blk_mem_gen/gnbram.gnativebmg.native_blk_mem_gen/valid.cstr/ramloop[0].ram.r/prim_noinit.ram/DEVICE_7SERIES.NO_BMM_INFO.SDP.SIMPLE_PRIM36.ram/ENARDEN
                            (rising edge-triggered cell RAMB36E1 clocked by cmos2_pclk  {rise@0.000ns fall@5.952ns period=11.904ns})
  Path Group:             cmos2_pclk
  Path Type:              Setup (Max at Slow Process Corner)
  Requirement:            11.904ns  (cmos2_pclk rise@11.904ns - cmos2_pclk rise@0.000ns)
  Data Path Delay:        2.986ns  (logic 0.630ns (21.097%)  route 2.356ns (78.903%))
  Logic Levels:           1  (LUT2=1)
  Clock Path Skew:        0.004ns (DCD - SCD + CPR)
    Destination Clock Delay (DCD):    7.097ns = ( 19.001 - 11.904 ) 
    Source Clock Delay      (SCD):    8.029ns
    Clock Pessimism Removal (CPR):    0.936ns
  Clock Uncertainty:      0.035ns  ((TSJ^2 + TIJ^2)^1/2 + DJ) / 2 + PE
    Total System Jitter     (TSJ):    0.071ns
    Total Input Jitter      (TIJ):    0.000ns
    Discrete Jitter          (DJ):    0.000ns
    Phase Error              (PE):    0.000ns

    Location             Delay type                Incr(ns)  Path(ns)    Netlist Resource(s)
  -------------------------------------------------------------------    -------------------
                         (clock cmos2_pclk rise edge)
                                                      0.000     0.000 r  
    A15                                               0.000     0.000 r  cmos2_pclk (IN)
                         net (fo=0)                   0.000     0.000    cmos2_pclk
    A15                  IBUF (Prop_ibuf_I_O)         1.433     1.433 r  cmos2_pclk_IBUF_inst/O
                         net (fo=1, routed)           3.978     5.411    cmos_select_inst/cmos2_pclk_IBUF
    SLICE_X32Y58         LUT3 (Prop_lut3_I2_O)        0.115     5.526 r  cmos_select_inst/camera_fifo_inst_i_1/O
                         net (fo=1, routed)           0.912     6.437    cmos_select_inst/cmos_pclk
    BUFGCTRL_X0Y2        BUFG (Prop_bufg_I_O)         0.243     6.680 r  cmos_select_inst/cmos_pclk_BUFG_inst/O
                         net (fo=130, routed)         1.349     8.029    camera_delay_inst/cmos_pclk
    SLICE_X30Y25         FDRE                                         r  camera_delay_inst/cmos_href_buf_reg[2]__0/C
  -------------------------------------------------------------------    -------------------
    SLICE_X30Y25         FDRE (Prop_fdre_C_Q)         0.398     8.427 r  camera_delay_inst/cmos_href_buf_reg[2]__0/Q
                         net (fo=2, routed)           0.811     9.238    camera_fifo_inst/U0/inst_fifo_gen/gconvfifo.rf/grf.rf/gntv_or_sync_fifo.gl0.wr/gwas.wsts/wr_en
    SLICE_X31Y22         LUT2 (Prop_lut2_I0_O)        0.232     9.470 r  camera_fifo_inst/U0/inst_fifo_gen/gconvfifo.rf/grf.rf/gntv_or_sync_fifo.gl0.wr/gwas.wsts/DEVICE_7SERIES.NO_BMM_INFO.SDP.SIMPLE_PRIM36.ram_i_4/O
                         net (fo=37, routed)          1.545    11.015    camera_fifo_inst/U0/inst_fifo_gen/gconvfifo.rf/grf.rf/gntv_or_sync_fifo.mem/gbm.gbmg.gbmga.ngecc.bmg/inst_blk_mem_gen/gnbram.gnativebmg.native_blk_mem_gen/valid.cstr/ramloop[0].ram.r/prim_noinit.ram/p_20_out
    RAMB36_X0Y4          RAMB36E1                                     r  camera_fifo_inst/U0/inst_fifo_gen/gconvfifo.rf/grf.rf/gntv_or_sync_fifo.mem/gbm.gbmg.gbmga.ngecc.bmg/inst_blk_mem_gen/gnbram.gnativebmg.native_blk_mem_gen/valid.cstr/ramloop[0].ram.r/prim_noinit.ram/DEVICE_7SERIES.NO_BMM_INFO.SDP.SIMPLE_PRIM36.ram/ENARDEN
  -------------------------------------------------------------------    -------------------

                         (clock cmos2_pclk rise edge)
                                                     11.904    11.904 r  
    A15                                               0.000    11.904 r  cmos2_pclk (IN)
                         net (fo=0)                   0.000    11.904    cmos2_pclk
    A15                  IBUF (Prop_ibuf_I_O)         1.367    13.271 r  cmos2_pclk_IBUF_inst/O
                         net (fo=1, routed)           3.351    16.622    cmos_select_inst/cmos2_pclk_IBUF
    SLICE_X32Y58         LUT3 (Prop_lut3_I2_O)        0.093    16.715 r  cmos_select_inst/camera_fifo_inst_i_1/O
                         net (fo=1, routed)           0.792    17.506    cmos_select_inst/cmos_pclk
    BUFGCTRL_X0Y2        BUFG (Prop_bufg_I_O)         0.208    17.714 r  cmos_select_inst/cmos_pclk_BUFG_inst/O
                         net (fo=130, routed)         1.286    19.001    camera_fifo_inst/U0/inst_fifo_gen/gconvfifo.rf/grf.rf/gntv_or_sync_fifo.mem/gbm.gbmg.gbmga.ngecc.bmg/inst_blk_mem_gen/gnbram.gnativebmg.native_blk_mem_gen/valid.cstr/ramloop[0].ram.r/prim_noinit.ram/wr_clk
    RAMB36_X0Y4          RAMB36E1                                     r  camera_fifo_inst/U0/inst_fifo_gen/gconvfifo.rf/grf.rf/gntv_or_sync_fifo.mem/gbm.gbmg.gbmga.ngecc.bmg/inst_blk_mem_gen/gnbram.gnativebmg.native_blk_mem_gen/valid.cstr/ramloop[0].ram.r/prim_noinit.ram/DEVICE_7SERIES.NO_BMM_INFO.SDP.SIMPLE_PRIM36.ram/CLKARDCLK
                         clock pessimism              0.936    19.937    
                         clock uncertainty           -0.035    19.902    
    RAMB36_X0Y4          RAMB36E1 (Setup_ramb36e1_CLKARDCLK_ENARDEN)
                                                     -0.387    19.515    camera_fifo_inst/U0/inst_fifo_gen/gconvfifo.rf/grf.rf/gntv_or_sync_fifo.mem/gbm.gbmg.gbmga.ngecc.bmg/inst_blk_mem_gen/gnbram.gnativebmg.native_blk_mem_gen/valid.cstr/ramloop[0].ram.r/prim_noinit.ram/DEVICE_7SERIES.NO_BMM_INFO.SDP.SIMPLE_PRIM36.ram
  -------------------------------------------------------------------
                         required time                         19.515    
                         arrival time                         -11.015    
  -------------------------------------------------------------------
                         slack                                  8.499    

Slack (MET) :             8.506ns  (required time - arrival time)
  Source:                 camera_fifo_inst/U0/inst_fifo_gen/gconvfifo.rf/grf.rf/gntv_or_sync_fifo.gcx.clkx/rd_pntr_cdc_inst/dest_out_bin_ff_reg[1]/C
                            (rising edge-triggered cell FDRE clocked by cmos2_pclk  {rise@0.000ns fall@5.952ns period=11.904ns})
  Destination:            camera_fifo_inst/U0/inst_fifo_gen/gconvfifo.rf/grf.rf/gntv_or_sync_fifo.gl0.wr/gwas.wsts/ram_full_fb_i_reg/D
                            (rising edge-triggered cell FDSE clocked by cmos2_pclk  {rise@0.000ns fall@5.952ns period=11.904ns})
  Path Group:             cmos2_pclk
  Path Type:              Setup (Max at Slow Process Corner)
  Requirement:            11.904ns  (cmos2_pclk rise@11.904ns - cmos2_pclk rise@0.000ns)
  Data Path Delay:        3.257ns  (logic 1.331ns (40.863%)  route 1.926ns (59.137%))
  Logic Levels:           4  (CARRY4=2 LUT4=1 LUT5=1)
  Clock Path Skew:        -0.030ns (DCD - SCD + CPR)
    Destination Clock Delay (DCD):    7.054ns = ( 18.958 - 11.904 ) 
    Source Clock Delay      (SCD):    8.036ns
    Clock Pessimism Removal (CPR):    0.952ns
  Clock Uncertainty:      0.035ns  ((TSJ^2 + TIJ^2)^1/2 + DJ) / 2 + PE
    Total System Jitter     (TSJ):    0.071ns
    Total Input Jitter      (TIJ):    0.000ns
    Discrete Jitter          (DJ):    0.000ns
    Phase Error              (PE):    0.000ns

    Location             Delay type                Incr(ns)  Path(ns)    Netlist Resource(s)
  -------------------------------------------------------------------    -------------------
                         (clock cmos2_pclk rise edge)
                                                      0.000     0.000 r  
    A15                                               0.000     0.000 r  cmos2_pclk (IN)
                         net (fo=0)                   0.000     0.000    cmos2_pclk
    A15                  IBUF (Prop_ibuf_I_O)         1.433     1.433 r  cmos2_pclk_IBUF_inst/O
                         net (fo=1, routed)           3.978     5.411    cmos_select_inst/cmos2_pclk_IBUF
    SLICE_X32Y58         LUT3 (Prop_lut3_I2_O)        0.115     5.526 r  cmos_select_inst/camera_fifo_inst_i_1/O
                         net (fo=1, routed)           0.912     6.437    cmos_select_inst/cmos_pclk
    BUFGCTRL_X0Y2        BUFG (Prop_bufg_I_O)         0.243     6.680 r  cmos_select_inst/cmos_pclk_BUFG_inst/O
                         net (fo=130, routed)         1.356     8.036    camera_fifo_inst/U0/inst_fifo_gen/gconvfifo.rf/grf.rf/gntv_or_sync_fifo.gcx.clkx/rd_pntr_cdc_inst/dest_clk
    SLICE_X31Y19         FDRE                                         r  camera_fifo_inst/U0/inst_fifo_gen/gconvfifo.rf/grf.rf/gntv_or_sync_fifo.gcx.clkx/rd_pntr_cdc_inst/dest_out_bin_ff_reg[1]/C
  -------------------------------------------------------------------    -------------------
    SLICE_X31Y19         FDRE (Prop_fdre_C_Q)         0.379     8.415 r  camera_fifo_inst/U0/inst_fifo_gen/gconvfifo.rf/grf.rf/gntv_or_sync_fifo.gcx.clkx/rd_pntr_cdc_inst/dest_out_bin_ff_reg[1]/Q
                         net (fo=2, routed)           0.780     9.195    camera_fifo_inst/U0/inst_fifo_gen/gconvfifo.rf/grf.rf/gntv_or_sync_fifo.gl0.wr/gwas.wsts/c2/RD_PNTR_WR[1]
    SLICE_X33Y19         LUT4 (Prop_lut4_I2_O)        0.105     9.300 r  camera_fifo_inst/U0/inst_fifo_gen/gconvfifo.rf/grf.rf/gntv_or_sync_fifo.gl0.wr/gwas.wsts/c2/gmux.gm[0].gm1.m1_i_1/O
                         net (fo=1, routed)           0.000     9.300    camera_fifo_inst/U0/inst_fifo_gen/gconvfifo.rf/grf.rf/gntv_or_sync_fifo.gl0.wr/gwas.wsts/c2/v1_reg[0]
    SLICE_X33Y19         CARRY4 (Prop_carry4_S[0]_CO[3])
                                                      0.440     9.740 r  camera_fifo_inst/U0/inst_fifo_gen/gconvfifo.rf/grf.rf/gntv_or_sync_fifo.gl0.wr/gwas.wsts/c2/gmux.gm[0].gm1.m1_CARRY4/CO[3]
                         net (fo=1, routed)           0.000     9.740    camera_fifo_inst/U0/inst_fifo_gen/gconvfifo.rf/grf.rf/gntv_or_sync_fifo.gl0.wr/gwas.wsts/c2/carrynet_3
    SLICE_X33Y20         CARRY4 (Prop_carry4_CI_CO[1])
                                                      0.132     9.872 r  camera_fifo_inst/U0/inst_fifo_gen/gconvfifo.rf/grf.rf/gntv_or_sync_fifo.gl0.wr/gwas.wsts/c2/gmux.gm[4].gms.ms_CARRY4/CO[1]
                         net (fo=1, routed)           0.776    10.648    camera_fifo_inst/U0/inst_fifo_gen/gconvfifo.rf/grf.rf/gntv_or_sync_fifo.gl0.wr/gwas.wsts/comp2
    SLICE_X31Y22         LUT5 (Prop_lut5_I0_O)        0.275    10.923 r  camera_fifo_inst/U0/inst_fifo_gen/gconvfifo.rf/grf.rf/gntv_or_sync_fifo.gl0.wr/gwas.wsts//i_/O
                         net (fo=2, routed)           0.370    11.293    camera_fifo_inst/U0/inst_fifo_gen/gconvfifo.rf/grf.rf/gntv_or_sync_fifo.gl0.wr/gwas.wsts//i__n_0
    SLICE_X31Y23         FDSE                                         r  camera_fifo_inst/U0/inst_fifo_gen/gconvfifo.rf/grf.rf/gntv_or_sync_fifo.gl0.wr/gwas.wsts/ram_full_fb_i_reg/D
  -------------------------------------------------------------------    -------------------

                         (clock cmos2_pclk rise edge)
                                                     11.904    11.904 r  
    A15                                               0.000    11.904 r  cmos2_pclk (IN)
                         net (fo=0)                   0.000    11.904    cmos2_pclk
    A15                  IBUF (Prop_ibuf_I_O)         1.367    13.271 r  cmos2_pclk_IBUF_inst/O
                         net (fo=1, routed)           3.351    16.622    cmos_select_inst/cmos2_pclk_IBUF
    SLICE_X32Y58         LUT3 (Prop_lut3_I2_O)        0.093    16.715 r  cmos_select_inst/camera_fifo_inst_i_1/O
                         net (fo=1, routed)           0.792    17.506    cmos_select_inst/cmos_pclk
    BUFGCTRL_X0Y2        BUFG (Prop_bufg_I_O)         0.208    17.714 r  cmos_select_inst/cmos_pclk_BUFG_inst/O
                         net (fo=130, routed)         1.244    18.958    camera_fifo_inst/U0/inst_fifo_gen/gconvfifo.rf/grf.rf/gntv_or_sync_fifo.gl0.wr/gwas.wsts/wr_clk
    SLICE_X31Y23         FDSE                                         r  camera_fifo_inst/U0/inst_fifo_gen/gconvfifo.rf/grf.rf/gntv_or_sync_fifo.gl0.wr/gwas.wsts/ram_full_fb_i_reg/C
                         clock pessimism              0.952    19.910    
                         clock uncertainty           -0.035    19.875    
    SLICE_X31Y23         FDSE (Setup_fdse_C_D)       -0.075    19.800    camera_fifo_inst/U0/inst_fifo_gen/gconvfifo.rf/grf.rf/gntv_or_sync_fifo.gl0.wr/gwas.wsts/ram_full_fb_i_reg
  -------------------------------------------------------------------
                         required time                         19.800    
                         arrival time                         -11.293    
  -------------------------------------------------------------------
                         slack                                  8.506    

Slack (MET) :             8.637ns  (required time - arrival time)
  Source:                 camera_fifo_inst/U0/inst_fifo_gen/gconvfifo.rf/grf.rf/gntv_or_sync_fifo.gcx.clkx/rd_pntr_cdc_inst/dest_out_bin_ff_reg[1]/C
                            (rising edge-triggered cell FDRE clocked by cmos2_pclk  {rise@0.000ns fall@5.952ns period=11.904ns})
  Destination:            camera_fifo_inst/U0/inst_fifo_gen/gconvfifo.rf/grf.rf/gntv_or_sync_fifo.gl0.wr/gwas.wsts/ram_full_i_reg/D
                            (rising edge-triggered cell FDSE clocked by cmos2_pclk  {rise@0.000ns fall@5.952ns period=11.904ns})
  Path Group:             cmos2_pclk
  Path Type:              Setup (Max at Slow Process Corner)
  Requirement:            11.904ns  (cmos2_pclk rise@11.904ns - cmos2_pclk rise@0.000ns)
  Data Path Delay:        3.142ns  (logic 1.331ns (42.356%)  route 1.811ns (57.644%))
  Logic Levels:           4  (CARRY4=2 LUT4=1 LUT5=1)
  Clock Path Skew:        -0.030ns (DCD - SCD + CPR)
    Destination Clock Delay (DCD):    7.054ns = ( 18.958 - 11.904 ) 
    Source Clock Delay      (SCD):    8.036ns
    Clock Pessimism Removal (CPR):    0.952ns
  Clock Uncertainty:      0.035ns  ((TSJ^2 + TIJ^2)^1/2 + DJ) / 2 + PE
    Total System Jitter     (TSJ):    0.071ns
    Total Input Jitter      (TIJ):    0.000ns
    Discrete Jitter          (DJ):    0.000ns
    Phase Error              (PE):    0.000ns

    Location             Delay type                Incr(ns)  Path(ns)    Netlist Resource(s)
  -------------------------------------------------------------------    -------------------
                         (clock cmos2_pclk rise edge)
                                                      0.000     0.000 r  
    A15                                               0.000     0.000 r  cmos2_pclk (IN)
                         net (fo=0)                   0.000     0.000    cmos2_pclk
    A15                  IBUF (Prop_ibuf_I_O)         1.433     1.433 r  cmos2_pclk_IBUF_inst/O
                         net (fo=1, routed)           3.978     5.411    cmos_select_inst/cmos2_pclk_IBUF
    SLICE_X32Y58         LUT3 (Prop_lut3_I2_O)        0.115     5.526 r  cmos_select_inst/camera_fifo_inst_i_1/O
                         net (fo=1, routed)           0.912     6.437    cmos_select_inst/cmos_pclk
    BUFGCTRL_X0Y2        BUFG (Prop_bufg_I_O)         0.243     6.680 r  cmos_select_inst/cmos_pclk_BUFG_inst/O
                         net (fo=130, routed)         1.356     8.036    camera_fifo_inst/U0/inst_fifo_gen/gconvfifo.rf/grf.rf/gntv_or_sync_fifo.gcx.clkx/rd_pntr_cdc_inst/dest_clk
    SLICE_X31Y19         FDRE                                         r  camera_fifo_inst/U0/inst_fifo_gen/gconvfifo.rf/grf.rf/gntv_or_sync_fifo.gcx.clkx/rd_pntr_cdc_inst/dest_out_bin_ff_reg[1]/C
  -------------------------------------------------------------------    -------------------
    SLICE_X31Y19         FDRE (Prop_fdre_C_Q)         0.379     8.415 r  camera_fifo_inst/U0/inst_fifo_gen/gconvfifo.rf/grf.rf/gntv_or_sync_fifo.gcx.clkx/rd_pntr_cdc_inst/dest_out_bin_ff_reg[1]/Q
                         net (fo=2, routed)           0.780     9.195    camera_fifo_inst/U0/inst_fifo_gen/gconvfifo.rf/grf.rf/gntv_or_sync_fifo.gl0.wr/gwas.wsts/c2/RD_PNTR_WR[1]
    SLICE_X33Y19         LUT4 (Prop_lut4_I2_O)        0.105     9.300 r  camera_fifo_inst/U0/inst_fifo_gen/gconvfifo.rf/grf.rf/gntv_or_sync_fifo.gl0.wr/gwas.wsts/c2/gmux.gm[0].gm1.m1_i_1/O
                         net (fo=1, routed)           0.000     9.300    camera_fifo_inst/U0/inst_fifo_gen/gconvfifo.rf/grf.rf/gntv_or_sync_fifo.gl0.wr/gwas.wsts/c2/v1_reg[0]
    SLICE_X33Y19         CARRY4 (Prop_carry4_S[0]_CO[3])
                                                      0.440     9.740 r  camera_fifo_inst/U0/inst_fifo_gen/gconvfifo.rf/grf.rf/gntv_or_sync_fifo.gl0.wr/gwas.wsts/c2/gmux.gm[0].gm1.m1_CARRY4/CO[3]
                         net (fo=1, routed)           0.000     9.740    camera_fifo_inst/U0/inst_fifo_gen/gconvfifo.rf/grf.rf/gntv_or_sync_fifo.gl0.wr/gwas.wsts/c2/carrynet_3
    SLICE_X33Y20         CARRY4 (Prop_carry4_CI_CO[1])
                                                      0.132     9.872 r  camera_fifo_inst/U0/inst_fifo_gen/gconvfifo.rf/grf.rf/gntv_or_sync_fifo.gl0.wr/gwas.wsts/c2/gmux.gm[4].gms.ms_CARRY4/CO[1]
                         net (fo=1, routed)           0.776    10.648    camera_fifo_inst/U0/inst_fifo_gen/gconvfifo.rf/grf.rf/gntv_or_sync_fifo.gl0.wr/gwas.wsts/comp2
    SLICE_X31Y22         LUT5 (Prop_lut5_I0_O)        0.275    10.923 r  camera_fifo_inst/U0/inst_fifo_gen/gconvfifo.rf/grf.rf/gntv_or_sync_fifo.gl0.wr/gwas.wsts//i_/O
                         net (fo=2, routed)           0.256    11.179    camera_fifo_inst/U0/inst_fifo_gen/gconvfifo.rf/grf.rf/gntv_or_sync_fifo.gl0.wr/gwas.wsts//i__n_0
    SLICE_X31Y23         FDSE                                         r  camera_fifo_inst/U0/inst_fifo_gen/gconvfifo.rf/grf.rf/gntv_or_sync_fifo.gl0.wr/gwas.wsts/ram_full_i_reg/D
  -------------------------------------------------------------------    -------------------

                         (clock cmos2_pclk rise edge)
                                                     11.904    11.904 r  
    A15                                               0.000    11.904 r  cmos2_pclk (IN)
                         net (fo=0)                   0.000    11.904    cmos2_pclk
    A15                  IBUF (Prop_ibuf_I_O)         1.367    13.271 r  cmos2_pclk_IBUF_inst/O
                         net (fo=1, routed)           3.351    16.622    cmos_select_inst/cmos2_pclk_IBUF
    SLICE_X32Y58         LUT3 (Prop_lut3_I2_O)        0.093    16.715 r  cmos_select_inst/camera_fifo_inst_i_1/O
                         net (fo=1, routed)           0.792    17.506    cmos_select_inst/cmos_pclk
    BUFGCTRL_X0Y2        BUFG (Prop_bufg_I_O)         0.208    17.714 r  cmos_select_inst/cmos_pclk_BUFG_inst/O
                         net (fo=130, routed)         1.244    18.958    camera_fifo_inst/U0/inst_fifo_gen/gconvfifo.rf/grf.rf/gntv_or_sync_fifo.gl0.wr/gwas.wsts/wr_clk
    SLICE_X31Y23         FDSE                                         r  camera_fifo_inst/U0/inst_fifo_gen/gconvfifo.rf/grf.rf/gntv_or_sync_fifo.gl0.wr/gwas.wsts/ram_full_i_reg/C
                         clock pessimism              0.952    19.910    
                         clock uncertainty           -0.035    19.875    
    SLICE_X31Y23         FDSE (Setup_fdse_C_D)       -0.059    19.816    camera_fifo_inst/U0/inst_fifo_gen/gconvfifo.rf/grf.rf/gntv_or_sync_fifo.gl0.wr/gwas.wsts/ram_full_i_reg
  -------------------------------------------------------------------
                         required time                         19.816    
                         arrival time                         -11.179    
  -------------------------------------------------------------------
                         slack                                  8.637    

Slack (MET) :             8.876ns  (required time - arrival time)
  Source:                 camera_fifo_inst/U0/inst_fifo_gen/gconvfifo.rf/grf.rf/gntv_or_sync_fifo.gcx.clkx/rd_pntr_cdc_inst/dest_graysync_ff_reg[1][11]/C
                            (rising edge-triggered cell FDRE clocked by cmos2_pclk  {rise@0.000ns fall@5.952ns period=11.904ns})
  Destination:            camera_fifo_inst/U0/inst_fifo_gen/gconvfifo.rf/grf.rf/gntv_or_sync_fifo.gcx.clkx/rd_pntr_cdc_inst/dest_out_bin_ff_reg[1]/D
                            (rising edge-triggered cell FDRE clocked by cmos2_pclk  {rise@0.000ns fall@5.952ns period=11.904ns})
  Path Group:             cmos2_pclk
  Path Type:              Setup (Max at Slow Process Corner)
  Requirement:            11.904ns  (cmos2_pclk rise@11.904ns - cmos2_pclk rise@0.000ns)
  Data Path Delay:        2.879ns  (logic 0.692ns (24.034%)  route 2.187ns (75.966%))
  Logic Levels:           2  (LUT6=2)
  Clock Path Skew:        -0.039ns (DCD - SCD + CPR)
    Destination Clock Delay (DCD):    7.059ns = ( 18.963 - 11.904 ) 
    Source Clock Delay      (SCD):    8.034ns
    Clock Pessimism Removal (CPR):    0.936ns
  Clock Uncertainty:      0.035ns  ((TSJ^2 + TIJ^2)^1/2 + DJ) / 2 + PE
    Total System Jitter     (TSJ):    0.071ns
    Total Input Jitter      (TIJ):    0.000ns
    Discrete Jitter          (DJ):    0.000ns
    Phase Error              (PE):    0.000ns

    Location             Delay type                Incr(ns)  Path(ns)    Netlist Resource(s)
  -------------------------------------------------------------------    -------------------
                         (clock cmos2_pclk rise edge)
                                                      0.000     0.000 r  
    A15                                               0.000     0.000 r  cmos2_pclk (IN)
                         net (fo=0)                   0.000     0.000    cmos2_pclk
    A15                  IBUF (Prop_ibuf_I_O)         1.433     1.433 r  cmos2_pclk_IBUF_inst/O
                         net (fo=1, routed)           3.978     5.411    cmos_select_inst/cmos2_pclk_IBUF
    SLICE_X32Y58         LUT3 (Prop_lut3_I2_O)        0.115     5.526 r  cmos_select_inst/camera_fifo_inst_i_1/O
                         net (fo=1, routed)           0.912     6.437    cmos_select_inst/cmos_pclk
    BUFGCTRL_X0Y2        BUFG (Prop_bufg_I_O)         0.243     6.680 r  cmos_select_inst/cmos_pclk_BUFG_inst/O
                         net (fo=130, routed)         1.354     8.034    camera_fifo_inst/U0/inst_fifo_gen/gconvfifo.rf/grf.rf/gntv_or_sync_fifo.gcx.clkx/rd_pntr_cdc_inst/dest_clk
    SLICE_X29Y21         FDRE                                         r  camera_fifo_inst/U0/inst_fifo_gen/gconvfifo.rf/grf.rf/gntv_or_sync_fifo.gcx.clkx/rd_pntr_cdc_inst/dest_graysync_ff_reg[1][11]/C
  -------------------------------------------------------------------    -------------------
    SLICE_X29Y21         FDRE (Prop_fdre_C_Q)         0.348     8.382 r  camera_fifo_inst/U0/inst_fifo_gen/gconvfifo.rf/grf.rf/gntv_or_sync_fifo.gcx.clkx/rd_pntr_cdc_inst/dest_graysync_ff_reg[1][11]/Q
                         net (fo=6, routed)           0.829     9.211    camera_fifo_inst/U0/inst_fifo_gen/gconvfifo.rf/grf.rf/gntv_or_sync_fifo.gcx.clkx/rd_pntr_cdc_inst/dest_graysync_ff[1][11]
    SLICE_X30Y21         LUT6 (Prop_lut6_I3_O)        0.239     9.450 r  camera_fifo_inst/U0/inst_fifo_gen/gconvfifo.rf/grf.rf/gntv_or_sync_fifo.gcx.clkx/rd_pntr_cdc_inst/dest_out_bin_ff[6]_i_1/O
                         net (fo=6, routed)           0.691    10.141    camera_fifo_inst/U0/inst_fifo_gen/gconvfifo.rf/grf.rf/gntv_or_sync_fifo.gcx.clkx/rd_pntr_cdc_inst/binval[6]
    SLICE_X30Y18         LUT6 (Prop_lut6_I3_O)        0.105    10.246 r  camera_fifo_inst/U0/inst_fifo_gen/gconvfifo.rf/grf.rf/gntv_or_sync_fifo.gcx.clkx/rd_pntr_cdc_inst/dest_out_bin_ff[1]_i_1/O
                         net (fo=2, routed)           0.667    10.913    camera_fifo_inst/U0/inst_fifo_gen/gconvfifo.rf/grf.rf/gntv_or_sync_fifo.gcx.clkx/rd_pntr_cdc_inst/binval[1]
    SLICE_X31Y19         FDRE                                         r  camera_fifo_inst/U0/inst_fifo_gen/gconvfifo.rf/grf.rf/gntv_or_sync_fifo.gcx.clkx/rd_pntr_cdc_inst/dest_out_bin_ff_reg[1]/D
  -------------------------------------------------------------------    -------------------

                         (clock cmos2_pclk rise edge)
                                                     11.904    11.904 r  
    A15                                               0.000    11.904 r  cmos2_pclk (IN)
                         net (fo=0)                   0.000    11.904    cmos2_pclk
    A15                  IBUF (Prop_ibuf_I_O)         1.367    13.271 r  cmos2_pclk_IBUF_inst/O
                         net (fo=1, routed)           3.351    16.622    cmos_select_inst/cmos2_pclk_IBUF
    SLICE_X32Y58         LUT3 (Prop_lut3_I2_O)        0.093    16.715 r  cmos_select_inst/camera_fifo_inst_i_1/O
                         net (fo=1, routed)           0.792    17.506    cmos_select_inst/cmos_pclk
    BUFGCTRL_X0Y2        BUFG (Prop_bufg_I_O)         0.208    17.714 r  cmos_select_inst/cmos_pclk_BUFG_inst/O
                         net (fo=130, routed)         1.249    18.963    camera_fifo_inst/U0/inst_fifo_gen/gconvfifo.rf/grf.rf/gntv_or_sync_fifo.gcx.clkx/rd_pntr_cdc_inst/dest_clk
    SLICE_X31Y19         FDRE                                         r  camera_fifo_inst/U0/inst_fifo_gen/gconvfifo.rf/grf.rf/gntv_or_sync_fifo.gcx.clkx/rd_pntr_cdc_inst/dest_out_bin_ff_reg[1]/C
                         clock pessimism              0.936    19.899    
                         clock uncertainty           -0.035    19.864    
    SLICE_X31Y19         FDRE (Setup_fdre_C_D)       -0.074    19.790    camera_fifo_inst/U0/inst_fifo_gen/gconvfifo.rf/grf.rf/gntv_or_sync_fifo.gcx.clkx/rd_pntr_cdc_inst/dest_out_bin_ff_reg[1]
  -------------------------------------------------------------------
                         required time                         19.790    
                         arrival time                         -10.913    
  -------------------------------------------------------------------
                         slack                                  8.876    

Slack (MET) :             9.015ns  (required time - arrival time)
  Source:                 camera_fifo_inst/U0/inst_fifo_gen/gconvfifo.rf/grf.rf/gntv_or_sync_fifo.gcx.clkx/rd_pntr_cdc_inst/dest_graysync_ff_reg[1][11]/C
                            (rising edge-triggered cell FDRE clocked by cmos2_pclk  {rise@0.000ns fall@5.952ns period=11.904ns})
  Destination:            camera_fifo_inst/U0/inst_fifo_gen/gconvfifo.rf/grf.rf/gntv_or_sync_fifo.gcx.clkx/rd_pntr_cdc_inst/dest_out_bin_ff_reg[0]/D
                            (rising edge-triggered cell FDRE clocked by cmos2_pclk  {rise@0.000ns fall@5.952ns period=11.904ns})
  Path Group:             cmos2_pclk
  Path Type:              Setup (Max at Slow Process Corner)
  Requirement:            11.904ns  (cmos2_pclk rise@11.904ns - cmos2_pclk rise@0.000ns)
  Data Path Delay:        2.887ns  (logic 0.797ns (27.604%)  route 2.090ns (72.396%))
  Logic Levels:           3  (LUT2=1 LUT6=2)
  Clock Path Skew:        -0.038ns (DCD - SCD + CPR)
    Destination Clock Delay (DCD):    7.060ns = ( 18.964 - 11.904 ) 
    Source Clock Delay      (SCD):    8.034ns
    Clock Pessimism Removal (CPR):    0.936ns
  Clock Uncertainty:      0.035ns  ((TSJ^2 + TIJ^2)^1/2 + DJ) / 2 + PE
    Total System Jitter     (TSJ):    0.071ns
    Total Input Jitter      (TIJ):    0.000ns
    Discrete Jitter          (DJ):    0.000ns
    Phase Error              (PE):    0.000ns

    Location             Delay type                Incr(ns)  Path(ns)    Netlist Resource(s)
  -------------------------------------------------------------------    -------------------
                         (clock cmos2_pclk rise edge)
                                                      0.000     0.000 r  
    A15                                               0.000     0.000 r  cmos2_pclk (IN)
                         net (fo=0)                   0.000     0.000    cmos2_pclk
    A15                  IBUF (Prop_ibuf_I_O)         1.433     1.433 r  cmos2_pclk_IBUF_inst/O
                         net (fo=1, routed)           3.978     5.411    cmos_select_inst/cmos2_pclk_IBUF
    SLICE_X32Y58         LUT3 (Prop_lut3_I2_O)        0.115     5.526 r  cmos_select_inst/camera_fifo_inst_i_1/O
                         net (fo=1, routed)           0.912     6.437    cmos_select_inst/cmos_pclk
    BUFGCTRL_X0Y2        BUFG (Prop_bufg_I_O)         0.243     6.680 r  cmos_select_inst/cmos_pclk_BUFG_inst/O
                         net (fo=130, routed)         1.354     8.034    camera_fifo_inst/U0/inst_fifo_gen/gconvfifo.rf/grf.rf/gntv_or_sync_fifo.gcx.clkx/rd_pntr_cdc_inst/dest_clk
    SLICE_X29Y21         FDRE                                         r  camera_fifo_inst/U0/inst_fifo_gen/gconvfifo.rf/grf.rf/gntv_or_sync_fifo.gcx.clkx/rd_pntr_cdc_inst/dest_graysync_ff_reg[1][11]/C
  -------------------------------------------------------------------    -------------------
    SLICE_X29Y21         FDRE (Prop_fdre_C_Q)         0.348     8.382 r  camera_fifo_inst/U0/inst_fifo_gen/gconvfifo.rf/grf.rf/gntv_or_sync_fifo.gcx.clkx/rd_pntr_cdc_inst/dest_graysync_ff_reg[1][11]/Q
                         net (fo=6, routed)           0.829     9.211    camera_fifo_inst/U0/inst_fifo_gen/gconvfifo.rf/grf.rf/gntv_or_sync_fifo.gcx.clkx/rd_pntr_cdc_inst/dest_graysync_ff[1][11]
    SLICE_X30Y21         LUT6 (Prop_lut6_I3_O)        0.239     9.450 r  camera_fifo_inst/U0/inst_fifo_gen/gconvfifo.rf/grf.rf/gntv_or_sync_fifo.gcx.clkx/rd_pntr_cdc_inst/dest_out_bin_ff[6]_i_1/O
                         net (fo=6, routed)           0.691    10.141    camera_fifo_inst/U0/inst_fifo_gen/gconvfifo.rf/grf.rf/gntv_or_sync_fifo.gcx.clkx/rd_pntr_cdc_inst/binval[6]
    SLICE_X30Y18         LUT6 (Prop_lut6_I3_O)        0.105    10.246 r  camera_fifo_inst/U0/inst_fifo_gen/gconvfifo.rf/grf.rf/gntv_or_sync_fifo.gcx.clkx/rd_pntr_cdc_inst/dest_out_bin_ff[1]_i_1/O
                         net (fo=2, routed)           0.570    10.816    camera_fifo_inst/U0/inst_fifo_gen/gconvfifo.rf/grf.rf/gntv_or_sync_fifo.gcx.clkx/rd_pntr_cdc_inst/binval[1]
    SLICE_X30Y18         LUT2 (Prop_lut2_I1_O)        0.105    10.921 r  camera_fifo_inst/U0/inst_fifo_gen/gconvfifo.rf/grf.rf/gntv_or_sync_fifo.gcx.clkx/rd_pntr_cdc_inst/dest_out_bin_ff[0]_i_1/O
                         net (fo=1, routed)           0.000    10.921    camera_fifo_inst/U0/inst_fifo_gen/gconvfifo.rf/grf.rf/gntv_or_sync_fifo.gcx.clkx/rd_pntr_cdc_inst/binval[0]
    SLICE_X30Y18         FDRE                                         r  camera_fifo_inst/U0/inst_fifo_gen/gconvfifo.rf/grf.rf/gntv_or_sync_fifo.gcx.clkx/rd_pntr_cdc_inst/dest_out_bin_ff_reg[0]/D
  -------------------------------------------------------------------    -------------------

                         (clock cmos2_pclk rise edge)
                                                     11.904    11.904 r  
    A15                                               0.000    11.904 r  cmos2_pclk (IN)
                         net (fo=0)                   0.000    11.904    cmos2_pclk
    A15                  IBUF (Prop_ibuf_I_O)         1.367    13.271 r  cmos2_pclk_IBUF_inst/O
                         net (fo=1, routed)           3.351    16.622    cmos_select_inst/cmos2_pclk_IBUF
    SLICE_X32Y58         LUT3 (Prop_lut3_I2_O)        0.093    16.715 r  cmos_select_inst/camera_fifo_inst_i_1/O
                         net (fo=1, routed)           0.792    17.506    cmos_select_inst/cmos_pclk
    BUFGCTRL_X0Y2        BUFG (Prop_bufg_I_O)         0.208    17.714 r  cmos_select_inst/cmos_pclk_BUFG_inst/O
                         net (fo=130, routed)         1.250    18.964    camera_fifo_inst/U0/inst_fifo_gen/gconvfifo.rf/grf.rf/gntv_or_sync_fifo.gcx.clkx/rd_pntr_cdc_inst/dest_clk
    SLICE_X30Y18         FDRE                                         r  camera_fifo_inst/U0/inst_fifo_gen/gconvfifo.rf/grf.rf/gntv_or_sync_fifo.gcx.clkx/rd_pntr_cdc_inst/dest_out_bin_ff_reg[0]/C
                         clock pessimism              0.936    19.900    
                         clock uncertainty           -0.035    19.865    
    SLICE_X30Y18         FDRE (Setup_fdre_C_D)        0.072    19.937    camera_fifo_inst/U0/inst_fifo_gen/gconvfifo.rf/grf.rf/gntv_or_sync_fifo.gcx.clkx/rd_pntr_cdc_inst/dest_out_bin_ff_reg[0]
  -------------------------------------------------------------------
                         required time                         19.937    
                         arrival time                         -10.921    
  -------------------------------------------------------------------
                         slack                                  9.015    

Slack (MET) :             9.456ns  (required time - arrival time)
  Source:                 camera_delay_inst/cmos_href_buf_reg[2]__0/C
                            (rising edge-triggered cell FDRE clocked by cmos2_pclk  {rise@0.000ns fall@5.952ns period=11.904ns})
  Destination:            camera_fifo_inst/U0/inst_fifo_gen/gconvfifo.rf/grf.rf/gntv_or_sync_fifo.gl0.wr/wpntr/gic0.gc0.count_d2_reg[0]/CE
                            (rising edge-triggered cell FDRE clocked by cmos2_pclk  {rise@0.000ns fall@5.952ns period=11.904ns})
  Path Group:             cmos2_pclk
  Path Type:              Setup (Max at Slow Process Corner)
  Requirement:            11.904ns  (cmos2_pclk rise@11.904ns - cmos2_pclk rise@0.000ns)
  Data Path Delay:        2.247ns  (logic 0.630ns (28.036%)  route 1.617ns (71.964%))
  Logic Levels:           1  (LUT2=1)
  Clock Path Skew:        -0.030ns (DCD - SCD + CPR)
    Destination Clock Delay (DCD):    7.063ns = ( 18.967 - 11.904 ) 
    Source Clock Delay      (SCD):    8.029ns
    Clock Pessimism Removal (CPR):    0.936ns
  Clock Uncertainty:      0.035ns  ((TSJ^2 + TIJ^2)^1/2 + DJ) / 2 + PE
    Total System Jitter     (TSJ):    0.071ns
    Total Input Jitter      (TIJ):    0.000ns
    Discrete Jitter          (DJ):    0.000ns
    Phase Error              (PE):    0.000ns

    Location             Delay type                Incr(ns)  Path(ns)    Netlist Resource(s)
  -------------------------------------------------------------------    -------------------
                         (clock cmos2_pclk rise edge)
                                                      0.000     0.000 r  
    A15                                               0.000     0.000 r  cmos2_pclk (IN)
                         net (fo=0)                   0.000     0.000    cmos2_pclk
    A15                  IBUF (Prop_ibuf_I_O)         1.433     1.433 r  cmos2_pclk_IBUF_inst/O
                         net (fo=1, routed)           3.978     5.411    cmos_select_inst/cmos2_pclk_IBUF
    SLICE_X32Y58         LUT3 (Prop_lut3_I2_O)        0.115     5.526 r  cmos_select_inst/camera_fifo_inst_i_1/O
                         net (fo=1, routed)           0.912     6.437    cmos_select_inst/cmos_pclk
    BUFGCTRL_X0Y2        BUFG (Prop_bufg_I_O)         0.243     6.680 r  cmos_select_inst/cmos_pclk_BUFG_inst/O
                         net (fo=130, routed)         1.349     8.029    camera_delay_inst/cmos_pclk
    SLICE_X30Y25         FDRE                                         r  camera_delay_inst/cmos_href_buf_reg[2]__0/C
  -------------------------------------------------------------------    -------------------
    SLICE_X30Y25         FDRE (Prop_fdre_C_Q)         0.398     8.427 r  camera_delay_inst/cmos_href_buf_reg[2]__0/Q
                         net (fo=2, routed)           0.811     9.238    camera_fifo_inst/U0/inst_fifo_gen/gconvfifo.rf/grf.rf/gntv_or_sync_fifo.gl0.wr/gwas.wsts/wr_en
    SLICE_X31Y22         LUT2 (Prop_lut2_I0_O)        0.232     9.470 r  camera_fifo_inst/U0/inst_fifo_gen/gconvfifo.rf/grf.rf/gntv_or_sync_fifo.gl0.wr/gwas.wsts/DEVICE_7SERIES.NO_BMM_INFO.SDP.SIMPLE_PRIM36.ram_i_4/O
                         net (fo=37, routed)          0.806    10.276    camera_fifo_inst/U0/inst_fifo_gen/gconvfifo.rf/grf.rf/gntv_or_sync_fifo.gl0.wr/wpntr/E[0]
    SLICE_X14Y19         FDRE                                         r  camera_fifo_inst/U0/inst_fifo_gen/gconvfifo.rf/grf.rf/gntv_or_sync_fifo.gl0.wr/wpntr/gic0.gc0.count_d2_reg[0]/CE
  -------------------------------------------------------------------    -------------------

                         (clock cmos2_pclk rise edge)
                                                     11.904    11.904 r  
    A15                                               0.000    11.904 r  cmos2_pclk (IN)
                         net (fo=0)                   0.000    11.904    cmos2_pclk
    A15                  IBUF (Prop_ibuf_I_O)         1.367    13.271 r  cmos2_pclk_IBUF_inst/O
                         net (fo=1, routed)           3.351    16.622    cmos_select_inst/cmos2_pclk_IBUF
    SLICE_X32Y58         LUT3 (Prop_lut3_I2_O)        0.093    16.715 r  cmos_select_inst/camera_fifo_inst_i_1/O
                         net (fo=1, routed)           0.792    17.506    cmos_select_inst/cmos_pclk
    BUFGCTRL_X0Y2        BUFG (Prop_bufg_I_O)         0.208    17.714 r  cmos_select_inst/cmos_pclk_BUFG_inst/O
                         net (fo=130, routed)         1.253    18.967    camera_fifo_inst/U0/inst_fifo_gen/gconvfifo.rf/grf.rf/gntv_or_sync_fifo.gl0.wr/wpntr/wr_clk
    SLICE_X14Y19         FDRE                                         r  camera_fifo_inst/U0/inst_fifo_gen/gconvfifo.rf/grf.rf/gntv_or_sync_fifo.gl0.wr/wpntr/gic0.gc0.count_d2_reg[0]/C
                         clock pessimism              0.936    19.903    
                         clock uncertainty           -0.035    19.868    
    SLICE_X14Y19         FDRE (Setup_fdre_C_CE)      -0.136    19.732    camera_fifo_inst/U0/inst_fifo_gen/gconvfifo.rf/grf.rf/gntv_or_sync_fifo.gl0.wr/wpntr/gic0.gc0.count_d2_reg[0]
  -------------------------------------------------------------------
                         required time                         19.732    
                         arrival time                         -10.276    
  -------------------------------------------------------------------
                         slack                                  9.456    

Slack (MET) :             9.456ns  (required time - arrival time)
  Source:                 camera_delay_inst/cmos_href_buf_reg[2]__0/C
                            (rising edge-triggered cell FDRE clocked by cmos2_pclk  {rise@0.000ns fall@5.952ns period=11.904ns})
  Destination:            camera_fifo_inst/U0/inst_fifo_gen/gconvfifo.rf/grf.rf/gntv_or_sync_fifo.gl0.wr/wpntr/gic0.gc0.count_d2_reg[1]/CE
                            (rising edge-triggered cell FDRE clocked by cmos2_pclk  {rise@0.000ns fall@5.952ns period=11.904ns})
  Path Group:             cmos2_pclk
  Path Type:              Setup (Max at Slow Process Corner)
  Requirement:            11.904ns  (cmos2_pclk rise@11.904ns - cmos2_pclk rise@0.000ns)
  Data Path Delay:        2.247ns  (logic 0.630ns (28.036%)  route 1.617ns (71.964%))
  Logic Levels:           1  (LUT2=1)
  Clock Path Skew:        -0.030ns (DCD - SCD + CPR)
    Destination Clock Delay (DCD):    7.063ns = ( 18.967 - 11.904 ) 
    Source Clock Delay      (SCD):    8.029ns
    Clock Pessimism Removal (CPR):    0.936ns
  Clock Uncertainty:      0.035ns  ((TSJ^2 + TIJ^2)^1/2 + DJ) / 2 + PE
    Total System Jitter     (TSJ):    0.071ns
    Total Input Jitter      (TIJ):    0.000ns
    Discrete Jitter          (DJ):    0.000ns
    Phase Error              (PE):    0.000ns

    Location             Delay type                Incr(ns)  Path(ns)    Netlist Resource(s)
  -------------------------------------------------------------------    -------------------
                         (clock cmos2_pclk rise edge)
                                                      0.000     0.000 r  
    A15                                               0.000     0.000 r  cmos2_pclk (IN)
                         net (fo=0)                   0.000     0.000    cmos2_pclk
    A15                  IBUF (Prop_ibuf_I_O)         1.433     1.433 r  cmos2_pclk_IBUF_inst/O
                         net (fo=1, routed)           3.978     5.411    cmos_select_inst/cmos2_pclk_IBUF
    SLICE_X32Y58         LUT3 (Prop_lut3_I2_O)        0.115     5.526 r  cmos_select_inst/camera_fifo_inst_i_1/O
                         net (fo=1, routed)           0.912     6.437    cmos_select_inst/cmos_pclk
    BUFGCTRL_X0Y2        BUFG (Prop_bufg_I_O)         0.243     6.680 r  cmos_select_inst/cmos_pclk_BUFG_inst/O
                         net (fo=130, routed)         1.349     8.029    camera_delay_inst/cmos_pclk
    SLICE_X30Y25         FDRE                                         r  camera_delay_inst/cmos_href_buf_reg[2]__0/C
  -------------------------------------------------------------------    -------------------
    SLICE_X30Y25         FDRE (Prop_fdre_C_Q)         0.398     8.427 r  camera_delay_inst/cmos_href_buf_reg[2]__0/Q
                         net (fo=2, routed)           0.811     9.238    camera_fifo_inst/U0/inst_fifo_gen/gconvfifo.rf/grf.rf/gntv_or_sync_fifo.gl0.wr/gwas.wsts/wr_en
    SLICE_X31Y22         LUT2 (Prop_lut2_I0_O)        0.232     9.470 r  camera_fifo_inst/U0/inst_fifo_gen/gconvfifo.rf/grf.rf/gntv_or_sync_fifo.gl0.wr/gwas.wsts/DEVICE_7SERIES.NO_BMM_INFO.SDP.SIMPLE_PRIM36.ram_i_4/O
                         net (fo=37, routed)          0.806    10.276    camera_fifo_inst/U0/inst_fifo_gen/gconvfifo.rf/grf.rf/gntv_or_sync_fifo.gl0.wr/wpntr/E[0]
    SLICE_X14Y19         FDRE                                         r  camera_fifo_inst/U0/inst_fifo_gen/gconvfifo.rf/grf.rf/gntv_or_sync_fifo.gl0.wr/wpntr/gic0.gc0.count_d2_reg[1]/CE
  -------------------------------------------------------------------    -------------------

                         (clock cmos2_pclk rise edge)
                                                     11.904    11.904 r  
    A15                                               0.000    11.904 r  cmos2_pclk (IN)
                         net (fo=0)                   0.000    11.904    cmos2_pclk
    A15                  IBUF (Prop_ibuf_I_O)         1.367    13.271 r  cmos2_pclk_IBUF_inst/O
                         net (fo=1, routed)           3.351    16.622    cmos_select_inst/cmos2_pclk_IBUF
    SLICE_X32Y58         LUT3 (Prop_lut3_I2_O)        0.093    16.715 r  cmos_select_inst/camera_fifo_inst_i_1/O
                         net (fo=1, routed)           0.792    17.506    cmos_select_inst/cmos_pclk
    BUFGCTRL_X0Y2        BUFG (Prop_bufg_I_O)         0.208    17.714 r  cmos_select_inst/cmos_pclk_BUFG_inst/O
                         net (fo=130, routed)         1.253    18.967    camera_fifo_inst/U0/inst_fifo_gen/gconvfifo.rf/grf.rf/gntv_or_sync_fifo.gl0.wr/wpntr/wr_clk
    SLICE_X14Y19         FDRE                                         r  camera_fifo_inst/U0/inst_fifo_gen/gconvfifo.rf/grf.rf/gntv_or_sync_fifo.gl0.wr/wpntr/gic0.gc0.count_d2_reg[1]/C
                         clock pessimism              0.936    19.903    
                         clock uncertainty           -0.035    19.868    
    SLICE_X14Y19         FDRE (Setup_fdre_C_CE)      -0.136    19.732    camera_fifo_inst/U0/inst_fifo_gen/gconvfifo.rf/grf.rf/gntv_or_sync_fifo.gl0.wr/wpntr/gic0.gc0.count_d2_reg[1]
  -------------------------------------------------------------------
                         required time                         19.732    
                         arrival time                         -10.276    
  -------------------------------------------------------------------
                         slack                                  9.456    

Slack (MET) :             9.456ns  (required time - arrival time)
  Source:                 camera_delay_inst/cmos_href_buf_reg[2]__0/C
                            (rising edge-triggered cell FDRE clocked by cmos2_pclk  {rise@0.000ns fall@5.952ns period=11.904ns})
  Destination:            camera_fifo_inst/U0/inst_fifo_gen/gconvfifo.rf/grf.rf/gntv_or_sync_fifo.gl0.wr/wpntr/gic0.gc0.count_d2_reg[2]/CE
                            (rising edge-triggered cell FDRE clocked by cmos2_pclk  {rise@0.000ns fall@5.952ns period=11.904ns})
  Path Group:             cmos2_pclk
  Path Type:              Setup (Max at Slow Process Corner)
  Requirement:            11.904ns  (cmos2_pclk rise@11.904ns - cmos2_pclk rise@0.000ns)
  Data Path Delay:        2.247ns  (logic 0.630ns (28.036%)  route 1.617ns (71.964%))
  Logic Levels:           1  (LUT2=1)
  Clock Path Skew:        -0.030ns (DCD - SCD + CPR)
    Destination Clock Delay (DCD):    7.063ns = ( 18.967 - 11.904 ) 
    Source Clock Delay      (SCD):    8.029ns
    Clock Pessimism Removal (CPR):    0.936ns
  Clock Uncertainty:      0.035ns  ((TSJ^2 + TIJ^2)^1/2 + DJ) / 2 + PE
    Total System Jitter     (TSJ):    0.071ns
    Total Input Jitter      (TIJ):    0.000ns
    Discrete Jitter          (DJ):    0.000ns
    Phase Error              (PE):    0.000ns

    Location             Delay type                Incr(ns)  Path(ns)    Netlist Resource(s)
  -------------------------------------------------------------------    -------------------
                         (clock cmos2_pclk rise edge)
                                                      0.000     0.000 r  
    A15                                               0.000     0.000 r  cmos2_pclk (IN)
                         net (fo=0)                   0.000     0.000    cmos2_pclk
    A15                  IBUF (Prop_ibuf_I_O)         1.433     1.433 r  cmos2_pclk_IBUF_inst/O
                         net (fo=1, routed)           3.978     5.411    cmos_select_inst/cmos2_pclk_IBUF
    SLICE_X32Y58         LUT3 (Prop_lut3_I2_O)        0.115     5.526 r  cmos_select_inst/camera_fifo_inst_i_1/O
                         net (fo=1, routed)           0.912     6.437    cmos_select_inst/cmos_pclk
    BUFGCTRL_X0Y2        BUFG (Prop_bufg_I_O)         0.243     6.680 r  cmos_select_inst/cmos_pclk_BUFG_inst/O
                         net (fo=130, routed)         1.349     8.029    camera_delay_inst/cmos_pclk
    SLICE_X30Y25         FDRE                                         r  camera_delay_inst/cmos_href_buf_reg[2]__0/C
  -------------------------------------------------------------------    -------------------
    SLICE_X30Y25         FDRE (Prop_fdre_C_Q)         0.398     8.427 r  camera_delay_inst/cmos_href_buf_reg[2]__0/Q
                         net (fo=2, routed)           0.811     9.238    camera_fifo_inst/U0/inst_fifo_gen/gconvfifo.rf/grf.rf/gntv_or_sync_fifo.gl0.wr/gwas.wsts/wr_en
    SLICE_X31Y22         LUT2 (Prop_lut2_I0_O)        0.232     9.470 r  camera_fifo_inst/U0/inst_fifo_gen/gconvfifo.rf/grf.rf/gntv_or_sync_fifo.gl0.wr/gwas.wsts/DEVICE_7SERIES.NO_BMM_INFO.SDP.SIMPLE_PRIM36.ram_i_4/O
                         net (fo=37, routed)          0.806    10.276    camera_fifo_inst/U0/inst_fifo_gen/gconvfifo.rf/grf.rf/gntv_or_sync_fifo.gl0.wr/wpntr/E[0]
    SLICE_X14Y19         FDRE                                         r  camera_fifo_inst/U0/inst_fifo_gen/gconvfifo.rf/grf.rf/gntv_or_sync_fifo.gl0.wr/wpntr/gic0.gc0.count_d2_reg[2]/CE
  -------------------------------------------------------------------    -------------------

                         (clock cmos2_pclk rise edge)
                                                     11.904    11.904 r  
    A15                                               0.000    11.904 r  cmos2_pclk (IN)
                         net (fo=0)                   0.000    11.904    cmos2_pclk
    A15                  IBUF (Prop_ibuf_I_O)         1.367    13.271 r  cmos2_pclk_IBUF_inst/O
                         net (fo=1, routed)           3.351    16.622    cmos_select_inst/cmos2_pclk_IBUF
    SLICE_X32Y58         LUT3 (Prop_lut3_I2_O)        0.093    16.715 r  cmos_select_inst/camera_fifo_inst_i_1/O
                         net (fo=1, routed)           0.792    17.506    cmos_select_inst/cmos_pclk
    BUFGCTRL_X0Y2        BUFG (Prop_bufg_I_O)         0.208    17.714 r  cmos_select_inst/cmos_pclk_BUFG_inst/O
                         net (fo=130, routed)         1.253    18.967    camera_fifo_inst/U0/inst_fifo_gen/gconvfifo.rf/grf.rf/gntv_or_sync_fifo.gl0.wr/wpntr/wr_clk
    SLICE_X14Y19         FDRE                                         r  camera_fifo_inst/U0/inst_fifo_gen/gconvfifo.rf/grf.rf/gntv_or_sync_fifo.gl0.wr/wpntr/gic0.gc0.count_d2_reg[2]/C
                         clock pessimism              0.936    19.903    
                         clock uncertainty           -0.035    19.868    
    SLICE_X14Y19         FDRE (Setup_fdre_C_CE)      -0.136    19.732    camera_fifo_inst/U0/inst_fifo_gen/gconvfifo.rf/grf.rf/gntv_or_sync_fifo.gl0.wr/wpntr/gic0.gc0.count_d2_reg[2]
  -------------------------------------------------------------------
                         required time                         19.732    
                         arrival time                         -10.276    
  -------------------------------------------------------------------
                         slack                                  9.456    

Slack (MET) :             9.456ns  (required time - arrival time)
  Source:                 camera_delay_inst/cmos_href_buf_reg[2]__0/C
                            (rising edge-triggered cell FDRE clocked by cmos2_pclk  {rise@0.000ns fall@5.952ns period=11.904ns})
  Destination:            camera_fifo_inst/U0/inst_fifo_gen/gconvfifo.rf/grf.rf/gntv_or_sync_fifo.gl0.wr/wpntr/gic0.gc0.count_d2_reg[3]/CE
                            (rising edge-triggered cell FDRE clocked by cmos2_pclk  {rise@0.000ns fall@5.952ns period=11.904ns})
  Path Group:             cmos2_pclk
  Path Type:              Setup (Max at Slow Process Corner)
  Requirement:            11.904ns  (cmos2_pclk rise@11.904ns - cmos2_pclk rise@0.000ns)
  Data Path Delay:        2.247ns  (logic 0.630ns (28.036%)  route 1.617ns (71.964%))
  Logic Levels:           1  (LUT2=1)
  Clock Path Skew:        -0.030ns (DCD - SCD + CPR)
    Destination Clock Delay (DCD):    7.063ns = ( 18.967 - 11.904 ) 
    Source Clock Delay      (SCD):    8.029ns
    Clock Pessimism Removal (CPR):    0.936ns
  Clock Uncertainty:      0.035ns  ((TSJ^2 + TIJ^2)^1/2 + DJ) / 2 + PE
    Total System Jitter     (TSJ):    0.071ns
    Total Input Jitter      (TIJ):    0.000ns
    Discrete Jitter          (DJ):    0.000ns
    Phase Error              (PE):    0.000ns

    Location             Delay type                Incr(ns)  Path(ns)    Netlist Resource(s)
  -------------------------------------------------------------------    -------------------
                         (clock cmos2_pclk rise edge)
                                                      0.000     0.000 r  
    A15                                               0.000     0.000 r  cmos2_pclk (IN)
                         net (fo=0)                   0.000     0.000    cmos2_pclk
    A15                  IBUF (Prop_ibuf_I_O)         1.433     1.433 r  cmos2_pclk_IBUF_inst/O
                         net (fo=1, routed)           3.978     5.411    cmos_select_inst/cmos2_pclk_IBUF
    SLICE_X32Y58         LUT3 (Prop_lut3_I2_O)        0.115     5.526 r  cmos_select_inst/camera_fifo_inst_i_1/O
                         net (fo=1, routed)           0.912     6.437    cmos_select_inst/cmos_pclk
    BUFGCTRL_X0Y2        BUFG (Prop_bufg_I_O)         0.243     6.680 r  cmos_select_inst/cmos_pclk_BUFG_inst/O
                         net (fo=130, routed)         1.349     8.029    camera_delay_inst/cmos_pclk
    SLICE_X30Y25         FDRE                                         r  camera_delay_inst/cmos_href_buf_reg[2]__0/C
  -------------------------------------------------------------------    -------------------
    SLICE_X30Y25         FDRE (Prop_fdre_C_Q)         0.398     8.427 r  camera_delay_inst/cmos_href_buf_reg[2]__0/Q
                         net (fo=2, routed)           0.811     9.238    camera_fifo_inst/U0/inst_fifo_gen/gconvfifo.rf/grf.rf/gntv_or_sync_fifo.gl0.wr/gwas.wsts/wr_en
    SLICE_X31Y22         LUT2 (Prop_lut2_I0_O)        0.232     9.470 r  camera_fifo_inst/U0/inst_fifo_gen/gconvfifo.rf/grf.rf/gntv_or_sync_fifo.gl0.wr/gwas.wsts/DEVICE_7SERIES.NO_BMM_INFO.SDP.SIMPLE_PRIM36.ram_i_4/O
                         net (fo=37, routed)          0.806    10.276    camera_fifo_inst/U0/inst_fifo_gen/gconvfifo.rf/grf.rf/gntv_or_sync_fifo.gl0.wr/wpntr/E[0]
    SLICE_X14Y19         FDRE                                         r  camera_fifo_inst/U0/inst_fifo_gen/gconvfifo.rf/grf.rf/gntv_or_sync_fifo.gl0.wr/wpntr/gic0.gc0.count_d2_reg[3]/CE
  -------------------------------------------------------------------    -------------------

                         (clock cmos2_pclk rise edge)
                                                     11.904    11.904 r  
    A15                                               0.000    11.904 r  cmos2_pclk (IN)
                         net (fo=0)                   0.000    11.904    cmos2_pclk
    A15                  IBUF (Prop_ibuf_I_O)         1.367    13.271 r  cmos2_pclk_IBUF_inst/O
                         net (fo=1, routed)           3.351    16.622    cmos_select_inst/cmos2_pclk_IBUF
    SLICE_X32Y58         LUT3 (Prop_lut3_I2_O)        0.093    16.715 r  cmos_select_inst/camera_fifo_inst_i_1/O
                         net (fo=1, routed)           0.792    17.506    cmos_select_inst/cmos_pclk
    BUFGCTRL_X0Y2        BUFG (Prop_bufg_I_O)         0.208    17.714 r  cmos_select_inst/cmos_pclk_BUFG_inst/O
                         net (fo=130, routed)         1.253    18.967    camera_fifo_inst/U0/inst_fifo_gen/gconvfifo.rf/grf.rf/gntv_or_sync_fifo.gl0.wr/wpntr/wr_clk
    SLICE_X14Y19         FDRE                                         r  camera_fifo_inst/U0/inst_fifo_gen/gconvfifo.rf/grf.rf/gntv_or_sync_fifo.gl0.wr/wpntr/gic0.gc0.count_d2_reg[3]/C
                         clock pessimism              0.936    19.903    
                         clock uncertainty           -0.035    19.868    
    SLICE_X14Y19         FDRE (Setup_fdre_C_CE)      -0.136    19.732    camera_fifo_inst/U0/inst_fifo_gen/gconvfifo.rf/grf.rf/gntv_or_sync_fifo.gl0.wr/wpntr/gic0.gc0.count_d2_reg[3]
  -------------------------------------------------------------------
                         required time                         19.732    
                         arrival time                         -10.276    
  -------------------------------------------------------------------
                         slack                                  9.456    

Slack (MET) :             9.456ns  (required time - arrival time)
  Source:                 camera_delay_inst/cmos_href_buf_reg[2]__0/C
                            (rising edge-triggered cell FDRE clocked by cmos2_pclk  {rise@0.000ns fall@5.952ns period=11.904ns})
  Destination:            camera_fifo_inst/U0/inst_fifo_gen/gconvfifo.rf/grf.rf/gntv_or_sync_fifo.gl0.wr/wpntr/gic0.gc0.count_d2_reg[4]/CE
                            (rising edge-triggered cell FDRE clocked by cmos2_pclk  {rise@0.000ns fall@5.952ns period=11.904ns})
  Path Group:             cmos2_pclk
  Path Type:              Setup (Max at Slow Process Corner)
  Requirement:            11.904ns  (cmos2_pclk rise@11.904ns - cmos2_pclk rise@0.000ns)
  Data Path Delay:        2.247ns  (logic 0.630ns (28.036%)  route 1.617ns (71.964%))
  Logic Levels:           1  (LUT2=1)
  Clock Path Skew:        -0.030ns (DCD - SCD + CPR)
    Destination Clock Delay (DCD):    7.063ns = ( 18.967 - 11.904 ) 
    Source Clock Delay      (SCD):    8.029ns
    Clock Pessimism Removal (CPR):    0.936ns
  Clock Uncertainty:      0.035ns  ((TSJ^2 + TIJ^2)^1/2 + DJ) / 2 + PE
    Total System Jitter     (TSJ):    0.071ns
    Total Input Jitter      (TIJ):    0.000ns
    Discrete Jitter          (DJ):    0.000ns
    Phase Error              (PE):    0.000ns

    Location             Delay type                Incr(ns)  Path(ns)    Netlist Resource(s)
  -------------------------------------------------------------------    -------------------
                         (clock cmos2_pclk rise edge)
                                                      0.000     0.000 r  
    A15                                               0.000     0.000 r  cmos2_pclk (IN)
                         net (fo=0)                   0.000     0.000    cmos2_pclk
    A15                  IBUF (Prop_ibuf_I_O)         1.433     1.433 r  cmos2_pclk_IBUF_inst/O
                         net (fo=1, routed)           3.978     5.411    cmos_select_inst/cmos2_pclk_IBUF
    SLICE_X32Y58         LUT3 (Prop_lut3_I2_O)        0.115     5.526 r  cmos_select_inst/camera_fifo_inst_i_1/O
                         net (fo=1, routed)           0.912     6.437    cmos_select_inst/cmos_pclk
    BUFGCTRL_X0Y2        BUFG (Prop_bufg_I_O)         0.243     6.680 r  cmos_select_inst/cmos_pclk_BUFG_inst/O
                         net (fo=130, routed)         1.349     8.029    camera_delay_inst/cmos_pclk
    SLICE_X30Y25         FDRE                                         r  camera_delay_inst/cmos_href_buf_reg[2]__0/C
  -------------------------------------------------------------------    -------------------
    SLICE_X30Y25         FDRE (Prop_fdre_C_Q)         0.398     8.427 r  camera_delay_inst/cmos_href_buf_reg[2]__0/Q
                         net (fo=2, routed)           0.811     9.238    camera_fifo_inst/U0/inst_fifo_gen/gconvfifo.rf/grf.rf/gntv_or_sync_fifo.gl0.wr/gwas.wsts/wr_en
    SLICE_X31Y22         LUT2 (Prop_lut2_I0_O)        0.232     9.470 r  camera_fifo_inst/U0/inst_fifo_gen/gconvfifo.rf/grf.rf/gntv_or_sync_fifo.gl0.wr/gwas.wsts/DEVICE_7SERIES.NO_BMM_INFO.SDP.SIMPLE_PRIM36.ram_i_4/O
                         net (fo=37, routed)          0.806    10.276    camera_fifo_inst/U0/inst_fifo_gen/gconvfifo.rf/grf.rf/gntv_or_sync_fifo.gl0.wr/wpntr/E[0]
    SLICE_X14Y19         FDRE                                         r  camera_fifo_inst/U0/inst_fifo_gen/gconvfifo.rf/grf.rf/gntv_or_sync_fifo.gl0.wr/wpntr/gic0.gc0.count_d2_reg[4]/CE
  -------------------------------------------------------------------    -------------------

                         (clock cmos2_pclk rise edge)
                                                     11.904    11.904 r  
    A15                                               0.000    11.904 r  cmos2_pclk (IN)
                         net (fo=0)                   0.000    11.904    cmos2_pclk
    A15                  IBUF (Prop_ibuf_I_O)         1.367    13.271 r  cmos2_pclk_IBUF_inst/O
                         net (fo=1, routed)           3.351    16.622    cmos_select_inst/cmos2_pclk_IBUF
    SLICE_X32Y58         LUT3 (Prop_lut3_I2_O)        0.093    16.715 r  cmos_select_inst/camera_fifo_inst_i_1/O
                         net (fo=1, routed)           0.792    17.506    cmos_select_inst/cmos_pclk
    BUFGCTRL_X0Y2        BUFG (Prop_bufg_I_O)         0.208    17.714 r  cmos_select_inst/cmos_pclk_BUFG_inst/O
                         net (fo=130, routed)         1.253    18.967    camera_fifo_inst/U0/inst_fifo_gen/gconvfifo.rf/grf.rf/gntv_or_sync_fifo.gl0.wr/wpntr/wr_clk
    SLICE_X14Y19         FDRE                                         r  camera_fifo_inst/U0/inst_fifo_gen/gconvfifo.rf/grf.rf/gntv_or_sync_fifo.gl0.wr/wpntr/gic0.gc0.count_d2_reg[4]/C
                         clock pessimism              0.936    19.903    
                         clock uncertainty           -0.035    19.868    
    SLICE_X14Y19         FDRE (Setup_fdre_C_CE)      -0.136    19.732    camera_fifo_inst/U0/inst_fifo_gen/gconvfifo.rf/grf.rf/gntv_or_sync_fifo.gl0.wr/wpntr/gic0.gc0.count_d2_reg[4]
  -------------------------------------------------------------------
                         required time                         19.732    
                         arrival time                         -10.276    
  -------------------------------------------------------------------
                         slack                                  9.456    





Min Delay Paths
--------------------------------------------------------------------------------------
Slack (MET) :             0.113ns  (arrival time - required time)
  Source:                 camera_delay_inst/cmos_data_d2_reg[5]__0/C
                            (rising edge-triggered cell FDRE clocked by cmos2_pclk  {rise@0.000ns fall@5.952ns period=11.904ns})
  Destination:            camera_fifo_inst/U0/inst_fifo_gen/gconvfifo.rf/grf.rf/gntv_or_sync_fifo.mem/gbm.gbmg.gbmga.ngecc.bmg/inst_blk_mem_gen/gnbram.gnativebmg.native_blk_mem_gen/valid.cstr/ramloop[0].ram.r/prim_noinit.ram/DEVICE_7SERIES.NO_BMM_INFO.SDP.SIMPLE_PRIM36.ram/DIADI[5]
                            (rising edge-triggered cell RAMB36E1 clocked by cmos2_pclk  {rise@0.000ns fall@5.952ns period=11.904ns})
  Path Group:             cmos2_pclk
  Path Type:              Hold (Min at Fast Process Corner)
  Requirement:            0.000ns  (cmos2_pclk rise@0.000ns - cmos2_pclk rise@0.000ns)
  Data Path Delay:        0.401ns  (logic 0.148ns (36.905%)  route 0.253ns (63.095%))
  Logic Levels:           0  
  Clock Path Skew:        0.046ns (DCD - SCD - CPR)
    Destination Clock Delay (DCD):    4.297ns
    Source Clock Delay      (SCD):    3.400ns
    Clock Pessimism Removal (CPR):    0.852ns

    Location             Delay type                Incr(ns)  Path(ns)    Netlist Resource(s)
  -------------------------------------------------------------------    -------------------
                         (clock cmos2_pclk rise edge)
                                                      0.000     0.000 r  
    A15                                               0.000     0.000 r  cmos2_pclk (IN)
                         net (fo=0)                   0.000     0.000    cmos2_pclk
    A15                  IBUF (Prop_ibuf_I_O)         0.269     0.269 r  cmos2_pclk_IBUF_inst/O
                         net (fo=1, routed)           1.988     2.257    cmos_select_inst/cmos2_pclk_IBUF
    SLICE_X32Y58         LUT3 (Prop_lut3_I2_O)        0.044     2.301 r  cmos_select_inst/camera_fifo_inst_i_1/O
                         net (fo=1, routed)           0.431     2.732    cmos_select_inst/cmos_pclk
    BUFGCTRL_X0Y2        BUFG (Prop_bufg_I_O)         0.088     2.820 r  cmos_select_inst/cmos_pclk_BUFG_inst/O
                         net (fo=130, routed)         0.580     3.400    camera_delay_inst/cmos_pclk
    SLICE_X6Y24          FDRE                                         r  camera_delay_inst/cmos_data_d2_reg[5]__0/C
  -------------------------------------------------------------------    -------------------
    SLICE_X6Y24          FDRE (Prop_fdre_C_Q)         0.148     3.548 r  camera_delay_inst/cmos_data_d2_reg[5]__0/Q
                         net (fo=1, routed)           0.253     3.801    camera_fifo_inst/U0/inst_fifo_gen/gconvfifo.rf/grf.rf/gntv_or_sync_fifo.mem/gbm.gbmg.gbmga.ngecc.bmg/inst_blk_mem_gen/gnbram.gnativebmg.native_blk_mem_gen/valid.cstr/ramloop[0].ram.r/prim_noinit.ram/din[5]
    RAMB36_X0Y4          RAMB36E1                                     r  camera_fifo_inst/U0/inst_fifo_gen/gconvfifo.rf/grf.rf/gntv_or_sync_fifo.mem/gbm.gbmg.gbmga.ngecc.bmg/inst_blk_mem_gen/gnbram.gnativebmg.native_blk_mem_gen/valid.cstr/ramloop[0].ram.r/prim_noinit.ram/DEVICE_7SERIES.NO_BMM_INFO.SDP.SIMPLE_PRIM36.ram/DIADI[5]
  -------------------------------------------------------------------    -------------------

                         (clock cmos2_pclk rise edge)
                                                      0.000     0.000 r  
    A15                                               0.000     0.000 r  cmos2_pclk (IN)
                         net (fo=0)                   0.000     0.000    cmos2_pclk
    A15                  IBUF (Prop_ibuf_I_O)         0.457     0.457 r  cmos2_pclk_IBUF_inst/O
                         net (fo=1, routed)           2.323     2.780    cmos_select_inst/cmos2_pclk_IBUF
    SLICE_X32Y58         LUT3 (Prop_lut3_I2_O)        0.055     2.835 r  cmos_select_inst/camera_fifo_inst_i_1/O
                         net (fo=1, routed)           0.496     3.331    cmos_select_inst/cmos_pclk
    BUFGCTRL_X0Y2        BUFG (Prop_bufg_I_O)         0.107     3.438 r  cmos_select_inst/cmos_pclk_BUFG_inst/O
                         net (fo=130, routed)         0.859     4.297    camera_fifo_inst/U0/inst_fifo_gen/gconvfifo.rf/grf.rf/gntv_or_sync_fifo.mem/gbm.gbmg.gbmga.ngecc.bmg/inst_blk_mem_gen/gnbram.gnativebmg.native_blk_mem_gen/valid.cstr/ramloop[0].ram.r/prim_noinit.ram/wr_clk
    RAMB36_X0Y4          RAMB36E1                                     r  camera_fifo_inst/U0/inst_fifo_gen/gconvfifo.rf/grf.rf/gntv_or_sync_fifo.mem/gbm.gbmg.gbmga.ngecc.bmg/inst_blk_mem_gen/gnbram.gnativebmg.native_blk_mem_gen/valid.cstr/ramloop[0].ram.r/prim_noinit.ram/DEVICE_7SERIES.NO_BMM_INFO.SDP.SIMPLE_PRIM36.ram/CLKARDCLK
                         clock pessimism             -0.852     3.445    
    RAMB36_X0Y4          RAMB36E1 (Hold_ramb36e1_CLKARDCLK_DIADI[5])
                                                      0.242     3.687    camera_fifo_inst/U0/inst_fifo_gen/gconvfifo.rf/grf.rf/gntv_or_sync_fifo.mem/gbm.gbmg.gbmga.ngecc.bmg/inst_blk_mem_gen/gnbram.gnativebmg.native_blk_mem_gen/valid.cstr/ramloop[0].ram.r/prim_noinit.ram/DEVICE_7SERIES.NO_BMM_INFO.SDP.SIMPLE_PRIM36.ram
  -------------------------------------------------------------------
                         required time                         -3.687    
                         arrival time                           3.801    
  -------------------------------------------------------------------
                         slack                                  0.113    

Slack (MET) :             0.120ns  (arrival time - required time)
  Source:                 camera_fifo_inst/U0/inst_fifo_gen/gconvfifo.rf/grf.rf/gntv_or_sync_fifo.gcx.clkx/rd_pntr_cdc_inst/dest_graysync_ff_reg[0][6]/C
                            (rising edge-triggered cell FDRE clocked by cmos2_pclk  {rise@0.000ns fall@5.952ns period=11.904ns})
  Destination:            camera_fifo_inst/U0/inst_fifo_gen/gconvfifo.rf/grf.rf/gntv_or_sync_fifo.gcx.clkx/rd_pntr_cdc_inst/dest_graysync_ff_reg[1][6]/D
                            (rising edge-triggered cell FDRE clocked by cmos2_pclk  {rise@0.000ns fall@5.952ns period=11.904ns})
  Path Group:             cmos2_pclk
  Path Type:              Hold (Min at Fast Process Corner)
  Requirement:            0.000ns  (cmos2_pclk rise@0.000ns - cmos2_pclk rise@0.000ns)
  Data Path Delay:        0.196ns  (logic 0.141ns (71.838%)  route 0.055ns (28.162%))
  Logic Levels:           0  
  Clock Path Skew:        0.000ns (DCD - SCD - CPR)
    Destination Clock Delay (DCD):    4.259ns
    Source Clock Delay      (SCD):    3.373ns
    Clock Pessimism Removal (CPR):    0.886ns

    Location             Delay type                Incr(ns)  Path(ns)    Netlist Resource(s)
  -------------------------------------------------------------------    -------------------
                         (clock cmos2_pclk rise edge)
                                                      0.000     0.000 r  
    A15                                               0.000     0.000 r  cmos2_pclk (IN)
                         net (fo=0)                   0.000     0.000    cmos2_pclk
    A15                  IBUF (Prop_ibuf_I_O)         0.269     0.269 r  cmos2_pclk_IBUF_inst/O
                         net (fo=1, routed)           1.988     2.257    cmos_select_inst/cmos2_pclk_IBUF
    SLICE_X32Y58         LUT3 (Prop_lut3_I2_O)        0.044     2.301 r  cmos_select_inst/camera_fifo_inst_i_1/O
                         net (fo=1, routed)           0.431     2.732    cmos_select_inst/cmos_pclk
    BUFGCTRL_X0Y2        BUFG (Prop_bufg_I_O)         0.088     2.820 r  cmos_select_inst/cmos_pclk_BUFG_inst/O
                         net (fo=130, routed)         0.553     3.373    camera_fifo_inst/U0/inst_fifo_gen/gconvfifo.rf/grf.rf/gntv_or_sync_fifo.gcx.clkx/rd_pntr_cdc_inst/dest_clk
    SLICE_X29Y21         FDRE                                         r  camera_fifo_inst/U0/inst_fifo_gen/gconvfifo.rf/grf.rf/gntv_or_sync_fifo.gcx.clkx/rd_pntr_cdc_inst/dest_graysync_ff_reg[0][6]/C
  -------------------------------------------------------------------    -------------------
    SLICE_X29Y21         FDRE (Prop_fdre_C_Q)         0.141     3.514 r  camera_fifo_inst/U0/inst_fifo_gen/gconvfifo.rf/grf.rf/gntv_or_sync_fifo.gcx.clkx/rd_pntr_cdc_inst/dest_graysync_ff_reg[0][6]/Q
                         net (fo=1, routed)           0.055     3.569    camera_fifo_inst/U0/inst_fifo_gen/gconvfifo.rf/grf.rf/gntv_or_sync_fifo.gcx.clkx/rd_pntr_cdc_inst/dest_graysync_ff[0][6]
    SLICE_X29Y21         FDRE                                         r  camera_fifo_inst/U0/inst_fifo_gen/gconvfifo.rf/grf.rf/gntv_or_sync_fifo.gcx.clkx/rd_pntr_cdc_inst/dest_graysync_ff_reg[1][6]/D
  -------------------------------------------------------------------    -------------------

                         (clock cmos2_pclk rise edge)
                                                      0.000     0.000 r  
    A15                                               0.000     0.000 r  cmos2_pclk (IN)
                         net (fo=0)                   0.000     0.000    cmos2_pclk
    A15                  IBUF (Prop_ibuf_I_O)         0.457     0.457 r  cmos2_pclk_IBUF_inst/O
                         net (fo=1, routed)           2.323     2.780    cmos_select_inst/cmos2_pclk_IBUF
    SLICE_X32Y58         LUT3 (Prop_lut3_I2_O)        0.055     2.835 r  cmos_select_inst/camera_fifo_inst_i_1/O
                         net (fo=1, routed)           0.496     3.331    cmos_select_inst/cmos_pclk
    BUFGCTRL_X0Y2        BUFG (Prop_bufg_I_O)         0.107     3.438 r  cmos_select_inst/cmos_pclk_BUFG_inst/O
                         net (fo=130, routed)         0.821     4.259    camera_fifo_inst/U0/inst_fifo_gen/gconvfifo.rf/grf.rf/gntv_or_sync_fifo.gcx.clkx/rd_pntr_cdc_inst/dest_clk
    SLICE_X29Y21         FDRE                                         r  camera_fifo_inst/U0/inst_fifo_gen/gconvfifo.rf/grf.rf/gntv_or_sync_fifo.gcx.clkx/rd_pntr_cdc_inst/dest_graysync_ff_reg[1][6]/C
                         clock pessimism             -0.886     3.373    
    SLICE_X29Y21         FDRE (Hold_fdre_C_D)         0.076     3.449    camera_fifo_inst/U0/inst_fifo_gen/gconvfifo.rf/grf.rf/gntv_or_sync_fifo.gcx.clkx/rd_pntr_cdc_inst/dest_graysync_ff_reg[1][6]
  -------------------------------------------------------------------
                         required time                         -3.449    
                         arrival time                           3.569    
  -------------------------------------------------------------------
                         slack                                  0.120    

Slack (MET) :             0.121ns  (arrival time - required time)
  Source:                 camera_fifo_inst/U0/inst_fifo_gen/gconvfifo.rf/grf.rf/rstblk/ngwrdrst.grst.g7serrst.gsckt_wrst.gic_rst.xpm_cdc_single_inst_rrst_wr/syncstages_ff_reg[0]/C
                            (rising edge-triggered cell FDRE clocked by cmos2_pclk  {rise@0.000ns fall@5.952ns period=11.904ns})
  Destination:            camera_fifo_inst/U0/inst_fifo_gen/gconvfifo.rf/grf.rf/rstblk/ngwrdrst.grst.g7serrst.gsckt_wrst.gic_rst.xpm_cdc_single_inst_rrst_wr/syncstages_ff_reg[1]/D
                            (rising edge-triggered cell FDRE clocked by cmos2_pclk  {rise@0.000ns fall@5.952ns period=11.904ns})
  Path Group:             cmos2_pclk
  Path Type:              Hold (Min at Fast Process Corner)
  Requirement:            0.000ns  (cmos2_pclk rise@0.000ns - cmos2_pclk rise@0.000ns)
  Data Path Delay:        0.196ns  (logic 0.141ns (71.838%)  route 0.055ns (28.162%))
  Logic Levels:           0  
  Clock Path Skew:        0.000ns (DCD - SCD - CPR)
    Destination Clock Delay (DCD):    4.254ns
    Source Clock Delay      (SCD):    3.370ns
    Clock Pessimism Removal (CPR):    0.884ns

    Location             Delay type                Incr(ns)  Path(ns)    Netlist Resource(s)
  -------------------------------------------------------------------    -------------------
                         (clock cmos2_pclk rise edge)
                                                      0.000     0.000 r  
    A15                                               0.000     0.000 r  cmos2_pclk (IN)
                         net (fo=0)                   0.000     0.000    cmos2_pclk
    A15                  IBUF (Prop_ibuf_I_O)         0.269     0.269 r  cmos2_pclk_IBUF_inst/O
                         net (fo=1, routed)           1.988     2.257    cmos_select_inst/cmos2_pclk_IBUF
    SLICE_X32Y58         LUT3 (Prop_lut3_I2_O)        0.044     2.301 r  cmos_select_inst/camera_fifo_inst_i_1/O
                         net (fo=1, routed)           0.431     2.732    cmos_select_inst/cmos_pclk
    BUFGCTRL_X0Y2        BUFG (Prop_bufg_I_O)         0.088     2.820 r  cmos_select_inst/cmos_pclk_BUFG_inst/O
                         net (fo=130, routed)         0.550     3.370    camera_fifo_inst/U0/inst_fifo_gen/gconvfifo.rf/grf.rf/rstblk/ngwrdrst.grst.g7serrst.gsckt_wrst.gic_rst.xpm_cdc_single_inst_rrst_wr/dest_clk
    SLICE_X33Y24         FDRE                                         r  camera_fifo_inst/U0/inst_fifo_gen/gconvfifo.rf/grf.rf/rstblk/ngwrdrst.grst.g7serrst.gsckt_wrst.gic_rst.xpm_cdc_single_inst_rrst_wr/syncstages_ff_reg[0]/C
  -------------------------------------------------------------------    -------------------
    SLICE_X33Y24         FDRE (Prop_fdre_C_Q)         0.141     3.511 r  camera_fifo_inst/U0/inst_fifo_gen/gconvfifo.rf/grf.rf/rstblk/ngwrdrst.grst.g7serrst.gsckt_wrst.gic_rst.xpm_cdc_single_inst_rrst_wr/syncstages_ff_reg[0]/Q
                         net (fo=1, routed)           0.055     3.566    camera_fifo_inst/U0/inst_fifo_gen/gconvfifo.rf/grf.rf/rstblk/ngwrdrst.grst.g7serrst.gsckt_wrst.gic_rst.xpm_cdc_single_inst_rrst_wr/syncstages_ff[0]
    SLICE_X33Y24         FDRE                                         r  camera_fifo_inst/U0/inst_fifo_gen/gconvfifo.rf/grf.rf/rstblk/ngwrdrst.grst.g7serrst.gsckt_wrst.gic_rst.xpm_cdc_single_inst_rrst_wr/syncstages_ff_reg[1]/D
  -------------------------------------------------------------------    -------------------

                         (clock cmos2_pclk rise edge)
                                                      0.000     0.000 r  
    A15                                               0.000     0.000 r  cmos2_pclk (IN)
                         net (fo=0)                   0.000     0.000    cmos2_pclk
    A15                  IBUF (Prop_ibuf_I_O)         0.457     0.457 r  cmos2_pclk_IBUF_inst/O
                         net (fo=1, routed)           2.323     2.780    cmos_select_inst/cmos2_pclk_IBUF
    SLICE_X32Y58         LUT3 (Prop_lut3_I2_O)        0.055     2.835 r  cmos_select_inst/camera_fifo_inst_i_1/O
                         net (fo=1, routed)           0.496     3.331    cmos_select_inst/cmos_pclk
    BUFGCTRL_X0Y2        BUFG (Prop_bufg_I_O)         0.107     3.438 r  cmos_select_inst/cmos_pclk_BUFG_inst/O
                         net (fo=130, routed)         0.816     4.254    camera_fifo_inst/U0/inst_fifo_gen/gconvfifo.rf/grf.rf/rstblk/ngwrdrst.grst.g7serrst.gsckt_wrst.gic_rst.xpm_cdc_single_inst_rrst_wr/dest_clk
    SLICE_X33Y24         FDRE                                         r  camera_fifo_inst/U0/inst_fifo_gen/gconvfifo.rf/grf.rf/rstblk/ngwrdrst.grst.g7serrst.gsckt_wrst.gic_rst.xpm_cdc_single_inst_rrst_wr/syncstages_ff_reg[1]/C
                         clock pessimism             -0.884     3.370    
    SLICE_X33Y24         FDRE (Hold_fdre_C_D)         0.075     3.445    camera_fifo_inst/U0/inst_fifo_gen/gconvfifo.rf/grf.rf/rstblk/ngwrdrst.grst.g7serrst.gsckt_wrst.gic_rst.xpm_cdc_single_inst_rrst_wr/syncstages_ff_reg[1]
  -------------------------------------------------------------------
                         required time                         -3.445    
                         arrival time                           3.566    
  -------------------------------------------------------------------
                         slack                                  0.121    

Slack (MET) :             0.121ns  (arrival time - required time)
  Source:                 camera_fifo_inst/U0/inst_fifo_gen/gconvfifo.rf/grf.rf/gntv_or_sync_fifo.gcx.clkx/rd_pntr_cdc_inst/dest_graysync_ff_reg[0][10]/C
                            (rising edge-triggered cell FDRE clocked by cmos2_pclk  {rise@0.000ns fall@5.952ns period=11.904ns})
  Destination:            camera_fifo_inst/U0/inst_fifo_gen/gconvfifo.rf/grf.rf/gntv_or_sync_fifo.gcx.clkx/rd_pntr_cdc_inst/dest_graysync_ff_reg[1][10]/D
                            (rising edge-triggered cell FDRE clocked by cmos2_pclk  {rise@0.000ns fall@5.952ns period=11.904ns})
  Path Group:             cmos2_pclk
  Path Type:              Hold (Min at Fast Process Corner)
  Requirement:            0.000ns  (cmos2_pclk rise@0.000ns - cmos2_pclk rise@0.000ns)
  Data Path Delay:        0.196ns  (logic 0.141ns (71.838%)  route 0.055ns (28.162%))
  Logic Levels:           0  
  Clock Path Skew:        0.000ns (DCD - SCD - CPR)
    Destination Clock Delay (DCD):    4.259ns
    Source Clock Delay      (SCD):    3.373ns
    Clock Pessimism Removal (CPR):    0.886ns

    Location             Delay type                Incr(ns)  Path(ns)    Netlist Resource(s)
  -------------------------------------------------------------------    -------------------
                         (clock cmos2_pclk rise edge)
                                                      0.000     0.000 r  
    A15                                               0.000     0.000 r  cmos2_pclk (IN)
                         net (fo=0)                   0.000     0.000    cmos2_pclk
    A15                  IBUF (Prop_ibuf_I_O)         0.269     0.269 r  cmos2_pclk_IBUF_inst/O
                         net (fo=1, routed)           1.988     2.257    cmos_select_inst/cmos2_pclk_IBUF
    SLICE_X32Y58         LUT3 (Prop_lut3_I2_O)        0.044     2.301 r  cmos_select_inst/camera_fifo_inst_i_1/O
                         net (fo=1, routed)           0.431     2.732    cmos_select_inst/cmos_pclk
    BUFGCTRL_X0Y2        BUFG (Prop_bufg_I_O)         0.088     2.820 r  cmos_select_inst/cmos_pclk_BUFG_inst/O
                         net (fo=130, routed)         0.553     3.373    camera_fifo_inst/U0/inst_fifo_gen/gconvfifo.rf/grf.rf/gntv_or_sync_fifo.gcx.clkx/rd_pntr_cdc_inst/dest_clk
    SLICE_X29Y21         FDRE                                         r  camera_fifo_inst/U0/inst_fifo_gen/gconvfifo.rf/grf.rf/gntv_or_sync_fifo.gcx.clkx/rd_pntr_cdc_inst/dest_graysync_ff_reg[0][10]/C
  -------------------------------------------------------------------    -------------------
    SLICE_X29Y21         FDRE (Prop_fdre_C_Q)         0.141     3.514 r  camera_fifo_inst/U0/inst_fifo_gen/gconvfifo.rf/grf.rf/gntv_or_sync_fifo.gcx.clkx/rd_pntr_cdc_inst/dest_graysync_ff_reg[0][10]/Q
                         net (fo=1, routed)           0.055     3.569    camera_fifo_inst/U0/inst_fifo_gen/gconvfifo.rf/grf.rf/gntv_or_sync_fifo.gcx.clkx/rd_pntr_cdc_inst/dest_graysync_ff[0][10]
    SLICE_X29Y21         FDRE                                         r  camera_fifo_inst/U0/inst_fifo_gen/gconvfifo.rf/grf.rf/gntv_or_sync_fifo.gcx.clkx/rd_pntr_cdc_inst/dest_graysync_ff_reg[1][10]/D
  -------------------------------------------------------------------    -------------------

                         (clock cmos2_pclk rise edge)
                                                      0.000     0.000 r  
    A15                                               0.000     0.000 r  cmos2_pclk (IN)
                         net (fo=0)                   0.000     0.000    cmos2_pclk
    A15                  IBUF (Prop_ibuf_I_O)         0.457     0.457 r  cmos2_pclk_IBUF_inst/O
                         net (fo=1, routed)           2.323     2.780    cmos_select_inst/cmos2_pclk_IBUF
    SLICE_X32Y58         LUT3 (Prop_lut3_I2_O)        0.055     2.835 r  cmos_select_inst/camera_fifo_inst_i_1/O
                         net (fo=1, routed)           0.496     3.331    cmos_select_inst/cmos_pclk
    BUFGCTRL_X0Y2        BUFG (Prop_bufg_I_O)         0.107     3.438 r  cmos_select_inst/cmos_pclk_BUFG_inst/O
                         net (fo=130, routed)         0.821     4.259    camera_fifo_inst/U0/inst_fifo_gen/gconvfifo.rf/grf.rf/gntv_or_sync_fifo.gcx.clkx/rd_pntr_cdc_inst/dest_clk
    SLICE_X29Y21         FDRE                                         r  camera_fifo_inst/U0/inst_fifo_gen/gconvfifo.rf/grf.rf/gntv_or_sync_fifo.gcx.clkx/rd_pntr_cdc_inst/dest_graysync_ff_reg[1][10]/C
                         clock pessimism             -0.886     3.373    
    SLICE_X29Y21         FDRE (Hold_fdre_C_D)         0.075     3.448    camera_fifo_inst/U0/inst_fifo_gen/gconvfifo.rf/grf.rf/gntv_or_sync_fifo.gcx.clkx/rd_pntr_cdc_inst/dest_graysync_ff_reg[1][10]
  -------------------------------------------------------------------
                         required time                         -3.448    
                         arrival time                           3.569    
  -------------------------------------------------------------------
                         slack                                  0.121    

Slack (MET) :             0.123ns  (arrival time - required time)
  Source:                 camera_fifo_inst/U0/inst_fifo_gen/gconvfifo.rf/grf.rf/gntv_or_sync_fifo.gcx.clkx/rd_pntr_cdc_inst/dest_graysync_ff_reg[0][4]/C
                            (rising edge-triggered cell FDRE clocked by cmos2_pclk  {rise@0.000ns fall@5.952ns period=11.904ns})
  Destination:            camera_fifo_inst/U0/inst_fifo_gen/gconvfifo.rf/grf.rf/gntv_or_sync_fifo.gcx.clkx/rd_pntr_cdc_inst/dest_graysync_ff_reg[1][4]/D
                            (rising edge-triggered cell FDRE clocked by cmos2_pclk  {rise@0.000ns fall@5.952ns period=11.904ns})
  Path Group:             cmos2_pclk
  Path Type:              Hold (Min at Fast Process Corner)
  Requirement:            0.000ns  (cmos2_pclk rise@0.000ns - cmos2_pclk rise@0.000ns)
  Data Path Delay:        0.199ns  (logic 0.141ns (70.847%)  route 0.058ns (29.152%))
  Logic Levels:           0  
  Clock Path Skew:        0.000ns (DCD - SCD - CPR)
    Destination Clock Delay (DCD):    4.262ns
    Source Clock Delay      (SCD):    3.376ns
    Clock Pessimism Removal (CPR):    0.886ns

    Location             Delay type                Incr(ns)  Path(ns)    Netlist Resource(s)
  -------------------------------------------------------------------    -------------------
                         (clock cmos2_pclk rise edge)
                                                      0.000     0.000 r  
    A15                                               0.000     0.000 r  cmos2_pclk (IN)
                         net (fo=0)                   0.000     0.000    cmos2_pclk
    A15                  IBUF (Prop_ibuf_I_O)         0.269     0.269 r  cmos2_pclk_IBUF_inst/O
                         net (fo=1, routed)           1.988     2.257    cmos_select_inst/cmos2_pclk_IBUF
    SLICE_X32Y58         LUT3 (Prop_lut3_I2_O)        0.044     2.301 r  cmos_select_inst/camera_fifo_inst_i_1/O
                         net (fo=1, routed)           0.431     2.732    cmos_select_inst/cmos_pclk
    BUFGCTRL_X0Y2        BUFG (Prop_bufg_I_O)         0.088     2.820 r  cmos_select_inst/cmos_pclk_BUFG_inst/O
                         net (fo=130, routed)         0.556     3.376    camera_fifo_inst/U0/inst_fifo_gen/gconvfifo.rf/grf.rf/gntv_or_sync_fifo.gcx.clkx/rd_pntr_cdc_inst/dest_clk
    SLICE_X28Y18         FDRE                                         r  camera_fifo_inst/U0/inst_fifo_gen/gconvfifo.rf/grf.rf/gntv_or_sync_fifo.gcx.clkx/rd_pntr_cdc_inst/dest_graysync_ff_reg[0][4]/C
  -------------------------------------------------------------------    -------------------
    SLICE_X28Y18         FDRE (Prop_fdre_C_Q)         0.141     3.517 r  camera_fifo_inst/U0/inst_fifo_gen/gconvfifo.rf/grf.rf/gntv_or_sync_fifo.gcx.clkx/rd_pntr_cdc_inst/dest_graysync_ff_reg[0][4]/Q
                         net (fo=1, routed)           0.058     3.575    camera_fifo_inst/U0/inst_fifo_gen/gconvfifo.rf/grf.rf/gntv_or_sync_fifo.gcx.clkx/rd_pntr_cdc_inst/dest_graysync_ff[0][4]
    SLICE_X28Y18         FDRE                                         r  camera_fifo_inst/U0/inst_fifo_gen/gconvfifo.rf/grf.rf/gntv_or_sync_fifo.gcx.clkx/rd_pntr_cdc_inst/dest_graysync_ff_reg[1][4]/D
  -------------------------------------------------------------------    -------------------

                         (clock cmos2_pclk rise edge)
                                                      0.000     0.000 r  
    A15                                               0.000     0.000 r  cmos2_pclk (IN)
                         net (fo=0)                   0.000     0.000    cmos2_pclk
    A15                  IBUF (Prop_ibuf_I_O)         0.457     0.457 r  cmos2_pclk_IBUF_inst/O
                         net (fo=1, routed)           2.323     2.780    cmos_select_inst/cmos2_pclk_IBUF
    SLICE_X32Y58         LUT3 (Prop_lut3_I2_O)        0.055     2.835 r  cmos_select_inst/camera_fifo_inst_i_1/O
                         net (fo=1, routed)           0.496     3.331    cmos_select_inst/cmos_pclk
    BUFGCTRL_X0Y2        BUFG (Prop_bufg_I_O)         0.107     3.438 r  cmos_select_inst/cmos_pclk_BUFG_inst/O
                         net (fo=130, routed)         0.824     4.262    camera_fifo_inst/U0/inst_fifo_gen/gconvfifo.rf/grf.rf/gntv_or_sync_fifo.gcx.clkx/rd_pntr_cdc_inst/dest_clk
    SLICE_X28Y18         FDRE                                         r  camera_fifo_inst/U0/inst_fifo_gen/gconvfifo.rf/grf.rf/gntv_or_sync_fifo.gcx.clkx/rd_pntr_cdc_inst/dest_graysync_ff_reg[1][4]/C
                         clock pessimism             -0.886     3.376    
    SLICE_X28Y18         FDRE (Hold_fdre_C_D)         0.076     3.452    camera_fifo_inst/U0/inst_fifo_gen/gconvfifo.rf/grf.rf/gntv_or_sync_fifo.gcx.clkx/rd_pntr_cdc_inst/dest_graysync_ff_reg[1][4]
  -------------------------------------------------------------------
                         required time                         -3.452    
                         arrival time                           3.575    
  -------------------------------------------------------------------
                         slack                                  0.123    

Slack (MET) :             0.124ns  (arrival time - required time)
  Source:                 camera_fifo_inst/U0/inst_fifo_gen/gconvfifo.rf/grf.rf/gntv_or_sync_fifo.gcx.clkx/rd_pntr_cdc_inst/dest_graysync_ff_reg[0][5]/C
                            (rising edge-triggered cell FDRE clocked by cmos2_pclk  {rise@0.000ns fall@5.952ns period=11.904ns})
  Destination:            camera_fifo_inst/U0/inst_fifo_gen/gconvfifo.rf/grf.rf/gntv_or_sync_fifo.gcx.clkx/rd_pntr_cdc_inst/dest_graysync_ff_reg[1][5]/D
                            (rising edge-triggered cell FDRE clocked by cmos2_pclk  {rise@0.000ns fall@5.952ns period=11.904ns})
  Path Group:             cmos2_pclk
  Path Type:              Hold (Min at Fast Process Corner)
  Requirement:            0.000ns  (cmos2_pclk rise@0.000ns - cmos2_pclk rise@0.000ns)
  Data Path Delay:        0.202ns  (logic 0.141ns (69.956%)  route 0.061ns (30.044%))
  Logic Levels:           0  
  Clock Path Skew:        0.000ns (DCD - SCD - CPR)
    Destination Clock Delay (DCD):    4.262ns
    Source Clock Delay      (SCD):    3.376ns
    Clock Pessimism Removal (CPR):    0.886ns

    Location             Delay type                Incr(ns)  Path(ns)    Netlist Resource(s)
  -------------------------------------------------------------------    -------------------
                         (clock cmos2_pclk rise edge)
                                                      0.000     0.000 r  
    A15                                               0.000     0.000 r  cmos2_pclk (IN)
                         net (fo=0)                   0.000     0.000    cmos2_pclk
    A15                  IBUF (Prop_ibuf_I_O)         0.269     0.269 r  cmos2_pclk_IBUF_inst/O
                         net (fo=1, routed)           1.988     2.257    cmos_select_inst/cmos2_pclk_IBUF
    SLICE_X32Y58         LUT3 (Prop_lut3_I2_O)        0.044     2.301 r  cmos_select_inst/camera_fifo_inst_i_1/O
                         net (fo=1, routed)           0.431     2.732    cmos_select_inst/cmos_pclk
    BUFGCTRL_X0Y2        BUFG (Prop_bufg_I_O)         0.088     2.820 r  cmos_select_inst/cmos_pclk_BUFG_inst/O
                         net (fo=130, routed)         0.556     3.376    camera_fifo_inst/U0/inst_fifo_gen/gconvfifo.rf/grf.rf/gntv_or_sync_fifo.gcx.clkx/rd_pntr_cdc_inst/dest_clk
    SLICE_X28Y18         FDRE                                         r  camera_fifo_inst/U0/inst_fifo_gen/gconvfifo.rf/grf.rf/gntv_or_sync_fifo.gcx.clkx/rd_pntr_cdc_inst/dest_graysync_ff_reg[0][5]/C
  -------------------------------------------------------------------    -------------------
    SLICE_X28Y18         FDRE (Prop_fdre_C_Q)         0.141     3.517 r  camera_fifo_inst/U0/inst_fifo_gen/gconvfifo.rf/grf.rf/gntv_or_sync_fifo.gcx.clkx/rd_pntr_cdc_inst/dest_graysync_ff_reg[0][5]/Q
                         net (fo=1, routed)           0.061     3.577    camera_fifo_inst/U0/inst_fifo_gen/gconvfifo.rf/grf.rf/gntv_or_sync_fifo.gcx.clkx/rd_pntr_cdc_inst/dest_graysync_ff[0][5]
    SLICE_X28Y18         FDRE                                         r  camera_fifo_inst/U0/inst_fifo_gen/gconvfifo.rf/grf.rf/gntv_or_sync_fifo.gcx.clkx/rd_pntr_cdc_inst/dest_graysync_ff_reg[1][5]/D
  -------------------------------------------------------------------    -------------------

                         (clock cmos2_pclk rise edge)
                                                      0.000     0.000 r  
    A15                                               0.000     0.000 r  cmos2_pclk (IN)
                         net (fo=0)                   0.000     0.000    cmos2_pclk
    A15                  IBUF (Prop_ibuf_I_O)         0.457     0.457 r  cmos2_pclk_IBUF_inst/O
                         net (fo=1, routed)           2.323     2.780    cmos_select_inst/cmos2_pclk_IBUF
    SLICE_X32Y58         LUT3 (Prop_lut3_I2_O)        0.055     2.835 r  cmos_select_inst/camera_fifo_inst_i_1/O
                         net (fo=1, routed)           0.496     3.331    cmos_select_inst/cmos_pclk
    BUFGCTRL_X0Y2        BUFG (Prop_bufg_I_O)         0.107     3.438 r  cmos_select_inst/cmos_pclk_BUFG_inst/O
                         net (fo=130, routed)         0.824     4.262    camera_fifo_inst/U0/inst_fifo_gen/gconvfifo.rf/grf.rf/gntv_or_sync_fifo.gcx.clkx/rd_pntr_cdc_inst/dest_clk
    SLICE_X28Y18         FDRE                                         r  camera_fifo_inst/U0/inst_fifo_gen/gconvfifo.rf/grf.rf/gntv_or_sync_fifo.gcx.clkx/rd_pntr_cdc_inst/dest_graysync_ff_reg[1][5]/C
                         clock pessimism             -0.886     3.376    
    SLICE_X28Y18         FDRE (Hold_fdre_C_D)         0.078     3.454    camera_fifo_inst/U0/inst_fifo_gen/gconvfifo.rf/grf.rf/gntv_or_sync_fifo.gcx.clkx/rd_pntr_cdc_inst/dest_graysync_ff_reg[1][5]
  -------------------------------------------------------------------
                         required time                         -3.454    
                         arrival time                           3.577    
  -------------------------------------------------------------------
                         slack                                  0.124    

Slack (MET) :             0.125ns  (arrival time - required time)
  Source:                 camera_fifo_inst/U0/inst_fifo_gen/gconvfifo.rf/grf.rf/gntv_or_sync_fifo.gcx.clkx/rd_pntr_cdc_inst/dest_graysync_ff_reg[0][11]/C
                            (rising edge-triggered cell FDRE clocked by cmos2_pclk  {rise@0.000ns fall@5.952ns period=11.904ns})
  Destination:            camera_fifo_inst/U0/inst_fifo_gen/gconvfifo.rf/grf.rf/gntv_or_sync_fifo.gcx.clkx/rd_pntr_cdc_inst/dest_graysync_ff_reg[1][11]/D
                            (rising edge-triggered cell FDRE clocked by cmos2_pclk  {rise@0.000ns fall@5.952ns period=11.904ns})
  Path Group:             cmos2_pclk
  Path Type:              Hold (Min at Fast Process Corner)
  Requirement:            0.000ns  (cmos2_pclk rise@0.000ns - cmos2_pclk rise@0.000ns)
  Data Path Delay:        0.196ns  (logic 0.141ns (71.838%)  route 0.055ns (28.162%))
  Logic Levels:           0  
  Clock Path Skew:        0.000ns (DCD - SCD - CPR)
    Destination Clock Delay (DCD):    4.259ns
    Source Clock Delay      (SCD):    3.373ns
    Clock Pessimism Removal (CPR):    0.886ns

    Location             Delay type                Incr(ns)  Path(ns)    Netlist Resource(s)
  -------------------------------------------------------------------    -------------------
                         (clock cmos2_pclk rise edge)
                                                      0.000     0.000 r  
    A15                                               0.000     0.000 r  cmos2_pclk (IN)
                         net (fo=0)                   0.000     0.000    cmos2_pclk
    A15                  IBUF (Prop_ibuf_I_O)         0.269     0.269 r  cmos2_pclk_IBUF_inst/O
                         net (fo=1, routed)           1.988     2.257    cmos_select_inst/cmos2_pclk_IBUF
    SLICE_X32Y58         LUT3 (Prop_lut3_I2_O)        0.044     2.301 r  cmos_select_inst/camera_fifo_inst_i_1/O
                         net (fo=1, routed)           0.431     2.732    cmos_select_inst/cmos_pclk
    BUFGCTRL_X0Y2        BUFG (Prop_bufg_I_O)         0.088     2.820 r  cmos_select_inst/cmos_pclk_BUFG_inst/O
                         net (fo=130, routed)         0.553     3.373    camera_fifo_inst/U0/inst_fifo_gen/gconvfifo.rf/grf.rf/gntv_or_sync_fifo.gcx.clkx/rd_pntr_cdc_inst/dest_clk
    SLICE_X29Y21         FDRE                                         r  camera_fifo_inst/U0/inst_fifo_gen/gconvfifo.rf/grf.rf/gntv_or_sync_fifo.gcx.clkx/rd_pntr_cdc_inst/dest_graysync_ff_reg[0][11]/C
  -------------------------------------------------------------------    -------------------
    SLICE_X29Y21         FDRE (Prop_fdre_C_Q)         0.141     3.514 r  camera_fifo_inst/U0/inst_fifo_gen/gconvfifo.rf/grf.rf/gntv_or_sync_fifo.gcx.clkx/rd_pntr_cdc_inst/dest_graysync_ff_reg[0][11]/Q
                         net (fo=1, routed)           0.055     3.569    camera_fifo_inst/U0/inst_fifo_gen/gconvfifo.rf/grf.rf/gntv_or_sync_fifo.gcx.clkx/rd_pntr_cdc_inst/dest_graysync_ff[0][11]
    SLICE_X29Y21         FDRE                                         r  camera_fifo_inst/U0/inst_fifo_gen/gconvfifo.rf/grf.rf/gntv_or_sync_fifo.gcx.clkx/rd_pntr_cdc_inst/dest_graysync_ff_reg[1][11]/D
  -------------------------------------------------------------------    -------------------

                         (clock cmos2_pclk rise edge)
                                                      0.000     0.000 r  
    A15                                               0.000     0.000 r  cmos2_pclk (IN)
                         net (fo=0)                   0.000     0.000    cmos2_pclk
    A15                  IBUF (Prop_ibuf_I_O)         0.457     0.457 r  cmos2_pclk_IBUF_inst/O
                         net (fo=1, routed)           2.323     2.780    cmos_select_inst/cmos2_pclk_IBUF
    SLICE_X32Y58         LUT3 (Prop_lut3_I2_O)        0.055     2.835 r  cmos_select_inst/camera_fifo_inst_i_1/O
                         net (fo=1, routed)           0.496     3.331    cmos_select_inst/cmos_pclk
    BUFGCTRL_X0Y2        BUFG (Prop_bufg_I_O)         0.107     3.438 r  cmos_select_inst/cmos_pclk_BUFG_inst/O
                         net (fo=130, routed)         0.821     4.259    camera_fifo_inst/U0/inst_fifo_gen/gconvfifo.rf/grf.rf/gntv_or_sync_fifo.gcx.clkx/rd_pntr_cdc_inst/dest_clk
    SLICE_X29Y21         FDRE                                         r  camera_fifo_inst/U0/inst_fifo_gen/gconvfifo.rf/grf.rf/gntv_or_sync_fifo.gcx.clkx/rd_pntr_cdc_inst/dest_graysync_ff_reg[1][11]/C
                         clock pessimism             -0.886     3.373    
    SLICE_X29Y21         FDRE (Hold_fdre_C_D)         0.071     3.444    camera_fifo_inst/U0/inst_fifo_gen/gconvfifo.rf/grf.rf/gntv_or_sync_fifo.gcx.clkx/rd_pntr_cdc_inst/dest_graysync_ff_reg[1][11]
  -------------------------------------------------------------------
                         required time                         -3.444    
                         arrival time                           3.569    
  -------------------------------------------------------------------
                         slack                                  0.125    

Slack (MET) :             0.127ns  (arrival time - required time)
  Source:                 camera_fifo_inst/U0/inst_fifo_gen/gconvfifo.rf/grf.rf/gntv_or_sync_fifo.gcx.clkx/rd_pntr_cdc_inst/dest_graysync_ff_reg[0][2]/C
                            (rising edge-triggered cell FDRE clocked by cmos2_pclk  {rise@0.000ns fall@5.952ns period=11.904ns})
  Destination:            camera_fifo_inst/U0/inst_fifo_gen/gconvfifo.rf/grf.rf/gntv_or_sync_fifo.gcx.clkx/rd_pntr_cdc_inst/dest_graysync_ff_reg[1][2]/D
                            (rising edge-triggered cell FDRE clocked by cmos2_pclk  {rise@0.000ns fall@5.952ns period=11.904ns})
  Path Group:             cmos2_pclk
  Path Type:              Hold (Min at Fast Process Corner)
  Requirement:            0.000ns  (cmos2_pclk rise@0.000ns - cmos2_pclk rise@0.000ns)
  Data Path Delay:        0.198ns  (logic 0.141ns (71.201%)  route 0.057ns (28.799%))
  Logic Levels:           0  
  Clock Path Skew:        0.000ns (DCD - SCD - CPR)
    Destination Clock Delay (DCD):    4.262ns
    Source Clock Delay      (SCD):    3.376ns
    Clock Pessimism Removal (CPR):    0.886ns

    Location             Delay type                Incr(ns)  Path(ns)    Netlist Resource(s)
  -------------------------------------------------------------------    -------------------
                         (clock cmos2_pclk rise edge)
                                                      0.000     0.000 r  
    A15                                               0.000     0.000 r  cmos2_pclk (IN)
                         net (fo=0)                   0.000     0.000    cmos2_pclk
    A15                  IBUF (Prop_ibuf_I_O)         0.269     0.269 r  cmos2_pclk_IBUF_inst/O
                         net (fo=1, routed)           1.988     2.257    cmos_select_inst/cmos2_pclk_IBUF
    SLICE_X32Y58         LUT3 (Prop_lut3_I2_O)        0.044     2.301 r  cmos_select_inst/camera_fifo_inst_i_1/O
                         net (fo=1, routed)           0.431     2.732    cmos_select_inst/cmos_pclk
    BUFGCTRL_X0Y2        BUFG (Prop_bufg_I_O)         0.088     2.820 r  cmos_select_inst/cmos_pclk_BUFG_inst/O
                         net (fo=130, routed)         0.556     3.376    camera_fifo_inst/U0/inst_fifo_gen/gconvfifo.rf/grf.rf/gntv_or_sync_fifo.gcx.clkx/rd_pntr_cdc_inst/dest_clk
    SLICE_X28Y18         FDRE                                         r  camera_fifo_inst/U0/inst_fifo_gen/gconvfifo.rf/grf.rf/gntv_or_sync_fifo.gcx.clkx/rd_pntr_cdc_inst/dest_graysync_ff_reg[0][2]/C
  -------------------------------------------------------------------    -------------------
    SLICE_X28Y18         FDRE (Prop_fdre_C_Q)         0.141     3.517 r  camera_fifo_inst/U0/inst_fifo_gen/gconvfifo.rf/grf.rf/gntv_or_sync_fifo.gcx.clkx/rd_pntr_cdc_inst/dest_graysync_ff_reg[0][2]/Q
                         net (fo=1, routed)           0.057     3.574    camera_fifo_inst/U0/inst_fifo_gen/gconvfifo.rf/grf.rf/gntv_or_sync_fifo.gcx.clkx/rd_pntr_cdc_inst/dest_graysync_ff[0][2]
    SLICE_X28Y18         FDRE                                         r  camera_fifo_inst/U0/inst_fifo_gen/gconvfifo.rf/grf.rf/gntv_or_sync_fifo.gcx.clkx/rd_pntr_cdc_inst/dest_graysync_ff_reg[1][2]/D
  -------------------------------------------------------------------    -------------------

                         (clock cmos2_pclk rise edge)
                                                      0.000     0.000 r  
    A15                                               0.000     0.000 r  cmos2_pclk (IN)
                         net (fo=0)                   0.000     0.000    cmos2_pclk
    A15                  IBUF (Prop_ibuf_I_O)         0.457     0.457 r  cmos2_pclk_IBUF_inst/O
                         net (fo=1, routed)           2.323     2.780    cmos_select_inst/cmos2_pclk_IBUF
    SLICE_X32Y58         LUT3 (Prop_lut3_I2_O)        0.055     2.835 r  cmos_select_inst/camera_fifo_inst_i_1/O
                         net (fo=1, routed)           0.496     3.331    cmos_select_inst/cmos_pclk
    BUFGCTRL_X0Y2        BUFG (Prop_bufg_I_O)         0.107     3.438 r  cmos_select_inst/cmos_pclk_BUFG_inst/O
                         net (fo=130, routed)         0.824     4.262    camera_fifo_inst/U0/inst_fifo_gen/gconvfifo.rf/grf.rf/gntv_or_sync_fifo.gcx.clkx/rd_pntr_cdc_inst/dest_clk
    SLICE_X28Y18         FDRE                                         r  camera_fifo_inst/U0/inst_fifo_gen/gconvfifo.rf/grf.rf/gntv_or_sync_fifo.gcx.clkx/rd_pntr_cdc_inst/dest_graysync_ff_reg[1][2]/C
                         clock pessimism             -0.886     3.376    
    SLICE_X28Y18         FDRE (Hold_fdre_C_D)         0.071     3.447    camera_fifo_inst/U0/inst_fifo_gen/gconvfifo.rf/grf.rf/gntv_or_sync_fifo.gcx.clkx/rd_pntr_cdc_inst/dest_graysync_ff_reg[1][2]
  -------------------------------------------------------------------
                         required time                         -3.447    
                         arrival time                           3.574    
  -------------------------------------------------------------------
                         slack                                  0.127    

Slack (MET) :             0.130ns  (arrival time - required time)
  Source:                 camera_fifo_inst/U0/inst_fifo_gen/gconvfifo.rf/grf.rf/gntv_or_sync_fifo.gcx.clkx/rd_pntr_cdc_inst/dest_graysync_ff_reg[0][3]/C
                            (rising edge-triggered cell FDRE clocked by cmos2_pclk  {rise@0.000ns fall@5.952ns period=11.904ns})
  Destination:            camera_fifo_inst/U0/inst_fifo_gen/gconvfifo.rf/grf.rf/gntv_or_sync_fifo.gcx.clkx/rd_pntr_cdc_inst/dest_graysync_ff_reg[1][3]/D
                            (rising edge-triggered cell FDRE clocked by cmos2_pclk  {rise@0.000ns fall@5.952ns period=11.904ns})
  Path Group:             cmos2_pclk
  Path Type:              Hold (Min at Fast Process Corner)
  Requirement:            0.000ns  (cmos2_pclk rise@0.000ns - cmos2_pclk rise@0.000ns)
  Data Path Delay:        0.205ns  (logic 0.141ns (68.843%)  route 0.064ns (31.157%))
  Logic Levels:           0  
  Clock Path Skew:        0.000ns (DCD - SCD - CPR)
    Destination Clock Delay (DCD):    4.263ns
    Source Clock Delay      (SCD):    3.377ns
    Clock Pessimism Removal (CPR):    0.886ns

    Location             Delay type                Incr(ns)  Path(ns)    Netlist Resource(s)
  -------------------------------------------------------------------    -------------------
                         (clock cmos2_pclk rise edge)
                                                      0.000     0.000 r  
    A15                                               0.000     0.000 r  cmos2_pclk (IN)
                         net (fo=0)                   0.000     0.000    cmos2_pclk
    A15                  IBUF (Prop_ibuf_I_O)         0.269     0.269 r  cmos2_pclk_IBUF_inst/O
                         net (fo=1, routed)           1.988     2.257    cmos_select_inst/cmos2_pclk_IBUF
    SLICE_X32Y58         LUT3 (Prop_lut3_I2_O)        0.044     2.301 r  cmos_select_inst/camera_fifo_inst_i_1/O
                         net (fo=1, routed)           0.431     2.732    cmos_select_inst/cmos_pclk
    BUFGCTRL_X0Y2        BUFG (Prop_bufg_I_O)         0.088     2.820 r  cmos_select_inst/cmos_pclk_BUFG_inst/O
                         net (fo=130, routed)         0.557     3.377    camera_fifo_inst/U0/inst_fifo_gen/gconvfifo.rf/grf.rf/gntv_or_sync_fifo.gcx.clkx/rd_pntr_cdc_inst/dest_clk
    SLICE_X28Y17         FDRE                                         r  camera_fifo_inst/U0/inst_fifo_gen/gconvfifo.rf/grf.rf/gntv_or_sync_fifo.gcx.clkx/rd_pntr_cdc_inst/dest_graysync_ff_reg[0][3]/C
  -------------------------------------------------------------------    -------------------
    SLICE_X28Y17         FDRE (Prop_fdre_C_Q)         0.141     3.518 r  camera_fifo_inst/U0/inst_fifo_gen/gconvfifo.rf/grf.rf/gntv_or_sync_fifo.gcx.clkx/rd_pntr_cdc_inst/dest_graysync_ff_reg[0][3]/Q
                         net (fo=1, routed)           0.064     3.581    camera_fifo_inst/U0/inst_fifo_gen/gconvfifo.rf/grf.rf/gntv_or_sync_fifo.gcx.clkx/rd_pntr_cdc_inst/dest_graysync_ff[0][3]
    SLICE_X28Y17         FDRE                                         r  camera_fifo_inst/U0/inst_fifo_gen/gconvfifo.rf/grf.rf/gntv_or_sync_fifo.gcx.clkx/rd_pntr_cdc_inst/dest_graysync_ff_reg[1][3]/D
  -------------------------------------------------------------------    -------------------

                         (clock cmos2_pclk rise edge)
                                                      0.000     0.000 r  
    A15                                               0.000     0.000 r  cmos2_pclk (IN)
                         net (fo=0)                   0.000     0.000    cmos2_pclk
    A15                  IBUF (Prop_ibuf_I_O)         0.457     0.457 r  cmos2_pclk_IBUF_inst/O
                         net (fo=1, routed)           2.323     2.780    cmos_select_inst/cmos2_pclk_IBUF
    SLICE_X32Y58         LUT3 (Prop_lut3_I2_O)        0.055     2.835 r  cmos_select_inst/camera_fifo_inst_i_1/O
                         net (fo=1, routed)           0.496     3.331    cmos_select_inst/cmos_pclk
    BUFGCTRL_X0Y2        BUFG (Prop_bufg_I_O)         0.107     3.438 r  cmos_select_inst/cmos_pclk_BUFG_inst/O
                         net (fo=130, routed)         0.825     4.263    camera_fifo_inst/U0/inst_fifo_gen/gconvfifo.rf/grf.rf/gntv_or_sync_fifo.gcx.clkx/rd_pntr_cdc_inst/dest_clk
    SLICE_X28Y17         FDRE                                         r  camera_fifo_inst/U0/inst_fifo_gen/gconvfifo.rf/grf.rf/gntv_or_sync_fifo.gcx.clkx/rd_pntr_cdc_inst/dest_graysync_ff_reg[1][3]/C
                         clock pessimism             -0.886     3.377    
    SLICE_X28Y17         FDRE (Hold_fdre_C_D)         0.075     3.452    camera_fifo_inst/U0/inst_fifo_gen/gconvfifo.rf/grf.rf/gntv_or_sync_fifo.gcx.clkx/rd_pntr_cdc_inst/dest_graysync_ff_reg[1][3]
  -------------------------------------------------------------------
                         required time                         -3.452    
                         arrival time                           3.581    
  -------------------------------------------------------------------
                         slack                                  0.130    

Slack (MET) :             0.130ns  (arrival time - required time)
  Source:                 camera_fifo_inst/U0/inst_fifo_gen/gconvfifo.rf/grf.rf/gntv_or_sync_fifo.gcx.clkx/rd_pntr_cdc_inst/dest_graysync_ff_reg[0][0]/C
                            (rising edge-triggered cell FDRE clocked by cmos2_pclk  {rise@0.000ns fall@5.952ns period=11.904ns})
  Destination:            camera_fifo_inst/U0/inst_fifo_gen/gconvfifo.rf/grf.rf/gntv_or_sync_fifo.gcx.clkx/rd_pntr_cdc_inst/dest_graysync_ff_reg[1][0]/D
                            (rising edge-triggered cell FDRE clocked by cmos2_pclk  {rise@0.000ns fall@5.952ns period=11.904ns})
  Path Group:             cmos2_pclk
  Path Type:              Hold (Min at Fast Process Corner)
  Requirement:            0.000ns  (cmos2_pclk rise@0.000ns - cmos2_pclk rise@0.000ns)
  Data Path Delay:        0.205ns  (logic 0.141ns (68.843%)  route 0.064ns (31.157%))
  Logic Levels:           0  
  Clock Path Skew:        0.000ns (DCD - SCD - CPR)
    Destination Clock Delay (DCD):    4.262ns
    Source Clock Delay      (SCD):    3.376ns
    Clock Pessimism Removal (CPR):    0.886ns

    Location             Delay type                Incr(ns)  Path(ns)    Netlist Resource(s)
  -------------------------------------------------------------------    -------------------
                         (clock cmos2_pclk rise edge)
                                                      0.000     0.000 r  
    A15                                               0.000     0.000 r  cmos2_pclk (IN)
                         net (fo=0)                   0.000     0.000    cmos2_pclk
    A15                  IBUF (Prop_ibuf_I_O)         0.269     0.269 r  cmos2_pclk_IBUF_inst/O
                         net (fo=1, routed)           1.988     2.257    cmos_select_inst/cmos2_pclk_IBUF
    SLICE_X32Y58         LUT3 (Prop_lut3_I2_O)        0.044     2.301 r  cmos_select_inst/camera_fifo_inst_i_1/O
                         net (fo=1, routed)           0.431     2.732    cmos_select_inst/cmos_pclk
    BUFGCTRL_X0Y2        BUFG (Prop_bufg_I_O)         0.088     2.820 r  cmos_select_inst/cmos_pclk_BUFG_inst/O
                         net (fo=130, routed)         0.556     3.376    camera_fifo_inst/U0/inst_fifo_gen/gconvfifo.rf/grf.rf/gntv_or_sync_fifo.gcx.clkx/rd_pntr_cdc_inst/dest_clk
    SLICE_X28Y18         FDRE                                         r  camera_fifo_inst/U0/inst_fifo_gen/gconvfifo.rf/grf.rf/gntv_or_sync_fifo.gcx.clkx/rd_pntr_cdc_inst/dest_graysync_ff_reg[0][0]/C
  -------------------------------------------------------------------    -------------------
    SLICE_X28Y18         FDRE (Prop_fdre_C_Q)         0.141     3.517 r  camera_fifo_inst/U0/inst_fifo_gen/gconvfifo.rf/grf.rf/gntv_or_sync_fifo.gcx.clkx/rd_pntr_cdc_inst/dest_graysync_ff_reg[0][0]/Q
                         net (fo=1, routed)           0.064     3.580    camera_fifo_inst/U0/inst_fifo_gen/gconvfifo.rf/grf.rf/gntv_or_sync_fifo.gcx.clkx/rd_pntr_cdc_inst/dest_graysync_ff[0][0]
    SLICE_X28Y18         FDRE                                         r  camera_fifo_inst/U0/inst_fifo_gen/gconvfifo.rf/grf.rf/gntv_or_sync_fifo.gcx.clkx/rd_pntr_cdc_inst/dest_graysync_ff_reg[1][0]/D
  -------------------------------------------------------------------    -------------------

                         (clock cmos2_pclk rise edge)
                                                      0.000     0.000 r  
    A15                                               0.000     0.000 r  cmos2_pclk (IN)
                         net (fo=0)                   0.000     0.000    cmos2_pclk
    A15                  IBUF (Prop_ibuf_I_O)         0.457     0.457 r  cmos2_pclk_IBUF_inst/O
                         net (fo=1, routed)           2.323     2.780    cmos_select_inst/cmos2_pclk_IBUF
    SLICE_X32Y58         LUT3 (Prop_lut3_I2_O)        0.055     2.835 r  cmos_select_inst/camera_fifo_inst_i_1/O
                         net (fo=1, routed)           0.496     3.331    cmos_select_inst/cmos_pclk
    BUFGCTRL_X0Y2        BUFG (Prop_bufg_I_O)         0.107     3.438 r  cmos_select_inst/cmos_pclk_BUFG_inst/O
                         net (fo=130, routed)         0.824     4.262    camera_fifo_inst/U0/inst_fifo_gen/gconvfifo.rf/grf.rf/gntv_or_sync_fifo.gcx.clkx/rd_pntr_cdc_inst/dest_clk
    SLICE_X28Y18         FDRE                                         r  camera_fifo_inst/U0/inst_fifo_gen/gconvfifo.rf/grf.rf/gntv_or_sync_fifo.gcx.clkx/rd_pntr_cdc_inst/dest_graysync_ff_reg[1][0]/C
                         clock pessimism             -0.886     3.376    
    SLICE_X28Y18         FDRE (Hold_fdre_C_D)         0.075     3.451    camera_fifo_inst/U0/inst_fifo_gen/gconvfifo.rf/grf.rf/gntv_or_sync_fifo.gcx.clkx/rd_pntr_cdc_inst/dest_graysync_ff_reg[1][0]
  -------------------------------------------------------------------
                         required time                         -3.451    
                         arrival time                           3.580    
  -------------------------------------------------------------------
                         slack                                  0.130    





Pulse Width Checks
--------------------------------------------------------------------------------------
Clock Name:         cmos2_pclk
Waveform(ns):       { 0.000 5.952 }
Period(ns):         11.904
Sources:            { cmos2_pclk }

Check Type        Corner  Lib Pin             Reference Pin  Required(ns)  Actual(ns)  Slack(ns)  Location       Pin
Min Period        n/a     RAMB36E1/CLKARDCLK  n/a            2.170         11.904      9.734      RAMB36_X0Y4    camera_fifo_inst/U0/inst_fifo_gen/gconvfifo.rf/grf.rf/gntv_or_sync_fifo.mem/gbm.gbmg.gbmga.ngecc.bmg/inst_blk_mem_gen/gnbram.gnativebmg.native_blk_mem_gen/valid.cstr/ramloop[0].ram.r/prim_noinit.ram/DEVICE_7SERIES.NO_BMM_INFO.SDP.SIMPLE_PRIM36.ram/CLKARDCLK
Min Period        n/a     BUFG/I              n/a            1.592         11.904      10.312     BUFGCTRL_X0Y2  cmos_select_inst/cmos_pclk_BUFG_inst/I
Min Period        n/a     FDRE/C              n/a            1.000         11.904      10.904     SLICE_X6Y24    camera_delay_inst/cmos_data_d2_reg[0]__0/C
Min Period        n/a     FDRE/C              n/a            1.000         11.904      10.904     SLICE_X6Y24    camera_delay_inst/cmos_data_d2_reg[1]__0/C
Min Period        n/a     FDRE/C              n/a            1.000         11.904      10.904     SLICE_X6Y24    camera_delay_inst/cmos_data_d2_reg[2]__0/C
Min Period        n/a     FDRE/C              n/a            1.000         11.904      10.904     SLICE_X31Y22   camera_fifo_inst/U0/inst_fifo_gen/gconvfifo.rf/grf.rf/rstblk/grstd1.grst_full.grst_f.rst_d1_reg/C
Min Period        n/a     FDRE/C              n/a            1.000         11.904      10.904     SLICE_X31Y22   camera_fifo_inst/U0/inst_fifo_gen/gconvfifo.rf/grf.rf/rstblk/grstd1.grst_full.grst_f.rst_d2_reg/C
Min Period        n/a     FDSE/C              n/a            1.000         11.904      10.904     SLICE_X31Y23   camera_fifo_inst/U0/inst_fifo_gen/gconvfifo.rf/grf.rf/rstblk/grstd1.grst_full.grst_f.rst_d3_reg/C
Min Period        n/a     FDRE/C              n/a            1.000         11.904      10.904     SLICE_X33Y24   camera_fifo_inst/U0/inst_fifo_gen/gconvfifo.rf/grf.rf/rstblk/ngwrdrst.grst.g7serrst.gsckt_wrst.gic_rst.rd_rst_wr_ext_reg[0]/C
Min Period        n/a     FDRE/C              n/a            1.000         11.904      10.904     SLICE_X34Y23   camera_fifo_inst/U0/inst_fifo_gen/gconvfifo.rf/grf.rf/rstblk/ngwrdrst.grst.g7serrst.gsckt_wrst.gic_rst.rd_rst_wr_ext_reg[1]/C
Low Pulse Width   Slow    SRL16E/CLK          n/a            0.854         5.952       5.098      SLICE_X6Y24    camera_delay_inst/cmos_data_d1_reg[0]_srl2/CLK
Low Pulse Width   Slow    SRL16E/CLK          n/a            0.854         5.952       5.098      SLICE_X6Y24    camera_delay_inst/cmos_data_d1_reg[1]_srl2/CLK
Low Pulse Width   Slow    SRL16E/CLK          n/a            0.854         5.952       5.098      SLICE_X6Y24    camera_delay_inst/cmos_data_d1_reg[2]_srl2/CLK
Low Pulse Width   Slow    SRL16E/CLK          n/a            0.854         5.952       5.098      SLICE_X6Y24    camera_delay_inst/cmos_data_d1_reg[3]_srl2/CLK
Low Pulse Width   Slow    SRL16E/CLK          n/a            0.854         5.952       5.098      SLICE_X6Y24    camera_delay_inst/cmos_data_d1_reg[4]_srl2/CLK
Low Pulse Width   Slow    SRL16E/CLK          n/a            0.854         5.952       5.098      SLICE_X6Y24    camera_delay_inst/cmos_data_d1_reg[5]_srl2/CLK
Low Pulse Width   Slow    SRL16E/CLK          n/a            0.854         5.952       5.098      SLICE_X6Y24    camera_delay_inst/cmos_data_d1_reg[6]_srl2/CLK
Low Pulse Width   Slow    SRL16E/CLK          n/a            0.854         5.952       5.098      SLICE_X6Y24    camera_delay_inst/cmos_data_d1_reg[7]_srl2/CLK
Low Pulse Width   Slow    SRL16E/CLK          n/a            0.854         5.952       5.098      SLICE_X30Y25   camera_delay_inst/cmos_href_buf_reg[1]_srl2/CLK
Low Pulse Width   Slow    SRL16E/CLK          n/a            0.854         5.952       5.098      SLICE_X30Y25   camera_fifo_inst/U0/inst_fifo_gen/gconvfifo.rf/grf.rf/gntv_or_sync_fifo.mem/gbm.gbmg.gbmga.ngecc.bmg/inst_blk_mem_gen/gnbram.gnativebmg.native_blk_mem_gen/valid.cstr/ramloop[0].ram.r/SAFETY_CKT_GEN.RSTA_SHFT_REG_reg[3]_srl3/CLK
High Pulse Width  Fast    SRL16E/CLK          n/a            0.854         5.952       5.098      SLICE_X30Y25   camera_delay_inst/cmos_href_buf_reg[1]_srl2/CLK
High Pulse Width  Fast    SRL16E/CLK          n/a            0.854         5.952       5.098      SLICE_X30Y25   camera_fifo_inst/U0/inst_fifo_gen/gconvfifo.rf/grf.rf/gntv_or_sync_fifo.mem/gbm.gbmg.gbmga.ngecc.bmg/inst_blk_mem_gen/gnbram.gnativebmg.native_blk_mem_gen/valid.cstr/ramloop[0].ram.r/SAFETY_CKT_GEN.RSTA_SHFT_REG_reg[3]_srl3/CLK
High Pulse Width  Fast    SRL16E/CLK          n/a            0.854         5.952       5.098      SLICE_X6Y24    camera_delay_inst/cmos_data_d1_reg[0]_srl2/CLK
High Pulse Width  Fast    SRL16E/CLK          n/a            0.854         5.952       5.098      SLICE_X6Y24    camera_delay_inst/cmos_data_d1_reg[1]_srl2/CLK
High Pulse Width  Fast    SRL16E/CLK          n/a            0.854         5.952       5.098      SLICE_X6Y24    camera_delay_inst/cmos_data_d1_reg[2]_srl2/CLK
High Pulse Width  Fast    SRL16E/CLK          n/a            0.854         5.952       5.098      SLICE_X6Y24    camera_delay_inst/cmos_data_d1_reg[3]_srl2/CLK
High Pulse Width  Fast    SRL16E/CLK          n/a            0.854         5.952       5.098      SLICE_X6Y24    camera_delay_inst/cmos_data_d1_reg[4]_srl2/CLK
High Pulse Width  Fast    SRL16E/CLK          n/a            0.854         5.952       5.098      SLICE_X6Y24    camera_delay_inst/cmos_data_d1_reg[5]_srl2/CLK
High Pulse Width  Fast    SRL16E/CLK          n/a            0.854         5.952       5.098      SLICE_X6Y24    camera_delay_inst/cmos_data_d1_reg[6]_srl2/CLK
High Pulse Width  Fast    SRL16E/CLK          n/a            0.854         5.952       5.098      SLICE_X6Y24    camera_delay_inst/cmos_data_d1_reg[7]_srl2/CLK



---------------------------------------------------------------------------------------------------
From Clock:  rx_clk
  To Clock:  rx_clk

Setup :            0  Failing Endpoints,  Worst Slack        2.078ns,  Total Violation        0.000ns
Hold  :            0  Failing Endpoints,  Worst Slack        0.103ns,  Total Violation        0.000ns
PW    :            0  Failing Endpoints,  Worst Slack        3.146ns,  Total Violation        0.000ns
---------------------------------------------------------------------------------------------------


Max Delay Paths
--------------------------------------------------------------------------------------
Slack (MET) :             2.078ns  (required time - arrival time)
  Source:                 mac_test0/mac_top0/mac_rx0/mac0/mac_rx_data_d2_reg[5]/C
                            (rising edge-triggered cell FDCE clocked by rx_clk  {rise@0.000ns fall@4.000ns period=8.000ns})
  Destination:            mac_test0/mac_top0/icmp0/reply_checksum_tmp_reg[30]/D
                            (rising edge-triggered cell FDCE clocked by rx_clk  {rise@0.000ns fall@4.000ns period=8.000ns})
  Path Group:             rx_clk
  Path Type:              Setup (Max at Slow Process Corner)
  Requirement:            8.000ns  (rx_clk rise@8.000ns - rx_clk rise@0.000ns)
  Data Path Delay:        5.760ns  (logic 1.938ns (33.646%)  route 3.822ns (66.354%))
  Logic Levels:           9  (CARRY4=7 LUT2=1 LUT5=1)
  Clock Path Skew:        -0.157ns (DCD - SCD + CPR)
    Destination Clock Delay (DCD):    4.283ns = ( 12.283 - 8.000 ) 
    Source Clock Delay      (SCD):    4.606ns
    Clock Pessimism Removal (CPR):    0.166ns
  Clock Uncertainty:      0.035ns  ((TSJ^2 + TIJ^2)^1/2 + DJ) / 2 + PE
    Total System Jitter     (TSJ):    0.071ns
    Total Input Jitter      (TIJ):    0.000ns
    Discrete Jitter          (DJ):    0.000ns
    Phase Error              (PE):    0.000ns

    Location             Delay type                Incr(ns)  Path(ns)    Netlist Resource(s)
  -------------------------------------------------------------------    -------------------
                         (clock rx_clk rise edge)     0.000     0.000 r  
    K18                                               0.000     0.000 r  rgmii_rxc (IN)
                         net (fo=0)                   0.000     0.000    rgmii_rxc
    K18                  IBUF (Prop_ibuf_I_O)         1.408     1.408 r  rgmii_rxc_IBUF_inst/O
                         net (fo=2, routed)           1.693     3.101    util_gmii_to_rgmii_m0/rgmii_rxc_IBUF
    BUFGCTRL_X0Y16       BUFG (Prop_bufg_I_O)         0.081     3.182 r  util_gmii_to_rgmii_m0/BUFG_inst/O
                         net (fo=2092, routed)        1.424     4.606    mac_test0/mac_top0/mac_rx0/mac0/gmii_tx_clk
    SLICE_X6Y26          FDCE                                         r  mac_test0/mac_top0/mac_rx0/mac0/mac_rx_data_d2_reg[5]/C
  -------------------------------------------------------------------    -------------------
    SLICE_X6Y26          FDCE (Prop_fdce_C_Q)         0.433     5.039 r  mac_test0/mac_top0/mac_rx0/mac0/mac_rx_data_d2_reg[5]/Q
                         net (fo=50, routed)          3.345     8.384    mac_test0/mac_top0/icmp0/Q[5]
    SLICE_X41Y38         LUT2 (Prop_lut2_I0_O)        0.105     8.489 r  mac_test0/mac_top0/icmp0/reply_checksum_tmp[7]_i_6/O
                         net (fo=1, routed)           0.000     8.489    mac_test0/mac_top0/mac_rx0/mac0/reply_checksum_tmp_reg[7][1]
    SLICE_X41Y38         CARRY4 (Prop_carry4_S[1]_CO[3])
                                                      0.457     8.946 r  mac_test0/mac_top0/mac_rx0/mac0/reply_checksum_tmp_reg[7]_i_3/CO[3]
                         net (fo=1, routed)           0.000     8.946    mac_test0/mac_top0/icmp0/reply_checksum_tmp_reg[11]_0[0]
    SLICE_X41Y39         CARRY4 (Prop_carry4_CI_CO[3])
                                                      0.098     9.044 r  mac_test0/mac_top0/icmp0/reply_checksum_tmp_reg[11]_i_2/CO[3]
                         net (fo=1, routed)           0.000     9.044    mac_test0/mac_top0/icmp0/reply_checksum_tmp_reg[11]_i_2_n_0
    SLICE_X41Y40         CARRY4 (Prop_carry4_CI_CO[3])
                                                      0.098     9.142 r  mac_test0/mac_top0/icmp0/reply_checksum_tmp_reg[15]_i_2/CO[3]
                         net (fo=1, routed)           0.000     9.142    mac_test0/mac_top0/icmp0/reply_checksum_tmp_reg[15]_i_2_n_0
    SLICE_X41Y41         CARRY4 (Prop_carry4_CI_CO[3])
                                                      0.098     9.240 r  mac_test0/mac_top0/icmp0/reply_checksum_tmp_reg[19]_i_2/CO[3]
                         net (fo=1, routed)           0.000     9.240    mac_test0/mac_top0/icmp0/reply_checksum_tmp_reg[19]_i_2_n_0
    SLICE_X41Y42         CARRY4 (Prop_carry4_CI_CO[3])
                                                      0.098     9.338 r  mac_test0/mac_top0/icmp0/reply_checksum_tmp_reg[23]_i_2/CO[3]
                         net (fo=1, routed)           0.000     9.338    mac_test0/mac_top0/icmp0/reply_checksum_tmp_reg[23]_i_2_n_0
    SLICE_X41Y43         CARRY4 (Prop_carry4_CI_CO[3])
                                                      0.098     9.436 r  mac_test0/mac_top0/icmp0/reply_checksum_tmp_reg[27]_i_2/CO[3]
                         net (fo=1, routed)           0.000     9.436    mac_test0/mac_top0/icmp0/reply_checksum_tmp_reg[27]_i_2_n_0
    SLICE_X41Y44         CARRY4 (Prop_carry4_CI_O[2])
                                                      0.200     9.636 r  mac_test0/mac_top0/icmp0/reply_checksum_tmp_reg[31]_i_5/O[2]
                         net (fo=1, routed)           0.477    10.113    mac_test0/mac_top0/icmp0/reply_checksum_tmp_reg[31]_i_5_n_5
    SLICE_X39Y44         LUT5 (Prop_lut5_I1_O)        0.253    10.366 r  mac_test0/mac_top0/icmp0/reply_checksum_tmp[30]_i_1/O
                         net (fo=1, routed)           0.000    10.366    mac_test0/mac_top0/icmp0/reply_checksum_tmp[30]_i_1_n_0
    SLICE_X39Y44         FDCE                                         r  mac_test0/mac_top0/icmp0/reply_checksum_tmp_reg[30]/D
  -------------------------------------------------------------------    -------------------

                         (clock rx_clk rise edge)     8.000     8.000 r  
    K18                                               0.000     8.000 r  rgmii_rxc (IN)
                         net (fo=0)                   0.000     8.000    rgmii_rxc
    K18                  IBUF (Prop_ibuf_I_O)         1.342     9.342 r  rgmii_rxc_IBUF_inst/O
                         net (fo=2, routed)           1.604    10.946    util_gmii_to_rgmii_m0/rgmii_rxc_IBUF
    BUFGCTRL_X0Y16       BUFG (Prop_bufg_I_O)         0.077    11.023 r  util_gmii_to_rgmii_m0/BUFG_inst/O
                         net (fo=2092, routed)        1.260    12.283    mac_test0/mac_top0/icmp0/gmii_tx_clk
    SLICE_X39Y44         FDCE                                         r  mac_test0/mac_top0/icmp0/reply_checksum_tmp_reg[30]/C
                         clock pessimism              0.166    12.449    
                         clock uncertainty           -0.035    12.413    
    SLICE_X39Y44         FDCE (Setup_fdce_C_D)        0.030    12.443    mac_test0/mac_top0/icmp0/reply_checksum_tmp_reg[30]
  -------------------------------------------------------------------
                         required time                         12.443    
                         arrival time                         -10.366    
  -------------------------------------------------------------------
                         slack                                  2.078    

Slack (MET) :             2.170ns  (required time - arrival time)
  Source:                 mac_test0/mac_top0/mac_rx0/mac0/mac_rx_data_d2_reg[5]/C
                            (rising edge-triggered cell FDCE clocked by rx_clk  {rise@0.000ns fall@4.000ns period=8.000ns})
  Destination:            mac_test0/mac_top0/icmp0/reply_checksum_tmp_reg[31]/D
                            (rising edge-triggered cell FDCE clocked by rx_clk  {rise@0.000ns fall@4.000ns period=8.000ns})
  Path Group:             rx_clk
  Path Type:              Setup (Max at Slow Process Corner)
  Requirement:            8.000ns  (rx_clk rise@8.000ns - rx_clk rise@0.000ns)
  Data Path Delay:        5.713ns  (logic 2.002ns (35.044%)  route 3.711ns (64.956%))
  Logic Levels:           9  (CARRY4=7 LUT2=1 LUT5=1)
  Clock Path Skew:        -0.156ns (DCD - SCD + CPR)
    Destination Clock Delay (DCD):    4.284ns = ( 12.284 - 8.000 ) 
    Source Clock Delay      (SCD):    4.606ns
    Clock Pessimism Removal (CPR):    0.166ns
  Clock Uncertainty:      0.035ns  ((TSJ^2 + TIJ^2)^1/2 + DJ) / 2 + PE
    Total System Jitter     (TSJ):    0.071ns
    Total Input Jitter      (TIJ):    0.000ns
    Discrete Jitter          (DJ):    0.000ns
    Phase Error              (PE):    0.000ns

    Location             Delay type                Incr(ns)  Path(ns)    Netlist Resource(s)
  -------------------------------------------------------------------    -------------------
                         (clock rx_clk rise edge)     0.000     0.000 r  
    K18                                               0.000     0.000 r  rgmii_rxc (IN)
                         net (fo=0)                   0.000     0.000    rgmii_rxc
    K18                  IBUF (Prop_ibuf_I_O)         1.408     1.408 r  rgmii_rxc_IBUF_inst/O
                         net (fo=2, routed)           1.693     3.101    util_gmii_to_rgmii_m0/rgmii_rxc_IBUF
    BUFGCTRL_X0Y16       BUFG (Prop_bufg_I_O)         0.081     3.182 r  util_gmii_to_rgmii_m0/BUFG_inst/O
                         net (fo=2092, routed)        1.424     4.606    mac_test0/mac_top0/mac_rx0/mac0/gmii_tx_clk
    SLICE_X6Y26          FDCE                                         r  mac_test0/mac_top0/mac_rx0/mac0/mac_rx_data_d2_reg[5]/C
  -------------------------------------------------------------------    -------------------
    SLICE_X6Y26          FDCE (Prop_fdce_C_Q)         0.433     5.039 r  mac_test0/mac_top0/mac_rx0/mac0/mac_rx_data_d2_reg[5]/Q
                         net (fo=50, routed)          3.345     8.384    mac_test0/mac_top0/icmp0/Q[5]
    SLICE_X41Y38         LUT2 (Prop_lut2_I0_O)        0.105     8.489 r  mac_test0/mac_top0/icmp0/reply_checksum_tmp[7]_i_6/O
                         net (fo=1, routed)           0.000     8.489    mac_test0/mac_top0/mac_rx0/mac0/reply_checksum_tmp_reg[7][1]
    SLICE_X41Y38         CARRY4 (Prop_carry4_S[1]_CO[3])
                                                      0.457     8.946 r  mac_test0/mac_top0/mac_rx0/mac0/reply_checksum_tmp_reg[7]_i_3/CO[3]
                         net (fo=1, routed)           0.000     8.946    mac_test0/mac_top0/icmp0/reply_checksum_tmp_reg[11]_0[0]
    SLICE_X41Y39         CARRY4 (Prop_carry4_CI_CO[3])
                                                      0.098     9.044 r  mac_test0/mac_top0/icmp0/reply_checksum_tmp_reg[11]_i_2/CO[3]
                         net (fo=1, routed)           0.000     9.044    mac_test0/mac_top0/icmp0/reply_checksum_tmp_reg[11]_i_2_n_0
    SLICE_X41Y40         CARRY4 (Prop_carry4_CI_CO[3])
                                                      0.098     9.142 r  mac_test0/mac_top0/icmp0/reply_checksum_tmp_reg[15]_i_2/CO[3]
                         net (fo=1, routed)           0.000     9.142    mac_test0/mac_top0/icmp0/reply_checksum_tmp_reg[15]_i_2_n_0
    SLICE_X41Y41         CARRY4 (Prop_carry4_CI_CO[3])
                                                      0.098     9.240 r  mac_test0/mac_top0/icmp0/reply_checksum_tmp_reg[19]_i_2/CO[3]
                         net (fo=1, routed)           0.000     9.240    mac_test0/mac_top0/icmp0/reply_checksum_tmp_reg[19]_i_2_n_0
    SLICE_X41Y42         CARRY4 (Prop_carry4_CI_CO[3])
                                                      0.098     9.338 r  mac_test0/mac_top0/icmp0/reply_checksum_tmp_reg[23]_i_2/CO[3]
                         net (fo=1, routed)           0.000     9.338    mac_test0/mac_top0/icmp0/reply_checksum_tmp_reg[23]_i_2_n_0
    SLICE_X41Y43         CARRY4 (Prop_carry4_CI_CO[3])
                                                      0.098     9.436 r  mac_test0/mac_top0/icmp0/reply_checksum_tmp_reg[27]_i_2/CO[3]
                         net (fo=1, routed)           0.000     9.436    mac_test0/mac_top0/icmp0/reply_checksum_tmp_reg[27]_i_2_n_0
    SLICE_X41Y44         CARRY4 (Prop_carry4_CI_O[3])
                                                      0.260     9.696 r  mac_test0/mac_top0/icmp0/reply_checksum_tmp_reg[31]_i_5/O[3]
                         net (fo=1, routed)           0.366    10.062    mac_test0/mac_top0/icmp0/reply_checksum_tmp_reg[31]_i_5_n_4
    SLICE_X42Y44         LUT5 (Prop_lut5_I1_O)        0.257    10.319 r  mac_test0/mac_top0/icmp0/reply_checksum_tmp[31]_i_2/O
                         net (fo=1, routed)           0.000    10.319    mac_test0/mac_top0/icmp0/reply_checksum_tmp[31]_i_2_n_0
    SLICE_X42Y44         FDCE                                         r  mac_test0/mac_top0/icmp0/reply_checksum_tmp_reg[31]/D
  -------------------------------------------------------------------    -------------------

                         (clock rx_clk rise edge)     8.000     8.000 r  
    K18                                               0.000     8.000 r  rgmii_rxc (IN)
                         net (fo=0)                   0.000     8.000    rgmii_rxc
    K18                  IBUF (Prop_ibuf_I_O)         1.342     9.342 r  rgmii_rxc_IBUF_inst/O
                         net (fo=2, routed)           1.604    10.946    util_gmii_to_rgmii_m0/rgmii_rxc_IBUF
    BUFGCTRL_X0Y16       BUFG (Prop_bufg_I_O)         0.077    11.023 r  util_gmii_to_rgmii_m0/BUFG_inst/O
                         net (fo=2092, routed)        1.261    12.284    mac_test0/mac_top0/icmp0/gmii_tx_clk
    SLICE_X42Y44         FDCE                                         r  mac_test0/mac_top0/icmp0/reply_checksum_tmp_reg[31]/C
                         clock pessimism              0.166    12.450    
                         clock uncertainty           -0.035    12.414    
    SLICE_X42Y44         FDCE (Setup_fdce_C_D)        0.074    12.488    mac_test0/mac_top0/icmp0/reply_checksum_tmp_reg[31]
  -------------------------------------------------------------------
                         required time                         12.488    
                         arrival time                         -10.319    
  -------------------------------------------------------------------
                         slack                                  2.170    

Slack (MET) :             2.270ns  (required time - arrival time)
  Source:                 mac_test0/mac_top0/mac_rx0/mac0/mac_rx_data_d2_reg[5]/C
                            (rising edge-triggered cell FDCE clocked by rx_clk  {rise@0.000ns fall@4.000ns period=8.000ns})
  Destination:            mac_test0/mac_top0/icmp0/reply_checksum_tmp_reg[28]/D
                            (rising edge-triggered cell FDCE clocked by rx_clk  {rise@0.000ns fall@4.000ns period=8.000ns})
  Path Group:             rx_clk
  Path Type:              Setup (Max at Slow Process Corner)
  Requirement:            8.000ns  (rx_clk rise@8.000ns - rx_clk rise@0.000ns)
  Data Path Delay:        5.615ns  (logic 1.914ns (34.087%)  route 3.701ns (65.913%))
  Logic Levels:           9  (CARRY4=7 LUT2=1 LUT5=1)
  Clock Path Skew:        -0.156ns (DCD - SCD + CPR)
    Destination Clock Delay (DCD):    4.284ns = ( 12.284 - 8.000 ) 
    Source Clock Delay      (SCD):    4.606ns
    Clock Pessimism Removal (CPR):    0.166ns
  Clock Uncertainty:      0.035ns  ((TSJ^2 + TIJ^2)^1/2 + DJ) / 2 + PE
    Total System Jitter     (TSJ):    0.071ns
    Total Input Jitter      (TIJ):    0.000ns
    Discrete Jitter          (DJ):    0.000ns
    Phase Error              (PE):    0.000ns

    Location             Delay type                Incr(ns)  Path(ns)    Netlist Resource(s)
  -------------------------------------------------------------------    -------------------
                         (clock rx_clk rise edge)     0.000     0.000 r  
    K18                                               0.000     0.000 r  rgmii_rxc (IN)
                         net (fo=0)                   0.000     0.000    rgmii_rxc
    K18                  IBUF (Prop_ibuf_I_O)         1.408     1.408 r  rgmii_rxc_IBUF_inst/O
                         net (fo=2, routed)           1.693     3.101    util_gmii_to_rgmii_m0/rgmii_rxc_IBUF
    BUFGCTRL_X0Y16       BUFG (Prop_bufg_I_O)         0.081     3.182 r  util_gmii_to_rgmii_m0/BUFG_inst/O
                         net (fo=2092, routed)        1.424     4.606    mac_test0/mac_top0/mac_rx0/mac0/gmii_tx_clk
    SLICE_X6Y26          FDCE                                         r  mac_test0/mac_top0/mac_rx0/mac0/mac_rx_data_d2_reg[5]/C
  -------------------------------------------------------------------    -------------------
    SLICE_X6Y26          FDCE (Prop_fdce_C_Q)         0.433     5.039 r  mac_test0/mac_top0/mac_rx0/mac0/mac_rx_data_d2_reg[5]/Q
                         net (fo=50, routed)          3.345     8.384    mac_test0/mac_top0/icmp0/Q[5]
    SLICE_X41Y38         LUT2 (Prop_lut2_I0_O)        0.105     8.489 r  mac_test0/mac_top0/icmp0/reply_checksum_tmp[7]_i_6/O
                         net (fo=1, routed)           0.000     8.489    mac_test0/mac_top0/mac_rx0/mac0/reply_checksum_tmp_reg[7][1]
    SLICE_X41Y38         CARRY4 (Prop_carry4_S[1]_CO[3])
                                                      0.457     8.946 r  mac_test0/mac_top0/mac_rx0/mac0/reply_checksum_tmp_reg[7]_i_3/CO[3]
                         net (fo=1, routed)           0.000     8.946    mac_test0/mac_top0/icmp0/reply_checksum_tmp_reg[11]_0[0]
    SLICE_X41Y39         CARRY4 (Prop_carry4_CI_CO[3])
                                                      0.098     9.044 r  mac_test0/mac_top0/icmp0/reply_checksum_tmp_reg[11]_i_2/CO[3]
                         net (fo=1, routed)           0.000     9.044    mac_test0/mac_top0/icmp0/reply_checksum_tmp_reg[11]_i_2_n_0
    SLICE_X41Y40         CARRY4 (Prop_carry4_CI_CO[3])
                                                      0.098     9.142 r  mac_test0/mac_top0/icmp0/reply_checksum_tmp_reg[15]_i_2/CO[3]
                         net (fo=1, routed)           0.000     9.142    mac_test0/mac_top0/icmp0/reply_checksum_tmp_reg[15]_i_2_n_0
    SLICE_X41Y41         CARRY4 (Prop_carry4_CI_CO[3])
                                                      0.098     9.240 r  mac_test0/mac_top0/icmp0/reply_checksum_tmp_reg[19]_i_2/CO[3]
                         net (fo=1, routed)           0.000     9.240    mac_test0/mac_top0/icmp0/reply_checksum_tmp_reg[19]_i_2_n_0
    SLICE_X41Y42         CARRY4 (Prop_carry4_CI_CO[3])
                                                      0.098     9.338 r  mac_test0/mac_top0/icmp0/reply_checksum_tmp_reg[23]_i_2/CO[3]
                         net (fo=1, routed)           0.000     9.338    mac_test0/mac_top0/icmp0/reply_checksum_tmp_reg[23]_i_2_n_0
    SLICE_X41Y43         CARRY4 (Prop_carry4_CI_CO[3])
                                                      0.098     9.436 r  mac_test0/mac_top0/icmp0/reply_checksum_tmp_reg[27]_i_2/CO[3]
                         net (fo=1, routed)           0.000     9.436    mac_test0/mac_top0/icmp0/reply_checksum_tmp_reg[27]_i_2_n_0
    SLICE_X41Y44         CARRY4 (Prop_carry4_CI_O[0])
                                                      0.180     9.616 r  mac_test0/mac_top0/icmp0/reply_checksum_tmp_reg[31]_i_5/O[0]
                         net (fo=1, routed)           0.356     9.972    mac_test0/mac_top0/icmp0/reply_checksum_tmp_reg[31]_i_5_n_7
    SLICE_X42Y44         LUT5 (Prop_lut5_I1_O)        0.249    10.221 r  mac_test0/mac_top0/icmp0/reply_checksum_tmp[28]_i_1/O
                         net (fo=1, routed)           0.000    10.221    mac_test0/mac_top0/icmp0/reply_checksum_tmp[28]_i_1_n_0
    SLICE_X42Y44         FDCE                                         r  mac_test0/mac_top0/icmp0/reply_checksum_tmp_reg[28]/D
  -------------------------------------------------------------------    -------------------

                         (clock rx_clk rise edge)     8.000     8.000 r  
    K18                                               0.000     8.000 r  rgmii_rxc (IN)
                         net (fo=0)                   0.000     8.000    rgmii_rxc
    K18                  IBUF (Prop_ibuf_I_O)         1.342     9.342 r  rgmii_rxc_IBUF_inst/O
                         net (fo=2, routed)           1.604    10.946    util_gmii_to_rgmii_m0/rgmii_rxc_IBUF
    BUFGCTRL_X0Y16       BUFG (Prop_bufg_I_O)         0.077    11.023 r  util_gmii_to_rgmii_m0/BUFG_inst/O
                         net (fo=2092, routed)        1.261    12.284    mac_test0/mac_top0/icmp0/gmii_tx_clk
    SLICE_X42Y44         FDCE                                         r  mac_test0/mac_top0/icmp0/reply_checksum_tmp_reg[28]/C
                         clock pessimism              0.166    12.450    
                         clock uncertainty           -0.035    12.414    
    SLICE_X42Y44         FDCE (Setup_fdce_C_D)        0.076    12.490    mac_test0/mac_top0/icmp0/reply_checksum_tmp_reg[28]
  -------------------------------------------------------------------
                         required time                         12.490    
                         arrival time                         -10.221    
  -------------------------------------------------------------------
                         slack                                  2.270    

Slack (MET) :             2.276ns  (required time - arrival time)
  Source:                 mac_test0/mac_top0/mac_rx0/mac0/mac_rx_data_d2_reg[5]/C
                            (rising edge-triggered cell FDCE clocked by rx_clk  {rise@0.000ns fall@4.000ns period=8.000ns})
  Destination:            mac_test0/mac_top0/icmp0/reply_checksum_tmp_reg[22]/D
                            (rising edge-triggered cell FDCE clocked by rx_clk  {rise@0.000ns fall@4.000ns period=8.000ns})
  Path Group:             rx_clk
  Path Type:              Setup (Max at Slow Process Corner)
  Requirement:            8.000ns  (rx_clk rise@8.000ns - rx_clk rise@0.000ns)
  Data Path Delay:        5.564ns  (logic 1.742ns (31.309%)  route 3.822ns (68.691%))
  Logic Levels:           7  (CARRY4=5 LUT2=1 LUT5=1)
  Clock Path Skew:        -0.157ns (DCD - SCD + CPR)
    Destination Clock Delay (DCD):    4.283ns = ( 12.283 - 8.000 ) 
    Source Clock Delay      (SCD):    4.606ns
    Clock Pessimism Removal (CPR):    0.166ns
  Clock Uncertainty:      0.035ns  ((TSJ^2 + TIJ^2)^1/2 + DJ) / 2 + PE
    Total System Jitter     (TSJ):    0.071ns
    Total Input Jitter      (TIJ):    0.000ns
    Discrete Jitter          (DJ):    0.000ns
    Phase Error              (PE):    0.000ns

    Location             Delay type                Incr(ns)  Path(ns)    Netlist Resource(s)
  -------------------------------------------------------------------    -------------------
                         (clock rx_clk rise edge)     0.000     0.000 r  
    K18                                               0.000     0.000 r  rgmii_rxc (IN)
                         net (fo=0)                   0.000     0.000    rgmii_rxc
    K18                  IBUF (Prop_ibuf_I_O)         1.408     1.408 r  rgmii_rxc_IBUF_inst/O
                         net (fo=2, routed)           1.693     3.101    util_gmii_to_rgmii_m0/rgmii_rxc_IBUF
    BUFGCTRL_X0Y16       BUFG (Prop_bufg_I_O)         0.081     3.182 r  util_gmii_to_rgmii_m0/BUFG_inst/O
                         net (fo=2092, routed)        1.424     4.606    mac_test0/mac_top0/mac_rx0/mac0/gmii_tx_clk
    SLICE_X6Y26          FDCE                                         r  mac_test0/mac_top0/mac_rx0/mac0/mac_rx_data_d2_reg[5]/C
  -------------------------------------------------------------------    -------------------
    SLICE_X6Y26          FDCE (Prop_fdce_C_Q)         0.433     5.039 r  mac_test0/mac_top0/mac_rx0/mac0/mac_rx_data_d2_reg[5]/Q
                         net (fo=50, routed)          3.345     8.384    mac_test0/mac_top0/icmp0/Q[5]
    SLICE_X41Y38         LUT2 (Prop_lut2_I0_O)        0.105     8.489 r  mac_test0/mac_top0/icmp0/reply_checksum_tmp[7]_i_6/O
                         net (fo=1, routed)           0.000     8.489    mac_test0/mac_top0/mac_rx0/mac0/reply_checksum_tmp_reg[7][1]
    SLICE_X41Y38         CARRY4 (Prop_carry4_S[1]_CO[3])
                                                      0.457     8.946 r  mac_test0/mac_top0/mac_rx0/mac0/reply_checksum_tmp_reg[7]_i_3/CO[3]
                         net (fo=1, routed)           0.000     8.946    mac_test0/mac_top0/icmp0/reply_checksum_tmp_reg[11]_0[0]
    SLICE_X41Y39         CARRY4 (Prop_carry4_CI_CO[3])
                                                      0.098     9.044 r  mac_test0/mac_top0/icmp0/reply_checksum_tmp_reg[11]_i_2/CO[3]
                         net (fo=1, routed)           0.000     9.044    mac_test0/mac_top0/icmp0/reply_checksum_tmp_reg[11]_i_2_n_0
    SLICE_X41Y40         CARRY4 (Prop_carry4_CI_CO[3])
                                                      0.098     9.142 r  mac_test0/mac_top0/icmp0/reply_checksum_tmp_reg[15]_i_2/CO[3]
                         net (fo=1, routed)           0.000     9.142    mac_test0/mac_top0/icmp0/reply_checksum_tmp_reg[15]_i_2_n_0
    SLICE_X41Y41         CARRY4 (Prop_carry4_CI_CO[3])
                                                      0.098     9.240 r  mac_test0/mac_top0/icmp0/reply_checksum_tmp_reg[19]_i_2/CO[3]
                         net (fo=1, routed)           0.000     9.240    mac_test0/mac_top0/icmp0/reply_checksum_tmp_reg[19]_i_2_n_0
    SLICE_X41Y42         CARRY4 (Prop_carry4_CI_O[2])
                                                      0.200     9.440 r  mac_test0/mac_top0/icmp0/reply_checksum_tmp_reg[23]_i_2/O[2]
                         net (fo=1, routed)           0.477     9.917    mac_test0/mac_top0/icmp0/reply_checksum_tmp_reg[23]_i_2_n_5
    SLICE_X39Y42         LUT5 (Prop_lut5_I1_O)        0.253    10.170 r  mac_test0/mac_top0/icmp0/reply_checksum_tmp[22]_i_1/O
                         net (fo=1, routed)           0.000    10.170    mac_test0/mac_top0/icmp0/reply_checksum_tmp[22]_i_1_n_0
    SLICE_X39Y42         FDCE                                         r  mac_test0/mac_top0/icmp0/reply_checksum_tmp_reg[22]/D
  -------------------------------------------------------------------    -------------------

                         (clock rx_clk rise edge)     8.000     8.000 r  
    K18                                               0.000     8.000 r  rgmii_rxc (IN)
                         net (fo=0)                   0.000     8.000    rgmii_rxc
    K18                  IBUF (Prop_ibuf_I_O)         1.342     9.342 r  rgmii_rxc_IBUF_inst/O
                         net (fo=2, routed)           1.604    10.946    util_gmii_to_rgmii_m0/rgmii_rxc_IBUF
    BUFGCTRL_X0Y16       BUFG (Prop_bufg_I_O)         0.077    11.023 r  util_gmii_to_rgmii_m0/BUFG_inst/O
                         net (fo=2092, routed)        1.260    12.283    mac_test0/mac_top0/icmp0/gmii_tx_clk
    SLICE_X39Y42         FDCE                                         r  mac_test0/mac_top0/icmp0/reply_checksum_tmp_reg[22]/C
                         clock pessimism              0.166    12.449    
                         clock uncertainty           -0.035    12.413    
    SLICE_X39Y42         FDCE (Setup_fdce_C_D)        0.032    12.445    mac_test0/mac_top0/icmp0/reply_checksum_tmp_reg[22]
  -------------------------------------------------------------------
                         required time                         12.445    
                         arrival time                         -10.170    
  -------------------------------------------------------------------
                         slack                                  2.276    

Slack (MET) :             2.281ns  (required time - arrival time)
  Source:                 mac_test0/mac_top0/mac_rx0/mac0/mac_rx_data_d2_reg[5]/C
                            (rising edge-triggered cell FDCE clocked by rx_clk  {rise@0.000ns fall@4.000ns period=8.000ns})
  Destination:            mac_test0/mac_top0/icmp0/reply_checksum_tmp_reg[27]/D
                            (rising edge-triggered cell FDCE clocked by rx_clk  {rise@0.000ns fall@4.000ns period=8.000ns})
  Path Group:             rx_clk
  Path Type:              Setup (Max at Slow Process Corner)
  Requirement:            8.000ns  (rx_clk rise@8.000ns - rx_clk rise@0.000ns)
  Data Path Delay:        5.599ns  (logic 1.904ns (34.003%)  route 3.695ns (65.997%))
  Logic Levels:           8  (CARRY4=6 LUT2=1 LUT5=1)
  Clock Path Skew:        -0.156ns (DCD - SCD + CPR)
    Destination Clock Delay (DCD):    4.284ns = ( 12.284 - 8.000 ) 
    Source Clock Delay      (SCD):    4.606ns
    Clock Pessimism Removal (CPR):    0.166ns
  Clock Uncertainty:      0.035ns  ((TSJ^2 + TIJ^2)^1/2 + DJ) / 2 + PE
    Total System Jitter     (TSJ):    0.071ns
    Total Input Jitter      (TIJ):    0.000ns
    Discrete Jitter          (DJ):    0.000ns
    Phase Error              (PE):    0.000ns

    Location             Delay type                Incr(ns)  Path(ns)    Netlist Resource(s)
  -------------------------------------------------------------------    -------------------
                         (clock rx_clk rise edge)     0.000     0.000 r  
    K18                                               0.000     0.000 r  rgmii_rxc (IN)
                         net (fo=0)                   0.000     0.000    rgmii_rxc
    K18                  IBUF (Prop_ibuf_I_O)         1.408     1.408 r  rgmii_rxc_IBUF_inst/O
                         net (fo=2, routed)           1.693     3.101    util_gmii_to_rgmii_m0/rgmii_rxc_IBUF
    BUFGCTRL_X0Y16       BUFG (Prop_bufg_I_O)         0.081     3.182 r  util_gmii_to_rgmii_m0/BUFG_inst/O
                         net (fo=2092, routed)        1.424     4.606    mac_test0/mac_top0/mac_rx0/mac0/gmii_tx_clk
    SLICE_X6Y26          FDCE                                         r  mac_test0/mac_top0/mac_rx0/mac0/mac_rx_data_d2_reg[5]/C
  -------------------------------------------------------------------    -------------------
    SLICE_X6Y26          FDCE (Prop_fdce_C_Q)         0.433     5.039 r  mac_test0/mac_top0/mac_rx0/mac0/mac_rx_data_d2_reg[5]/Q
                         net (fo=50, routed)          3.345     8.384    mac_test0/mac_top0/icmp0/Q[5]
    SLICE_X41Y38         LUT2 (Prop_lut2_I0_O)        0.105     8.489 r  mac_test0/mac_top0/icmp0/reply_checksum_tmp[7]_i_6/O
                         net (fo=1, routed)           0.000     8.489    mac_test0/mac_top0/mac_rx0/mac0/reply_checksum_tmp_reg[7][1]
    SLICE_X41Y38         CARRY4 (Prop_carry4_S[1]_CO[3])
                                                      0.457     8.946 r  mac_test0/mac_top0/mac_rx0/mac0/reply_checksum_tmp_reg[7]_i_3/CO[3]
                         net (fo=1, routed)           0.000     8.946    mac_test0/mac_top0/icmp0/reply_checksum_tmp_reg[11]_0[0]
    SLICE_X41Y39         CARRY4 (Prop_carry4_CI_CO[3])
                                                      0.098     9.044 r  mac_test0/mac_top0/icmp0/reply_checksum_tmp_reg[11]_i_2/CO[3]
                         net (fo=1, routed)           0.000     9.044    mac_test0/mac_top0/icmp0/reply_checksum_tmp_reg[11]_i_2_n_0
    SLICE_X41Y40         CARRY4 (Prop_carry4_CI_CO[3])
                                                      0.098     9.142 r  mac_test0/mac_top0/icmp0/reply_checksum_tmp_reg[15]_i_2/CO[3]
                         net (fo=1, routed)           0.000     9.142    mac_test0/mac_top0/icmp0/reply_checksum_tmp_reg[15]_i_2_n_0
    SLICE_X41Y41         CARRY4 (Prop_carry4_CI_CO[3])
                                                      0.098     9.240 r  mac_test0/mac_top0/icmp0/reply_checksum_tmp_reg[19]_i_2/CO[3]
                         net (fo=1, routed)           0.000     9.240    mac_test0/mac_top0/icmp0/reply_checksum_tmp_reg[19]_i_2_n_0
    SLICE_X41Y42         CARRY4 (Prop_carry4_CI_CO[3])
                                                      0.098     9.338 r  mac_test0/mac_top0/icmp0/reply_checksum_tmp_reg[23]_i_2/CO[3]
                         net (fo=1, routed)           0.000     9.338    mac_test0/mac_top0/icmp0/reply_checksum_tmp_reg[23]_i_2_n_0
    SLICE_X41Y43         CARRY4 (Prop_carry4_CI_O[3])
                                                      0.260     9.598 r  mac_test0/mac_top0/icmp0/reply_checksum_tmp_reg[27]_i_2/O[3]
                         net (fo=1, routed)           0.350     9.948    mac_test0/mac_top0/icmp0/reply_checksum_tmp_reg[27]_i_2_n_4
    SLICE_X42Y44         LUT5 (Prop_lut5_I1_O)        0.257    10.205 r  mac_test0/mac_top0/icmp0/reply_checksum_tmp[27]_i_1/O
                         net (fo=1, routed)           0.000    10.205    mac_test0/mac_top0/icmp0/reply_checksum_tmp[27]_i_1_n_0
    SLICE_X42Y44         FDCE                                         r  mac_test0/mac_top0/icmp0/reply_checksum_tmp_reg[27]/D
  -------------------------------------------------------------------    -------------------

                         (clock rx_clk rise edge)     8.000     8.000 r  
    K18                                               0.000     8.000 r  rgmii_rxc (IN)
                         net (fo=0)                   0.000     8.000    rgmii_rxc
    K18                  IBUF (Prop_ibuf_I_O)         1.342     9.342 r  rgmii_rxc_IBUF_inst/O
                         net (fo=2, routed)           1.604    10.946    util_gmii_to_rgmii_m0/rgmii_rxc_IBUF
    BUFGCTRL_X0Y16       BUFG (Prop_bufg_I_O)         0.077    11.023 r  util_gmii_to_rgmii_m0/BUFG_inst/O
                         net (fo=2092, routed)        1.261    12.284    mac_test0/mac_top0/icmp0/gmii_tx_clk
    SLICE_X42Y44         FDCE                                         r  mac_test0/mac_top0/icmp0/reply_checksum_tmp_reg[27]/C
                         clock pessimism              0.166    12.450    
                         clock uncertainty           -0.035    12.414    
    SLICE_X42Y44         FDCE (Setup_fdce_C_D)        0.072    12.486    mac_test0/mac_top0/icmp0/reply_checksum_tmp_reg[27]
  -------------------------------------------------------------------
                         required time                         12.486    
                         arrival time                         -10.205    
  -------------------------------------------------------------------
                         slack                                  2.281    

Slack (MET) :             2.295ns  (required time - arrival time)
  Source:                 mac_test0/mac_top0/mac_rx0/mac0/mac_rx_data_d2_reg[2]/C
                            (rising edge-triggered cell FDCE clocked by rx_clk  {rise@0.000ns fall@4.000ns period=8.000ns})
  Destination:            mac_test0/mac_top0/icmp0/reply_checksum_tmp_reg[26]/D
                            (rising edge-triggered cell FDCE clocked by rx_clk  {rise@0.000ns fall@4.000ns period=8.000ns})
  Path Group:             rx_clk
  Path Type:              Setup (Max at Slow Process Corner)
  Requirement:            8.000ns  (rx_clk rise@8.000ns - rx_clk rise@0.000ns)
  Data Path Delay:        5.544ns  (logic 1.627ns (29.344%)  route 3.917ns (70.656%))
  Logic Levels:           7  (CARRY4=5 LUT2=1 LUT5=1)
  Clock Path Skew:        -0.157ns (DCD - SCD + CPR)
    Destination Clock Delay (DCD):    4.283ns = ( 12.283 - 8.000 ) 
    Source Clock Delay      (SCD):    4.606ns
    Clock Pessimism Removal (CPR):    0.166ns
  Clock Uncertainty:      0.035ns  ((TSJ^2 + TIJ^2)^1/2 + DJ) / 2 + PE
    Total System Jitter     (TSJ):    0.071ns
    Total Input Jitter      (TIJ):    0.000ns
    Discrete Jitter          (DJ):    0.000ns
    Phase Error              (PE):    0.000ns

    Location             Delay type                Incr(ns)  Path(ns)    Netlist Resource(s)
  -------------------------------------------------------------------    -------------------
                         (clock rx_clk rise edge)     0.000     0.000 r  
    K18                                               0.000     0.000 r  rgmii_rxc (IN)
                         net (fo=0)                   0.000     0.000    rgmii_rxc
    K18                  IBUF (Prop_ibuf_I_O)         1.408     1.408 r  rgmii_rxc_IBUF_inst/O
                         net (fo=2, routed)           1.693     3.101    util_gmii_to_rgmii_m0/rgmii_rxc_IBUF
    BUFGCTRL_X0Y16       BUFG (Prop_bufg_I_O)         0.081     3.182 r  util_gmii_to_rgmii_m0/BUFG_inst/O
                         net (fo=2092, routed)        1.424     4.606    mac_test0/mac_top0/mac_rx0/mac0/gmii_tx_clk
    SLICE_X5Y23          FDCE                                         r  mac_test0/mac_top0/mac_rx0/mac0/mac_rx_data_d2_reg[2]/C
  -------------------------------------------------------------------    -------------------
    SLICE_X5Y23          FDCE (Prop_fdce_C_Q)         0.379     4.985 r  mac_test0/mac_top0/mac_rx0/mac0/mac_rx_data_d2_reg[2]/Q
                         net (fo=51, routed)          3.441     8.425    mac_test0/mac_top0/icmp0/Q[2]
    SLICE_X40Y39         LUT2 (Prop_lut2_I0_O)        0.105     8.530 r  mac_test0/mac_top0/icmp0/reply_checksum_tmp[10]_i_3/O
                         net (fo=1, routed)           0.000     8.530    mac_test0/mac_top0/mac_rx0/mac0/reply_checksum_tmp_reg[10][3]
    SLICE_X40Y39         CARRY4 (Prop_carry4_S[3]_CO[3])
                                                      0.332     8.862 r  mac_test0/mac_top0/mac_rx0/mac0/reply_checksum_tmp_reg[10]_i_2/CO[3]
                         net (fo=1, routed)           0.000     8.862    mac_test0/mac_top0/mac_rx0/mac0/reply_checksum_tmp_reg[10]_i_2_n_0
    SLICE_X40Y40         CARRY4 (Prop_carry4_CI_CO[3])
                                                      0.098     8.960 r  mac_test0/mac_top0/mac_rx0/mac0/reply_checksum_tmp_reg[14]_i_2/CO[3]
                         net (fo=1, routed)           0.000     8.960    mac_test0/mac_top0/mac_rx0/mac0/reply_checksum_tmp_reg[14]_i_2_n_0
    SLICE_X40Y41         CARRY4 (Prop_carry4_CI_CO[3])
                                                      0.098     9.058 r  mac_test0/mac_top0/mac_rx0/mac0/reply_checksum_tmp_reg[18]_i_2/CO[3]
                         net (fo=1, routed)           0.000     9.058    mac_test0/mac_top0/icmp0/reply_checksum_tmp_reg[22]_0[0]
    SLICE_X40Y42         CARRY4 (Prop_carry4_CI_CO[3])
                                                      0.098     9.156 r  mac_test0/mac_top0/icmp0/reply_checksum_tmp_reg[22]_i_2/CO[3]
                         net (fo=1, routed)           0.000     9.156    mac_test0/mac_top0/icmp0/reply_checksum_tmp_reg[22]_i_2_n_0
    SLICE_X40Y43         CARRY4 (Prop_carry4_CI_O[3])
                                                      0.260     9.416 r  mac_test0/mac_top0/icmp0/reply_checksum_tmp_reg[26]_i_2/O[3]
                         net (fo=1, routed)           0.477     9.893    mac_test0/mac_top0/icmp0/in24[26]
    SLICE_X39Y43         LUT5 (Prop_lut5_I4_O)        0.257    10.150 r  mac_test0/mac_top0/icmp0/reply_checksum_tmp[26]_i_1/O
                         net (fo=1, routed)           0.000    10.150    mac_test0/mac_top0/icmp0/reply_checksum_tmp[26]_i_1_n_0
    SLICE_X39Y43         FDCE                                         r  mac_test0/mac_top0/icmp0/reply_checksum_tmp_reg[26]/D
  -------------------------------------------------------------------    -------------------

                         (clock rx_clk rise edge)     8.000     8.000 r  
    K18                                               0.000     8.000 r  rgmii_rxc (IN)
                         net (fo=0)                   0.000     8.000    rgmii_rxc
    K18                  IBUF (Prop_ibuf_I_O)         1.342     9.342 r  rgmii_rxc_IBUF_inst/O
                         net (fo=2, routed)           1.604    10.946    util_gmii_to_rgmii_m0/rgmii_rxc_IBUF
    BUFGCTRL_X0Y16       BUFG (Prop_bufg_I_O)         0.077    11.023 r  util_gmii_to_rgmii_m0/BUFG_inst/O
                         net (fo=2092, routed)        1.260    12.283    mac_test0/mac_top0/icmp0/gmii_tx_clk
    SLICE_X39Y43         FDCE                                         r  mac_test0/mac_top0/icmp0/reply_checksum_tmp_reg[26]/C
                         clock pessimism              0.166    12.449    
                         clock uncertainty           -0.035    12.413    
    SLICE_X39Y43         FDCE (Setup_fdce_C_D)        0.032    12.445    mac_test0/mac_top0/icmp0/reply_checksum_tmp_reg[26]
  -------------------------------------------------------------------
                         required time                         12.445    
                         arrival time                         -10.150    
  -------------------------------------------------------------------
                         slack                                  2.295    

Slack (MET) :             2.296ns  (required time - arrival time)
  Source:                 mac_test0/mac_top0/mac_rx0/mac0/mac_rx_data_d2_reg[5]/C
                            (rising edge-triggered cell FDCE clocked by rx_clk  {rise@0.000ns fall@4.000ns period=8.000ns})
  Destination:            mac_test0/mac_top0/icmp0/reply_checksum_tmp_reg[15]/D
                            (rising edge-triggered cell FDCE clocked by rx_clk  {rise@0.000ns fall@4.000ns period=8.000ns})
  Path Group:             rx_clk
  Path Type:              Setup (Max at Slow Process Corner)
  Requirement:            8.000ns  (rx_clk rise@8.000ns - rx_clk rise@0.000ns)
  Data Path Delay:        5.543ns  (logic 1.610ns (29.047%)  route 3.933ns (70.953%))
  Logic Levels:           5  (CARRY4=3 LUT2=1 LUT5=1)
  Clock Path Skew:        -0.156ns (DCD - SCD + CPR)
    Destination Clock Delay (DCD):    4.284ns = ( 12.284 - 8.000 ) 
    Source Clock Delay      (SCD):    4.606ns
    Clock Pessimism Removal (CPR):    0.166ns
  Clock Uncertainty:      0.035ns  ((TSJ^2 + TIJ^2)^1/2 + DJ) / 2 + PE
    Total System Jitter     (TSJ):    0.071ns
    Total Input Jitter      (TIJ):    0.000ns
    Discrete Jitter          (DJ):    0.000ns
    Phase Error              (PE):    0.000ns

    Location             Delay type                Incr(ns)  Path(ns)    Netlist Resource(s)
  -------------------------------------------------------------------    -------------------
                         (clock rx_clk rise edge)     0.000     0.000 r  
    K18                                               0.000     0.000 r  rgmii_rxc (IN)
                         net (fo=0)                   0.000     0.000    rgmii_rxc
    K18                  IBUF (Prop_ibuf_I_O)         1.408     1.408 r  rgmii_rxc_IBUF_inst/O
                         net (fo=2, routed)           1.693     3.101    util_gmii_to_rgmii_m0/rgmii_rxc_IBUF
    BUFGCTRL_X0Y16       BUFG (Prop_bufg_I_O)         0.081     3.182 r  util_gmii_to_rgmii_m0/BUFG_inst/O
                         net (fo=2092, routed)        1.424     4.606    mac_test0/mac_top0/mac_rx0/mac0/gmii_tx_clk
    SLICE_X6Y26          FDCE                                         r  mac_test0/mac_top0/mac_rx0/mac0/mac_rx_data_d2_reg[5]/C
  -------------------------------------------------------------------    -------------------
    SLICE_X6Y26          FDCE (Prop_fdce_C_Q)         0.433     5.039 r  mac_test0/mac_top0/mac_rx0/mac0/mac_rx_data_d2_reg[5]/Q
                         net (fo=50, routed)          3.345     8.384    mac_test0/mac_top0/icmp0/Q[5]
    SLICE_X41Y38         LUT2 (Prop_lut2_I0_O)        0.105     8.489 r  mac_test0/mac_top0/icmp0/reply_checksum_tmp[7]_i_6/O
                         net (fo=1, routed)           0.000     8.489    mac_test0/mac_top0/mac_rx0/mac0/reply_checksum_tmp_reg[7][1]
    SLICE_X41Y38         CARRY4 (Prop_carry4_S[1]_CO[3])
                                                      0.457     8.946 r  mac_test0/mac_top0/mac_rx0/mac0/reply_checksum_tmp_reg[7]_i_3/CO[3]
                         net (fo=1, routed)           0.000     8.946    mac_test0/mac_top0/icmp0/reply_checksum_tmp_reg[11]_0[0]
    SLICE_X41Y39         CARRY4 (Prop_carry4_CI_CO[3])
                                                      0.098     9.044 r  mac_test0/mac_top0/icmp0/reply_checksum_tmp_reg[11]_i_2/CO[3]
                         net (fo=1, routed)           0.000     9.044    mac_test0/mac_top0/icmp0/reply_checksum_tmp_reg[11]_i_2_n_0
    SLICE_X41Y40         CARRY4 (Prop_carry4_CI_O[3])
                                                      0.260     9.304 r  mac_test0/mac_top0/icmp0/reply_checksum_tmp_reg[15]_i_2/O[3]
                         net (fo=1, routed)           0.587     9.891    mac_test0/mac_top0/icmp0/reply_checksum_tmp_reg[15]_i_2_n_4
    SLICE_X44Y41         LUT5 (Prop_lut5_I1_O)        0.257    10.148 r  mac_test0/mac_top0/icmp0/reply_checksum_tmp[15]_i_1/O
                         net (fo=1, routed)           0.000    10.148    mac_test0/mac_top0/icmp0/reply_checksum_tmp[15]_i_1_n_0
    SLICE_X44Y41         FDCE                                         r  mac_test0/mac_top0/icmp0/reply_checksum_tmp_reg[15]/D
  -------------------------------------------------------------------    -------------------

                         (clock rx_clk rise edge)     8.000     8.000 r  
    K18                                               0.000     8.000 r  rgmii_rxc (IN)
                         net (fo=0)                   0.000     8.000    rgmii_rxc
    K18                  IBUF (Prop_ibuf_I_O)         1.342     9.342 r  rgmii_rxc_IBUF_inst/O
                         net (fo=2, routed)           1.604    10.946    util_gmii_to_rgmii_m0/rgmii_rxc_IBUF
    BUFGCTRL_X0Y16       BUFG (Prop_bufg_I_O)         0.077    11.023 r  util_gmii_to_rgmii_m0/BUFG_inst/O
                         net (fo=2092, routed)        1.261    12.284    mac_test0/mac_top0/icmp0/gmii_tx_clk
    SLICE_X44Y41         FDCE                                         r  mac_test0/mac_top0/icmp0/reply_checksum_tmp_reg[15]/C
                         clock pessimism              0.166    12.450    
                         clock uncertainty           -0.035    12.414    
    SLICE_X44Y41         FDCE (Setup_fdce_C_D)        0.030    12.444    mac_test0/mac_top0/icmp0/reply_checksum_tmp_reg[15]
  -------------------------------------------------------------------
                         required time                         12.444    
                         arrival time                         -10.148    
  -------------------------------------------------------------------
                         slack                                  2.296    

Slack (MET) :             2.298ns  (required time - arrival time)
  Source:                 mac_test0/mac_top0/mac_rx0/mac0/mac_rx_data_d2_reg[5]/C
                            (rising edge-triggered cell FDCE clocked by rx_clk  {rise@0.000ns fall@4.000ns period=8.000ns})
  Destination:            mac_test0/mac_top0/icmp0/reply_checksum_tmp_reg[12]/D
                            (rising edge-triggered cell FDCE clocked by rx_clk  {rise@0.000ns fall@4.000ns period=8.000ns})
  Path Group:             rx_clk
  Path Type:              Setup (Max at Slow Process Corner)
  Requirement:            8.000ns  (rx_clk rise@8.000ns - rx_clk rise@0.000ns)
  Data Path Delay:        5.539ns  (logic 1.522ns (27.479%)  route 4.017ns (72.521%))
  Logic Levels:           5  (CARRY4=3 LUT2=1 LUT5=1)
  Clock Path Skew:        -0.158ns (DCD - SCD + CPR)
    Destination Clock Delay (DCD):    4.282ns = ( 12.282 - 8.000 ) 
    Source Clock Delay      (SCD):    4.606ns
    Clock Pessimism Removal (CPR):    0.166ns
  Clock Uncertainty:      0.035ns  ((TSJ^2 + TIJ^2)^1/2 + DJ) / 2 + PE
    Total System Jitter     (TSJ):    0.071ns
    Total Input Jitter      (TIJ):    0.000ns
    Discrete Jitter          (DJ):    0.000ns
    Phase Error              (PE):    0.000ns

    Location             Delay type                Incr(ns)  Path(ns)    Netlist Resource(s)
  -------------------------------------------------------------------    -------------------
                         (clock rx_clk rise edge)     0.000     0.000 r  
    K18                                               0.000     0.000 r  rgmii_rxc (IN)
                         net (fo=0)                   0.000     0.000    rgmii_rxc
    K18                  IBUF (Prop_ibuf_I_O)         1.408     1.408 r  rgmii_rxc_IBUF_inst/O
                         net (fo=2, routed)           1.693     3.101    util_gmii_to_rgmii_m0/rgmii_rxc_IBUF
    BUFGCTRL_X0Y16       BUFG (Prop_bufg_I_O)         0.081     3.182 r  util_gmii_to_rgmii_m0/BUFG_inst/O
                         net (fo=2092, routed)        1.424     4.606    mac_test0/mac_top0/mac_rx0/mac0/gmii_tx_clk
    SLICE_X6Y26          FDCE                                         r  mac_test0/mac_top0/mac_rx0/mac0/mac_rx_data_d2_reg[5]/C
  -------------------------------------------------------------------    -------------------
    SLICE_X6Y26          FDCE (Prop_fdce_C_Q)         0.433     5.039 r  mac_test0/mac_top0/mac_rx0/mac0/mac_rx_data_d2_reg[5]/Q
                         net (fo=50, routed)          3.345     8.384    mac_test0/mac_top0/icmp0/Q[5]
    SLICE_X41Y38         LUT2 (Prop_lut2_I0_O)        0.105     8.489 r  mac_test0/mac_top0/icmp0/reply_checksum_tmp[7]_i_6/O
                         net (fo=1, routed)           0.000     8.489    mac_test0/mac_top0/mac_rx0/mac0/reply_checksum_tmp_reg[7][1]
    SLICE_X41Y38         CARRY4 (Prop_carry4_S[1]_CO[3])
                                                      0.457     8.946 r  mac_test0/mac_top0/mac_rx0/mac0/reply_checksum_tmp_reg[7]_i_3/CO[3]
                         net (fo=1, routed)           0.000     8.946    mac_test0/mac_top0/icmp0/reply_checksum_tmp_reg[11]_0[0]
    SLICE_X41Y39         CARRY4 (Prop_carry4_CI_CO[3])
                                                      0.098     9.044 r  mac_test0/mac_top0/icmp0/reply_checksum_tmp_reg[11]_i_2/CO[3]
                         net (fo=1, routed)           0.000     9.044    mac_test0/mac_top0/icmp0/reply_checksum_tmp_reg[11]_i_2_n_0
    SLICE_X41Y40         CARRY4 (Prop_carry4_CI_O[0])
                                                      0.180     9.224 r  mac_test0/mac_top0/icmp0/reply_checksum_tmp_reg[15]_i_2/O[0]
                         net (fo=1, routed)           0.672     9.896    mac_test0/mac_top0/icmp0/reply_checksum_tmp_reg[15]_i_2_n_7
    SLICE_X39Y40         LUT5 (Prop_lut5_I1_O)        0.249    10.145 r  mac_test0/mac_top0/icmp0/reply_checksum_tmp[12]_i_1/O
                         net (fo=1, routed)           0.000    10.145    mac_test0/mac_top0/icmp0/reply_checksum_tmp[12]_i_1_n_0
    SLICE_X39Y40         FDCE                                         r  mac_test0/mac_top0/icmp0/reply_checksum_tmp_reg[12]/D
  -------------------------------------------------------------------    -------------------

                         (clock rx_clk rise edge)     8.000     8.000 r  
    K18                                               0.000     8.000 r  rgmii_rxc (IN)
                         net (fo=0)                   0.000     8.000    rgmii_rxc
    K18                  IBUF (Prop_ibuf_I_O)         1.342     9.342 r  rgmii_rxc_IBUF_inst/O
                         net (fo=2, routed)           1.604    10.946    util_gmii_to_rgmii_m0/rgmii_rxc_IBUF
    BUFGCTRL_X0Y16       BUFG (Prop_bufg_I_O)         0.077    11.023 r  util_gmii_to_rgmii_m0/BUFG_inst/O
                         net (fo=2092, routed)        1.259    12.282    mac_test0/mac_top0/icmp0/gmii_tx_clk
    SLICE_X39Y40         FDCE                                         r  mac_test0/mac_top0/icmp0/reply_checksum_tmp_reg[12]/C
                         clock pessimism              0.166    12.448    
                         clock uncertainty           -0.035    12.412    
    SLICE_X39Y40         FDCE (Setup_fdce_C_D)        0.030    12.442    mac_test0/mac_top0/icmp0/reply_checksum_tmp_reg[12]
  -------------------------------------------------------------------
                         required time                         12.442    
                         arrival time                         -10.145    
  -------------------------------------------------------------------
                         slack                                  2.298    

Slack (MET) :             2.299ns  (required time - arrival time)
  Source:                 mac_test0/mac_top0/mac_rx0/mac0/mac_rx_data_d2_reg[5]/C
                            (rising edge-triggered cell FDCE clocked by rx_clk  {rise@0.000ns fall@4.000ns period=8.000ns})
  Destination:            mac_test0/mac_top0/icmp0/reply_checksum_tmp_reg[24]/D
                            (rising edge-triggered cell FDCE clocked by rx_clk  {rise@0.000ns fall@4.000ns period=8.000ns})
  Path Group:             rx_clk
  Path Type:              Setup (Max at Slow Process Corner)
  Requirement:            8.000ns  (rx_clk rise@8.000ns - rx_clk rise@0.000ns)
  Data Path Delay:        5.539ns  (logic 1.816ns (32.786%)  route 3.723ns (67.214%))
  Logic Levels:           8  (CARRY4=6 LUT2=1 LUT5=1)
  Clock Path Skew:        -0.157ns (DCD - SCD + CPR)
    Destination Clock Delay (DCD):    4.283ns = ( 12.283 - 8.000 ) 
    Source Clock Delay      (SCD):    4.606ns
    Clock Pessimism Removal (CPR):    0.166ns
  Clock Uncertainty:      0.035ns  ((TSJ^2 + TIJ^2)^1/2 + DJ) / 2 + PE
    Total System Jitter     (TSJ):    0.071ns
    Total Input Jitter      (TIJ):    0.000ns
    Discrete Jitter          (DJ):    0.000ns
    Phase Error              (PE):    0.000ns

    Location             Delay type                Incr(ns)  Path(ns)    Netlist Resource(s)
  -------------------------------------------------------------------    -------------------
                         (clock rx_clk rise edge)     0.000     0.000 r  
    K18                                               0.000     0.000 r  rgmii_rxc (IN)
                         net (fo=0)                   0.000     0.000    rgmii_rxc
    K18                  IBUF (Prop_ibuf_I_O)         1.408     1.408 r  rgmii_rxc_IBUF_inst/O
                         net (fo=2, routed)           1.693     3.101    util_gmii_to_rgmii_m0/rgmii_rxc_IBUF
    BUFGCTRL_X0Y16       BUFG (Prop_bufg_I_O)         0.081     3.182 r  util_gmii_to_rgmii_m0/BUFG_inst/O
                         net (fo=2092, routed)        1.424     4.606    mac_test0/mac_top0/mac_rx0/mac0/gmii_tx_clk
    SLICE_X6Y26          FDCE                                         r  mac_test0/mac_top0/mac_rx0/mac0/mac_rx_data_d2_reg[5]/C
  -------------------------------------------------------------------    -------------------
    SLICE_X6Y26          FDCE (Prop_fdce_C_Q)         0.433     5.039 r  mac_test0/mac_top0/mac_rx0/mac0/mac_rx_data_d2_reg[5]/Q
                         net (fo=50, routed)          3.345     8.384    mac_test0/mac_top0/icmp0/Q[5]
    SLICE_X41Y38         LUT2 (Prop_lut2_I0_O)        0.105     8.489 r  mac_test0/mac_top0/icmp0/reply_checksum_tmp[7]_i_6/O
                         net (fo=1, routed)           0.000     8.489    mac_test0/mac_top0/mac_rx0/mac0/reply_checksum_tmp_reg[7][1]
    SLICE_X41Y38         CARRY4 (Prop_carry4_S[1]_CO[3])
                                                      0.457     8.946 r  mac_test0/mac_top0/mac_rx0/mac0/reply_checksum_tmp_reg[7]_i_3/CO[3]
                         net (fo=1, routed)           0.000     8.946    mac_test0/mac_top0/icmp0/reply_checksum_tmp_reg[11]_0[0]
    SLICE_X41Y39         CARRY4 (Prop_carry4_CI_CO[3])
                                                      0.098     9.044 r  mac_test0/mac_top0/icmp0/reply_checksum_tmp_reg[11]_i_2/CO[3]
                         net (fo=1, routed)           0.000     9.044    mac_test0/mac_top0/icmp0/reply_checksum_tmp_reg[11]_i_2_n_0
    SLICE_X41Y40         CARRY4 (Prop_carry4_CI_CO[3])
                                                      0.098     9.142 r  mac_test0/mac_top0/icmp0/reply_checksum_tmp_reg[15]_i_2/CO[3]
                         net (fo=1, routed)           0.000     9.142    mac_test0/mac_top0/icmp0/reply_checksum_tmp_reg[15]_i_2_n_0
    SLICE_X41Y41         CARRY4 (Prop_carry4_CI_CO[3])
                                                      0.098     9.240 r  mac_test0/mac_top0/icmp0/reply_checksum_tmp_reg[19]_i_2/CO[3]
                         net (fo=1, routed)           0.000     9.240    mac_test0/mac_top0/icmp0/reply_checksum_tmp_reg[19]_i_2_n_0
    SLICE_X41Y42         CARRY4 (Prop_carry4_CI_CO[3])
                                                      0.098     9.338 r  mac_test0/mac_top0/icmp0/reply_checksum_tmp_reg[23]_i_2/CO[3]
                         net (fo=1, routed)           0.000     9.338    mac_test0/mac_top0/icmp0/reply_checksum_tmp_reg[23]_i_2_n_0
    SLICE_X41Y43         CARRY4 (Prop_carry4_CI_O[0])
                                                      0.180     9.518 r  mac_test0/mac_top0/icmp0/reply_checksum_tmp_reg[27]_i_2/O[0]
                         net (fo=1, routed)           0.378     9.896    mac_test0/mac_top0/icmp0/reply_checksum_tmp_reg[27]_i_2_n_7
    SLICE_X39Y43         LUT5 (Prop_lut5_I1_O)        0.249    10.145 r  mac_test0/mac_top0/icmp0/reply_checksum_tmp[24]_i_1/O
                         net (fo=1, routed)           0.000    10.145    mac_test0/mac_top0/icmp0/reply_checksum_tmp[24]_i_1_n_0
    SLICE_X39Y43         FDCE                                         r  mac_test0/mac_top0/icmp0/reply_checksum_tmp_reg[24]/D
  -------------------------------------------------------------------    -------------------

                         (clock rx_clk rise edge)     8.000     8.000 r  
    K18                                               0.000     8.000 r  rgmii_rxc (IN)
                         net (fo=0)                   0.000     8.000    rgmii_rxc
    K18                  IBUF (Prop_ibuf_I_O)         1.342     9.342 r  rgmii_rxc_IBUF_inst/O
                         net (fo=2, routed)           1.604    10.946    util_gmii_to_rgmii_m0/rgmii_rxc_IBUF
    BUFGCTRL_X0Y16       BUFG (Prop_bufg_I_O)         0.077    11.023 r  util_gmii_to_rgmii_m0/BUFG_inst/O
                         net (fo=2092, routed)        1.260    12.283    mac_test0/mac_top0/icmp0/gmii_tx_clk
    SLICE_X39Y43         FDCE                                         r  mac_test0/mac_top0/icmp0/reply_checksum_tmp_reg[24]/C
                         clock pessimism              0.166    12.449    
                         clock uncertainty           -0.035    12.413    
    SLICE_X39Y43         FDCE (Setup_fdce_C_D)        0.030    12.443    mac_test0/mac_top0/icmp0/reply_checksum_tmp_reg[24]
  -------------------------------------------------------------------
                         required time                         12.443    
                         arrival time                         -10.145    
  -------------------------------------------------------------------
                         slack                                  2.299    

Slack (MET) :             2.302ns  (required time - arrival time)
  Source:                 mac_test0/mac_top0/mac_rx0/mac0/mac_rx_data_d2_reg[5]/C
                            (rising edge-triggered cell FDCE clocked by rx_clk  {rise@0.000ns fall@4.000ns period=8.000ns})
  Destination:            mac_test0/mac_top0/icmp0/reply_checksum_tmp_reg[29]/D
                            (rising edge-triggered cell FDCE clocked by rx_clk  {rise@0.000ns fall@4.000ns period=8.000ns})
  Path Group:             rx_clk
  Path Type:              Setup (Max at Slow Process Corner)
  Requirement:            8.000ns  (rx_clk rise@8.000ns - rx_clk rise@0.000ns)
  Data Path Delay:        5.581ns  (logic 2.000ns (35.836%)  route 3.581ns (64.164%))
  Logic Levels:           9  (CARRY4=7 LUT2=1 LUT5=1)
  Clock Path Skew:        -0.156ns (DCD - SCD + CPR)
    Destination Clock Delay (DCD):    4.284ns = ( 12.284 - 8.000 ) 
    Source Clock Delay      (SCD):    4.606ns
    Clock Pessimism Removal (CPR):    0.166ns
  Clock Uncertainty:      0.035ns  ((TSJ^2 + TIJ^2)^1/2 + DJ) / 2 + PE
    Total System Jitter     (TSJ):    0.071ns
    Total Input Jitter      (TIJ):    0.000ns
    Discrete Jitter          (DJ):    0.000ns
    Phase Error              (PE):    0.000ns

    Location             Delay type                Incr(ns)  Path(ns)    Netlist Resource(s)
  -------------------------------------------------------------------    -------------------
                         (clock rx_clk rise edge)     0.000     0.000 r  
    K18                                               0.000     0.000 r  rgmii_rxc (IN)
                         net (fo=0)                   0.000     0.000    rgmii_rxc
    K18                  IBUF (Prop_ibuf_I_O)         1.408     1.408 r  rgmii_rxc_IBUF_inst/O
                         net (fo=2, routed)           1.693     3.101    util_gmii_to_rgmii_m0/rgmii_rxc_IBUF
    BUFGCTRL_X0Y16       BUFG (Prop_bufg_I_O)         0.081     3.182 r  util_gmii_to_rgmii_m0/BUFG_inst/O
                         net (fo=2092, routed)        1.424     4.606    mac_test0/mac_top0/mac_rx0/mac0/gmii_tx_clk
    SLICE_X6Y26          FDCE                                         r  mac_test0/mac_top0/mac_rx0/mac0/mac_rx_data_d2_reg[5]/C
  -------------------------------------------------------------------    -------------------
    SLICE_X6Y26          FDCE (Prop_fdce_C_Q)         0.433     5.039 r  mac_test0/mac_top0/mac_rx0/mac0/mac_rx_data_d2_reg[5]/Q
                         net (fo=50, routed)          3.345     8.384    mac_test0/mac_top0/icmp0/Q[5]
    SLICE_X41Y38         LUT2 (Prop_lut2_I0_O)        0.105     8.489 r  mac_test0/mac_top0/icmp0/reply_checksum_tmp[7]_i_6/O
                         net (fo=1, routed)           0.000     8.489    mac_test0/mac_top0/mac_rx0/mac0/reply_checksum_tmp_reg[7][1]
    SLICE_X41Y38         CARRY4 (Prop_carry4_S[1]_CO[3])
                                                      0.457     8.946 r  mac_test0/mac_top0/mac_rx0/mac0/reply_checksum_tmp_reg[7]_i_3/CO[3]
                         net (fo=1, routed)           0.000     8.946    mac_test0/mac_top0/icmp0/reply_checksum_tmp_reg[11]_0[0]
    SLICE_X41Y39         CARRY4 (Prop_carry4_CI_CO[3])
                                                      0.098     9.044 r  mac_test0/mac_top0/icmp0/reply_checksum_tmp_reg[11]_i_2/CO[3]
                         net (fo=1, routed)           0.000     9.044    mac_test0/mac_top0/icmp0/reply_checksum_tmp_reg[11]_i_2_n_0
    SLICE_X41Y40         CARRY4 (Prop_carry4_CI_CO[3])
                                                      0.098     9.142 r  mac_test0/mac_top0/icmp0/reply_checksum_tmp_reg[15]_i_2/CO[3]
                         net (fo=1, routed)           0.000     9.142    mac_test0/mac_top0/icmp0/reply_checksum_tmp_reg[15]_i_2_n_0
    SLICE_X41Y41         CARRY4 (Prop_carry4_CI_CO[3])
                                                      0.098     9.240 r  mac_test0/mac_top0/icmp0/reply_checksum_tmp_reg[19]_i_2/CO[3]
                         net (fo=1, routed)           0.000     9.240    mac_test0/mac_top0/icmp0/reply_checksum_tmp_reg[19]_i_2_n_0
    SLICE_X41Y42         CARRY4 (Prop_carry4_CI_CO[3])
                                                      0.098     9.338 r  mac_test0/mac_top0/icmp0/reply_checksum_tmp_reg[23]_i_2/CO[3]
                         net (fo=1, routed)           0.000     9.338    mac_test0/mac_top0/icmp0/reply_checksum_tmp_reg[23]_i_2_n_0
    SLICE_X41Y43         CARRY4 (Prop_carry4_CI_CO[3])
                                                      0.098     9.436 r  mac_test0/mac_top0/icmp0/reply_checksum_tmp_reg[27]_i_2/CO[3]
                         net (fo=1, routed)           0.000     9.436    mac_test0/mac_top0/icmp0/reply_checksum_tmp_reg[27]_i_2_n_0
    SLICE_X41Y44         CARRY4 (Prop_carry4_CI_O[1])
                                                      0.265     9.701 r  mac_test0/mac_top0/icmp0/reply_checksum_tmp_reg[31]_i_5/O[1]
                         net (fo=1, routed)           0.236     9.937    mac_test0/mac_top0/icmp0/reply_checksum_tmp_reg[31]_i_5_n_6
    SLICE_X42Y44         LUT5 (Prop_lut5_I1_O)        0.250    10.187 r  mac_test0/mac_top0/icmp0/reply_checksum_tmp[29]_i_1/O
                         net (fo=1, routed)           0.000    10.187    mac_test0/mac_top0/icmp0/reply_checksum_tmp[29]_i_1_n_0
    SLICE_X42Y44         FDCE                                         r  mac_test0/mac_top0/icmp0/reply_checksum_tmp_reg[29]/D
  -------------------------------------------------------------------    -------------------

                         (clock rx_clk rise edge)     8.000     8.000 r  
    K18                                               0.000     8.000 r  rgmii_rxc (IN)
                         net (fo=0)                   0.000     8.000    rgmii_rxc
    K18                  IBUF (Prop_ibuf_I_O)         1.342     9.342 r  rgmii_rxc_IBUF_inst/O
                         net (fo=2, routed)           1.604    10.946    util_gmii_to_rgmii_m0/rgmii_rxc_IBUF
    BUFGCTRL_X0Y16       BUFG (Prop_bufg_I_O)         0.077    11.023 r  util_gmii_to_rgmii_m0/BUFG_inst/O
                         net (fo=2092, routed)        1.261    12.284    mac_test0/mac_top0/icmp0/gmii_tx_clk
    SLICE_X42Y44         FDCE                                         r  mac_test0/mac_top0/icmp0/reply_checksum_tmp_reg[29]/C
                         clock pessimism              0.166    12.450    
                         clock uncertainty           -0.035    12.414    
    SLICE_X42Y44         FDCE (Setup_fdce_C_D)        0.074    12.488    mac_test0/mac_top0/icmp0/reply_checksum_tmp_reg[29]
  -------------------------------------------------------------------
                         required time                         12.488    
                         arrival time                         -10.187    
  -------------------------------------------------------------------
                         slack                                  2.302    





Min Delay Paths
--------------------------------------------------------------------------------------
Slack (MET) :             0.103ns  (arrival time - required time)
  Source:                 mac_test0/mac_top0/mac_rx0/ip0/checksum_tmp_reg[27]/C
                            (rising edge-triggered cell FDCE clocked by rx_clk  {rise@0.000ns fall@4.000ns period=8.000ns})
  Destination:            mac_test0/mac_top0/mac_rx0/ip0/check_out_reg[12]/D
                            (rising edge-triggered cell FDCE clocked by rx_clk  {rise@0.000ns fall@4.000ns period=8.000ns})
  Path Group:             rx_clk
  Path Type:              Hold (Min at Fast Process Corner)
  Requirement:            0.000ns  (rx_clk rise@0.000ns - rx_clk rise@0.000ns)
  Data Path Delay:        0.472ns  (logic 0.378ns (80.117%)  route 0.094ns (19.883%))
  Logic Levels:           3  (CARRY4=2 LUT2=1)
  Clock Path Skew:        0.264ns (DCD - SCD - CPR)
    Destination Clock Delay (DCD):    1.983ns
    Source Clock Delay      (SCD):    1.474ns
    Clock Pessimism Removal (CPR):    0.245ns

    Location             Delay type                Incr(ns)  Path(ns)    Netlist Resource(s)
  -------------------------------------------------------------------    -------------------
                         (clock rx_clk rise edge)     0.000     0.000 r  
    K18                                               0.000     0.000 r  rgmii_rxc (IN)
                         net (fo=0)                   0.000     0.000    rgmii_rxc
    K18                  IBUF (Prop_ibuf_I_O)         0.245     0.245 r  rgmii_rxc_IBUF_inst/O
                         net (fo=2, routed)           0.634     0.879    util_gmii_to_rgmii_m0/rgmii_rxc_IBUF
    BUFGCTRL_X0Y16       BUFG (Prop_bufg_I_O)         0.026     0.905 r  util_gmii_to_rgmii_m0/BUFG_inst/O
                         net (fo=2092, routed)        0.569     1.474    mac_test0/mac_top0/mac_rx0/ip0/gmii_tx_clk
    SLICE_X8Y49          FDCE                                         r  mac_test0/mac_top0/mac_rx0/ip0/checksum_tmp_reg[27]/C
  -------------------------------------------------------------------    -------------------
    SLICE_X8Y49          FDCE (Prop_fdce_C_Q)         0.164     1.638 r  mac_test0/mac_top0/mac_rx0/ip0/checksum_tmp_reg[27]/Q
                         net (fo=2, routed)           0.093     1.731    mac_test0/mac_top0/mac_rx0/ip0/p_0_in[11]
    SLICE_X9Y49          LUT2 (Prop_lut2_I1_O)        0.045     1.776 r  mac_test0/mac_top0/mac_rx0/ip0/check_out[11]_i_2/O
                         net (fo=1, routed)           0.000     1.776    mac_test0/mac_top0/mac_rx0/ip0/check_out[11]_i_2_n_0
    SLICE_X9Y49          CARRY4 (Prop_carry4_S[3]_CO[3])
                                                      0.115     1.891 r  mac_test0/mac_top0/mac_rx0/ip0/check_out_reg[11]_i_1/CO[3]
                         net (fo=1, routed)           0.001     1.892    mac_test0/mac_top0/mac_rx0/ip0/check_out_reg[11]_i_1_n_0
    SLICE_X9Y50          CARRY4 (Prop_carry4_CI_O[0])
                                                      0.054     1.946 r  mac_test0/mac_top0/mac_rx0/ip0/check_out_reg[15]_i_2/O[0]
                         net (fo=1, routed)           0.000     1.946    mac_test0/mac_top0/mac_rx0/ip0/checksum_out_return[12]
    SLICE_X9Y50          FDCE                                         r  mac_test0/mac_top0/mac_rx0/ip0/check_out_reg[12]/D
  -------------------------------------------------------------------    -------------------

                         (clock rx_clk rise edge)     0.000     0.000 r  
    K18                                               0.000     0.000 r  rgmii_rxc (IN)
                         net (fo=0)                   0.000     0.000    rgmii_rxc
    K18                  IBUF (Prop_ibuf_I_O)         0.433     0.433 r  rgmii_rxc_IBUF_inst/O
                         net (fo=2, routed)           0.689     1.122    util_gmii_to_rgmii_m0/rgmii_rxc_IBUF
    BUFGCTRL_X0Y16       BUFG (Prop_bufg_I_O)         0.029     1.151 r  util_gmii_to_rgmii_m0/BUFG_inst/O
                         net (fo=2092, routed)        0.833     1.983    mac_test0/mac_top0/mac_rx0/ip0/gmii_tx_clk
    SLICE_X9Y50          FDCE                                         r  mac_test0/mac_top0/mac_rx0/ip0/check_out_reg[12]/C
                         clock pessimism             -0.245     1.738    
    SLICE_X9Y50          FDCE (Hold_fdce_C_D)         0.105     1.843    mac_test0/mac_top0/mac_rx0/ip0/check_out_reg[12]
  -------------------------------------------------------------------
                         required time                         -1.843    
                         arrival time                           1.946    
  -------------------------------------------------------------------
                         slack                                  0.103    

Slack (MET) :             0.109ns  (arrival time - required time)
  Source:                 mac_test0/mac_top0/icmp0/reply_check_out_reg[9]/C
                            (rising edge-triggered cell FDCE clocked by rx_clk  {rise@0.000ns fall@4.000ns period=8.000ns})
  Destination:            mac_test0/mac_top0/icmp0/reply_checkout_buf_reg[9]/D
                            (rising edge-triggered cell FDCE clocked by rx_clk  {rise@0.000ns fall@4.000ns period=8.000ns})
  Path Group:             rx_clk
  Path Type:              Hold (Min at Fast Process Corner)
  Requirement:            0.000ns  (rx_clk rise@0.000ns - rx_clk rise@0.000ns)
  Data Path Delay:        0.391ns  (logic 0.128ns (32.758%)  route 0.263ns (67.242%))
  Logic Levels:           0  
  Clock Path Skew:        0.260ns (DCD - SCD - CPR)
    Destination Clock Delay (DCD):    1.979ns
    Source Clock Delay      (SCD):    1.469ns
    Clock Pessimism Removal (CPR):    0.250ns

    Location             Delay type                Incr(ns)  Path(ns)    Netlist Resource(s)
  -------------------------------------------------------------------    -------------------
                         (clock rx_clk rise edge)     0.000     0.000 r  
    K18                                               0.000     0.000 r  rgmii_rxc (IN)
                         net (fo=0)                   0.000     0.000    rgmii_rxc
    K18                  IBUF (Prop_ibuf_I_O)         0.245     0.245 r  rgmii_rxc_IBUF_inst/O
                         net (fo=2, routed)           0.634     0.879    util_gmii_to_rgmii_m0/rgmii_rxc_IBUF
    BUFGCTRL_X0Y16       BUFG (Prop_bufg_I_O)         0.026     0.905 r  util_gmii_to_rgmii_m0/BUFG_inst/O
                         net (fo=2092, routed)        0.564     1.469    mac_test0/mac_top0/icmp0/gmii_tx_clk
    SLICE_X36Y41         FDCE                                         r  mac_test0/mac_top0/icmp0/reply_check_out_reg[9]/C
  -------------------------------------------------------------------    -------------------
    SLICE_X36Y41         FDCE (Prop_fdce_C_Q)         0.128     1.597 r  mac_test0/mac_top0/icmp0/reply_check_out_reg[9]/Q
                         net (fo=3, routed)           0.263     1.859    mac_test0/mac_top0/icmp0/reply_check_out_reg_n_0_[9]
    SLICE_X35Y37         FDCE                                         r  mac_test0/mac_top0/icmp0/reply_checkout_buf_reg[9]/D
  -------------------------------------------------------------------    -------------------

                         (clock rx_clk rise edge)     0.000     0.000 r  
    K18                                               0.000     0.000 r  rgmii_rxc (IN)
                         net (fo=0)                   0.000     0.000    rgmii_rxc
    K18                  IBUF (Prop_ibuf_I_O)         0.433     0.433 r  rgmii_rxc_IBUF_inst/O
                         net (fo=2, routed)           0.689     1.122    util_gmii_to_rgmii_m0/rgmii_rxc_IBUF
    BUFGCTRL_X0Y16       BUFG (Prop_bufg_I_O)         0.029     1.151 r  util_gmii_to_rgmii_m0/BUFG_inst/O
                         net (fo=2092, routed)        0.829     1.979    mac_test0/mac_top0/icmp0/gmii_tx_clk
    SLICE_X35Y37         FDCE                                         r  mac_test0/mac_top0/icmp0/reply_checkout_buf_reg[9]/C
                         clock pessimism             -0.250     1.729    
    SLICE_X35Y37         FDCE (Hold_fdce_C_D)         0.022     1.751    mac_test0/mac_top0/icmp0/reply_checkout_buf_reg[9]
  -------------------------------------------------------------------
                         required time                         -1.751    
                         arrival time                           1.859    
  -------------------------------------------------------------------
                         slack                                  0.109    

Slack (MET) :             0.114ns  (arrival time - required time)
  Source:                 mac_test0/mac_top0/mac_rx0/ip0/checksum_tmp_reg[27]/C
                            (rising edge-triggered cell FDCE clocked by rx_clk  {rise@0.000ns fall@4.000ns period=8.000ns})
  Destination:            mac_test0/mac_top0/mac_rx0/ip0/check_out_reg[14]/D
                            (rising edge-triggered cell FDCE clocked by rx_clk  {rise@0.000ns fall@4.000ns period=8.000ns})
  Path Group:             rx_clk
  Path Type:              Hold (Min at Fast Process Corner)
  Requirement:            0.000ns  (rx_clk rise@0.000ns - rx_clk rise@0.000ns)
  Data Path Delay:        0.483ns  (logic 0.389ns (80.570%)  route 0.094ns (19.430%))
  Logic Levels:           3  (CARRY4=2 LUT2=1)
  Clock Path Skew:        0.264ns (DCD - SCD - CPR)
    Destination Clock Delay (DCD):    1.983ns
    Source Clock Delay      (SCD):    1.474ns
    Clock Pessimism Removal (CPR):    0.245ns

    Location             Delay type                Incr(ns)  Path(ns)    Netlist Resource(s)
  -------------------------------------------------------------------    -------------------
                         (clock rx_clk rise edge)     0.000     0.000 r  
    K18                                               0.000     0.000 r  rgmii_rxc (IN)
                         net (fo=0)                   0.000     0.000    rgmii_rxc
    K18                  IBUF (Prop_ibuf_I_O)         0.245     0.245 r  rgmii_rxc_IBUF_inst/O
                         net (fo=2, routed)           0.634     0.879    util_gmii_to_rgmii_m0/rgmii_rxc_IBUF
    BUFGCTRL_X0Y16       BUFG (Prop_bufg_I_O)         0.026     0.905 r  util_gmii_to_rgmii_m0/BUFG_inst/O
                         net (fo=2092, routed)        0.569     1.474    mac_test0/mac_top0/mac_rx0/ip0/gmii_tx_clk
    SLICE_X8Y49          FDCE                                         r  mac_test0/mac_top0/mac_rx0/ip0/checksum_tmp_reg[27]/C
  -------------------------------------------------------------------    -------------------
    SLICE_X8Y49          FDCE (Prop_fdce_C_Q)         0.164     1.638 r  mac_test0/mac_top0/mac_rx0/ip0/checksum_tmp_reg[27]/Q
                         net (fo=2, routed)           0.093     1.731    mac_test0/mac_top0/mac_rx0/ip0/p_0_in[11]
    SLICE_X9Y49          LUT2 (Prop_lut2_I1_O)        0.045     1.776 r  mac_test0/mac_top0/mac_rx0/ip0/check_out[11]_i_2/O
                         net (fo=1, routed)           0.000     1.776    mac_test0/mac_top0/mac_rx0/ip0/check_out[11]_i_2_n_0
    SLICE_X9Y49          CARRY4 (Prop_carry4_S[3]_CO[3])
                                                      0.115     1.891 r  mac_test0/mac_top0/mac_rx0/ip0/check_out_reg[11]_i_1/CO[3]
                         net (fo=1, routed)           0.001     1.892    mac_test0/mac_top0/mac_rx0/ip0/check_out_reg[11]_i_1_n_0
    SLICE_X9Y50          CARRY4 (Prop_carry4_CI_O[2])
                                                      0.065     1.957 r  mac_test0/mac_top0/mac_rx0/ip0/check_out_reg[15]_i_2/O[2]
                         net (fo=1, routed)           0.000     1.957    mac_test0/mac_top0/mac_rx0/ip0/checksum_out_return[14]
    SLICE_X9Y50          FDCE                                         r  mac_test0/mac_top0/mac_rx0/ip0/check_out_reg[14]/D
  -------------------------------------------------------------------    -------------------

                         (clock rx_clk rise edge)     0.000     0.000 r  
    K18                                               0.000     0.000 r  rgmii_rxc (IN)
                         net (fo=0)                   0.000     0.000    rgmii_rxc
    K18                  IBUF (Prop_ibuf_I_O)         0.433     0.433 r  rgmii_rxc_IBUF_inst/O
                         net (fo=2, routed)           0.689     1.122    util_gmii_to_rgmii_m0/rgmii_rxc_IBUF
    BUFGCTRL_X0Y16       BUFG (Prop_bufg_I_O)         0.029     1.151 r  util_gmii_to_rgmii_m0/BUFG_inst/O
                         net (fo=2092, routed)        0.833     1.983    mac_test0/mac_top0/mac_rx0/ip0/gmii_tx_clk
    SLICE_X9Y50          FDCE                                         r  mac_test0/mac_top0/mac_rx0/ip0/check_out_reg[14]/C
                         clock pessimism             -0.245     1.738    
    SLICE_X9Y50          FDCE (Hold_fdce_C_D)         0.105     1.843    mac_test0/mac_top0/mac_rx0/ip0/check_out_reg[14]
  -------------------------------------------------------------------
                         required time                         -1.843    
                         arrival time                           1.957    
  -------------------------------------------------------------------
                         slack                                  0.114    

Slack (MET) :             0.121ns  (arrival time - required time)
  Source:                 mac_test0/mac_top0/mac_tx0/mac0/mac_tx_data_reg[4]/C
                            (rising edge-triggered cell FDCE clocked by rx_clk  {rise@0.000ns fall@4.000ns period=8.000ns})
  Destination:            mac_test0/gmii_txd_reg[4]/D
                            (rising edge-triggered cell FDCE clocked by rx_clk  {rise@0.000ns fall@4.000ns period=8.000ns})
  Path Group:             rx_clk
  Path Type:              Hold (Min at Fast Process Corner)
  Requirement:            0.000ns  (rx_clk rise@0.000ns - rx_clk rise@0.000ns)
  Data Path Delay:        0.196ns  (logic 0.141ns (71.838%)  route 0.055ns (28.162%))
  Logic Levels:           0  
  Clock Path Skew:        0.000ns (DCD - SCD - CPR)
    Destination Clock Delay (DCD):    2.006ns
    Source Clock Delay      (SCD):    1.491ns
    Clock Pessimism Removal (CPR):    0.515ns

    Location             Delay type                Incr(ns)  Path(ns)    Netlist Resource(s)
  -------------------------------------------------------------------    -------------------
                         (clock rx_clk rise edge)     0.000     0.000 r  
    K18                                               0.000     0.000 r  rgmii_rxc (IN)
                         net (fo=0)                   0.000     0.000    rgmii_rxc
    K18                  IBUF (Prop_ibuf_I_O)         0.245     0.245 r  rgmii_rxc_IBUF_inst/O
                         net (fo=2, routed)           0.634     0.879    util_gmii_to_rgmii_m0/rgmii_rxc_IBUF
    BUFGCTRL_X0Y16       BUFG (Prop_bufg_I_O)         0.026     0.905 r  util_gmii_to_rgmii_m0/BUFG_inst/O
                         net (fo=2092, routed)        0.586     1.491    mac_test0/mac_top0/mac_tx0/mac0/gmii_tx_clk
    SLICE_X7Y62          FDCE                                         r  mac_test0/mac_top0/mac_tx0/mac0/mac_tx_data_reg[4]/C
  -------------------------------------------------------------------    -------------------
    SLICE_X7Y62          FDCE (Prop_fdce_C_Q)         0.141     1.632 r  mac_test0/mac_top0/mac_tx0/mac0/mac_tx_data_reg[4]/Q
                         net (fo=1, routed)           0.055     1.687    mac_test0/gmii_txd_tmp[4]
    SLICE_X7Y62          FDCE                                         r  mac_test0/gmii_txd_reg[4]/D
  -------------------------------------------------------------------    -------------------

                         (clock rx_clk rise edge)     0.000     0.000 r  
    K18                                               0.000     0.000 r  rgmii_rxc (IN)
                         net (fo=0)                   0.000     0.000    rgmii_rxc
    K18                  IBUF (Prop_ibuf_I_O)         0.433     0.433 r  rgmii_rxc_IBUF_inst/O
                         net (fo=2, routed)           0.689     1.122    util_gmii_to_rgmii_m0/rgmii_rxc_IBUF
    BUFGCTRL_X0Y16       BUFG (Prop_bufg_I_O)         0.029     1.151 r  util_gmii_to_rgmii_m0/BUFG_inst/O
                         net (fo=2092, routed)        0.856     2.006    mac_test0/gmii_tx_clk
    SLICE_X7Y62          FDCE                                         r  mac_test0/gmii_txd_reg[4]/C
                         clock pessimism             -0.515     1.491    
    SLICE_X7Y62          FDCE (Hold_fdce_C_D)         0.075     1.566    mac_test0/gmii_txd_reg[4]
  -------------------------------------------------------------------
                         required time                         -1.566    
                         arrival time                           1.687    
  -------------------------------------------------------------------
                         slack                                  0.121    

Slack (MET) :             0.121ns  (arrival time - required time)
  Source:                 camera_fifo_inst/U0/inst_fifo_gen/gconvfifo.rf/grf.rf/gntv_or_sync_fifo.gcx.clkx/wr_pntr_cdc_inst/dest_graysync_ff_reg[0][6]/C
                            (rising edge-triggered cell FDRE clocked by rx_clk  {rise@0.000ns fall@4.000ns period=8.000ns})
  Destination:            camera_fifo_inst/U0/inst_fifo_gen/gconvfifo.rf/grf.rf/gntv_or_sync_fifo.gcx.clkx/wr_pntr_cdc_inst/dest_graysync_ff_reg[1][6]/D
                            (rising edge-triggered cell FDRE clocked by rx_clk  {rise@0.000ns fall@4.000ns period=8.000ns})
  Path Group:             rx_clk
  Path Type:              Hold (Min at Fast Process Corner)
  Requirement:            0.000ns  (rx_clk rise@0.000ns - rx_clk rise@0.000ns)
  Data Path Delay:        0.196ns  (logic 0.141ns (71.838%)  route 0.055ns (28.162%))
  Logic Levels:           0  
  Clock Path Skew:        0.000ns (DCD - SCD - CPR)
    Destination Clock Delay (DCD):    1.976ns
    Source Clock Delay      (SCD):    1.463ns
    Clock Pessimism Removal (CPR):    0.513ns

    Location             Delay type                Incr(ns)  Path(ns)    Netlist Resource(s)
  -------------------------------------------------------------------    -------------------
                         (clock rx_clk rise edge)     0.000     0.000 r  
    K18                                               0.000     0.000 r  rgmii_rxc (IN)
                         net (fo=0)                   0.000     0.000    rgmii_rxc
    K18                  IBUF (Prop_ibuf_I_O)         0.245     0.245 r  rgmii_rxc_IBUF_inst/O
                         net (fo=2, routed)           0.634     0.879    util_gmii_to_rgmii_m0/rgmii_rxc_IBUF
    BUFGCTRL_X0Y16       BUFG (Prop_bufg_I_O)         0.026     0.905 r  util_gmii_to_rgmii_m0/BUFG_inst/O
                         net (fo=2092, routed)        0.558     1.463    camera_fifo_inst/U0/inst_fifo_gen/gconvfifo.rf/grf.rf/gntv_or_sync_fifo.gcx.clkx/wr_pntr_cdc_inst/dest_clk
    SLICE_X13Y21         FDRE                                         r  camera_fifo_inst/U0/inst_fifo_gen/gconvfifo.rf/grf.rf/gntv_or_sync_fifo.gcx.clkx/wr_pntr_cdc_inst/dest_graysync_ff_reg[0][6]/C
  -------------------------------------------------------------------    -------------------
    SLICE_X13Y21         FDRE (Prop_fdre_C_Q)         0.141     1.604 r  camera_fifo_inst/U0/inst_fifo_gen/gconvfifo.rf/grf.rf/gntv_or_sync_fifo.gcx.clkx/wr_pntr_cdc_inst/dest_graysync_ff_reg[0][6]/Q
                         net (fo=1, routed)           0.055     1.659    camera_fifo_inst/U0/inst_fifo_gen/gconvfifo.rf/grf.rf/gntv_or_sync_fifo.gcx.clkx/wr_pntr_cdc_inst/dest_graysync_ff[0][6]
    SLICE_X13Y21         FDRE                                         r  camera_fifo_inst/U0/inst_fifo_gen/gconvfifo.rf/grf.rf/gntv_or_sync_fifo.gcx.clkx/wr_pntr_cdc_inst/dest_graysync_ff_reg[1][6]/D
  -------------------------------------------------------------------    -------------------

                         (clock rx_clk rise edge)     0.000     0.000 r  
    K18                                               0.000     0.000 r  rgmii_rxc (IN)
                         net (fo=0)                   0.000     0.000    rgmii_rxc
    K18                  IBUF (Prop_ibuf_I_O)         0.433     0.433 r  rgmii_rxc_IBUF_inst/O
                         net (fo=2, routed)           0.689     1.122    util_gmii_to_rgmii_m0/rgmii_rxc_IBUF
    BUFGCTRL_X0Y16       BUFG (Prop_bufg_I_O)         0.029     1.151 r  util_gmii_to_rgmii_m0/BUFG_inst/O
                         net (fo=2092, routed)        0.826     1.976    camera_fifo_inst/U0/inst_fifo_gen/gconvfifo.rf/grf.rf/gntv_or_sync_fifo.gcx.clkx/wr_pntr_cdc_inst/dest_clk
    SLICE_X13Y21         FDRE                                         r  camera_fifo_inst/U0/inst_fifo_gen/gconvfifo.rf/grf.rf/gntv_or_sync_fifo.gcx.clkx/wr_pntr_cdc_inst/dest_graysync_ff_reg[1][6]/C
                         clock pessimism             -0.513     1.463    
    SLICE_X13Y21         FDRE (Hold_fdre_C_D)         0.075     1.538    camera_fifo_inst/U0/inst_fifo_gen/gconvfifo.rf/grf.rf/gntv_or_sync_fifo.gcx.clkx/wr_pntr_cdc_inst/dest_graysync_ff_reg[1][6]
  -------------------------------------------------------------------
                         required time                         -1.538    
                         arrival time                           1.659    
  -------------------------------------------------------------------
                         slack                                  0.121    

Slack (MET) :             0.121ns  (arrival time - required time)
  Source:                 camera_fifo_inst/U0/inst_fifo_gen/gconvfifo.rf/grf.rf/rstblk/ngwrdrst.grst.g7serrst.gsckt_wrst.gic_rst.xpm_cdc_sync_rst_inst_wrst/syncstages_ff_reg[0]/C
                            (rising edge-triggered cell FDRE clocked by rx_clk  {rise@0.000ns fall@4.000ns period=8.000ns})
  Destination:            camera_fifo_inst/U0/inst_fifo_gen/gconvfifo.rf/grf.rf/rstblk/ngwrdrst.grst.g7serrst.gsckt_wrst.gic_rst.xpm_cdc_sync_rst_inst_wrst/syncstages_ff_reg[1]/D
                            (rising edge-triggered cell FDRE clocked by rx_clk  {rise@0.000ns fall@4.000ns period=8.000ns})
  Path Group:             rx_clk
  Path Type:              Hold (Min at Fast Process Corner)
  Requirement:            0.000ns  (rx_clk rise@0.000ns - rx_clk rise@0.000ns)
  Data Path Delay:        0.196ns  (logic 0.141ns (71.838%)  route 0.055ns (28.162%))
  Logic Levels:           0  
  Clock Path Skew:        0.000ns (DCD - SCD - CPR)
    Destination Clock Delay (DCD):    1.968ns
    Source Clock Delay      (SCD):    1.457ns
    Clock Pessimism Removal (CPR):    0.511ns

    Location             Delay type                Incr(ns)  Path(ns)    Netlist Resource(s)
  -------------------------------------------------------------------    -------------------
                         (clock rx_clk rise edge)     0.000     0.000 r  
    K18                                               0.000     0.000 r  rgmii_rxc (IN)
                         net (fo=0)                   0.000     0.000    rgmii_rxc
    K18                  IBUF (Prop_ibuf_I_O)         0.245     0.245 r  rgmii_rxc_IBUF_inst/O
                         net (fo=2, routed)           0.634     0.879    util_gmii_to_rgmii_m0/rgmii_rxc_IBUF
    BUFGCTRL_X0Y16       BUFG (Prop_bufg_I_O)         0.026     0.905 r  util_gmii_to_rgmii_m0/BUFG_inst/O
                         net (fo=2092, routed)        0.552     1.457    camera_fifo_inst/U0/inst_fifo_gen/gconvfifo.rf/grf.rf/rstblk/ngwrdrst.grst.g7serrst.gsckt_wrst.gic_rst.xpm_cdc_sync_rst_inst_wrst/dest_clk
    SLICE_X35Y23         FDRE                                         r  camera_fifo_inst/U0/inst_fifo_gen/gconvfifo.rf/grf.rf/rstblk/ngwrdrst.grst.g7serrst.gsckt_wrst.gic_rst.xpm_cdc_sync_rst_inst_wrst/syncstages_ff_reg[0]/C
  -------------------------------------------------------------------    -------------------
    SLICE_X35Y23         FDRE (Prop_fdre_C_Q)         0.141     1.598 r  camera_fifo_inst/U0/inst_fifo_gen/gconvfifo.rf/grf.rf/rstblk/ngwrdrst.grst.g7serrst.gsckt_wrst.gic_rst.xpm_cdc_sync_rst_inst_wrst/syncstages_ff_reg[0]/Q
                         net (fo=1, routed)           0.055     1.653    camera_fifo_inst/U0/inst_fifo_gen/gconvfifo.rf/grf.rf/rstblk/ngwrdrst.grst.g7serrst.gsckt_wrst.gic_rst.xpm_cdc_sync_rst_inst_wrst/syncstages_ff[0]
    SLICE_X35Y23         FDRE                                         r  camera_fifo_inst/U0/inst_fifo_gen/gconvfifo.rf/grf.rf/rstblk/ngwrdrst.grst.g7serrst.gsckt_wrst.gic_rst.xpm_cdc_sync_rst_inst_wrst/syncstages_ff_reg[1]/D
  -------------------------------------------------------------------    -------------------

                         (clock rx_clk rise edge)     0.000     0.000 r  
    K18                                               0.000     0.000 r  rgmii_rxc (IN)
                         net (fo=0)                   0.000     0.000    rgmii_rxc
    K18                  IBUF (Prop_ibuf_I_O)         0.433     0.433 r  rgmii_rxc_IBUF_inst/O
                         net (fo=2, routed)           0.689     1.122    util_gmii_to_rgmii_m0/rgmii_rxc_IBUF
    BUFGCTRL_X0Y16       BUFG (Prop_bufg_I_O)         0.029     1.151 r  util_gmii_to_rgmii_m0/BUFG_inst/O
                         net (fo=2092, routed)        0.818     1.968    camera_fifo_inst/U0/inst_fifo_gen/gconvfifo.rf/grf.rf/rstblk/ngwrdrst.grst.g7serrst.gsckt_wrst.gic_rst.xpm_cdc_sync_rst_inst_wrst/dest_clk
    SLICE_X35Y23         FDRE                                         r  camera_fifo_inst/U0/inst_fifo_gen/gconvfifo.rf/grf.rf/rstblk/ngwrdrst.grst.g7serrst.gsckt_wrst.gic_rst.xpm_cdc_sync_rst_inst_wrst/syncstages_ff_reg[1]/C
                         clock pessimism             -0.511     1.457    
    SLICE_X35Y23         FDRE (Hold_fdre_C_D)         0.075     1.532    camera_fifo_inst/U0/inst_fifo_gen/gconvfifo.rf/grf.rf/rstblk/ngwrdrst.grst.g7serrst.gsckt_wrst.gic_rst.xpm_cdc_sync_rst_inst_wrst/syncstages_ff_reg[1]
  -------------------------------------------------------------------
                         required time                         -1.532    
                         arrival time                           1.653    
  -------------------------------------------------------------------
                         slack                                  0.121    

Slack (MET) :             0.121ns  (arrival time - required time)
  Source:                 mac_test0/mac_top0/mac_tx0/udp0/fifo_rd_en_reg/C
                            (rising edge-triggered cell FDCE clocked by rx_clk  {rise@0.000ns fall@4.000ns period=8.000ns})
  Destination:            mac_test0/fifo_rd_en_reg/D
                            (rising edge-triggered cell FDCE clocked by rx_clk  {rise@0.000ns fall@4.000ns period=8.000ns})
  Path Group:             rx_clk
  Path Type:              Hold (Min at Fast Process Corner)
  Requirement:            0.000ns  (rx_clk rise@0.000ns - rx_clk rise@0.000ns)
  Data Path Delay:        0.196ns  (logic 0.141ns (71.838%)  route 0.055ns (28.162%))
  Logic Levels:           0  
  Clock Path Skew:        0.000ns (DCD - SCD - CPR)
    Destination Clock Delay (DCD):    1.973ns
    Source Clock Delay      (SCD):    1.461ns
    Clock Pessimism Removal (CPR):    0.512ns

    Location             Delay type                Incr(ns)  Path(ns)    Netlist Resource(s)
  -------------------------------------------------------------------    -------------------
                         (clock rx_clk rise edge)     0.000     0.000 r  
    K18                                               0.000     0.000 r  rgmii_rxc (IN)
                         net (fo=0)                   0.000     0.000    rgmii_rxc
    K18                  IBUF (Prop_ibuf_I_O)         0.245     0.245 r  rgmii_rxc_IBUF_inst/O
                         net (fo=2, routed)           0.634     0.879    util_gmii_to_rgmii_m0/rgmii_rxc_IBUF
    BUFGCTRL_X0Y16       BUFG (Prop_bufg_I_O)         0.026     0.905 r  util_gmii_to_rgmii_m0/BUFG_inst/O
                         net (fo=2092, routed)        0.556     1.461    mac_test0/mac_top0/mac_tx0/udp0/gmii_tx_clk
    SLICE_X13Y26         FDCE                                         r  mac_test0/mac_top0/mac_tx0/udp0/fifo_rd_en_reg/C
  -------------------------------------------------------------------    -------------------
    SLICE_X13Y26         FDCE (Prop_fdce_C_Q)         0.141     1.602 r  mac_test0/mac_top0/mac_tx0/udp0/fifo_rd_en_reg/Q
                         net (fo=1, routed)           0.055     1.657    mac_test0/fifo_rd_en_tmp
    SLICE_X13Y26         FDCE                                         r  mac_test0/fifo_rd_en_reg/D
  -------------------------------------------------------------------    -------------------

                         (clock rx_clk rise edge)     0.000     0.000 r  
    K18                                               0.000     0.000 r  rgmii_rxc (IN)
                         net (fo=0)                   0.000     0.000    rgmii_rxc
    K18                  IBUF (Prop_ibuf_I_O)         0.433     0.433 r  rgmii_rxc_IBUF_inst/O
                         net (fo=2, routed)           0.689     1.122    util_gmii_to_rgmii_m0/rgmii_rxc_IBUF
    BUFGCTRL_X0Y16       BUFG (Prop_bufg_I_O)         0.029     1.151 r  util_gmii_to_rgmii_m0/BUFG_inst/O
                         net (fo=2092, routed)        0.823     1.973    mac_test0/gmii_tx_clk
    SLICE_X13Y26         FDCE                                         r  mac_test0/fifo_rd_en_reg/C
                         clock pessimism             -0.512     1.461    
    SLICE_X13Y26         FDCE (Hold_fdce_C_D)         0.075     1.536    mac_test0/fifo_rd_en_reg
  -------------------------------------------------------------------
                         required time                         -1.536    
                         arrival time                           1.657    
  -------------------------------------------------------------------
                         slack                                  0.121    

Slack (MET) :             0.121ns  (arrival time - required time)
  Source:                 mac_test0/mac_top0/mac_tx0/mac0/mac_tx_data_reg[0]/C
                            (rising edge-triggered cell FDCE clocked by rx_clk  {rise@0.000ns fall@4.000ns period=8.000ns})
  Destination:            mac_test0/gmii_txd_reg[0]/D
                            (rising edge-triggered cell FDCE clocked by rx_clk  {rise@0.000ns fall@4.000ns period=8.000ns})
  Path Group:             rx_clk
  Path Type:              Hold (Min at Fast Process Corner)
  Requirement:            0.000ns  (rx_clk rise@0.000ns - rx_clk rise@0.000ns)
  Data Path Delay:        0.196ns  (logic 0.141ns (71.838%)  route 0.055ns (28.162%))
  Logic Levels:           0  
  Clock Path Skew:        0.000ns (DCD - SCD - CPR)
    Destination Clock Delay (DCD):    2.007ns
    Source Clock Delay      (SCD):    1.492ns
    Clock Pessimism Removal (CPR):    0.515ns

    Location             Delay type                Incr(ns)  Path(ns)    Netlist Resource(s)
  -------------------------------------------------------------------    -------------------
                         (clock rx_clk rise edge)     0.000     0.000 r  
    K18                                               0.000     0.000 r  rgmii_rxc (IN)
                         net (fo=0)                   0.000     0.000    rgmii_rxc
    K18                  IBUF (Prop_ibuf_I_O)         0.245     0.245 r  rgmii_rxc_IBUF_inst/O
                         net (fo=2, routed)           0.634     0.879    util_gmii_to_rgmii_m0/rgmii_rxc_IBUF
    BUFGCTRL_X0Y16       BUFG (Prop_bufg_I_O)         0.026     0.905 r  util_gmii_to_rgmii_m0/BUFG_inst/O
                         net (fo=2092, routed)        0.587     1.492    mac_test0/mac_top0/mac_tx0/mac0/gmii_tx_clk
    SLICE_X3Y63          FDCE                                         r  mac_test0/mac_top0/mac_tx0/mac0/mac_tx_data_reg[0]/C
  -------------------------------------------------------------------    -------------------
    SLICE_X3Y63          FDCE (Prop_fdce_C_Q)         0.141     1.633 r  mac_test0/mac_top0/mac_tx0/mac0/mac_tx_data_reg[0]/Q
                         net (fo=1, routed)           0.055     1.688    mac_test0/gmii_txd_tmp[0]
    SLICE_X3Y63          FDCE                                         r  mac_test0/gmii_txd_reg[0]/D
  -------------------------------------------------------------------    -------------------

                         (clock rx_clk rise edge)     0.000     0.000 r  
    K18                                               0.000     0.000 r  rgmii_rxc (IN)
                         net (fo=0)                   0.000     0.000    rgmii_rxc
    K18                  IBUF (Prop_ibuf_I_O)         0.433     0.433 r  rgmii_rxc_IBUF_inst/O
                         net (fo=2, routed)           0.689     1.122    util_gmii_to_rgmii_m0/rgmii_rxc_IBUF
    BUFGCTRL_X0Y16       BUFG (Prop_bufg_I_O)         0.029     1.151 r  util_gmii_to_rgmii_m0/BUFG_inst/O
                         net (fo=2092, routed)        0.856     2.007    mac_test0/gmii_tx_clk
    SLICE_X3Y63          FDCE                                         r  mac_test0/gmii_txd_reg[0]/C
                         clock pessimism             -0.515     1.492    
    SLICE_X3Y63          FDCE (Hold_fdce_C_D)         0.075     1.567    mac_test0/gmii_txd_reg[0]
  -------------------------------------------------------------------
                         required time                         -1.567    
                         arrival time                           1.688    
  -------------------------------------------------------------------
                         slack                                  0.121    

Slack (MET) :             0.121ns  (arrival time - required time)
  Source:                 mac_test0/mac_top0/mac_tx0/mac0/mac_tx_data_reg[3]/C
                            (rising edge-triggered cell FDCE clocked by rx_clk  {rise@0.000ns fall@4.000ns period=8.000ns})
  Destination:            mac_test0/gmii_txd_reg[3]/D
                            (rising edge-triggered cell FDCE clocked by rx_clk  {rise@0.000ns fall@4.000ns period=8.000ns})
  Path Group:             rx_clk
  Path Type:              Hold (Min at Fast Process Corner)
  Requirement:            0.000ns  (rx_clk rise@0.000ns - rx_clk rise@0.000ns)
  Data Path Delay:        0.196ns  (logic 0.141ns (71.838%)  route 0.055ns (28.162%))
  Logic Levels:           0  
  Clock Path Skew:        0.000ns (DCD - SCD - CPR)
    Destination Clock Delay (DCD):    2.005ns
    Source Clock Delay      (SCD):    1.490ns
    Clock Pessimism Removal (CPR):    0.515ns

    Location             Delay type                Incr(ns)  Path(ns)    Netlist Resource(s)
  -------------------------------------------------------------------    -------------------
                         (clock rx_clk rise edge)     0.000     0.000 r  
    K18                                               0.000     0.000 r  rgmii_rxc (IN)
                         net (fo=0)                   0.000     0.000    rgmii_rxc
    K18                  IBUF (Prop_ibuf_I_O)         0.245     0.245 r  rgmii_rxc_IBUF_inst/O
                         net (fo=2, routed)           0.634     0.879    util_gmii_to_rgmii_m0/rgmii_rxc_IBUF
    BUFGCTRL_X0Y16       BUFG (Prop_bufg_I_O)         0.026     0.905 r  util_gmii_to_rgmii_m0/BUFG_inst/O
                         net (fo=2092, routed)        0.585     1.490    mac_test0/mac_top0/mac_tx0/mac0/gmii_tx_clk
    SLICE_X5Y63          FDCE                                         r  mac_test0/mac_top0/mac_tx0/mac0/mac_tx_data_reg[3]/C
  -------------------------------------------------------------------    -------------------
    SLICE_X5Y63          FDCE (Prop_fdce_C_Q)         0.141     1.631 r  mac_test0/mac_top0/mac_tx0/mac0/mac_tx_data_reg[3]/Q
                         net (fo=1, routed)           0.055     1.686    mac_test0/gmii_txd_tmp[3]
    SLICE_X5Y63          FDCE                                         r  mac_test0/gmii_txd_reg[3]/D
  -------------------------------------------------------------------    -------------------

                         (clock rx_clk rise edge)     0.000     0.000 r  
    K18                                               0.000     0.000 r  rgmii_rxc (IN)
                         net (fo=0)                   0.000     0.000    rgmii_rxc
    K18                  IBUF (Prop_ibuf_I_O)         0.433     0.433 r  rgmii_rxc_IBUF_inst/O
                         net (fo=2, routed)           0.689     1.122    util_gmii_to_rgmii_m0/rgmii_rxc_IBUF
    BUFGCTRL_X0Y16       BUFG (Prop_bufg_I_O)         0.029     1.151 r  util_gmii_to_rgmii_m0/BUFG_inst/O
                         net (fo=2092, routed)        0.855     2.005    mac_test0/gmii_tx_clk
    SLICE_X5Y63          FDCE                                         r  mac_test0/gmii_txd_reg[3]/C
                         clock pessimism             -0.515     1.490    
    SLICE_X5Y63          FDCE (Hold_fdce_C_D)         0.075     1.565    mac_test0/gmii_txd_reg[3]
  -------------------------------------------------------------------
                         required time                         -1.565    
                         arrival time                           1.686    
  -------------------------------------------------------------------
                         slack                                  0.121    

Slack (MET) :             0.121ns  (arrival time - required time)
  Source:                 mac_test0/mac_top0/mac_tx0/mac0/mac_tx_data_reg[6]/C
                            (rising edge-triggered cell FDCE clocked by rx_clk  {rise@0.000ns fall@4.000ns period=8.000ns})
  Destination:            mac_test0/gmii_txd_reg[6]/D
                            (rising edge-triggered cell FDCE clocked by rx_clk  {rise@0.000ns fall@4.000ns period=8.000ns})
  Path Group:             rx_clk
  Path Type:              Hold (Min at Fast Process Corner)
  Requirement:            0.000ns  (rx_clk rise@0.000ns - rx_clk rise@0.000ns)
  Data Path Delay:        0.196ns  (logic 0.141ns (71.838%)  route 0.055ns (28.162%))
  Logic Levels:           0  
  Clock Path Skew:        0.000ns (DCD - SCD - CPR)
    Destination Clock Delay (DCD):    2.010ns
    Source Clock Delay      (SCD):    1.494ns
    Clock Pessimism Removal (CPR):    0.516ns

    Location             Delay type                Incr(ns)  Path(ns)    Netlist Resource(s)
  -------------------------------------------------------------------    -------------------
                         (clock rx_clk rise edge)     0.000     0.000 r  
    K18                                               0.000     0.000 r  rgmii_rxc (IN)
                         net (fo=0)                   0.000     0.000    rgmii_rxc
    K18                  IBUF (Prop_ibuf_I_O)         0.245     0.245 r  rgmii_rxc_IBUF_inst/O
                         net (fo=2, routed)           0.634     0.879    util_gmii_to_rgmii_m0/rgmii_rxc_IBUF
    BUFGCTRL_X0Y16       BUFG (Prop_bufg_I_O)         0.026     0.905 r  util_gmii_to_rgmii_m0/BUFG_inst/O
                         net (fo=2092, routed)        0.589     1.494    mac_test0/mac_top0/mac_tx0/mac0/gmii_tx_clk
    SLICE_X3Y60          FDCE                                         r  mac_test0/mac_top0/mac_tx0/mac0/mac_tx_data_reg[6]/C
  -------------------------------------------------------------------    -------------------
    SLICE_X3Y60          FDCE (Prop_fdce_C_Q)         0.141     1.635 r  mac_test0/mac_top0/mac_tx0/mac0/mac_tx_data_reg[6]/Q
                         net (fo=1, routed)           0.055     1.690    mac_test0/gmii_txd_tmp[6]
    SLICE_X3Y60          FDCE                                         r  mac_test0/gmii_txd_reg[6]/D
  -------------------------------------------------------------------    -------------------

                         (clock rx_clk rise edge)     0.000     0.000 r  
    K18                                               0.000     0.000 r  rgmii_rxc (IN)
                         net (fo=0)                   0.000     0.000    rgmii_rxc
    K18                  IBUF (Prop_ibuf_I_O)         0.433     0.433 r  rgmii_rxc_IBUF_inst/O
                         net (fo=2, routed)           0.689     1.122    util_gmii_to_rgmii_m0/rgmii_rxc_IBUF
    BUFGCTRL_X0Y16       BUFG (Prop_bufg_I_O)         0.029     1.151 r  util_gmii_to_rgmii_m0/BUFG_inst/O
                         net (fo=2092, routed)        0.860     2.010    mac_test0/gmii_tx_clk
    SLICE_X3Y60          FDCE                                         r  mac_test0/gmii_txd_reg[6]/C
                         clock pessimism             -0.516     1.494    
    SLICE_X3Y60          FDCE (Hold_fdce_C_D)         0.075     1.569    mac_test0/gmii_txd_reg[6]
  -------------------------------------------------------------------
                         required time                         -1.569    
                         arrival time                           1.690    
  -------------------------------------------------------------------
                         slack                                  0.121    





Pulse Width Checks
--------------------------------------------------------------------------------------
Clock Name:         rx_clk
Waveform(ns):       { 0.000 4.000 }
Period(ns):         8.000
Sources:            { rgmii_rxc }

Check Type        Corner  Lib Pin             Reference Pin  Required(ns)  Actual(ns)  Slack(ns)  Location        Pin
Min Period        n/a     RAMB18E1/CLKARDCLK  n/a            2.472         8.000       5.528      RAMB18_X0Y14    mac_test0/mac_top0/icmp0/icmp_receive_ram/ram_reg/CLKARDCLK
Min Period        n/a     RAMB36E1/CLKBWRCLK  n/a            2.170         8.000       5.830      RAMB36_X0Y4     camera_fifo_inst/U0/inst_fifo_gen/gconvfifo.rf/grf.rf/gntv_or_sync_fifo.mem/gbm.gbmg.gbmga.ngecc.bmg/inst_blk_mem_gen/gnbram.gnativebmg.native_blk_mem_gen/valid.cstr/ramloop[0].ram.r/prim_noinit.ram/DEVICE_7SERIES.NO_BMM_INFO.SDP.SIMPLE_PRIM36.ram/CLKBWRCLK
Min Period        n/a     RAMB18E1/CLKBWRCLK  n/a            2.170         8.000       5.830      RAMB18_X0Y14    mac_test0/mac_top0/icmp0/icmp_receive_ram/ram_reg/CLKBWRCLK
Min Period        n/a     BUFG/I              n/a            1.592         8.000       6.408      BUFGCTRL_X0Y16  util_gmii_to_rgmii_m0/BUFG_inst/I
Min Period        n/a     IDDR/C              n/a            1.474         8.000       6.526      ILOGIC_X0Y80    util_gmii_to_rgmii_m0/rgmii_rx_ctl_iddr/C
Min Period        n/a     ODDR/C              n/a            1.474         8.000       6.526      OLOGIC_X0Y72    util_gmii_to_rgmii_m0/rgmii_tx_ctl_out/C
Min Period        n/a     ODDR/C              n/a            1.474         8.000       6.526      OLOGIC_X0Y56    util_gmii_to_rgmii_m0/rgmii_txc_out/C
Min Period        n/a     ODDR/C              n/a            1.474         8.000       6.526      OLOGIC_X0Y77    util_gmii_to_rgmii_m0/gen_tx_data[0].rgmii_td_out/C
Min Period        n/a     ODDR/C              n/a            1.474         8.000       6.526      OLOGIC_X0Y63    util_gmii_to_rgmii_m0/gen_tx_data[1].rgmii_td_out/C
Min Period        n/a     ODDR/C              n/a            1.474         8.000       6.526      OLOGIC_X0Y67    util_gmii_to_rgmii_m0/gen_tx_data[2].rgmii_td_out/C
Low Pulse Width   Slow    SRL16E/CLK          n/a            0.854         4.000       3.146      SLICE_X30Y24    camera_fifo_inst/U0/inst_fifo_gen/gconvfifo.rf/grf.rf/gntv_or_sync_fifo.mem/gbm.gbmg.gbmga.ngecc.bmg/inst_blk_mem_gen/gnbram.gnativebmg.native_blk_mem_gen/valid.cstr/ramloop[0].ram.r/SAFETY_CKT_GEN.RSTB_SHFT_REG_reg[3]_srl3/CLK
Low Pulse Width   Fast    SRL16E/CLK          n/a            0.854         4.000       3.146      SLICE_X30Y24    camera_fifo_inst/U0/inst_fifo_gen/gconvfifo.rf/grf.rf/gntv_or_sync_fifo.mem/gbm.gbmg.gbmga.ngecc.bmg/inst_blk_mem_gen/gnbram.gnativebmg.native_blk_mem_gen/valid.cstr/ramloop[0].ram.r/SAFETY_CKT_GEN.RSTB_SHFT_REG_reg[3]_srl3/CLK
Low Pulse Width   Slow    FDCE/C              n/a            0.500         4.000       3.500      SLICE_X7Y31     mac_test0/mac_top0/mac_rx0/arp0/arp_rec_source_mac_addr_reg[10]/C
Low Pulse Width   Slow    FDCE/C              n/a            0.500         4.000       3.500      SLICE_X7Y31     mac_test0/mac_top0/mac_rx0/arp0/arp_rec_source_mac_addr_reg[11]/C
Low Pulse Width   Slow    FDCE/C              n/a            0.500         4.000       3.500      SLICE_X7Y31     mac_test0/mac_top0/mac_rx0/arp0/arp_rec_source_mac_addr_reg[12]/C
Low Pulse Width   Slow    FDCE/C              n/a            0.500         4.000       3.500      SLICE_X7Y31     mac_test0/mac_top0/mac_rx0/arp0/arp_rec_source_mac_addr_reg[13]/C
Low Pulse Width   Slow    FDCE/C              n/a            0.500         4.000       3.500      SLICE_X7Y31     mac_test0/mac_top0/mac_rx0/arp0/arp_rec_source_mac_addr_reg[14]/C
Low Pulse Width   Slow    FDCE/C              n/a            0.500         4.000       3.500      SLICE_X7Y31     mac_test0/mac_top0/mac_rx0/arp0/arp_rec_source_mac_addr_reg[15]/C
Low Pulse Width   Slow    FDRE/C              n/a            0.500         4.000       3.500      SLICE_X35Y23    camera_fifo_inst/U0/inst_fifo_gen/gconvfifo.rf/grf.rf/rstblk/ngwrdrst.grst.g7serrst.gsckt_wrst.gic_rst.xpm_cdc_sync_rst_inst_wrst/syncstages_ff_reg[0]/C
Low Pulse Width   Slow    FDRE/C              n/a            0.500         4.000       3.500      SLICE_X35Y23    camera_fifo_inst/U0/inst_fifo_gen/gconvfifo.rf/grf.rf/rstblk/ngwrdrst.grst.g7serrst.gsckt_wrst.gic_rst.xpm_cdc_sync_rst_inst_wrst/syncstages_ff_reg[1]/C
High Pulse Width  Slow    SRL16E/CLK          n/a            0.854         4.000       3.146      SLICE_X30Y24    camera_fifo_inst/U0/inst_fifo_gen/gconvfifo.rf/grf.rf/gntv_or_sync_fifo.mem/gbm.gbmg.gbmga.ngecc.bmg/inst_blk_mem_gen/gnbram.gnativebmg.native_blk_mem_gen/valid.cstr/ramloop[0].ram.r/SAFETY_CKT_GEN.RSTB_SHFT_REG_reg[3]_srl3/CLK
High Pulse Width  Fast    SRL16E/CLK          n/a            0.854         4.000       3.146      SLICE_X30Y24    camera_fifo_inst/U0/inst_fifo_gen/gconvfifo.rf/grf.rf/gntv_or_sync_fifo.mem/gbm.gbmg.gbmga.ngecc.bmg/inst_blk_mem_gen/gnbram.gnativebmg.native_blk_mem_gen/valid.cstr/ramloop[0].ram.r/SAFETY_CKT_GEN.RSTB_SHFT_REG_reg[3]_srl3/CLK
High Pulse Width  Slow    FDRE/C              n/a            0.500         4.000       3.500      SLICE_X32Y23    camera_fifo_inst/U0/inst_fifo_gen/gconvfifo.rf/grf.rf/rstblk/ngwrdrst.grst.g7serrst.gsckt_wrst.gic_rst.sckt_rd_rst_ic_reg/C
High Pulse Width  Fast    FDRE/C              n/a            0.500         4.000       3.500      SLICE_X32Y23    camera_fifo_inst/U0/inst_fifo_gen/gconvfifo.rf/grf.rf/rstblk/ngwrdrst.grst.g7serrst.gsckt_wrst.gic_rst.sckt_rd_rst_ic_reg/C
High Pulse Width  Slow    FDRE/C              n/a            0.500         4.000       3.500      SLICE_X32Y23    camera_fifo_inst/U0/inst_fifo_gen/gconvfifo.rf/grf.rf/rstblk/ngwrdrst.grst.g7serrst.gsckt_wrst.gic_rst.wr_rst_rd_ext_reg[0]/C
High Pulse Width  Fast    FDRE/C              n/a            0.500         4.000       3.500      SLICE_X32Y23    camera_fifo_inst/U0/inst_fifo_gen/gconvfifo.rf/grf.rf/rstblk/ngwrdrst.grst.g7serrst.gsckt_wrst.gic_rst.wr_rst_rd_ext_reg[0]/C
High Pulse Width  Fast    FDCE/C              n/a            0.500         4.000       3.500      SLICE_X36Y41    mac_test0/mac_top0/icmp0/check_out_reg[10]/C
High Pulse Width  Fast    FDCE/C              n/a            0.500         4.000       3.500      SLICE_X38Y41    mac_test0/mac_top0/icmp0/check_out_reg[11]/C
High Pulse Width  Fast    FDCE/C              n/a            0.500         4.000       3.500      SLICE_X36Y42    mac_test0/mac_top0/icmp0/check_out_reg[12]/C
High Pulse Width  Fast    FDCE/C              n/a            0.500         4.000       3.500      SLICE_X36Y41    mac_test0/mac_top0/icmp0/check_out_reg[13]/C



---------------------------------------------------------------------------------------------------
From Clock:  sys_clk
  To Clock:  sys_clk

Setup :            0  Failing Endpoints,  Worst Slack       14.931ns,  Total Violation        0.000ns
Hold  :            0  Failing Endpoints,  Worst Slack        0.108ns,  Total Violation        0.000ns
PW    :            0  Failing Endpoints,  Worst Slack        9.500ns,  Total Violation        0.000ns
---------------------------------------------------------------------------------------------------


Max Delay Paths
--------------------------------------------------------------------------------------
Slack (MET) :             14.931ns  (required time - arrival time)
  Source:                 i2c_config_m1/lut_index_reg[7]/C
                            (rising edge-triggered cell FDCE clocked by sys_clk  {rise@0.000ns fall@10.000ns period=20.000ns})
  Destination:            i2c_config_m1/i2c_master_top_m0/txr_reg[0]/D
                            (rising edge-triggered cell FDCE clocked by sys_clk  {rise@0.000ns fall@10.000ns period=20.000ns})
  Path Group:             sys_clk
  Path Type:              Setup (Max at Slow Process Corner)
  Requirement:            20.000ns  (sys_clk rise@20.000ns - sys_clk rise@0.000ns)
  Data Path Delay:        5.166ns  (logic 1.332ns (25.784%)  route 3.834ns (74.216%))
  Logic Levels:           5  (LUT5=2 LUT6=1 MUXF7=2)
  Clock Path Skew:        0.028ns (DCD - SCD + CPR)
    Destination Clock Delay (DCD):    4.499ns = ( 24.499 - 20.000 ) 
    Source Clock Delay      (SCD):    4.704ns
    Clock Pessimism Removal (CPR):    0.233ns
  Clock Uncertainty:      0.035ns  ((TSJ^2 + TIJ^2)^1/2 + DJ) / 2 + PE
    Total System Jitter     (TSJ):    0.071ns
    Total Input Jitter      (TIJ):    0.000ns
    Discrete Jitter          (DJ):    0.000ns
    Phase Error              (PE):    0.000ns

    Location             Delay type                Incr(ns)  Path(ns)    Netlist Resource(s)
  -------------------------------------------------------------------    -------------------
                         (clock sys_clk rise edge)    0.000     0.000 r  
    Y18                                               0.000     0.000 r  sys_clk (IN)
                         net (fo=0)                   0.000     0.000    sys_clk
    Y18                  IBUF (Prop_ibuf_I_O)         1.427     1.427 r  sys_clk_IBUF_inst/O
                         net (fo=1, routed)           1.693     3.120    sys_clk_IBUF
    BUFGCTRL_X0Y1        BUFG (Prop_bufg_I_O)         0.081     3.201 r  sys_clk_IBUF_BUFG_inst/O
                         net (fo=243, routed)         1.503     4.704    i2c_config_m1/sys_clk
    SLICE_X12Y124        FDCE                                         r  i2c_config_m1/lut_index_reg[7]/C
  -------------------------------------------------------------------    -------------------
    SLICE_X12Y124        FDCE (Prop_fdce_C_Q)         0.398     5.102 r  i2c_config_m1/lut_index_reg[7]/Q
                         net (fo=94, routed)          2.536     7.637    i2c_config_m1/i2c_master_top_m0/Q[7]
    SLICE_X8Y127         LUT6 (Prop_lut6_I1_O)        0.232     7.869 r  i2c_config_m1/i2c_master_top_m0/txr[0]_i_16__0/O
                         net (fo=1, routed)           0.000     7.869    i2c_config_m1/i2c_master_top_m0/txr[0]_i_16__0_n_0
    SLICE_X8Y127         MUXF7 (Prop_muxf7_I1_O)      0.178     8.047 r  i2c_config_m1/i2c_master_top_m0/txr_reg[0]_i_8__0/O
                         net (fo=1, routed)           0.615     8.662    i2c_config_m1/i2c_master_top_m0/txr_reg[0]_i_8__0_n_0
    SLICE_X6Y127         LUT5 (Prop_lut5_I3_O)        0.241     8.903 r  i2c_config_m1/i2c_master_top_m0/txr[0]_i_4__0/O
                         net (fo=2, routed)           0.683     9.587    i2c_config_m1/i2c_master_top_m0/txr[0]_i_4__0_n_0
    SLICE_X6Y126         LUT5 (Prop_lut5_I2_O)        0.105     9.692 r  i2c_config_m1/i2c_master_top_m0/txr[0]_i_3__0/O
                         net (fo=1, routed)           0.000     9.692    i2c_config_m1/i2c_master_top_m0/txr[0]_i_3__0_n_0
    SLICE_X6Y126         MUXF7 (Prop_muxf7_I1_O)      0.178     9.870 r  i2c_config_m1/i2c_master_top_m0/txr_reg[0]_i_1__0/O
                         net (fo=1, routed)           0.000     9.870    i2c_config_m1/i2c_master_top_m0/txr_0[0]
    SLICE_X6Y126         FDCE                                         r  i2c_config_m1/i2c_master_top_m0/txr_reg[0]/D
  -------------------------------------------------------------------    -------------------

                         (clock sys_clk rise edge)   20.000    20.000 r  
    Y18                                               0.000    20.000 r  sys_clk (IN)
                         net (fo=0)                   0.000    20.000    sys_clk
    Y18                  IBUF (Prop_ibuf_I_O)         1.361    21.361 r  sys_clk_IBUF_inst/O
                         net (fo=1, routed)           1.604    22.965    sys_clk_IBUF
    BUFGCTRL_X0Y1        BUFG (Prop_bufg_I_O)         0.077    23.042 r  sys_clk_IBUF_BUFG_inst/O
                         net (fo=243, routed)         1.457    24.499    i2c_config_m1/i2c_master_top_m0/sys_clk
    SLICE_X6Y126         FDCE                                         r  i2c_config_m1/i2c_master_top_m0/txr_reg[0]/C
                         clock pessimism              0.233    24.732    
                         clock uncertainty           -0.035    24.696    
    SLICE_X6Y126         FDCE (Setup_fdce_C_D)        0.104    24.800    i2c_config_m1/i2c_master_top_m0/txr_reg[0]
  -------------------------------------------------------------------
                         required time                         24.800    
                         arrival time                          -9.870    
  -------------------------------------------------------------------
                         slack                                 14.931    

Slack (MET) :             15.212ns  (required time - arrival time)
  Source:                 i2c_config_m1/lut_index_reg[3]/C
                            (rising edge-triggered cell FDCE clocked by sys_clk  {rise@0.000ns fall@10.000ns period=20.000ns})
  Destination:            i2c_config_m1/i2c_write_req_reg/D
                            (rising edge-triggered cell FDRE clocked by sys_clk  {rise@0.000ns fall@10.000ns period=20.000ns})
  Path Group:             sys_clk
  Path Type:              Setup (Max at Slow Process Corner)
  Requirement:            20.000ns  (sys_clk rise@20.000ns - sys_clk rise@0.000ns)
  Data Path Delay:        4.785ns  (logic 1.080ns (22.568%)  route 3.705ns (77.432%))
  Logic Levels:           4  (LUT3=1 LUT6=3)
  Clock Path Skew:        -0.039ns (DCD - SCD + CPR)
    Destination Clock Delay (DCD):    4.498ns = ( 24.498 - 20.000 ) 
    Source Clock Delay      (SCD):    4.770ns
    Clock Pessimism Removal (CPR):    0.233ns
  Clock Uncertainty:      0.035ns  ((TSJ^2 + TIJ^2)^1/2 + DJ) / 2 + PE
    Total System Jitter     (TSJ):    0.071ns
    Total Input Jitter      (TIJ):    0.000ns
    Discrete Jitter          (DJ):    0.000ns
    Phase Error              (PE):    0.000ns

    Location             Delay type                Incr(ns)  Path(ns)    Netlist Resource(s)
  -------------------------------------------------------------------    -------------------
                         (clock sys_clk rise edge)    0.000     0.000 r  
    Y18                                               0.000     0.000 r  sys_clk (IN)
                         net (fo=0)                   0.000     0.000    sys_clk
    Y18                  IBUF (Prop_ibuf_I_O)         1.427     1.427 r  sys_clk_IBUF_inst/O
                         net (fo=1, routed)           1.693     3.120    sys_clk_IBUF
    BUFGCTRL_X0Y1        BUFG (Prop_bufg_I_O)         0.081     3.201 r  sys_clk_IBUF_BUFG_inst/O
                         net (fo=243, routed)         1.569     4.770    i2c_config_m1/sys_clk
    SLICE_X7Y125         FDCE                                         r  i2c_config_m1/lut_index_reg[3]/C
  -------------------------------------------------------------------    -------------------
    SLICE_X7Y125         FDCE (Prop_fdce_C_Q)         0.348     5.118 f  i2c_config_m1/lut_index_reg[3]/Q
                         net (fo=96, routed)          1.763     6.881    i2c_config_m1/cmos2_lut_index[3]
    SLICE_X12Y126        LUT3 (Prop_lut3_I0_O)        0.254     7.135 r  i2c_config_m1/lut_index[9]_i_6__0/O
                         net (fo=2, routed)           0.673     7.809    i2c_config_m1/lut_index[9]_i_6__0_n_0
    SLICE_X12Y126        LUT6 (Prop_lut6_I3_O)        0.268     8.077 r  i2c_config_m1/i2c_write_req_i_4__0/O
                         net (fo=1, routed)           0.508     8.584    i2c_config_m1/i2c_write_req_i_4__0_n_0
    SLICE_X13Y125        LUT6 (Prop_lut6_I3_O)        0.105     8.689 r  i2c_config_m1/i2c_write_req_i_3__0/O
                         net (fo=1, routed)           0.761     9.450    i2c_config_m1/i2c_master_top_m0/i2c_write_req_reg_0
    SLICE_X6Y124         LUT6 (Prop_lut6_I3_O)        0.105     9.555 r  i2c_config_m1/i2c_master_top_m0/i2c_write_req_i_1__0/O
                         net (fo=1, routed)           0.000     9.555    i2c_config_m1/i2c_master_top_m0_n_6
    SLICE_X6Y124         FDRE                                         r  i2c_config_m1/i2c_write_req_reg/D
  -------------------------------------------------------------------    -------------------

                         (clock sys_clk rise edge)   20.000    20.000 r  
    Y18                                               0.000    20.000 r  sys_clk (IN)
                         net (fo=0)                   0.000    20.000    sys_clk
    Y18                  IBUF (Prop_ibuf_I_O)         1.361    21.361 r  sys_clk_IBUF_inst/O
                         net (fo=1, routed)           1.604    22.965    sys_clk_IBUF
    BUFGCTRL_X0Y1        BUFG (Prop_bufg_I_O)         0.077    23.042 r  sys_clk_IBUF_BUFG_inst/O
                         net (fo=243, routed)         1.456    24.498    i2c_config_m1/sys_clk
    SLICE_X6Y124         FDRE                                         r  i2c_config_m1/i2c_write_req_reg/C
                         clock pessimism              0.233    24.731    
                         clock uncertainty           -0.035    24.695    
    SLICE_X6Y124         FDRE (Setup_fdre_C_D)        0.072    24.767    i2c_config_m1/i2c_write_req_reg
  -------------------------------------------------------------------
                         required time                         24.767    
                         arrival time                          -9.555    
  -------------------------------------------------------------------
                         slack                                 15.212    

Slack (MET) :             15.223ns  (required time - arrival time)
  Source:                 i2c_config_m1/lut_index_reg[7]/C
                            (rising edge-triggered cell FDCE clocked by sys_clk  {rise@0.000ns fall@10.000ns period=20.000ns})
  Destination:            i2c_config_m1/i2c_master_top_m0/txr_reg[5]/D
                            (rising edge-triggered cell FDCE clocked by sys_clk  {rise@0.000ns fall@10.000ns period=20.000ns})
  Path Group:             sys_clk
  Path Type:              Setup (Max at Slow Process Corner)
  Requirement:            20.000ns  (sys_clk rise@20.000ns - sys_clk rise@0.000ns)
  Data Path Delay:        4.831ns  (logic 1.353ns (28.004%)  route 3.478ns (71.996%))
  Logic Levels:           5  (LUT6=3 MUXF7=2)
  Clock Path Skew:        0.030ns (DCD - SCD + CPR)
    Destination Clock Delay (DCD):    4.501ns = ( 24.501 - 20.000 ) 
    Source Clock Delay      (SCD):    4.704ns
    Clock Pessimism Removal (CPR):    0.233ns
  Clock Uncertainty:      0.035ns  ((TSJ^2 + TIJ^2)^1/2 + DJ) / 2 + PE
    Total System Jitter     (TSJ):    0.071ns
    Total Input Jitter      (TIJ):    0.000ns
    Discrete Jitter          (DJ):    0.000ns
    Phase Error              (PE):    0.000ns

    Location             Delay type                Incr(ns)  Path(ns)    Netlist Resource(s)
  -------------------------------------------------------------------    -------------------
                         (clock sys_clk rise edge)    0.000     0.000 r  
    Y18                                               0.000     0.000 r  sys_clk (IN)
                         net (fo=0)                   0.000     0.000    sys_clk
    Y18                  IBUF (Prop_ibuf_I_O)         1.427     1.427 r  sys_clk_IBUF_inst/O
                         net (fo=1, routed)           1.693     3.120    sys_clk_IBUF
    BUFGCTRL_X0Y1        BUFG (Prop_bufg_I_O)         0.081     3.201 r  sys_clk_IBUF_BUFG_inst/O
                         net (fo=243, routed)         1.503     4.704    i2c_config_m1/sys_clk
    SLICE_X12Y124        FDCE                                         r  i2c_config_m1/lut_index_reg[7]/C
  -------------------------------------------------------------------    -------------------
    SLICE_X12Y124        FDCE (Prop_fdce_C_Q)         0.398     5.102 r  i2c_config_m1/lut_index_reg[7]/Q
                         net (fo=94, routed)          2.022     7.124    i2c_config_m1/i2c_master_top_m0/Q[7]
    SLICE_X6Y123         LUT6 (Prop_lut6_I1_O)        0.232     7.356 r  i2c_config_m1/i2c_master_top_m0/txr[5]_i_24__0/O
                         net (fo=1, routed)           0.000     7.356    i2c_config_m1/i2c_master_top_m0/txr[5]_i_24__0_n_0
    SLICE_X6Y123         MUXF7 (Prop_muxf7_I1_O)      0.178     7.534 r  i2c_config_m1/i2c_master_top_m0/txr_reg[5]_i_12__0/O
                         net (fo=1, routed)           0.655     8.189    i2c_config_m1/i2c_master_top_m0/txr_reg[5]_i_12__0_n_0
    SLICE_X7Y124         LUT6 (Prop_lut6_I3_O)        0.241     8.430 r  i2c_config_m1/i2c_master_top_m0/txr[5]_i_6__0/O
                         net (fo=1, routed)           0.801     9.231    i2c_config_m1/i2c_master_top_m0/txr[5]_i_6__0_n_0
    SLICE_X7Y127         LUT6 (Prop_lut6_I4_O)        0.105     9.336 r  i2c_config_m1/i2c_master_top_m0/txr[5]_i_2__0/O
                         net (fo=1, routed)           0.000     9.336    i2c_config_m1/i2c_master_top_m0/txr[5]_i_2__0_n_0
    SLICE_X7Y127         MUXF7 (Prop_muxf7_I0_O)      0.199     9.535 r  i2c_config_m1/i2c_master_top_m0/txr_reg[5]_i_1__0/O
                         net (fo=1, routed)           0.000     9.535    i2c_config_m1/i2c_master_top_m0/txr_0[5]
    SLICE_X7Y127         FDCE                                         r  i2c_config_m1/i2c_master_top_m0/txr_reg[5]/D
  -------------------------------------------------------------------    -------------------

                         (clock sys_clk rise edge)   20.000    20.000 r  
    Y18                                               0.000    20.000 r  sys_clk (IN)
                         net (fo=0)                   0.000    20.000    sys_clk
    Y18                  IBUF (Prop_ibuf_I_O)         1.361    21.361 r  sys_clk_IBUF_inst/O
                         net (fo=1, routed)           1.604    22.965    sys_clk_IBUF
    BUFGCTRL_X0Y1        BUFG (Prop_bufg_I_O)         0.077    23.042 r  sys_clk_IBUF_BUFG_inst/O
                         net (fo=243, routed)         1.459    24.501    i2c_config_m1/i2c_master_top_m0/sys_clk
    SLICE_X7Y127         FDCE                                         r  i2c_config_m1/i2c_master_top_m0/txr_reg[5]/C
                         clock pessimism              0.233    24.734    
                         clock uncertainty           -0.035    24.698    
    SLICE_X7Y127         FDCE (Setup_fdce_C_D)        0.060    24.758    i2c_config_m1/i2c_master_top_m0/txr_reg[5]
  -------------------------------------------------------------------
                         required time                         24.758    
                         arrival time                          -9.535    
  -------------------------------------------------------------------
                         slack                                 15.223    

Slack (MET) :             15.263ns  (required time - arrival time)
  Source:                 i2c_config_m1/lut_index_reg[2]/C
                            (rising edge-triggered cell FDCE clocked by sys_clk  {rise@0.000ns fall@10.000ns period=20.000ns})
  Destination:            i2c_config_m1/i2c_master_top_m0/txr_reg[7]/D
                            (rising edge-triggered cell FDCE clocked by sys_clk  {rise@0.000ns fall@10.000ns period=20.000ns})
  Path Group:             sys_clk
  Path Type:              Setup (Max at Slow Process Corner)
  Requirement:            20.000ns  (sys_clk rise@20.000ns - sys_clk rise@0.000ns)
  Data Path Delay:        4.740ns  (logic 1.005ns (21.201%)  route 3.735ns (78.799%))
  Logic Levels:           5  (LUT3=1 LUT5=2 LUT6=1 MUXF7=1)
  Clock Path Skew:        -0.021ns (DCD - SCD + CPR)
    Destination Clock Delay (DCD):    4.501ns = ( 24.501 - 20.000 ) 
    Source Clock Delay      (SCD):    4.770ns
    Clock Pessimism Removal (CPR):    0.248ns
  Clock Uncertainty:      0.035ns  ((TSJ^2 + TIJ^2)^1/2 + DJ) / 2 + PE
    Total System Jitter     (TSJ):    0.071ns
    Total Input Jitter      (TIJ):    0.000ns
    Discrete Jitter          (DJ):    0.000ns
    Phase Error              (PE):    0.000ns

    Location             Delay type                Incr(ns)  Path(ns)    Netlist Resource(s)
  -------------------------------------------------------------------    -------------------
                         (clock sys_clk rise edge)    0.000     0.000 r  
    Y18                                               0.000     0.000 r  sys_clk (IN)
                         net (fo=0)                   0.000     0.000    sys_clk
    Y18                  IBUF (Prop_ibuf_I_O)         1.427     1.427 r  sys_clk_IBUF_inst/O
                         net (fo=1, routed)           1.693     3.120    sys_clk_IBUF
    BUFGCTRL_X0Y1        BUFG (Prop_bufg_I_O)         0.081     3.201 r  sys_clk_IBUF_BUFG_inst/O
                         net (fo=243, routed)         1.569     4.770    i2c_config_m1/sys_clk
    SLICE_X7Y125         FDCE                                         r  i2c_config_m1/lut_index_reg[2]/C
  -------------------------------------------------------------------    -------------------
    SLICE_X7Y125         FDCE (Prop_fdce_C_Q)         0.379     5.149 r  i2c_config_m1/lut_index_reg[2]/Q
                         net (fo=96, routed)          1.867     7.016    i2c_config_m1/i2c_master_top_m0/Q[2]
    SLICE_X12Y127        LUT3 (Prop_lut3_I0_O)        0.105     7.121 r  i2c_config_m1/i2c_master_top_m0/lut_index[9]_i_5__0/O
                         net (fo=3, routed)           0.574     7.694    i2c_config_m1/i2c_master_top_m0/lut_index_reg[2]
    SLICE_X12Y127        LUT6 (Prop_lut6_I3_O)        0.105     7.799 r  i2c_config_m1/i2c_master_top_m0/txr[7]_i_7__0/O
                         net (fo=1, routed)           0.725     8.524    i2c_config_m1/i2c_master_top_m0/txr[7]_i_7__0_n_0
    SLICE_X12Y127        LUT5 (Prop_lut5_I3_O)        0.105     8.629 r  i2c_config_m1/i2c_master_top_m0/txr[7]_i_4__0/O
                         net (fo=2, routed)           0.570     9.199    i2c_config_m1/i2c_master_top_m0/txr[7]_i_4__0_n_0
    SLICE_X5Y127         LUT5 (Prop_lut5_I0_O)        0.105     9.304 r  i2c_config_m1/i2c_master_top_m0/txr[7]_i_3__0/O
                         net (fo=1, routed)           0.000     9.304    i2c_config_m1/i2c_master_top_m0/txr[7]_i_3__0_n_0
    SLICE_X5Y127         MUXF7 (Prop_muxf7_I1_O)      0.206     9.510 r  i2c_config_m1/i2c_master_top_m0/txr_reg[7]_i_1__0/O
                         net (fo=1, routed)           0.000     9.510    i2c_config_m1/i2c_master_top_m0/txr_0[7]
    SLICE_X5Y127         FDCE                                         r  i2c_config_m1/i2c_master_top_m0/txr_reg[7]/D
  -------------------------------------------------------------------    -------------------

                         (clock sys_clk rise edge)   20.000    20.000 r  
    Y18                                               0.000    20.000 r  sys_clk (IN)
                         net (fo=0)                   0.000    20.000    sys_clk
    Y18                  IBUF (Prop_ibuf_I_O)         1.361    21.361 r  sys_clk_IBUF_inst/O
                         net (fo=1, routed)           1.604    22.965    sys_clk_IBUF
    BUFGCTRL_X0Y1        BUFG (Prop_bufg_I_O)         0.077    23.042 r  sys_clk_IBUF_BUFG_inst/O
                         net (fo=243, routed)         1.459    24.501    i2c_config_m1/i2c_master_top_m0/sys_clk
    SLICE_X5Y127         FDCE                                         r  i2c_config_m1/i2c_master_top_m0/txr_reg[7]/C
                         clock pessimism              0.248    24.749    
                         clock uncertainty           -0.035    24.713    
    SLICE_X5Y127         FDCE (Setup_fdce_C_D)        0.060    24.773    i2c_config_m1/i2c_master_top_m0/txr_reg[7]
  -------------------------------------------------------------------
                         required time                         24.773    
                         arrival time                          -9.510    
  -------------------------------------------------------------------
                         slack                                 15.263    

Slack (MET) :             15.283ns  (required time - arrival time)
  Source:                 i2c_config_m1/lut_index_reg[3]/C
                            (rising edge-triggered cell FDCE clocked by sys_clk  {rise@0.000ns fall@10.000ns period=20.000ns})
  Destination:            i2c_config_m1/i2c_master_top_m0/txr_reg[6]/D
                            (rising edge-triggered cell FDCE clocked by sys_clk  {rise@0.000ns fall@10.000ns period=20.000ns})
  Path Group:             sys_clk
  Path Type:              Setup (Max at Slow Process Corner)
  Requirement:            20.000ns  (sys_clk rise@20.000ns - sys_clk rise@0.000ns)
  Data Path Delay:        4.634ns  (logic 1.348ns (29.088%)  route 3.286ns (70.912%))
  Logic Levels:           5  (LUT6=3 MUXF7=2)
  Clock Path Skew:        -0.107ns (DCD - SCD + CPR)
    Destination Clock Delay (DCD):    4.430ns = ( 24.430 - 20.000 ) 
    Source Clock Delay      (SCD):    4.770ns
    Clock Pessimism Removal (CPR):    0.233ns
  Clock Uncertainty:      0.035ns  ((TSJ^2 + TIJ^2)^1/2 + DJ) / 2 + PE
    Total System Jitter     (TSJ):    0.071ns
    Total Input Jitter      (TIJ):    0.000ns
    Discrete Jitter          (DJ):    0.000ns
    Phase Error              (PE):    0.000ns

    Location             Delay type                Incr(ns)  Path(ns)    Netlist Resource(s)
  -------------------------------------------------------------------    -------------------
                         (clock sys_clk rise edge)    0.000     0.000 r  
    Y18                                               0.000     0.000 r  sys_clk (IN)
                         net (fo=0)                   0.000     0.000    sys_clk
    Y18                  IBUF (Prop_ibuf_I_O)         1.427     1.427 r  sys_clk_IBUF_inst/O
                         net (fo=1, routed)           1.693     3.120    sys_clk_IBUF
    BUFGCTRL_X0Y1        BUFG (Prop_bufg_I_O)         0.081     3.201 r  sys_clk_IBUF_BUFG_inst/O
                         net (fo=243, routed)         1.569     4.770    i2c_config_m1/sys_clk
    SLICE_X7Y125         FDCE                                         r  i2c_config_m1/lut_index_reg[3]/C
  -------------------------------------------------------------------    -------------------
    SLICE_X7Y125         FDCE (Prop_fdce_C_Q)         0.348     5.118 r  i2c_config_m1/lut_index_reg[3]/Q
                         net (fo=96, routed)          2.088     7.205    i2c_config_m1/i2c_master_top_m0/Q[3]
    SLICE_X9Y123         LUT6 (Prop_lut6_I4_O)        0.240     7.445 r  i2c_config_m1/i2c_master_top_m0/txr[6]_i_15__0/O
                         net (fo=1, routed)           0.000     7.445    i2c_config_m1/i2c_master_top_m0/txr[6]_i_15__0_n_0
    SLICE_X9Y123         MUXF7 (Prop_muxf7_I1_O)      0.206     7.651 r  i2c_config_m1/i2c_master_top_m0/txr_reg[6]_i_8__0/O
                         net (fo=1, routed)           0.667     8.318    i2c_config_m1/i2c_master_top_m0/txr_reg[6]_i_8__0_n_0
    SLICE_X9Y124         LUT6 (Prop_lut6_I1_O)        0.250     8.568 r  i2c_config_m1/i2c_master_top_m0/txr[6]_i_5__0/O
                         net (fo=1, routed)           0.532     9.100    i2c_config_m1/i2c_master_top_m0/txr[6]_i_5__0_n_0
    SLICE_X9Y125         LUT6 (Prop_lut6_I4_O)        0.105     9.205 r  i2c_config_m1/i2c_master_top_m0/txr[6]_i_2__0/O
                         net (fo=1, routed)           0.000     9.205    i2c_config_m1/i2c_master_top_m0/txr[6]_i_2__0_n_0
    SLICE_X9Y125         MUXF7 (Prop_muxf7_I0_O)      0.199     9.404 r  i2c_config_m1/i2c_master_top_m0/txr_reg[6]_i_1__0/O
                         net (fo=1, routed)           0.000     9.404    i2c_config_m1/i2c_master_top_m0/txr_0[6]
    SLICE_X9Y125         FDCE                                         r  i2c_config_m1/i2c_master_top_m0/txr_reg[6]/D
  -------------------------------------------------------------------    -------------------

                         (clock sys_clk rise edge)   20.000    20.000 r  
    Y18                                               0.000    20.000 r  sys_clk (IN)
                         net (fo=0)                   0.000    20.000    sys_clk
    Y18                  IBUF (Prop_ibuf_I_O)         1.361    21.361 r  sys_clk_IBUF_inst/O
                         net (fo=1, routed)           1.604    22.965    sys_clk_IBUF
    BUFGCTRL_X0Y1        BUFG (Prop_bufg_I_O)         0.077    23.042 r  sys_clk_IBUF_BUFG_inst/O
                         net (fo=243, routed)         1.388    24.430    i2c_config_m1/i2c_master_top_m0/sys_clk
    SLICE_X9Y125         FDCE                                         r  i2c_config_m1/i2c_master_top_m0/txr_reg[6]/C
                         clock pessimism              0.233    24.663    
                         clock uncertainty           -0.035    24.627    
    SLICE_X9Y125         FDCE (Setup_fdce_C_D)        0.060    24.687    i2c_config_m1/i2c_master_top_m0/txr_reg[6]
  -------------------------------------------------------------------
                         required time                         24.687    
                         arrival time                          -9.404    
  -------------------------------------------------------------------
                         slack                                 15.283    

Slack (MET) :             15.297ns  (required time - arrival time)
  Source:                 i2c_config_m0/i2c_master_top_m0/byte_controller/bit_controller/cnt_reg[4]/C
                            (rising edge-triggered cell FDCE clocked by sys_clk  {rise@0.000ns fall@10.000ns period=20.000ns})
  Destination:            i2c_config_m0/i2c_master_top_m0/byte_controller/bit_controller/cnt_reg[7]/CE
                            (rising edge-triggered cell FDCE clocked by sys_clk  {rise@0.000ns fall@10.000ns period=20.000ns})
  Path Group:             sys_clk
  Path Type:              Setup (Max at Slow Process Corner)
  Requirement:            20.000ns  (sys_clk rise@20.000ns - sys_clk rise@0.000ns)
  Data Path Delay:        4.491ns  (logic 0.799ns (17.790%)  route 3.692ns (82.210%))
  Logic Levels:           4  (LUT5=1 LUT6=3)
  Clock Path Skew:        -0.040ns (DCD - SCD + CPR)
    Destination Clock Delay (DCD):    4.508ns = ( 24.508 - 20.000 ) 
    Source Clock Delay      (SCD):    4.781ns
    Clock Pessimism Removal (CPR):    0.233ns
  Clock Uncertainty:      0.035ns  ((TSJ^2 + TIJ^2)^1/2 + DJ) / 2 + PE
    Total System Jitter     (TSJ):    0.071ns
    Total Input Jitter      (TIJ):    0.000ns
    Discrete Jitter          (DJ):    0.000ns
    Phase Error              (PE):    0.000ns

    Location             Delay type                Incr(ns)  Path(ns)    Netlist Resource(s)
  -------------------------------------------------------------------    -------------------
                         (clock sys_clk rise edge)    0.000     0.000 r  
    Y18                                               0.000     0.000 r  sys_clk (IN)
                         net (fo=0)                   0.000     0.000    sys_clk
    Y18                  IBUF (Prop_ibuf_I_O)         1.427     1.427 r  sys_clk_IBUF_inst/O
                         net (fo=1, routed)           1.693     3.120    sys_clk_IBUF
    BUFGCTRL_X0Y1        BUFG (Prop_bufg_I_O)         0.081     3.201 r  sys_clk_IBUF_BUFG_inst/O
                         net (fo=243, routed)         1.580     4.781    i2c_config_m0/i2c_master_top_m0/byte_controller/bit_controller/sys_clk
    SLICE_X5Y115         FDCE                                         r  i2c_config_m0/i2c_master_top_m0/byte_controller/bit_controller/cnt_reg[4]/C
  -------------------------------------------------------------------    -------------------
    SLICE_X5Y115         FDCE (Prop_fdce_C_Q)         0.379     5.160 f  i2c_config_m0/i2c_master_top_m0/byte_controller/bit_controller/cnt_reg[4]/Q
                         net (fo=5, routed)           1.028     6.187    i2c_config_m0/i2c_master_top_m0/byte_controller/bit_controller/cnt[4]
    SLICE_X5Y116         LUT6 (Prop_lut6_I0_O)        0.105     6.292 r  i2c_config_m0/i2c_master_top_m0/byte_controller/bit_controller/cnt[15]_i_7/O
                         net (fo=1, routed)           0.791     7.083    i2c_config_m0/i2c_master_top_m0/byte_controller/bit_controller/cnt[15]_i_7_n_0
    SLICE_X3Y116         LUT6 (Prop_lut6_I2_O)        0.105     7.188 r  i2c_config_m0/i2c_master_top_m0/byte_controller/bit_controller/cnt[15]_i_5/O
                         net (fo=1, routed)           0.678     7.866    i2c_config_m0/i2c_master_top_m0/byte_controller/bit_controller/cnt[15]_i_5_n_0
    SLICE_X3Y117         LUT6 (Prop_lut6_I2_O)        0.105     7.971 r  i2c_config_m0/i2c_master_top_m0/byte_controller/bit_controller/cnt[15]_i_3/O
                         net (fo=8, routed)           0.496     8.467    i2c_config_m0/i2c_master_top_m0/byte_controller/bit_controller/cnt[15]_i_3_n_0
    SLICE_X3Y115         LUT5 (Prop_lut5_I3_O)        0.105     8.572 r  i2c_config_m0/i2c_master_top_m0/byte_controller/bit_controller/cnt[15]_i_1/O
                         net (fo=16, routed)          0.700     9.272    i2c_config_m0/i2c_master_top_m0/byte_controller/bit_controller/cnt[15]_i_1_n_0
    SLICE_X2Y116         FDCE                                         r  i2c_config_m0/i2c_master_top_m0/byte_controller/bit_controller/cnt_reg[7]/CE
  -------------------------------------------------------------------    -------------------

                         (clock sys_clk rise edge)   20.000    20.000 r  
    Y18                                               0.000    20.000 r  sys_clk (IN)
                         net (fo=0)                   0.000    20.000    sys_clk
    Y18                  IBUF (Prop_ibuf_I_O)         1.361    21.361 r  sys_clk_IBUF_inst/O
                         net (fo=1, routed)           1.604    22.965    sys_clk_IBUF
    BUFGCTRL_X0Y1        BUFG (Prop_bufg_I_O)         0.077    23.042 r  sys_clk_IBUF_BUFG_inst/O
                         net (fo=243, routed)         1.466    24.508    i2c_config_m0/i2c_master_top_m0/byte_controller/bit_controller/sys_clk
    SLICE_X2Y116         FDCE                                         r  i2c_config_m0/i2c_master_top_m0/byte_controller/bit_controller/cnt_reg[7]/C
                         clock pessimism              0.233    24.741    
                         clock uncertainty           -0.035    24.705    
    SLICE_X2Y116         FDCE (Setup_fdce_C_CE)      -0.136    24.569    i2c_config_m0/i2c_master_top_m0/byte_controller/bit_controller/cnt_reg[7]
  -------------------------------------------------------------------
                         required time                         24.569    
                         arrival time                          -9.272    
  -------------------------------------------------------------------
                         slack                                 15.297    

Slack (MET) :             15.297ns  (required time - arrival time)
  Source:                 i2c_config_m0/i2c_master_top_m0/byte_controller/bit_controller/cnt_reg[4]/C
                            (rising edge-triggered cell FDCE clocked by sys_clk  {rise@0.000ns fall@10.000ns period=20.000ns})
  Destination:            i2c_config_m0/i2c_master_top_m0/byte_controller/bit_controller/cnt_reg[8]/CE
                            (rising edge-triggered cell FDCE clocked by sys_clk  {rise@0.000ns fall@10.000ns period=20.000ns})
  Path Group:             sys_clk
  Path Type:              Setup (Max at Slow Process Corner)
  Requirement:            20.000ns  (sys_clk rise@20.000ns - sys_clk rise@0.000ns)
  Data Path Delay:        4.491ns  (logic 0.799ns (17.790%)  route 3.692ns (82.210%))
  Logic Levels:           4  (LUT5=1 LUT6=3)
  Clock Path Skew:        -0.040ns (DCD - SCD + CPR)
    Destination Clock Delay (DCD):    4.508ns = ( 24.508 - 20.000 ) 
    Source Clock Delay      (SCD):    4.781ns
    Clock Pessimism Removal (CPR):    0.233ns
  Clock Uncertainty:      0.035ns  ((TSJ^2 + TIJ^2)^1/2 + DJ) / 2 + PE
    Total System Jitter     (TSJ):    0.071ns
    Total Input Jitter      (TIJ):    0.000ns
    Discrete Jitter          (DJ):    0.000ns
    Phase Error              (PE):    0.000ns

    Location             Delay type                Incr(ns)  Path(ns)    Netlist Resource(s)
  -------------------------------------------------------------------    -------------------
                         (clock sys_clk rise edge)    0.000     0.000 r  
    Y18                                               0.000     0.000 r  sys_clk (IN)
                         net (fo=0)                   0.000     0.000    sys_clk
    Y18                  IBUF (Prop_ibuf_I_O)         1.427     1.427 r  sys_clk_IBUF_inst/O
                         net (fo=1, routed)           1.693     3.120    sys_clk_IBUF
    BUFGCTRL_X0Y1        BUFG (Prop_bufg_I_O)         0.081     3.201 r  sys_clk_IBUF_BUFG_inst/O
                         net (fo=243, routed)         1.580     4.781    i2c_config_m0/i2c_master_top_m0/byte_controller/bit_controller/sys_clk
    SLICE_X5Y115         FDCE                                         r  i2c_config_m0/i2c_master_top_m0/byte_controller/bit_controller/cnt_reg[4]/C
  -------------------------------------------------------------------    -------------------
    SLICE_X5Y115         FDCE (Prop_fdce_C_Q)         0.379     5.160 f  i2c_config_m0/i2c_master_top_m0/byte_controller/bit_controller/cnt_reg[4]/Q
                         net (fo=5, routed)           1.028     6.187    i2c_config_m0/i2c_master_top_m0/byte_controller/bit_controller/cnt[4]
    SLICE_X5Y116         LUT6 (Prop_lut6_I0_O)        0.105     6.292 r  i2c_config_m0/i2c_master_top_m0/byte_controller/bit_controller/cnt[15]_i_7/O
                         net (fo=1, routed)           0.791     7.083    i2c_config_m0/i2c_master_top_m0/byte_controller/bit_controller/cnt[15]_i_7_n_0
    SLICE_X3Y116         LUT6 (Prop_lut6_I2_O)        0.105     7.188 r  i2c_config_m0/i2c_master_top_m0/byte_controller/bit_controller/cnt[15]_i_5/O
                         net (fo=1, routed)           0.678     7.866    i2c_config_m0/i2c_master_top_m0/byte_controller/bit_controller/cnt[15]_i_5_n_0
    SLICE_X3Y117         LUT6 (Prop_lut6_I2_O)        0.105     7.971 r  i2c_config_m0/i2c_master_top_m0/byte_controller/bit_controller/cnt[15]_i_3/O
                         net (fo=8, routed)           0.496     8.467    i2c_config_m0/i2c_master_top_m0/byte_controller/bit_controller/cnt[15]_i_3_n_0
    SLICE_X3Y115         LUT5 (Prop_lut5_I3_O)        0.105     8.572 r  i2c_config_m0/i2c_master_top_m0/byte_controller/bit_controller/cnt[15]_i_1/O
                         net (fo=16, routed)          0.700     9.272    i2c_config_m0/i2c_master_top_m0/byte_controller/bit_controller/cnt[15]_i_1_n_0
    SLICE_X2Y116         FDCE                                         r  i2c_config_m0/i2c_master_top_m0/byte_controller/bit_controller/cnt_reg[8]/CE
  -------------------------------------------------------------------    -------------------

                         (clock sys_clk rise edge)   20.000    20.000 r  
    Y18                                               0.000    20.000 r  sys_clk (IN)
                         net (fo=0)                   0.000    20.000    sys_clk
    Y18                  IBUF (Prop_ibuf_I_O)         1.361    21.361 r  sys_clk_IBUF_inst/O
                         net (fo=1, routed)           1.604    22.965    sys_clk_IBUF
    BUFGCTRL_X0Y1        BUFG (Prop_bufg_I_O)         0.077    23.042 r  sys_clk_IBUF_BUFG_inst/O
                         net (fo=243, routed)         1.466    24.508    i2c_config_m0/i2c_master_top_m0/byte_controller/bit_controller/sys_clk
    SLICE_X2Y116         FDCE                                         r  i2c_config_m0/i2c_master_top_m0/byte_controller/bit_controller/cnt_reg[8]/C
                         clock pessimism              0.233    24.741    
                         clock uncertainty           -0.035    24.705    
    SLICE_X2Y116         FDCE (Setup_fdce_C_CE)      -0.136    24.569    i2c_config_m0/i2c_master_top_m0/byte_controller/bit_controller/cnt_reg[8]
  -------------------------------------------------------------------
                         required time                         24.569    
                         arrival time                          -9.272    
  -------------------------------------------------------------------
                         slack                                 15.297    

Slack (MET) :             15.393ns  (required time - arrival time)
  Source:                 i2c_config_m1/lut_index_reg[3]/C
                            (rising edge-triggered cell FDCE clocked by sys_clk  {rise@0.000ns fall@10.000ns period=20.000ns})
  Destination:            i2c_config_m1/i2c_master_top_m0/txr_reg[3]/D
                            (rising edge-triggered cell FDCE clocked by sys_clk  {rise@0.000ns fall@10.000ns period=20.000ns})
  Path Group:             sys_clk
  Path Type:              Setup (Max at Slow Process Corner)
  Requirement:            20.000ns  (sys_clk rise@20.000ns - sys_clk rise@0.000ns)
  Data Path Delay:        4.525ns  (logic 1.305ns (28.839%)  route 3.220ns (71.161%))
  Logic Levels:           5  (LUT6=3 MUXF7=2)
  Clock Path Skew:        -0.107ns (DCD - SCD + CPR)
    Destination Clock Delay (DCD):    4.430ns = ( 24.430 - 20.000 ) 
    Source Clock Delay      (SCD):    4.770ns
    Clock Pessimism Removal (CPR):    0.233ns
  Clock Uncertainty:      0.035ns  ((TSJ^2 + TIJ^2)^1/2 + DJ) / 2 + PE
    Total System Jitter     (TSJ):    0.071ns
    Total Input Jitter      (TIJ):    0.000ns
    Discrete Jitter          (DJ):    0.000ns
    Phase Error              (PE):    0.000ns

    Location             Delay type                Incr(ns)  Path(ns)    Netlist Resource(s)
  -------------------------------------------------------------------    -------------------
                         (clock sys_clk rise edge)    0.000     0.000 r  
    Y18                                               0.000     0.000 r  sys_clk (IN)
                         net (fo=0)                   0.000     0.000    sys_clk
    Y18                  IBUF (Prop_ibuf_I_O)         1.427     1.427 r  sys_clk_IBUF_inst/O
                         net (fo=1, routed)           1.693     3.120    sys_clk_IBUF
    BUFGCTRL_X0Y1        BUFG (Prop_bufg_I_O)         0.081     3.201 r  sys_clk_IBUF_BUFG_inst/O
                         net (fo=243, routed)         1.569     4.770    i2c_config_m1/sys_clk
    SLICE_X7Y125         FDCE                                         r  i2c_config_m1/lut_index_reg[3]/C
  -------------------------------------------------------------------    -------------------
    SLICE_X7Y125         FDCE (Prop_fdce_C_Q)         0.348     5.118 r  i2c_config_m1/lut_index_reg[3]/Q
                         net (fo=96, routed)          2.086     7.203    i2c_config_m1/i2c_master_top_m0/Q[3]
    SLICE_X9Y123         LUT6 (Prop_lut6_I4_O)        0.240     7.443 r  i2c_config_m1/i2c_master_top_m0/txr[3]_i_24__0/O
                         net (fo=1, routed)           0.000     7.443    i2c_config_m1/i2c_master_top_m0/txr[3]_i_24__0_n_0
    SLICE_X9Y123         MUXF7 (Prop_muxf7_I1_O)      0.182     7.625 r  i2c_config_m1/i2c_master_top_m0/txr_reg[3]_i_12__0/O
                         net (fo=1, routed)           0.659     8.284    i2c_config_m1/i2c_master_top_m0/txr_reg[3]_i_12__0_n_0
    SLICE_X9Y124         LUT6 (Prop_lut6_I3_O)        0.252     8.536 r  i2c_config_m1/i2c_master_top_m0/txr[3]_i_6__0/O
                         net (fo=1, routed)           0.476     9.012    i2c_config_m1/i2c_master_top_m0/txr[3]_i_6__0_n_0
    SLICE_X9Y125         LUT6 (Prop_lut6_I4_O)        0.105     9.117 r  i2c_config_m1/i2c_master_top_m0/txr[3]_i_2__0/O
                         net (fo=1, routed)           0.000     9.117    i2c_config_m1/i2c_master_top_m0/txr[3]_i_2__0_n_0
    SLICE_X9Y125         MUXF7 (Prop_muxf7_I0_O)      0.178     9.295 r  i2c_config_m1/i2c_master_top_m0/txr_reg[3]_i_1__0/O
                         net (fo=1, routed)           0.000     9.295    i2c_config_m1/i2c_master_top_m0/txr_0[3]
    SLICE_X9Y125         FDCE                                         r  i2c_config_m1/i2c_master_top_m0/txr_reg[3]/D
  -------------------------------------------------------------------    -------------------

                         (clock sys_clk rise edge)   20.000    20.000 r  
    Y18                                               0.000    20.000 r  sys_clk (IN)
                         net (fo=0)                   0.000    20.000    sys_clk
    Y18                  IBUF (Prop_ibuf_I_O)         1.361    21.361 r  sys_clk_IBUF_inst/O
                         net (fo=1, routed)           1.604    22.965    sys_clk_IBUF
    BUFGCTRL_X0Y1        BUFG (Prop_bufg_I_O)         0.077    23.042 r  sys_clk_IBUF_BUFG_inst/O
                         net (fo=243, routed)         1.388    24.430    i2c_config_m1/i2c_master_top_m0/sys_clk
    SLICE_X9Y125         FDCE                                         r  i2c_config_m1/i2c_master_top_m0/txr_reg[3]/C
                         clock pessimism              0.233    24.663    
                         clock uncertainty           -0.035    24.627    
    SLICE_X9Y125         FDCE (Setup_fdce_C_D)        0.060    24.687    i2c_config_m1/i2c_master_top_m0/txr_reg[3]
  -------------------------------------------------------------------
                         required time                         24.687    
                         arrival time                          -9.295    
  -------------------------------------------------------------------
                         slack                                 15.393    

Slack (MET) :             15.408ns  (required time - arrival time)
  Source:                 i2c_config_m0/i2c_master_top_m0/byte_controller/bit_controller/cnt_reg[4]/C
                            (rising edge-triggered cell FDCE clocked by sys_clk  {rise@0.000ns fall@10.000ns period=20.000ns})
  Destination:            i2c_config_m0/i2c_master_top_m0/byte_controller/bit_controller/cnt_reg[6]/CE
                            (rising edge-triggered cell FDCE clocked by sys_clk  {rise@0.000ns fall@10.000ns period=20.000ns})
  Path Group:             sys_clk
  Path Type:              Setup (Max at Slow Process Corner)
  Requirement:            20.000ns  (sys_clk rise@20.000ns - sys_clk rise@0.000ns)
  Data Path Delay:        4.349ns  (logic 0.799ns (18.374%)  route 3.550ns (81.626%))
  Logic Levels:           4  (LUT5=1 LUT6=3)
  Clock Path Skew:        -0.040ns (DCD - SCD + CPR)
    Destination Clock Delay (DCD):    4.508ns = ( 24.508 - 20.000 ) 
    Source Clock Delay      (SCD):    4.781ns
    Clock Pessimism Removal (CPR):    0.233ns
  Clock Uncertainty:      0.035ns  ((TSJ^2 + TIJ^2)^1/2 + DJ) / 2 + PE
    Total System Jitter     (TSJ):    0.071ns
    Total Input Jitter      (TIJ):    0.000ns
    Discrete Jitter          (DJ):    0.000ns
    Phase Error              (PE):    0.000ns

    Location             Delay type                Incr(ns)  Path(ns)    Netlist Resource(s)
  -------------------------------------------------------------------    -------------------
                         (clock sys_clk rise edge)    0.000     0.000 r  
    Y18                                               0.000     0.000 r  sys_clk (IN)
                         net (fo=0)                   0.000     0.000    sys_clk
    Y18                  IBUF (Prop_ibuf_I_O)         1.427     1.427 r  sys_clk_IBUF_inst/O
                         net (fo=1, routed)           1.693     3.120    sys_clk_IBUF
    BUFGCTRL_X0Y1        BUFG (Prop_bufg_I_O)         0.081     3.201 r  sys_clk_IBUF_BUFG_inst/O
                         net (fo=243, routed)         1.580     4.781    i2c_config_m0/i2c_master_top_m0/byte_controller/bit_controller/sys_clk
    SLICE_X5Y115         FDCE                                         r  i2c_config_m0/i2c_master_top_m0/byte_controller/bit_controller/cnt_reg[4]/C
  -------------------------------------------------------------------    -------------------
    SLICE_X5Y115         FDCE (Prop_fdce_C_Q)         0.379     5.160 f  i2c_config_m0/i2c_master_top_m0/byte_controller/bit_controller/cnt_reg[4]/Q
                         net (fo=5, routed)           1.028     6.187    i2c_config_m0/i2c_master_top_m0/byte_controller/bit_controller/cnt[4]
    SLICE_X5Y116         LUT6 (Prop_lut6_I0_O)        0.105     6.292 r  i2c_config_m0/i2c_master_top_m0/byte_controller/bit_controller/cnt[15]_i_7/O
                         net (fo=1, routed)           0.791     7.083    i2c_config_m0/i2c_master_top_m0/byte_controller/bit_controller/cnt[15]_i_7_n_0
    SLICE_X3Y116         LUT6 (Prop_lut6_I2_O)        0.105     7.188 r  i2c_config_m0/i2c_master_top_m0/byte_controller/bit_controller/cnt[15]_i_5/O
                         net (fo=1, routed)           0.678     7.866    i2c_config_m0/i2c_master_top_m0/byte_controller/bit_controller/cnt[15]_i_5_n_0
    SLICE_X3Y117         LUT6 (Prop_lut6_I2_O)        0.105     7.971 r  i2c_config_m0/i2c_master_top_m0/byte_controller/bit_controller/cnt[15]_i_3/O
                         net (fo=8, routed)           0.496     8.467    i2c_config_m0/i2c_master_top_m0/byte_controller/bit_controller/cnt[15]_i_3_n_0
    SLICE_X3Y115         LUT5 (Prop_lut5_I3_O)        0.105     8.572 r  i2c_config_m0/i2c_master_top_m0/byte_controller/bit_controller/cnt[15]_i_1/O
                         net (fo=16, routed)          0.557     9.129    i2c_config_m0/i2c_master_top_m0/byte_controller/bit_controller/cnt[15]_i_1_n_0
    SLICE_X3Y116         FDCE                                         r  i2c_config_m0/i2c_master_top_m0/byte_controller/bit_controller/cnt_reg[6]/CE
  -------------------------------------------------------------------    -------------------

                         (clock sys_clk rise edge)   20.000    20.000 r  
    Y18                                               0.000    20.000 r  sys_clk (IN)
                         net (fo=0)                   0.000    20.000    sys_clk
    Y18                  IBUF (Prop_ibuf_I_O)         1.361    21.361 r  sys_clk_IBUF_inst/O
                         net (fo=1, routed)           1.604    22.965    sys_clk_IBUF
    BUFGCTRL_X0Y1        BUFG (Prop_bufg_I_O)         0.077    23.042 r  sys_clk_IBUF_BUFG_inst/O
                         net (fo=243, routed)         1.466    24.508    i2c_config_m0/i2c_master_top_m0/byte_controller/bit_controller/sys_clk
    SLICE_X3Y116         FDCE                                         r  i2c_config_m0/i2c_master_top_m0/byte_controller/bit_controller/cnt_reg[6]/C
                         clock pessimism              0.233    24.741    
                         clock uncertainty           -0.035    24.705    
    SLICE_X3Y116         FDCE (Setup_fdce_C_CE)      -0.168    24.537    i2c_config_m0/i2c_master_top_m0/byte_controller/bit_controller/cnt_reg[6]
  -------------------------------------------------------------------
                         required time                         24.537    
                         arrival time                          -9.129    
  -------------------------------------------------------------------
                         slack                                 15.408    

Slack (MET) :             15.444ns  (required time - arrival time)
  Source:                 i2c_config_m1/lut_index_reg[3]/C
                            (rising edge-triggered cell FDCE clocked by sys_clk  {rise@0.000ns fall@10.000ns period=20.000ns})
  Destination:            i2c_config_m1/i2c_master_top_m0/txr_reg[4]/D
                            (rising edge-triggered cell FDCE clocked by sys_clk  {rise@0.000ns fall@10.000ns period=20.000ns})
  Path Group:             sys_clk
  Path Type:              Setup (Max at Slow Process Corner)
  Requirement:            20.000ns  (sys_clk rise@20.000ns - sys_clk rise@0.000ns)
  Data Path Delay:        4.475ns  (logic 1.289ns (28.806%)  route 3.186ns (71.194%))
  Logic Levels:           5  (LUT5=2 LUT6=1 MUXF7=2)
  Clock Path Skew:        -0.106ns (DCD - SCD + CPR)
    Destination Clock Delay (DCD):    4.431ns = ( 24.431 - 20.000 ) 
    Source Clock Delay      (SCD):    4.770ns
    Clock Pessimism Removal (CPR):    0.233ns
  Clock Uncertainty:      0.035ns  ((TSJ^2 + TIJ^2)^1/2 + DJ) / 2 + PE
    Total System Jitter     (TSJ):    0.071ns
    Total Input Jitter      (TIJ):    0.000ns
    Discrete Jitter          (DJ):    0.000ns
    Phase Error              (PE):    0.000ns

    Location             Delay type                Incr(ns)  Path(ns)    Netlist Resource(s)
  -------------------------------------------------------------------    -------------------
                         (clock sys_clk rise edge)    0.000     0.000 r  
    Y18                                               0.000     0.000 r  sys_clk (IN)
                         net (fo=0)                   0.000     0.000    sys_clk
    Y18                  IBUF (Prop_ibuf_I_O)         1.427     1.427 r  sys_clk_IBUF_inst/O
                         net (fo=1, routed)           1.693     3.120    sys_clk_IBUF
    BUFGCTRL_X0Y1        BUFG (Prop_bufg_I_O)         0.081     3.201 r  sys_clk_IBUF_BUFG_inst/O
                         net (fo=243, routed)         1.569     4.770    i2c_config_m1/sys_clk
    SLICE_X7Y125         FDCE                                         r  i2c_config_m1/lut_index_reg[3]/C
  -------------------------------------------------------------------    -------------------
    SLICE_X7Y125         FDCE (Prop_fdce_C_Q)         0.348     5.118 r  i2c_config_m1/lut_index_reg[3]/Q
                         net (fo=96, routed)          1.634     6.752    i2c_config_m1/i2c_master_top_m0/Q[3]
    SLICE_X12Y128        LUT6 (Prop_lut6_I5_O)        0.240     6.992 r  i2c_config_m1/i2c_master_top_m0/txr[4]_i_17__0/O
                         net (fo=1, routed)           0.000     6.992    i2c_config_m1/i2c_master_top_m0/txr[4]_i_17__0_n_0
    SLICE_X12Y128        MUXF7 (Prop_muxf7_I0_O)      0.173     7.165 r  i2c_config_m1/i2c_master_top_m0/txr_reg[4]_i_9__0/O
                         net (fo=1, routed)           0.577     7.741    i2c_config_m1/i2c_master_top_m0/txr_reg[4]_i_9__0_n_0
    SLICE_X13Y127        LUT5 (Prop_lut5_I1_O)        0.241     7.982 r  i2c_config_m1/i2c_master_top_m0/txr[4]_i_5__0/O
                         net (fo=2, routed)           0.975     8.957    i2c_config_m1/i2c_master_top_m0/txr[4]_i_5__0_n_0
    SLICE_X9Y126         LUT5 (Prop_lut5_I3_O)        0.105     9.062 r  i2c_config_m1/i2c_master_top_m0/txr[4]_i_3__0/O
                         net (fo=1, routed)           0.000     9.062    i2c_config_m1/i2c_master_top_m0/txr[4]_i_3__0_n_0
    SLICE_X9Y126         MUXF7 (Prop_muxf7_I1_O)      0.182     9.244 r  i2c_config_m1/i2c_master_top_m0/txr_reg[4]_i_1__0/O
                         net (fo=1, routed)           0.000     9.244    i2c_config_m1/i2c_master_top_m0/txr_0[4]
    SLICE_X9Y126         FDCE                                         r  i2c_config_m1/i2c_master_top_m0/txr_reg[4]/D
  -------------------------------------------------------------------    -------------------

                         (clock sys_clk rise edge)   20.000    20.000 r  
    Y18                                               0.000    20.000 r  sys_clk (IN)
                         net (fo=0)                   0.000    20.000    sys_clk
    Y18                  IBUF (Prop_ibuf_I_O)         1.361    21.361 r  sys_clk_IBUF_inst/O
                         net (fo=1, routed)           1.604    22.965    sys_clk_IBUF
    BUFGCTRL_X0Y1        BUFG (Prop_bufg_I_O)         0.077    23.042 r  sys_clk_IBUF_BUFG_inst/O
                         net (fo=243, routed)         1.389    24.431    i2c_config_m1/i2c_master_top_m0/sys_clk
    SLICE_X9Y126         FDCE                                         r  i2c_config_m1/i2c_master_top_m0/txr_reg[4]/C
                         clock pessimism              0.233    24.664    
                         clock uncertainty           -0.035    24.628    
    SLICE_X9Y126         FDCE (Setup_fdce_C_D)        0.060    24.688    i2c_config_m1/i2c_master_top_m0/txr_reg[4]
  -------------------------------------------------------------------
                         required time                         24.688    
                         arrival time                          -9.244    
  -------------------------------------------------------------------
                         slack                                 15.444    





Min Delay Paths
--------------------------------------------------------------------------------------
Slack (MET) :             0.108ns  (arrival time - required time)
  Source:                 cmos_select_inst/key_counter_reg[9]/C
                            (rising edge-triggered cell FDCE clocked by sys_clk  {rise@0.000ns fall@10.000ns period=20.000ns})
  Destination:            cmos_select_inst/key_sig_reg/D
                            (rising edge-triggered cell FDCE clocked by sys_clk  {rise@0.000ns fall@10.000ns period=20.000ns})
  Path Group:             sys_clk
  Path Type:              Hold (Min at Fast Process Corner)
  Requirement:            0.000ns  (sys_clk rise@0.000ns - sys_clk rise@0.000ns)
  Data Path Delay:        0.467ns  (logic 0.231ns (49.509%)  route 0.236ns (50.491%))
  Logic Levels:           2  (LUT6=2)
  Clock Path Skew:        0.267ns (DCD - SCD - CPR)
    Destination Clock Delay (DCD):    2.000ns
    Source Clock Delay      (SCD):    1.487ns
    Clock Pessimism Removal (CPR):    0.246ns

    Location             Delay type                Incr(ns)  Path(ns)    Netlist Resource(s)
  -------------------------------------------------------------------    -------------------
                         (clock sys_clk rise edge)    0.000     0.000 r  
    Y18                                               0.000     0.000 r  sys_clk (IN)
                         net (fo=0)                   0.000     0.000    sys_clk
    Y18                  IBUF (Prop_ibuf_I_O)         0.264     0.264 r  sys_clk_IBUF_inst/O
                         net (fo=1, routed)           0.634     0.898    sys_clk_IBUF
    BUFGCTRL_X0Y1        BUFG (Prop_bufg_I_O)         0.026     0.924 r  sys_clk_IBUF_BUFG_inst/O
                         net (fo=243, routed)         0.564     1.487    cmos_select_inst/sys_clk
    SLICE_X32Y47         FDCE                                         r  cmos_select_inst/key_counter_reg[9]/C
  -------------------------------------------------------------------    -------------------
    SLICE_X32Y47         FDCE (Prop_fdce_C_Q)         0.141     1.628 r  cmos_select_inst/key_counter_reg[9]/Q
                         net (fo=3, routed)           0.074     1.702    cmos_select_inst/key_counter_reg[9]
    SLICE_X33Y47         LUT6 (Prop_lut6_I1_O)        0.045     1.747 r  cmos_select_inst/key_sig_i_2/O
                         net (fo=1, routed)           0.161     1.909    cmos_select_inst/key_sig_i_2_n_0
    SLICE_X33Y50         LUT6 (Prop_lut6_I2_O)        0.045     1.954 r  cmos_select_inst/key_sig_i_1/O
                         net (fo=1, routed)           0.000     1.954    cmos_select_inst/key_sig_i_1_n_0
    SLICE_X33Y50         FDCE                                         r  cmos_select_inst/key_sig_reg/D
  -------------------------------------------------------------------    -------------------

                         (clock sys_clk rise edge)    0.000     0.000 r  
    Y18                                               0.000     0.000 r  sys_clk (IN)
                         net (fo=0)                   0.000     0.000    sys_clk
    Y18                  IBUF (Prop_ibuf_I_O)         0.452     0.452 r  sys_clk_IBUF_inst/O
                         net (fo=1, routed)           0.689     1.140    sys_clk_IBUF
    BUFGCTRL_X0Y1        BUFG (Prop_bufg_I_O)         0.029     1.169 r  sys_clk_IBUF_BUFG_inst/O
                         net (fo=243, routed)         0.830     2.000    cmos_select_inst/sys_clk
    SLICE_X33Y50         FDCE                                         r  cmos_select_inst/key_sig_reg/C
                         clock pessimism             -0.246     1.754    
    SLICE_X33Y50         FDCE (Hold_fdce_C_D)         0.092     1.846    cmos_select_inst/key_sig_reg
  -------------------------------------------------------------------
                         required time                         -1.846    
                         arrival time                           1.954    
  -------------------------------------------------------------------
                         slack                                  0.108    

Slack (MET) :             0.148ns  (arrival time - required time)
  Source:                 i2c_config_m0/i2c_master_top_m0/stop_reg/C
                            (rising edge-triggered cell FDCE clocked by sys_clk  {rise@0.000ns fall@10.000ns period=20.000ns})
  Destination:            i2c_config_m0/i2c_master_top_m0/byte_controller/core_cmd_reg[1]/D
                            (rising edge-triggered cell FDCE clocked by sys_clk  {rise@0.000ns fall@10.000ns period=20.000ns})
  Path Group:             sys_clk
  Path Type:              Hold (Min at Fast Process Corner)
  Requirement:            0.000ns  (sys_clk rise@0.000ns - sys_clk rise@0.000ns)
  Data Path Delay:        0.282ns  (logic 0.186ns (65.911%)  route 0.096ns (34.089%))
  Logic Levels:           1  (LUT6=1)
  Clock Path Skew:        0.013ns (DCD - SCD - CPR)
    Destination Clock Delay (DCD):    2.106ns
    Source Clock Delay      (SCD):    1.589ns
    Clock Pessimism Removal (CPR):    0.505ns

    Location             Delay type                Incr(ns)  Path(ns)    Netlist Resource(s)
  -------------------------------------------------------------------    -------------------
                         (clock sys_clk rise edge)    0.000     0.000 r  
    Y18                                               0.000     0.000 r  sys_clk (IN)
                         net (fo=0)                   0.000     0.000    sys_clk
    Y18                  IBUF (Prop_ibuf_I_O)         0.264     0.264 r  sys_clk_IBUF_inst/O
                         net (fo=1, routed)           0.634     0.898    sys_clk_IBUF
    BUFGCTRL_X0Y1        BUFG (Prop_bufg_I_O)         0.026     0.924 r  sys_clk_IBUF_BUFG_inst/O
                         net (fo=243, routed)         0.665     1.589    i2c_config_m0/i2c_master_top_m0/sys_clk
    SLICE_X7Y120         FDCE                                         r  i2c_config_m0/i2c_master_top_m0/stop_reg/C
  -------------------------------------------------------------------    -------------------
    SLICE_X7Y120         FDCE (Prop_fdce_C_Q)         0.141     1.730 r  i2c_config_m0/i2c_master_top_m0/stop_reg/Q
                         net (fo=5, routed)           0.096     1.826    i2c_config_m0/i2c_master_top_m0/byte_controller/bit_controller/cmd_ack_reg_0
    SLICE_X6Y120         LUT6 (Prop_lut6_I4_O)        0.045     1.871 r  i2c_config_m0/i2c_master_top_m0/byte_controller/bit_controller/core_cmd[1]_i_1/O
                         net (fo=1, routed)           0.000     1.871    i2c_config_m0/i2c_master_top_m0/byte_controller/bit_controller_n_4
    SLICE_X6Y120         FDCE                                         r  i2c_config_m0/i2c_master_top_m0/byte_controller/core_cmd_reg[1]/D
  -------------------------------------------------------------------    -------------------

                         (clock sys_clk rise edge)    0.000     0.000 r  
    Y18                                               0.000     0.000 r  sys_clk (IN)
                         net (fo=0)                   0.000     0.000    sys_clk
    Y18                  IBUF (Prop_ibuf_I_O)         0.452     0.452 r  sys_clk_IBUF_inst/O
                         net (fo=1, routed)           0.689     1.140    sys_clk_IBUF
    BUFGCTRL_X0Y1        BUFG (Prop_bufg_I_O)         0.029     1.169 r  sys_clk_IBUF_BUFG_inst/O
                         net (fo=243, routed)         0.937     2.106    i2c_config_m0/i2c_master_top_m0/byte_controller/sys_clk
    SLICE_X6Y120         FDCE                                         r  i2c_config_m0/i2c_master_top_m0/byte_controller/core_cmd_reg[1]/C
                         clock pessimism             -0.505     1.602    
    SLICE_X6Y120         FDCE (Hold_fdce_C_D)         0.121     1.723    i2c_config_m0/i2c_master_top_m0/byte_controller/core_cmd_reg[1]
  -------------------------------------------------------------------
                         required time                         -1.723    
                         arrival time                           1.871    
  -------------------------------------------------------------------
                         slack                                  0.148    

Slack (MET) :             0.151ns  (arrival time - required time)
  Source:                 i2c_config_m1/i2c_master_top_m0/byte_controller/core_cmd_reg[1]/C
                            (rising edge-triggered cell FDCE clocked by sys_clk  {rise@0.000ns fall@10.000ns period=20.000ns})
  Destination:            i2c_config_m1/i2c_master_top_m0/byte_controller/bit_controller/cmd_stop_reg/D
                            (rising edge-triggered cell FDCE clocked by sys_clk  {rise@0.000ns fall@10.000ns period=20.000ns})
  Path Group:             sys_clk
  Path Type:              Hold (Min at Fast Process Corner)
  Requirement:            0.000ns  (sys_clk rise@0.000ns - sys_clk rise@0.000ns)
  Data Path Delay:        0.284ns  (logic 0.186ns (65.486%)  route 0.098ns (34.514%))
  Logic Levels:           1  (LUT6=1)
  Clock Path Skew:        0.013ns (DCD - SCD - CPR)
    Destination Clock Delay (DCD):    2.107ns
    Source Clock Delay      (SCD):    1.589ns
    Clock Pessimism Removal (CPR):    0.506ns

    Location             Delay type                Incr(ns)  Path(ns)    Netlist Resource(s)
  -------------------------------------------------------------------    -------------------
                         (clock sys_clk rise edge)    0.000     0.000 r  
    Y18                                               0.000     0.000 r  sys_clk (IN)
                         net (fo=0)                   0.000     0.000    sys_clk
    Y18                  IBUF (Prop_ibuf_I_O)         0.264     0.264 r  sys_clk_IBUF_inst/O
                         net (fo=1, routed)           0.634     0.898    sys_clk_IBUF
    BUFGCTRL_X0Y1        BUFG (Prop_bufg_I_O)         0.026     0.924 r  sys_clk_IBUF_BUFG_inst/O
                         net (fo=243, routed)         0.665     1.589    i2c_config_m1/i2c_master_top_m0/byte_controller/sys_clk
    SLICE_X3Y128         FDCE                                         r  i2c_config_m1/i2c_master_top_m0/byte_controller/core_cmd_reg[1]/C
  -------------------------------------------------------------------    -------------------
    SLICE_X3Y128         FDCE (Prop_fdce_C_Q)         0.141     1.730 r  i2c_config_m1/i2c_master_top_m0/byte_controller/core_cmd_reg[1]/Q
                         net (fo=5, routed)           0.098     1.828    i2c_config_m1/i2c_master_top_m0/byte_controller/bit_controller/Q[1]
    SLICE_X2Y128         LUT6 (Prop_lut6_I1_O)        0.045     1.873 r  i2c_config_m1/i2c_master_top_m0/byte_controller/bit_controller/cmd_stop_i_1__0/O
                         net (fo=1, routed)           0.000     1.873    i2c_config_m1/i2c_master_top_m0/byte_controller/bit_controller/cmd_stop_i_1__0_n_0
    SLICE_X2Y128         FDCE                                         r  i2c_config_m1/i2c_master_top_m0/byte_controller/bit_controller/cmd_stop_reg/D
  -------------------------------------------------------------------    -------------------

                         (clock sys_clk rise edge)    0.000     0.000 r  
    Y18                                               0.000     0.000 r  sys_clk (IN)
                         net (fo=0)                   0.000     0.000    sys_clk
    Y18                  IBUF (Prop_ibuf_I_O)         0.452     0.452 r  sys_clk_IBUF_inst/O
                         net (fo=1, routed)           0.689     1.140    sys_clk_IBUF
    BUFGCTRL_X0Y1        BUFG (Prop_bufg_I_O)         0.029     1.169 r  sys_clk_IBUF_BUFG_inst/O
                         net (fo=243, routed)         0.938     2.107    i2c_config_m1/i2c_master_top_m0/byte_controller/bit_controller/sys_clk
    SLICE_X2Y128         FDCE                                         r  i2c_config_m1/i2c_master_top_m0/byte_controller/bit_controller/cmd_stop_reg/C
                         clock pessimism             -0.506     1.602    
    SLICE_X2Y128         FDCE (Hold_fdce_C_D)         0.120     1.722    i2c_config_m1/i2c_master_top_m0/byte_controller/bit_controller/cmd_stop_reg
  -------------------------------------------------------------------
                         required time                         -1.722    
                         arrival time                           1.873    
  -------------------------------------------------------------------
                         slack                                  0.151    

Slack (MET) :             0.155ns  (arrival time - required time)
  Source:                 i2c_config_m0/i2c_master_top_m0/byte_controller/bit_controller/fSDA_reg[2]/C
                            (rising edge-triggered cell FDPE clocked by sys_clk  {rise@0.000ns fall@10.000ns period=20.000ns})
  Destination:            i2c_config_m0/i2c_master_top_m0/byte_controller/bit_controller/sSDA_reg/D
                            (rising edge-triggered cell FDPE clocked by sys_clk  {rise@0.000ns fall@10.000ns period=20.000ns})
  Path Group:             sys_clk
  Path Type:              Hold (Min at Fast Process Corner)
  Requirement:            0.000ns  (sys_clk rise@0.000ns - sys_clk rise@0.000ns)
  Data Path Delay:        0.259ns  (logic 0.209ns (80.556%)  route 0.050ns (19.444%))
  Logic Levels:           1  (LUT3=1)
  Clock Path Skew:        0.013ns (DCD - SCD - CPR)
    Destination Clock Delay (DCD):    2.108ns
    Source Clock Delay      (SCD):    1.591ns
    Clock Pessimism Removal (CPR):    0.505ns

    Location             Delay type                Incr(ns)  Path(ns)    Netlist Resource(s)
  -------------------------------------------------------------------    -------------------
                         (clock sys_clk rise edge)    0.000     0.000 r  
    Y18                                               0.000     0.000 r  sys_clk (IN)
                         net (fo=0)                   0.000     0.000    sys_clk
    Y18                  IBUF (Prop_ibuf_I_O)         0.264     0.264 r  sys_clk_IBUF_inst/O
                         net (fo=1, routed)           0.634     0.898    sys_clk_IBUF
    BUFGCTRL_X0Y1        BUFG (Prop_bufg_I_O)         0.026     0.924 r  sys_clk_IBUF_BUFG_inst/O
                         net (fo=243, routed)         0.667     1.591    i2c_config_m0/i2c_master_top_m0/byte_controller/bit_controller/sys_clk
    SLICE_X6Y118         FDPE                                         r  i2c_config_m0/i2c_master_top_m0/byte_controller/bit_controller/fSDA_reg[2]/C
  -------------------------------------------------------------------    -------------------
    SLICE_X6Y118         FDPE (Prop_fdpe_C_Q)         0.164     1.755 r  i2c_config_m0/i2c_master_top_m0/byte_controller/bit_controller/fSDA_reg[2]/Q
                         net (fo=1, routed)           0.050     1.805    i2c_config_m0/i2c_master_top_m0/byte_controller/bit_controller/fSDA_reg_n_0_[2]
    SLICE_X7Y118         LUT3 (Prop_lut3_I2_O)        0.045     1.850 r  i2c_config_m0/i2c_master_top_m0/byte_controller/bit_controller/sSDA0/O
                         net (fo=1, routed)           0.000     1.850    i2c_config_m0/i2c_master_top_m0/byte_controller/bit_controller/sSDA0__0
    SLICE_X7Y118         FDPE                                         r  i2c_config_m0/i2c_master_top_m0/byte_controller/bit_controller/sSDA_reg/D
  -------------------------------------------------------------------    -------------------

                         (clock sys_clk rise edge)    0.000     0.000 r  
    Y18                                               0.000     0.000 r  sys_clk (IN)
                         net (fo=0)                   0.000     0.000    sys_clk
    Y18                  IBUF (Prop_ibuf_I_O)         0.452     0.452 r  sys_clk_IBUF_inst/O
                         net (fo=1, routed)           0.689     1.140    sys_clk_IBUF
    BUFGCTRL_X0Y1        BUFG (Prop_bufg_I_O)         0.029     1.169 r  sys_clk_IBUF_BUFG_inst/O
                         net (fo=243, routed)         0.939     2.108    i2c_config_m0/i2c_master_top_m0/byte_controller/bit_controller/sys_clk
    SLICE_X7Y118         FDPE                                         r  i2c_config_m0/i2c_master_top_m0/byte_controller/bit_controller/sSDA_reg/C
                         clock pessimism             -0.505     1.604    
    SLICE_X7Y118         FDPE (Hold_fdpe_C_D)         0.091     1.695    i2c_config_m0/i2c_master_top_m0/byte_controller/bit_controller/sSDA_reg
  -------------------------------------------------------------------
                         required time                         -1.695    
                         arrival time                           1.850    
  -------------------------------------------------------------------
                         slack                                  0.155    

Slack (MET) :             0.162ns  (arrival time - required time)
  Source:                 i2c_config_m0/i2c_master_top_m0/byte_controller/bit_controller/dout_reg/C
                            (rising edge-triggered cell FDRE clocked by sys_clk  {rise@0.000ns fall@10.000ns period=20.000ns})
  Destination:            i2c_config_m0/i2c_master_top_m0/byte_controller/ack_out_reg/D
                            (rising edge-triggered cell FDCE clocked by sys_clk  {rise@0.000ns fall@10.000ns period=20.000ns})
  Path Group:             sys_clk
  Path Type:              Hold (Min at Fast Process Corner)
  Requirement:            0.000ns  (sys_clk rise@0.000ns - sys_clk rise@0.000ns)
  Data Path Delay:        0.295ns  (logic 0.186ns (63.145%)  route 0.109ns (36.855%))
  Logic Levels:           1  (LUT4=1)
  Clock Path Skew:        0.013ns (DCD - SCD - CPR)
    Destination Clock Delay (DCD):    2.109ns
    Source Clock Delay      (SCD):    1.591ns
    Clock Pessimism Removal (CPR):    0.506ns

    Location             Delay type                Incr(ns)  Path(ns)    Netlist Resource(s)
  -------------------------------------------------------------------    -------------------
                         (clock sys_clk rise edge)    0.000     0.000 r  
    Y18                                               0.000     0.000 r  sys_clk (IN)
                         net (fo=0)                   0.000     0.000    sys_clk
    Y18                  IBUF (Prop_ibuf_I_O)         0.264     0.264 r  sys_clk_IBUF_inst/O
                         net (fo=1, routed)           0.634     0.898    sys_clk_IBUF
    BUFGCTRL_X0Y1        BUFG (Prop_bufg_I_O)         0.026     0.924 r  sys_clk_IBUF_BUFG_inst/O
                         net (fo=243, routed)         0.667     1.591    i2c_config_m0/i2c_master_top_m0/byte_controller/bit_controller/sys_clk
    SLICE_X3Y119         FDRE                                         r  i2c_config_m0/i2c_master_top_m0/byte_controller/bit_controller/dout_reg/C
  -------------------------------------------------------------------    -------------------
    SLICE_X3Y119         FDRE (Prop_fdre_C_Q)         0.141     1.732 r  i2c_config_m0/i2c_master_top_m0/byte_controller/bit_controller/dout_reg/Q
                         net (fo=3, routed)           0.109     1.840    i2c_config_m0/i2c_master_top_m0/byte_controller/bit_controller/core_rxd
    SLICE_X2Y119         LUT4 (Prop_lut4_I0_O)        0.045     1.885 r  i2c_config_m0/i2c_master_top_m0/byte_controller/bit_controller/ack_out_i_1/O
                         net (fo=1, routed)           0.000     1.885    i2c_config_m0/i2c_master_top_m0/byte_controller/bit_controller_n_15
    SLICE_X2Y119         FDCE                                         r  i2c_config_m0/i2c_master_top_m0/byte_controller/ack_out_reg/D
  -------------------------------------------------------------------    -------------------

                         (clock sys_clk rise edge)    0.000     0.000 r  
    Y18                                               0.000     0.000 r  sys_clk (IN)
                         net (fo=0)                   0.000     0.000    sys_clk
    Y18                  IBUF (Prop_ibuf_I_O)         0.452     0.452 r  sys_clk_IBUF_inst/O
                         net (fo=1, routed)           0.689     1.140    sys_clk_IBUF
    BUFGCTRL_X0Y1        BUFG (Prop_bufg_I_O)         0.029     1.169 r  sys_clk_IBUF_BUFG_inst/O
                         net (fo=243, routed)         0.940     2.109    i2c_config_m0/i2c_master_top_m0/byte_controller/sys_clk
    SLICE_X2Y119         FDCE                                         r  i2c_config_m0/i2c_master_top_m0/byte_controller/ack_out_reg/C
                         clock pessimism             -0.506     1.604    
    SLICE_X2Y119         FDCE (Hold_fdce_C_D)         0.120     1.724    i2c_config_m0/i2c_master_top_m0/byte_controller/ack_out_reg
  -------------------------------------------------------------------
                         required time                         -1.724    
                         arrival time                           1.885    
  -------------------------------------------------------------------
                         slack                                  0.162    

Slack (MET) :             0.167ns  (arrival time - required time)
  Source:                 i2c_config_m1/i2c_master_top_m0/byte_controller/sr_reg[0]/C
                            (rising edge-triggered cell FDCE clocked by sys_clk  {rise@0.000ns fall@10.000ns period=20.000ns})
  Destination:            i2c_config_m1/i2c_master_top_m0/byte_controller/sr_reg[1]/D
                            (rising edge-triggered cell FDCE clocked by sys_clk  {rise@0.000ns fall@10.000ns period=20.000ns})
  Path Group:             sys_clk
  Path Type:              Hold (Min at Fast Process Corner)
  Requirement:            0.000ns  (sys_clk rise@0.000ns - sys_clk rise@0.000ns)
  Data Path Delay:        0.272ns  (logic 0.186ns (68.410%)  route 0.086ns (31.590%))
  Logic Levels:           1  (LUT3=1)
  Clock Path Skew:        0.013ns (DCD - SCD - CPR)
    Destination Clock Delay (DCD):    2.102ns
    Source Clock Delay      (SCD):    1.586ns
    Clock Pessimism Removal (CPR):    0.504ns

    Location             Delay type                Incr(ns)  Path(ns)    Netlist Resource(s)
  -------------------------------------------------------------------    -------------------
                         (clock sys_clk rise edge)    0.000     0.000 r  
    Y18                                               0.000     0.000 r  sys_clk (IN)
                         net (fo=0)                   0.000     0.000    sys_clk
    Y18                  IBUF (Prop_ibuf_I_O)         0.264     0.264 r  sys_clk_IBUF_inst/O
                         net (fo=1, routed)           0.634     0.898    sys_clk_IBUF
    BUFGCTRL_X0Y1        BUFG (Prop_bufg_I_O)         0.026     0.924 r  sys_clk_IBUF_BUFG_inst/O
                         net (fo=243, routed)         0.662     1.586    i2c_config_m1/i2c_master_top_m0/byte_controller/sys_clk
    SLICE_X4Y126         FDCE                                         r  i2c_config_m1/i2c_master_top_m0/byte_controller/sr_reg[0]/C
  -------------------------------------------------------------------    -------------------
    SLICE_X4Y126         FDCE (Prop_fdce_C_Q)         0.141     1.727 r  i2c_config_m1/i2c_master_top_m0/byte_controller/sr_reg[0]/Q
                         net (fo=1, routed)           0.086     1.813    i2c_config_m1/i2c_master_top_m0/byte_controller/sr[0]
    SLICE_X5Y126         LUT3 (Prop_lut3_I2_O)        0.045     1.858 r  i2c_config_m1/i2c_master_top_m0/byte_controller/sr[1]_i_1__0/O
                         net (fo=1, routed)           0.000     1.858    i2c_config_m1/i2c_master_top_m0/byte_controller/sr[1]_i_1__0_n_0
    SLICE_X5Y126         FDCE                                         r  i2c_config_m1/i2c_master_top_m0/byte_controller/sr_reg[1]/D
  -------------------------------------------------------------------    -------------------

                         (clock sys_clk rise edge)    0.000     0.000 r  
    Y18                                               0.000     0.000 r  sys_clk (IN)
                         net (fo=0)                   0.000     0.000    sys_clk
    Y18                  IBUF (Prop_ibuf_I_O)         0.452     0.452 r  sys_clk_IBUF_inst/O
                         net (fo=1, routed)           0.689     1.140    sys_clk_IBUF
    BUFGCTRL_X0Y1        BUFG (Prop_bufg_I_O)         0.029     1.169 r  sys_clk_IBUF_BUFG_inst/O
                         net (fo=243, routed)         0.933     2.102    i2c_config_m1/i2c_master_top_m0/byte_controller/sys_clk
    SLICE_X5Y126         FDCE                                         r  i2c_config_m1/i2c_master_top_m0/byte_controller/sr_reg[1]/C
                         clock pessimism             -0.504     1.599    
    SLICE_X5Y126         FDCE (Hold_fdce_C_D)         0.092     1.691    i2c_config_m1/i2c_master_top_m0/byte_controller/sr_reg[1]
  -------------------------------------------------------------------
                         required time                         -1.691    
                         arrival time                           1.858    
  -------------------------------------------------------------------
                         slack                                  0.167    

Slack (MET) :             0.170ns  (arrival time - required time)
  Source:                 i2c_config_m0/i2c_master_top_m0/txr_reg[0]/C
                            (rising edge-triggered cell FDCE clocked by sys_clk  {rise@0.000ns fall@10.000ns period=20.000ns})
  Destination:            i2c_config_m0/i2c_master_top_m0/byte_controller/sr_reg[0]/D
                            (rising edge-triggered cell FDCE clocked by sys_clk  {rise@0.000ns fall@10.000ns period=20.000ns})
  Path Group:             sys_clk
  Path Type:              Hold (Min at Fast Process Corner)
  Requirement:            0.000ns  (sys_clk rise@0.000ns - sys_clk rise@0.000ns)
  Data Path Delay:        0.326ns  (logic 0.186ns (57.086%)  route 0.140ns (42.914%))
  Logic Levels:           1  (LUT3=1)
  Clock Path Skew:        0.035ns (DCD - SCD - CPR)
    Destination Clock Delay (DCD):    2.080ns
    Source Clock Delay      (SCD):    1.562ns
    Clock Pessimism Removal (CPR):    0.484ns

    Location             Delay type                Incr(ns)  Path(ns)    Netlist Resource(s)
  -------------------------------------------------------------------    -------------------
                         (clock sys_clk rise edge)    0.000     0.000 r  
    Y18                                               0.000     0.000 r  sys_clk (IN)
                         net (fo=0)                   0.000     0.000    sys_clk
    Y18                  IBUF (Prop_ibuf_I_O)         0.264     0.264 r  sys_clk_IBUF_inst/O
                         net (fo=1, routed)           0.634     0.898    sys_clk_IBUF
    BUFGCTRL_X0Y1        BUFG (Prop_bufg_I_O)         0.026     0.924 r  sys_clk_IBUF_BUFG_inst/O
                         net (fo=243, routed)         0.638     1.562    i2c_config_m0/i2c_master_top_m0/sys_clk
    SLICE_X11Y119        FDCE                                         r  i2c_config_m0/i2c_master_top_m0/txr_reg[0]/C
  -------------------------------------------------------------------    -------------------
    SLICE_X11Y119        FDCE (Prop_fdce_C_Q)         0.141     1.703 r  i2c_config_m0/i2c_master_top_m0/txr_reg[0]/Q
                         net (fo=1, routed)           0.140     1.843    i2c_config_m0/i2c_master_top_m0/byte_controller/bit_controller/sr_reg[0][0]
    SLICE_X8Y119         LUT3 (Prop_lut3_I0_O)        0.045     1.888 r  i2c_config_m0/i2c_master_top_m0/byte_controller/bit_controller/sr[0]_i_1/O
                         net (fo=1, routed)           0.000     1.888    i2c_config_m0/i2c_master_top_m0/byte_controller/bit_controller_n_14
    SLICE_X8Y119         FDCE                                         r  i2c_config_m0/i2c_master_top_m0/byte_controller/sr_reg[0]/D
  -------------------------------------------------------------------    -------------------

                         (clock sys_clk rise edge)    0.000     0.000 r  
    Y18                                               0.000     0.000 r  sys_clk (IN)
                         net (fo=0)                   0.000     0.000    sys_clk
    Y18                  IBUF (Prop_ibuf_I_O)         0.452     0.452 r  sys_clk_IBUF_inst/O
                         net (fo=1, routed)           0.689     1.140    sys_clk_IBUF
    BUFGCTRL_X0Y1        BUFG (Prop_bufg_I_O)         0.029     1.169 r  sys_clk_IBUF_BUFG_inst/O
                         net (fo=243, routed)         0.911     2.080    i2c_config_m0/i2c_master_top_m0/byte_controller/sys_clk
    SLICE_X8Y119         FDCE                                         r  i2c_config_m0/i2c_master_top_m0/byte_controller/sr_reg[0]/C
                         clock pessimism             -0.484     1.597    
    SLICE_X8Y119         FDCE (Hold_fdce_C_D)         0.121     1.718    i2c_config_m0/i2c_master_top_m0/byte_controller/sr_reg[0]
  -------------------------------------------------------------------
                         required time                         -1.718    
                         arrival time                           1.888    
  -------------------------------------------------------------------
                         slack                                  0.170    

Slack (MET) :             0.180ns  (arrival time - required time)
  Source:                 i2c_config_m1/i2c_master_top_m0/byte_controller/bit_controller/dscl_oen_reg/C
                            (rising edge-triggered cell FDRE clocked by sys_clk  {rise@0.000ns fall@10.000ns period=20.000ns})
  Destination:            i2c_config_m1/i2c_master_top_m0/byte_controller/bit_controller/slave_wait_reg/D
                            (rising edge-triggered cell FDCE clocked by sys_clk  {rise@0.000ns fall@10.000ns period=20.000ns})
  Path Group:             sys_clk
  Path Type:              Hold (Min at Fast Process Corner)
  Requirement:            0.000ns  (sys_clk rise@0.000ns - sys_clk rise@0.000ns)
  Data Path Delay:        0.304ns  (logic 0.186ns (61.133%)  route 0.118ns (38.867%))
  Logic Levels:           1  (LUT4=1)
  Clock Path Skew:        0.033ns (DCD - SCD - CPR)
    Destination Clock Delay (DCD):    2.109ns
    Source Clock Delay      (SCD):    1.593ns
    Clock Pessimism Removal (CPR):    0.484ns

    Location             Delay type                Incr(ns)  Path(ns)    Netlist Resource(s)
  -------------------------------------------------------------------    -------------------
                         (clock sys_clk rise edge)    0.000     0.000 r  
    Y18                                               0.000     0.000 r  sys_clk (IN)
                         net (fo=0)                   0.000     0.000    sys_clk
    Y18                  IBUF (Prop_ibuf_I_O)         0.264     0.264 r  sys_clk_IBUF_inst/O
                         net (fo=1, routed)           0.634     0.898    sys_clk_IBUF
    BUFGCTRL_X0Y1        BUFG (Prop_bufg_I_O)         0.026     0.924 r  sys_clk_IBUF_BUFG_inst/O
                         net (fo=243, routed)         0.669     1.593    i2c_config_m1/i2c_master_top_m0/byte_controller/bit_controller/sys_clk
    SLICE_X3Y132         FDRE                                         r  i2c_config_m1/i2c_master_top_m0/byte_controller/bit_controller/dscl_oen_reg/C
  -------------------------------------------------------------------    -------------------
    SLICE_X3Y132         FDRE (Prop_fdre_C_Q)         0.141     1.734 f  i2c_config_m1/i2c_master_top_m0/byte_controller/bit_controller/dscl_oen_reg/Q
                         net (fo=1, routed)           0.118     1.852    i2c_config_m1/i2c_master_top_m0/byte_controller/bit_controller/dscl_oen
    SLICE_X4Y132         LUT4 (Prop_lut4_I3_O)        0.045     1.897 r  i2c_config_m1/i2c_master_top_m0/byte_controller/bit_controller/slave_wait_i_1__0/O
                         net (fo=1, routed)           0.000     1.897    i2c_config_m1/i2c_master_top_m0/byte_controller/bit_controller/slave_wait0
    SLICE_X4Y132         FDCE                                         r  i2c_config_m1/i2c_master_top_m0/byte_controller/bit_controller/slave_wait_reg/D
  -------------------------------------------------------------------    -------------------

                         (clock sys_clk rise edge)    0.000     0.000 r  
    Y18                                               0.000     0.000 r  sys_clk (IN)
                         net (fo=0)                   0.000     0.000    sys_clk
    Y18                  IBUF (Prop_ibuf_I_O)         0.452     0.452 r  sys_clk_IBUF_inst/O
                         net (fo=1, routed)           0.689     1.140    sys_clk_IBUF
    BUFGCTRL_X0Y1        BUFG (Prop_bufg_I_O)         0.029     1.169 r  sys_clk_IBUF_BUFG_inst/O
                         net (fo=243, routed)         0.940     2.109    i2c_config_m1/i2c_master_top_m0/byte_controller/bit_controller/sys_clk
    SLICE_X4Y132         FDCE                                         r  i2c_config_m1/i2c_master_top_m0/byte_controller/bit_controller/slave_wait_reg/C
                         clock pessimism             -0.484     1.626    
    SLICE_X4Y132         FDCE (Hold_fdce_C_D)         0.091     1.717    i2c_config_m1/i2c_master_top_m0/byte_controller/bit_controller/slave_wait_reg
  -------------------------------------------------------------------
                         required time                         -1.717    
                         arrival time                           1.897    
  -------------------------------------------------------------------
                         slack                                  0.180    

Slack (MET) :             0.186ns  (arrival time - required time)
  Source:                 i2c_config_m0/i2c_master_top_m0/byte_controller/bit_controller/dscl_oen_reg/C
                            (rising edge-triggered cell FDRE clocked by sys_clk  {rise@0.000ns fall@10.000ns period=20.000ns})
  Destination:            i2c_config_m0/i2c_master_top_m0/byte_controller/bit_controller/slave_wait_reg/D
                            (rising edge-triggered cell FDCE clocked by sys_clk  {rise@0.000ns fall@10.000ns period=20.000ns})
  Path Group:             sys_clk
  Path Type:              Hold (Min at Fast Process Corner)
  Requirement:            0.000ns  (sys_clk rise@0.000ns - sys_clk rise@0.000ns)
  Data Path Delay:        0.290ns  (logic 0.209ns (71.958%)  route 0.081ns (28.042%))
  Logic Levels:           1  (LUT4=1)
  Clock Path Skew:        0.013ns (DCD - SCD - CPR)
    Destination Clock Delay (DCD):    2.113ns
    Source Clock Delay      (SCD):    1.595ns
    Clock Pessimism Removal (CPR):    0.506ns

    Location             Delay type                Incr(ns)  Path(ns)    Netlist Resource(s)
  -------------------------------------------------------------------    -------------------
                         (clock sys_clk rise edge)    0.000     0.000 r  
    Y18                                               0.000     0.000 r  sys_clk (IN)
                         net (fo=0)                   0.000     0.000    sys_clk
    Y18                  IBUF (Prop_ibuf_I_O)         0.264     0.264 r  sys_clk_IBUF_inst/O
                         net (fo=1, routed)           0.634     0.898    sys_clk_IBUF
    BUFGCTRL_X0Y1        BUFG (Prop_bufg_I_O)         0.026     0.924 r  sys_clk_IBUF_BUFG_inst/O
                         net (fo=243, routed)         0.671     1.595    i2c_config_m0/i2c_master_top_m0/byte_controller/bit_controller/sys_clk
    SLICE_X2Y115         FDRE                                         r  i2c_config_m0/i2c_master_top_m0/byte_controller/bit_controller/dscl_oen_reg/C
  -------------------------------------------------------------------    -------------------
    SLICE_X2Y115         FDRE (Prop_fdre_C_Q)         0.164     1.759 f  i2c_config_m0/i2c_master_top_m0/byte_controller/bit_controller/dscl_oen_reg/Q
                         net (fo=1, routed)           0.081     1.840    i2c_config_m0/i2c_master_top_m0/byte_controller/bit_controller/dscl_oen
    SLICE_X3Y115         LUT4 (Prop_lut4_I3_O)        0.045     1.885 r  i2c_config_m0/i2c_master_top_m0/byte_controller/bit_controller/slave_wait_i_1/O
                         net (fo=1, routed)           0.000     1.885    i2c_config_m0/i2c_master_top_m0/byte_controller/bit_controller/slave_wait0
    SLICE_X3Y115         FDCE                                         r  i2c_config_m0/i2c_master_top_m0/byte_controller/bit_controller/slave_wait_reg/D
  -------------------------------------------------------------------    -------------------

                         (clock sys_clk rise edge)    0.000     0.000 r  
    Y18                                               0.000     0.000 r  sys_clk (IN)
                         net (fo=0)                   0.000     0.000    sys_clk
    Y18                  IBUF (Prop_ibuf_I_O)         0.452     0.452 r  sys_clk_IBUF_inst/O
                         net (fo=1, routed)           0.689     1.140    sys_clk_IBUF
    BUFGCTRL_X0Y1        BUFG (Prop_bufg_I_O)         0.029     1.169 r  sys_clk_IBUF_BUFG_inst/O
                         net (fo=243, routed)         0.944     2.113    i2c_config_m0/i2c_master_top_m0/byte_controller/bit_controller/sys_clk
    SLICE_X3Y115         FDCE                                         r  i2c_config_m0/i2c_master_top_m0/byte_controller/bit_controller/slave_wait_reg/C
                         clock pessimism             -0.506     1.608    
    SLICE_X3Y115         FDCE (Hold_fdce_C_D)         0.091     1.699    i2c_config_m0/i2c_master_top_m0/byte_controller/bit_controller/slave_wait_reg
  -------------------------------------------------------------------
                         required time                         -1.699    
                         arrival time                           1.885    
  -------------------------------------------------------------------
                         slack                                  0.186    

Slack (MET) :             0.194ns  (arrival time - required time)
  Source:                 i2c_config_m1/i2c_master_top_m0/byte_controller/bit_controller/al_reg/C
                            (rising edge-triggered cell FDCE clocked by sys_clk  {rise@0.000ns fall@10.000ns period=20.000ns})
  Destination:            i2c_config_m1/i2c_master_top_m0/byte_controller/bit_controller/FSM_sequential_c_state_reg[2]/D
                            (rising edge-triggered cell FDCE clocked by sys_clk  {rise@0.000ns fall@10.000ns period=20.000ns})
  Path Group:             sys_clk
  Path Type:              Hold (Min at Fast Process Corner)
  Requirement:            0.000ns  (sys_clk rise@0.000ns - sys_clk rise@0.000ns)
  Data Path Delay:        0.327ns  (logic 0.186ns (56.874%)  route 0.141ns (43.126%))
  Logic Levels:           1  (LUT3=1)
  Clock Path Skew:        0.013ns (DCD - SCD - CPR)
    Destination Clock Delay (DCD):    2.109ns
    Source Clock Delay      (SCD):    1.591ns
    Clock Pessimism Removal (CPR):    0.506ns

    Location             Delay type                Incr(ns)  Path(ns)    Netlist Resource(s)
  -------------------------------------------------------------------    -------------------
                         (clock sys_clk rise edge)    0.000     0.000 r  
    Y18                                               0.000     0.000 r  sys_clk (IN)
                         net (fo=0)                   0.000     0.000    sys_clk
    Y18                  IBUF (Prop_ibuf_I_O)         0.264     0.264 r  sys_clk_IBUF_inst/O
                         net (fo=1, routed)           0.634     0.898    sys_clk_IBUF
    BUFGCTRL_X0Y1        BUFG (Prop_bufg_I_O)         0.026     0.924 r  sys_clk_IBUF_BUFG_inst/O
                         net (fo=243, routed)         0.667     1.591    i2c_config_m1/i2c_master_top_m0/byte_controller/bit_controller/sys_clk
    SLICE_X3Y130         FDCE                                         r  i2c_config_m1/i2c_master_top_m0/byte_controller/bit_controller/al_reg/C
  -------------------------------------------------------------------    -------------------
    SLICE_X3Y130         FDCE (Prop_fdce_C_Q)         0.141     1.732 f  i2c_config_m1/i2c_master_top_m0/byte_controller/bit_controller/al_reg/Q
                         net (fo=25, routed)          0.141     1.873    i2c_config_m1/i2c_master_top_m0/byte_controller/bit_controller/al_reg_n_0
    SLICE_X2Y130         LUT3 (Prop_lut3_I2_O)        0.045     1.918 r  i2c_config_m1/i2c_master_top_m0/byte_controller/bit_controller/FSM_sequential_c_state[2]_i_1__1/O
                         net (fo=1, routed)           0.000     1.918    i2c_config_m1/i2c_master_top_m0/byte_controller/bit_controller/FSM_sequential_c_state[2]_i_1__1_n_0
    SLICE_X2Y130         FDCE                                         r  i2c_config_m1/i2c_master_top_m0/byte_controller/bit_controller/FSM_sequential_c_state_reg[2]/D
  -------------------------------------------------------------------    -------------------

                         (clock sys_clk rise edge)    0.000     0.000 r  
    Y18                                               0.000     0.000 r  sys_clk (IN)
                         net (fo=0)                   0.000     0.000    sys_clk
    Y18                  IBUF (Prop_ibuf_I_O)         0.452     0.452 r  sys_clk_IBUF_inst/O
                         net (fo=1, routed)           0.689     1.140    sys_clk_IBUF
    BUFGCTRL_X0Y1        BUFG (Prop_bufg_I_O)         0.029     1.169 r  sys_clk_IBUF_BUFG_inst/O
                         net (fo=243, routed)         0.940     2.109    i2c_config_m1/i2c_master_top_m0/byte_controller/bit_controller/sys_clk
    SLICE_X2Y130         FDCE                                         r  i2c_config_m1/i2c_master_top_m0/byte_controller/bit_controller/FSM_sequential_c_state_reg[2]/C
                         clock pessimism             -0.506     1.604    
    SLICE_X2Y130         FDCE (Hold_fdce_C_D)         0.120     1.724    i2c_config_m1/i2c_master_top_m0/byte_controller/bit_controller/FSM_sequential_c_state_reg[2]
  -------------------------------------------------------------------
                         required time                         -1.724    
                         arrival time                           1.918    
  -------------------------------------------------------------------
                         slack                                  0.194    





Pulse Width Checks
--------------------------------------------------------------------------------------
Clock Name:         sys_clk
Waveform(ns):       { 0.000 10.000 }
Period(ns):         20.000
Sources:            { sys_clk }

Check Type        Corner  Lib Pin  Reference Pin  Required(ns)  Actual(ns)  Slack(ns)  Location       Pin
Min Period        n/a     BUFG/I   n/a            1.592         20.000      18.408     BUFGCTRL_X0Y1  sys_clk_IBUF_BUFG_inst/I
Min Period        n/a     FDCE/C   n/a            1.000         20.000      19.000     SLICE_X6Y126   i2c_config_m1/i2c_master_top_m0/txr_reg[0]/C
Min Period        n/a     FDCE/C   n/a            1.000         20.000      19.000     SLICE_X9Y127   i2c_config_m1/i2c_master_top_m0/txr_reg[1]/C
Min Period        n/a     FDCE/C   n/a            1.000         20.000      19.000     SLICE_X8Y126   i2c_config_m1/i2c_master_top_m0/txr_reg[2]/C
Min Period        n/a     FDCE/C   n/a            1.000         20.000      19.000     SLICE_X9Y125   i2c_config_m1/i2c_master_top_m0/txr_reg[3]/C
Min Period        n/a     FDCE/C   n/a            1.000         20.000      19.000     SLICE_X9Y126   i2c_config_m1/i2c_master_top_m0/txr_reg[4]/C
Min Period        n/a     FDCE/C   n/a            1.000         20.000      19.000     SLICE_X7Y127   i2c_config_m1/i2c_master_top_m0/txr_reg[5]/C
Min Period        n/a     FDCE/C   n/a            1.000         20.000      19.000     SLICE_X9Y125   i2c_config_m1/i2c_master_top_m0/txr_reg[6]/C
Min Period        n/a     FDCE/C   n/a            1.000         20.000      19.000     SLICE_X5Y127   i2c_config_m1/i2c_master_top_m0/txr_reg[7]/C
Min Period        n/a     FDCE/C   n/a            1.000         20.000      19.000     SLICE_X1Y127   i2c_config_m1/i2c_master_top_m0/write_reg/C
Low Pulse Width   Slow    FDCE/C   n/a            0.500         10.000      9.500      SLICE_X1Y127   i2c_config_m1/i2c_master_top_m0/write_reg/C
Low Pulse Width   Slow    FDCE/C   n/a            0.500         10.000      9.500      SLICE_X16Y119  i2c_config_m0/i2c_master_top_m0/txr_reg[3]/C
Low Pulse Width   Slow    FDCE/C   n/a            0.500         10.000      9.500      SLICE_X16Y119  i2c_config_m0/i2c_master_top_m0/txr_reg[4]/C
Low Pulse Width   Slow    FDCE/C   n/a            0.500         10.000      9.500      SLICE_X33Y50   cmos_select_inst/key_sig_reg/C
Low Pulse Width   Slow    FDCE/C   n/a            0.500         10.000      9.500      SLICE_X10Y120  i2c_config_m0/FSM_sequential_state_reg[1]/C
Low Pulse Width   Slow    FDPE/C   n/a            0.500         10.000      9.500      SLICE_X3Y125   i2c_config_m1/i2c_master_top_m0/FSM_sequential_state_reg[1]/C
Low Pulse Width   Slow    FDCE/C   n/a            0.500         10.000      9.500      SLICE_X3Y125   i2c_config_m1/i2c_master_top_m0/FSM_sequential_state_reg[3]/C
Low Pulse Width   Slow    FDCE/C   n/a            0.500         10.000      9.500      SLICE_X2Y127   i2c_config_m1/i2c_master_top_m0/byte_controller/FSM_sequential_c_state_reg[0]/C
Low Pulse Width   Slow    FDCE/C   n/a            0.500         10.000      9.500      SLICE_X0Y121   i2c_config_m0/i2c_master_top_m0/byte_controller/bit_controller/cmd_stop_reg/C
Low Pulse Width   Slow    FDCE/C   n/a            0.500         10.000      9.500      SLICE_X2Y128   i2c_config_m1/i2c_master_top_m0/byte_controller/bit_controller/cmd_stop_reg/C
High Pulse Width  Slow    FDCE/C   n/a            0.500         10.000      9.500      SLICE_X11Y119  i2c_config_m0/i2c_master_top_m0/txr_reg[0]/C
High Pulse Width  Fast    FDCE/C   n/a            0.500         10.000      9.500      SLICE_X11Y119  i2c_config_m0/i2c_master_top_m0/txr_reg[0]/C
High Pulse Width  Slow    FDCE/C   n/a            0.500         10.000      9.500      SLICE_X16Y120  i2c_config_m0/i2c_master_top_m0/txr_reg[2]/C
High Pulse Width  Slow    FDRE/C   n/a            0.500         10.000      9.500      SLICE_X6Y124   i2c_config_m1/i2c_write_req_reg/C
High Pulse Width  Slow    FDCE/C   n/a            0.500         10.000      9.500      SLICE_X16Y119  i2c_config_m0/i2c_master_top_m0/txr_reg[3]/C
High Pulse Width  Slow    FDCE/C   n/a            0.500         10.000      9.500      SLICE_X16Y119  i2c_config_m0/i2c_master_top_m0/txr_reg[4]/C
High Pulse Width  Slow    FDCE/C   n/a            0.500         10.000      9.500      SLICE_X7Y125   i2c_config_m1/lut_index_reg[2]/C
High Pulse Width  Slow    FDCE/C   n/a            0.500         10.000      9.500      SLICE_X7Y125   i2c_config_m1/lut_index_reg[3]/C
High Pulse Width  Slow    FDCE/C   n/a            0.500         10.000      9.500      SLICE_X13Y120  i2c_config_m0/i2c_master_top_m0/txr_reg[5]/C
High Pulse Width  Slow    FDCE/C   n/a            0.500         10.000      9.500      SLICE_X15Y120  i2c_config_m0/i2c_master_top_m0/txr_reg[7]/C



---------------------------------------------------------------------------------------------------
From Clock:  rx_clk
  To Clock:  cmos1_pclk

Setup :            0  Failing Endpoints,  Worst Slack        6.896ns,  Total Violation        0.000ns
Hold  :           NA  Failing Endpoints,  Worst Slack           NA  ,  Total Violation           NA
---------------------------------------------------------------------------------------------------


Max Delay Paths
--------------------------------------------------------------------------------------
Slack (MET) :             6.896ns  (required time - arrival time)
  Source:                 camera_fifo_inst/U0/inst_fifo_gen/gconvfifo.rf/grf.rf/gntv_or_sync_fifo.gcx.clkx/rd_pntr_cdc_inst/src_gray_ff_reg[1]/C
                            (rising edge-triggered cell FDRE clocked by rx_clk  {rise@0.000ns fall@4.000ns period=8.000ns})
  Destination:            camera_fifo_inst/U0/inst_fifo_gen/gconvfifo.rf/grf.rf/gntv_or_sync_fifo.gcx.clkx/rd_pntr_cdc_inst/dest_graysync_ff_reg[0][1]/D
                            (rising edge-triggered cell FDRE clocked by cmos1_pclk  {rise@0.000ns fall@5.952ns period=11.904ns})
  Path Group:             cmos1_pclk
  Path Type:              Setup (Max at Slow Process Corner)
  Requirement:            8.000ns  (MaxDelay Path 8.000ns)
  Data Path Delay:        0.934ns  (logic 0.348ns (37.273%)  route 0.586ns (62.727%))
  Logic Levels:           0  
  Timing Exception:       MaxDelay Path 8.000ns -datapath_only

    Location             Delay type                Incr(ns)  Path(ns)    Netlist Resource(s)
  -------------------------------------------------------------------    -------------------
    SLICE_X15Y18                                      0.000     0.000 r  camera_fifo_inst/U0/inst_fifo_gen/gconvfifo.rf/grf.rf/gntv_or_sync_fifo.gcx.clkx/rd_pntr_cdc_inst/src_gray_ff_reg[1]/C
    SLICE_X15Y18         FDRE (Prop_fdre_C_Q)         0.348     0.348 r  camera_fifo_inst/U0/inst_fifo_gen/gconvfifo.rf/grf.rf/gntv_or_sync_fifo.gcx.clkx/rd_pntr_cdc_inst/src_gray_ff_reg[1]/Q
                         net (fo=1, routed)           0.586     0.934    camera_fifo_inst/U0/inst_fifo_gen/gconvfifo.rf/grf.rf/gntv_or_sync_fifo.gcx.clkx/rd_pntr_cdc_inst/async_path[1]
    SLICE_X30Y17         FDRE                                         r  camera_fifo_inst/U0/inst_fifo_gen/gconvfifo.rf/grf.rf/gntv_or_sync_fifo.gcx.clkx/rd_pntr_cdc_inst/dest_graysync_ff_reg[0][1]/D
  -------------------------------------------------------------------    -------------------

                         max delay                    8.000     8.000    
    SLICE_X30Y17         FDRE (Setup_fdre_C_D)       -0.170     7.830    camera_fifo_inst/U0/inst_fifo_gen/gconvfifo.rf/grf.rf/gntv_or_sync_fifo.gcx.clkx/rd_pntr_cdc_inst/dest_graysync_ff_reg[0][1]
  -------------------------------------------------------------------
                         required time                          7.830    
                         arrival time                          -0.934    
  -------------------------------------------------------------------
                         slack                                  6.896    

Slack (MET) :             6.973ns  (required time - arrival time)
  Source:                 camera_fifo_inst/U0/inst_fifo_gen/gconvfifo.rf/grf.rf/gntv_or_sync_fifo.gcx.clkx/rd_pntr_cdc_inst/src_gray_ff_reg[7]/C
                            (rising edge-triggered cell FDRE clocked by rx_clk  {rise@0.000ns fall@4.000ns period=8.000ns})
  Destination:            camera_fifo_inst/U0/inst_fifo_gen/gconvfifo.rf/grf.rf/gntv_or_sync_fifo.gcx.clkx/rd_pntr_cdc_inst/dest_graysync_ff_reg[0][7]/D
                            (rising edge-triggered cell FDRE clocked by cmos1_pclk  {rise@0.000ns fall@5.952ns period=11.904ns})
  Path Group:             cmos1_pclk
  Path Type:              Setup (Max at Slow Process Corner)
  Requirement:            8.000ns  (MaxDelay Path 8.000ns)
  Data Path Delay:        0.857ns  (logic 0.348ns (40.589%)  route 0.509ns (59.411%))
  Logic Levels:           0  
  Timing Exception:       MaxDelay Path 8.000ns -datapath_only

    Location             Delay type                Incr(ns)  Path(ns)    Netlist Resource(s)
  -------------------------------------------------------------------    -------------------
    SLICE_X28Y20                                      0.000     0.000 r  camera_fifo_inst/U0/inst_fifo_gen/gconvfifo.rf/grf.rf/gntv_or_sync_fifo.gcx.clkx/rd_pntr_cdc_inst/src_gray_ff_reg[7]/C
    SLICE_X28Y20         FDRE (Prop_fdre_C_Q)         0.348     0.348 r  camera_fifo_inst/U0/inst_fifo_gen/gconvfifo.rf/grf.rf/gntv_or_sync_fifo.gcx.clkx/rd_pntr_cdc_inst/src_gray_ff_reg[7]/Q
                         net (fo=1, routed)           0.509     0.857    camera_fifo_inst/U0/inst_fifo_gen/gconvfifo.rf/grf.rf/gntv_or_sync_fifo.gcx.clkx/rd_pntr_cdc_inst/async_path[7]
    SLICE_X30Y21         FDRE                                         r  camera_fifo_inst/U0/inst_fifo_gen/gconvfifo.rf/grf.rf/gntv_or_sync_fifo.gcx.clkx/rd_pntr_cdc_inst/dest_graysync_ff_reg[0][7]/D
  -------------------------------------------------------------------    -------------------

                         max delay                    8.000     8.000    
    SLICE_X30Y21         FDRE (Setup_fdre_C_D)       -0.170     7.830    camera_fifo_inst/U0/inst_fifo_gen/gconvfifo.rf/grf.rf/gntv_or_sync_fifo.gcx.clkx/rd_pntr_cdc_inst/dest_graysync_ff_reg[0][7]
  -------------------------------------------------------------------
                         required time                          7.830    
                         arrival time                          -0.857    
  -------------------------------------------------------------------
                         slack                                  6.973    

Slack (MET) :             6.988ns  (required time - arrival time)
  Source:                 camera_fifo_inst/U0/inst_fifo_gen/gconvfifo.rf/grf.rf/gntv_or_sync_fifo.gcx.clkx/rd_pntr_cdc_inst/src_gray_ff_reg[9]/C
                            (rising edge-triggered cell FDRE clocked by rx_clk  {rise@0.000ns fall@4.000ns period=8.000ns})
  Destination:            camera_fifo_inst/U0/inst_fifo_gen/gconvfifo.rf/grf.rf/gntv_or_sync_fifo.gcx.clkx/rd_pntr_cdc_inst/dest_graysync_ff_reg[0][9]/D
                            (rising edge-triggered cell FDRE clocked by cmos1_pclk  {rise@0.000ns fall@5.952ns period=11.904ns})
  Path Group:             cmos1_pclk
  Path Type:              Setup (Max at Slow Process Corner)
  Requirement:            8.000ns  (MaxDelay Path 8.000ns)
  Data Path Delay:        0.844ns  (logic 0.348ns (41.213%)  route 0.496ns (58.787%))
  Logic Levels:           0  
  Timing Exception:       MaxDelay Path 8.000ns -datapath_only

    Location             Delay type                Incr(ns)  Path(ns)    Netlist Resource(s)
  -------------------------------------------------------------------    -------------------
    SLICE_X28Y21                                      0.000     0.000 r  camera_fifo_inst/U0/inst_fifo_gen/gconvfifo.rf/grf.rf/gntv_or_sync_fifo.gcx.clkx/rd_pntr_cdc_inst/src_gray_ff_reg[9]/C
    SLICE_X28Y21         FDRE (Prop_fdre_C_Q)         0.348     0.348 r  camera_fifo_inst/U0/inst_fifo_gen/gconvfifo.rf/grf.rf/gntv_or_sync_fifo.gcx.clkx/rd_pntr_cdc_inst/src_gray_ff_reg[9]/Q
                         net (fo=1, routed)           0.496     0.844    camera_fifo_inst/U0/inst_fifo_gen/gconvfifo.rf/grf.rf/gntv_or_sync_fifo.gcx.clkx/rd_pntr_cdc_inst/async_path[9]
    SLICE_X30Y21         FDRE                                         r  camera_fifo_inst/U0/inst_fifo_gen/gconvfifo.rf/grf.rf/gntv_or_sync_fifo.gcx.clkx/rd_pntr_cdc_inst/dest_graysync_ff_reg[0][9]/D
  -------------------------------------------------------------------    -------------------

                         max delay                    8.000     8.000    
    SLICE_X30Y21         FDRE (Setup_fdre_C_D)       -0.168     7.832    camera_fifo_inst/U0/inst_fifo_gen/gconvfifo.rf/grf.rf/gntv_or_sync_fifo.gcx.clkx/rd_pntr_cdc_inst/dest_graysync_ff_reg[0][9]
  -------------------------------------------------------------------
                         required time                          7.832    
                         arrival time                          -0.844    
  -------------------------------------------------------------------
                         slack                                  6.988    

Slack (MET) :             6.998ns  (required time - arrival time)
  Source:                 camera_fifo_inst/U0/inst_fifo_gen/gconvfifo.rf/grf.rf/gntv_or_sync_fifo.gcx.clkx/rd_pntr_cdc_inst/src_gray_ff_reg[11]/C
                            (rising edge-triggered cell FDRE clocked by rx_clk  {rise@0.000ns fall@4.000ns period=8.000ns})
  Destination:            camera_fifo_inst/U0/inst_fifo_gen/gconvfifo.rf/grf.rf/gntv_or_sync_fifo.gcx.clkx/rd_pntr_cdc_inst/dest_graysync_ff_reg[0][11]/D
                            (rising edge-triggered cell FDRE clocked by cmos1_pclk  {rise@0.000ns fall@5.952ns period=11.904ns})
  Path Group:             cmos1_pclk
  Path Type:              Setup (Max at Slow Process Corner)
  Requirement:            8.000ns  (MaxDelay Path 8.000ns)
  Data Path Delay:        0.794ns  (logic 0.348ns (43.816%)  route 0.446ns (56.184%))
  Logic Levels:           0  
  Timing Exception:       MaxDelay Path 8.000ns -datapath_only

    Location             Delay type                Incr(ns)  Path(ns)    Netlist Resource(s)
  -------------------------------------------------------------------    -------------------
    SLICE_X28Y21                                      0.000     0.000 r  camera_fifo_inst/U0/inst_fifo_gen/gconvfifo.rf/grf.rf/gntv_or_sync_fifo.gcx.clkx/rd_pntr_cdc_inst/src_gray_ff_reg[11]/C
    SLICE_X28Y21         FDRE (Prop_fdre_C_Q)         0.348     0.348 r  camera_fifo_inst/U0/inst_fifo_gen/gconvfifo.rf/grf.rf/gntv_or_sync_fifo.gcx.clkx/rd_pntr_cdc_inst/src_gray_ff_reg[11]/Q
                         net (fo=1, routed)           0.446     0.794    camera_fifo_inst/U0/inst_fifo_gen/gconvfifo.rf/grf.rf/gntv_or_sync_fifo.gcx.clkx/rd_pntr_cdc_inst/async_path[11]
    SLICE_X29Y21         FDRE                                         r  camera_fifo_inst/U0/inst_fifo_gen/gconvfifo.rf/grf.rf/gntv_or_sync_fifo.gcx.clkx/rd_pntr_cdc_inst/dest_graysync_ff_reg[0][11]/D
  -------------------------------------------------------------------    -------------------

                         max delay                    8.000     8.000    
    SLICE_X29Y21         FDRE (Setup_fdre_C_D)       -0.208     7.792    camera_fifo_inst/U0/inst_fifo_gen/gconvfifo.rf/grf.rf/gntv_or_sync_fifo.gcx.clkx/rd_pntr_cdc_inst/dest_graysync_ff_reg[0][11]
  -------------------------------------------------------------------
                         required time                          7.792    
                         arrival time                          -0.794    
  -------------------------------------------------------------------
                         slack                                  6.998    

Slack (MET) :             7.046ns  (required time - arrival time)
  Source:                 camera_fifo_inst/U0/inst_fifo_gen/gconvfifo.rf/grf.rf/gntv_or_sync_fifo.gcx.clkx/rd_pntr_cdc_inst/src_gray_ff_reg[0]/C
                            (rising edge-triggered cell FDRE clocked by rx_clk  {rise@0.000ns fall@4.000ns period=8.000ns})
  Destination:            camera_fifo_inst/U0/inst_fifo_gen/gconvfifo.rf/grf.rf/gntv_or_sync_fifo.gcx.clkx/rd_pntr_cdc_inst/dest_graysync_ff_reg[0][0]/D
                            (rising edge-triggered cell FDRE clocked by cmos1_pclk  {rise@0.000ns fall@5.952ns period=11.904ns})
  Path Group:             cmos1_pclk
  Path Type:              Setup (Max at Slow Process Corner)
  Requirement:            8.000ns  (MaxDelay Path 8.000ns)
  Data Path Delay:        0.879ns  (logic 0.379ns (43.123%)  route 0.500ns (56.877%))
  Logic Levels:           0  
  Timing Exception:       MaxDelay Path 8.000ns -datapath_only

    Location             Delay type                Incr(ns)  Path(ns)    Netlist Resource(s)
  -------------------------------------------------------------------    -------------------
    SLICE_X15Y18                                      0.000     0.000 r  camera_fifo_inst/U0/inst_fifo_gen/gconvfifo.rf/grf.rf/gntv_or_sync_fifo.gcx.clkx/rd_pntr_cdc_inst/src_gray_ff_reg[0]/C
    SLICE_X15Y18         FDRE (Prop_fdre_C_Q)         0.379     0.379 r  camera_fifo_inst/U0/inst_fifo_gen/gconvfifo.rf/grf.rf/gntv_or_sync_fifo.gcx.clkx/rd_pntr_cdc_inst/src_gray_ff_reg[0]/Q
                         net (fo=1, routed)           0.500     0.879    camera_fifo_inst/U0/inst_fifo_gen/gconvfifo.rf/grf.rf/gntv_or_sync_fifo.gcx.clkx/rd_pntr_cdc_inst/async_path[0]
    SLICE_X28Y18         FDRE                                         r  camera_fifo_inst/U0/inst_fifo_gen/gconvfifo.rf/grf.rf/gntv_or_sync_fifo.gcx.clkx/rd_pntr_cdc_inst/dest_graysync_ff_reg[0][0]/D
  -------------------------------------------------------------------    -------------------

                         max delay                    8.000     8.000    
    SLICE_X28Y18         FDRE (Setup_fdre_C_D)       -0.075     7.925    camera_fifo_inst/U0/inst_fifo_gen/gconvfifo.rf/grf.rf/gntv_or_sync_fifo.gcx.clkx/rd_pntr_cdc_inst/dest_graysync_ff_reg[0][0]
  -------------------------------------------------------------------
                         required time                          7.925    
                         arrival time                          -0.879    
  -------------------------------------------------------------------
                         slack                                  7.046    

Slack (MET) :             7.063ns  (required time - arrival time)
  Source:                 camera_fifo_inst/U0/inst_fifo_gen/gconvfifo.rf/grf.rf/gntv_or_sync_fifo.gcx.clkx/rd_pntr_cdc_inst/src_gray_ff_reg[5]/C
                            (rising edge-triggered cell FDRE clocked by rx_clk  {rise@0.000ns fall@4.000ns period=8.000ns})
  Destination:            camera_fifo_inst/U0/inst_fifo_gen/gconvfifo.rf/grf.rf/gntv_or_sync_fifo.gcx.clkx/rd_pntr_cdc_inst/dest_graysync_ff_reg[0][5]/D
                            (rising edge-triggered cell FDRE clocked by cmos1_pclk  {rise@0.000ns fall@5.952ns period=11.904ns})
  Path Group:             cmos1_pclk
  Path Type:              Setup (Max at Slow Process Corner)
  Requirement:            8.000ns  (MaxDelay Path 8.000ns)
  Data Path Delay:        0.731ns  (logic 0.348ns (47.610%)  route 0.383ns (52.390%))
  Logic Levels:           0  
  Timing Exception:       MaxDelay Path 8.000ns -datapath_only

    Location             Delay type                Incr(ns)  Path(ns)    Netlist Resource(s)
  -------------------------------------------------------------------    -------------------
    SLICE_X28Y19                                      0.000     0.000 r  camera_fifo_inst/U0/inst_fifo_gen/gconvfifo.rf/grf.rf/gntv_or_sync_fifo.gcx.clkx/rd_pntr_cdc_inst/src_gray_ff_reg[5]/C
    SLICE_X28Y19         FDRE (Prop_fdre_C_Q)         0.348     0.348 r  camera_fifo_inst/U0/inst_fifo_gen/gconvfifo.rf/grf.rf/gntv_or_sync_fifo.gcx.clkx/rd_pntr_cdc_inst/src_gray_ff_reg[5]/Q
                         net (fo=1, routed)           0.383     0.731    camera_fifo_inst/U0/inst_fifo_gen/gconvfifo.rf/grf.rf/gntv_or_sync_fifo.gcx.clkx/rd_pntr_cdc_inst/async_path[5]
    SLICE_X28Y18         FDRE                                         r  camera_fifo_inst/U0/inst_fifo_gen/gconvfifo.rf/grf.rf/gntv_or_sync_fifo.gcx.clkx/rd_pntr_cdc_inst/dest_graysync_ff_reg[0][5]/D
  -------------------------------------------------------------------    -------------------

                         max delay                    8.000     8.000    
    SLICE_X28Y18         FDRE (Setup_fdre_C_D)       -0.206     7.794    camera_fifo_inst/U0/inst_fifo_gen/gconvfifo.rf/grf.rf/gntv_or_sync_fifo.gcx.clkx/rd_pntr_cdc_inst/dest_graysync_ff_reg[0][5]
  -------------------------------------------------------------------
                         required time                          7.794    
                         arrival time                          -0.731    
  -------------------------------------------------------------------
                         slack                                  7.063    

Slack (MET) :             7.086ns  (required time - arrival time)
  Source:                 camera_fifo_inst/U0/inst_fifo_gen/gconvfifo.rf/grf.rf/gntv_or_sync_fifo.gcx.clkx/rd_pntr_cdc_inst/src_gray_ff_reg[10]/C
                            (rising edge-triggered cell FDRE clocked by rx_clk  {rise@0.000ns fall@4.000ns period=8.000ns})
  Destination:            camera_fifo_inst/U0/inst_fifo_gen/gconvfifo.rf/grf.rf/gntv_or_sync_fifo.gcx.clkx/rd_pntr_cdc_inst/dest_graysync_ff_reg[0][10]/D
                            (rising edge-triggered cell FDRE clocked by cmos1_pclk  {rise@0.000ns fall@5.952ns period=11.904ns})
  Path Group:             cmos1_pclk
  Path Type:              Setup (Max at Slow Process Corner)
  Requirement:            8.000ns  (MaxDelay Path 8.000ns)
  Data Path Delay:        0.839ns  (logic 0.379ns (45.154%)  route 0.460ns (54.846%))
  Logic Levels:           0  
  Timing Exception:       MaxDelay Path 8.000ns -datapath_only

    Location             Delay type                Incr(ns)  Path(ns)    Netlist Resource(s)
  -------------------------------------------------------------------    -------------------
    SLICE_X28Y21                                      0.000     0.000 r  camera_fifo_inst/U0/inst_fifo_gen/gconvfifo.rf/grf.rf/gntv_or_sync_fifo.gcx.clkx/rd_pntr_cdc_inst/src_gray_ff_reg[10]/C
    SLICE_X28Y21         FDRE (Prop_fdre_C_Q)         0.379     0.379 r  camera_fifo_inst/U0/inst_fifo_gen/gconvfifo.rf/grf.rf/gntv_or_sync_fifo.gcx.clkx/rd_pntr_cdc_inst/src_gray_ff_reg[10]/Q
                         net (fo=1, routed)           0.460     0.839    camera_fifo_inst/U0/inst_fifo_gen/gconvfifo.rf/grf.rf/gntv_or_sync_fifo.gcx.clkx/rd_pntr_cdc_inst/async_path[10]
    SLICE_X29Y21         FDRE                                         r  camera_fifo_inst/U0/inst_fifo_gen/gconvfifo.rf/grf.rf/gntv_or_sync_fifo.gcx.clkx/rd_pntr_cdc_inst/dest_graysync_ff_reg[0][10]/D
  -------------------------------------------------------------------    -------------------

                         max delay                    8.000     8.000    
    SLICE_X29Y21         FDRE (Setup_fdre_C_D)       -0.075     7.925    camera_fifo_inst/U0/inst_fifo_gen/gconvfifo.rf/grf.rf/gntv_or_sync_fifo.gcx.clkx/rd_pntr_cdc_inst/dest_graysync_ff_reg[0][10]
  -------------------------------------------------------------------
                         required time                          7.925    
                         arrival time                          -0.839    
  -------------------------------------------------------------------
                         slack                                  7.086    

Slack (MET) :             7.097ns  (required time - arrival time)
  Source:                 camera_fifo_inst/U0/inst_fifo_gen/gconvfifo.rf/grf.rf/gntv_or_sync_fifo.gcx.clkx/rd_pntr_cdc_inst/src_gray_ff_reg[3]/C
                            (rising edge-triggered cell FDRE clocked by rx_clk  {rise@0.000ns fall@4.000ns period=8.000ns})
  Destination:            camera_fifo_inst/U0/inst_fifo_gen/gconvfifo.rf/grf.rf/gntv_or_sync_fifo.gcx.clkx/rd_pntr_cdc_inst/dest_graysync_ff_reg[0][3]/D
                            (rising edge-triggered cell FDRE clocked by cmos1_pclk  {rise@0.000ns fall@5.952ns period=11.904ns})
  Path Group:             cmos1_pclk
  Path Type:              Setup (Max at Slow Process Corner)
  Requirement:            8.000ns  (MaxDelay Path 8.000ns)
  Data Path Delay:        0.691ns  (logic 0.348ns (50.388%)  route 0.343ns (49.612%))
  Logic Levels:           0  
  Timing Exception:       MaxDelay Path 8.000ns -datapath_only

    Location             Delay type                Incr(ns)  Path(ns)    Netlist Resource(s)
  -------------------------------------------------------------------    -------------------
    SLICE_X28Y19                                      0.000     0.000 r  camera_fifo_inst/U0/inst_fifo_gen/gconvfifo.rf/grf.rf/gntv_or_sync_fifo.gcx.clkx/rd_pntr_cdc_inst/src_gray_ff_reg[3]/C
    SLICE_X28Y19         FDRE (Prop_fdre_C_Q)         0.348     0.348 r  camera_fifo_inst/U0/inst_fifo_gen/gconvfifo.rf/grf.rf/gntv_or_sync_fifo.gcx.clkx/rd_pntr_cdc_inst/src_gray_ff_reg[3]/Q
                         net (fo=1, routed)           0.343     0.691    camera_fifo_inst/U0/inst_fifo_gen/gconvfifo.rf/grf.rf/gntv_or_sync_fifo.gcx.clkx/rd_pntr_cdc_inst/async_path[3]
    SLICE_X28Y17         FDRE                                         r  camera_fifo_inst/U0/inst_fifo_gen/gconvfifo.rf/grf.rf/gntv_or_sync_fifo.gcx.clkx/rd_pntr_cdc_inst/dest_graysync_ff_reg[0][3]/D
  -------------------------------------------------------------------    -------------------

                         max delay                    8.000     8.000    
    SLICE_X28Y17         FDRE (Setup_fdre_C_D)       -0.212     7.788    camera_fifo_inst/U0/inst_fifo_gen/gconvfifo.rf/grf.rf/gntv_or_sync_fifo.gcx.clkx/rd_pntr_cdc_inst/dest_graysync_ff_reg[0][3]
  -------------------------------------------------------------------
                         required time                          7.788    
                         arrival time                          -0.691    
  -------------------------------------------------------------------
                         slack                                  7.097    

Slack (MET) :             7.116ns  (required time - arrival time)
  Source:                 camera_fifo_inst/U0/inst_fifo_gen/gconvfifo.rf/grf.rf/gntv_or_sync_fifo.gcx.clkx/rd_pntr_cdc_inst/src_gray_ff_reg[8]/C
                            (rising edge-triggered cell FDRE clocked by rx_clk  {rise@0.000ns fall@4.000ns period=8.000ns})
  Destination:            camera_fifo_inst/U0/inst_fifo_gen/gconvfifo.rf/grf.rf/gntv_or_sync_fifo.gcx.clkx/rd_pntr_cdc_inst/dest_graysync_ff_reg[0][8]/D
                            (rising edge-triggered cell FDRE clocked by cmos1_pclk  {rise@0.000ns fall@5.952ns period=11.904ns})
  Path Group:             cmos1_pclk
  Path Type:              Setup (Max at Slow Process Corner)
  Requirement:            8.000ns  (MaxDelay Path 8.000ns)
  Data Path Delay:        0.855ns  (logic 0.379ns (44.306%)  route 0.476ns (55.694%))
  Logic Levels:           0  
  Timing Exception:       MaxDelay Path 8.000ns -datapath_only

    Location             Delay type                Incr(ns)  Path(ns)    Netlist Resource(s)
  -------------------------------------------------------------------    -------------------
    SLICE_X28Y21                                      0.000     0.000 r  camera_fifo_inst/U0/inst_fifo_gen/gconvfifo.rf/grf.rf/gntv_or_sync_fifo.gcx.clkx/rd_pntr_cdc_inst/src_gray_ff_reg[8]/C
    SLICE_X28Y21         FDRE (Prop_fdre_C_Q)         0.379     0.379 r  camera_fifo_inst/U0/inst_fifo_gen/gconvfifo.rf/grf.rf/gntv_or_sync_fifo.gcx.clkx/rd_pntr_cdc_inst/src_gray_ff_reg[8]/Q
                         net (fo=1, routed)           0.476     0.855    camera_fifo_inst/U0/inst_fifo_gen/gconvfifo.rf/grf.rf/gntv_or_sync_fifo.gcx.clkx/rd_pntr_cdc_inst/async_path[8]
    SLICE_X30Y21         FDRE                                         r  camera_fifo_inst/U0/inst_fifo_gen/gconvfifo.rf/grf.rf/gntv_or_sync_fifo.gcx.clkx/rd_pntr_cdc_inst/dest_graysync_ff_reg[0][8]/D
  -------------------------------------------------------------------    -------------------

                         max delay                    8.000     8.000    
    SLICE_X30Y21         FDRE (Setup_fdre_C_D)       -0.029     7.971    camera_fifo_inst/U0/inst_fifo_gen/gconvfifo.rf/grf.rf/gntv_or_sync_fifo.gcx.clkx/rd_pntr_cdc_inst/dest_graysync_ff_reg[0][8]
  -------------------------------------------------------------------
                         required time                          7.971    
                         arrival time                          -0.855    
  -------------------------------------------------------------------
                         slack                                  7.116    

Slack (MET) :             7.165ns  (required time - arrival time)
  Source:                 camera_fifo_inst/U0/inst_fifo_gen/gconvfifo.rf/grf.rf/gntv_or_sync_fifo.gcx.clkx/rd_pntr_cdc_inst/src_gray_ff_reg[6]/C
                            (rising edge-triggered cell FDRE clocked by rx_clk  {rise@0.000ns fall@4.000ns period=8.000ns})
  Destination:            camera_fifo_inst/U0/inst_fifo_gen/gconvfifo.rf/grf.rf/gntv_or_sync_fifo.gcx.clkx/rd_pntr_cdc_inst/dest_graysync_ff_reg[0][6]/D
                            (rising edge-triggered cell FDRE clocked by cmos1_pclk  {rise@0.000ns fall@5.952ns period=11.904ns})
  Path Group:             cmos1_pclk
  Path Type:              Setup (Max at Slow Process Corner)
  Requirement:            8.000ns  (MaxDelay Path 8.000ns)
  Data Path Delay:        0.762ns  (logic 0.379ns (49.754%)  route 0.383ns (50.246%))
  Logic Levels:           0  
  Timing Exception:       MaxDelay Path 8.000ns -datapath_only

    Location             Delay type                Incr(ns)  Path(ns)    Netlist Resource(s)
  -------------------------------------------------------------------    -------------------
    SLICE_X28Y20                                      0.000     0.000 r  camera_fifo_inst/U0/inst_fifo_gen/gconvfifo.rf/grf.rf/gntv_or_sync_fifo.gcx.clkx/rd_pntr_cdc_inst/src_gray_ff_reg[6]/C
    SLICE_X28Y20         FDRE (Prop_fdre_C_Q)         0.379     0.379 r  camera_fifo_inst/U0/inst_fifo_gen/gconvfifo.rf/grf.rf/gntv_or_sync_fifo.gcx.clkx/rd_pntr_cdc_inst/src_gray_ff_reg[6]/Q
                         net (fo=1, routed)           0.383     0.762    camera_fifo_inst/U0/inst_fifo_gen/gconvfifo.rf/grf.rf/gntv_or_sync_fifo.gcx.clkx/rd_pntr_cdc_inst/async_path[6]
    SLICE_X29Y21         FDRE                                         r  camera_fifo_inst/U0/inst_fifo_gen/gconvfifo.rf/grf.rf/gntv_or_sync_fifo.gcx.clkx/rd_pntr_cdc_inst/dest_graysync_ff_reg[0][6]/D
  -------------------------------------------------------------------    -------------------

                         max delay                    8.000     8.000    
    SLICE_X29Y21         FDRE (Setup_fdre_C_D)       -0.073     7.927    camera_fifo_inst/U0/inst_fifo_gen/gconvfifo.rf/grf.rf/gntv_or_sync_fifo.gcx.clkx/rd_pntr_cdc_inst/dest_graysync_ff_reg[0][6]
  -------------------------------------------------------------------
                         required time                          7.927    
                         arrival time                          -0.762    
  -------------------------------------------------------------------
                         slack                                  7.165    





---------------------------------------------------------------------------------------------------
From Clock:  rx_clk
  To Clock:  cmos2_pclk

Setup :            0  Failing Endpoints,  Worst Slack        6.896ns,  Total Violation        0.000ns
Hold  :           NA  Failing Endpoints,  Worst Slack           NA  ,  Total Violation           NA
---------------------------------------------------------------------------------------------------


Max Delay Paths
--------------------------------------------------------------------------------------
Slack (MET) :             6.896ns  (required time - arrival time)
  Source:                 camera_fifo_inst/U0/inst_fifo_gen/gconvfifo.rf/grf.rf/gntv_or_sync_fifo.gcx.clkx/rd_pntr_cdc_inst/src_gray_ff_reg[1]/C
                            (rising edge-triggered cell FDRE clocked by rx_clk  {rise@0.000ns fall@4.000ns period=8.000ns})
  Destination:            camera_fifo_inst/U0/inst_fifo_gen/gconvfifo.rf/grf.rf/gntv_or_sync_fifo.gcx.clkx/rd_pntr_cdc_inst/dest_graysync_ff_reg[0][1]/D
                            (rising edge-triggered cell FDRE clocked by cmos2_pclk  {rise@0.000ns fall@5.952ns period=11.904ns})
  Path Group:             cmos2_pclk
  Path Type:              Setup (Max at Slow Process Corner)
  Requirement:            8.000ns  (MaxDelay Path 8.000ns)
  Data Path Delay:        0.934ns  (logic 0.348ns (37.273%)  route 0.586ns (62.727%))
  Logic Levels:           0  
  Timing Exception:       MaxDelay Path 8.000ns -datapath_only

    Location             Delay type                Incr(ns)  Path(ns)    Netlist Resource(s)
  -------------------------------------------------------------------    -------------------
    SLICE_X15Y18                                      0.000     0.000 r  camera_fifo_inst/U0/inst_fifo_gen/gconvfifo.rf/grf.rf/gntv_or_sync_fifo.gcx.clkx/rd_pntr_cdc_inst/src_gray_ff_reg[1]/C
    SLICE_X15Y18         FDRE (Prop_fdre_C_Q)         0.348     0.348 r  camera_fifo_inst/U0/inst_fifo_gen/gconvfifo.rf/grf.rf/gntv_or_sync_fifo.gcx.clkx/rd_pntr_cdc_inst/src_gray_ff_reg[1]/Q
                         net (fo=1, routed)           0.586     0.934    camera_fifo_inst/U0/inst_fifo_gen/gconvfifo.rf/grf.rf/gntv_or_sync_fifo.gcx.clkx/rd_pntr_cdc_inst/async_path[1]
    SLICE_X30Y17         FDRE                                         r  camera_fifo_inst/U0/inst_fifo_gen/gconvfifo.rf/grf.rf/gntv_or_sync_fifo.gcx.clkx/rd_pntr_cdc_inst/dest_graysync_ff_reg[0][1]/D
  -------------------------------------------------------------------    -------------------

                         max delay                    8.000     8.000    
    SLICE_X30Y17         FDRE (Setup_fdre_C_D)       -0.170     7.830    camera_fifo_inst/U0/inst_fifo_gen/gconvfifo.rf/grf.rf/gntv_or_sync_fifo.gcx.clkx/rd_pntr_cdc_inst/dest_graysync_ff_reg[0][1]
  -------------------------------------------------------------------
                         required time                          7.830    
                         arrival time                          -0.934    
  -------------------------------------------------------------------
                         slack                                  6.896    

Slack (MET) :             6.973ns  (required time - arrival time)
  Source:                 camera_fifo_inst/U0/inst_fifo_gen/gconvfifo.rf/grf.rf/gntv_or_sync_fifo.gcx.clkx/rd_pntr_cdc_inst/src_gray_ff_reg[7]/C
                            (rising edge-triggered cell FDRE clocked by rx_clk  {rise@0.000ns fall@4.000ns period=8.000ns})
  Destination:            camera_fifo_inst/U0/inst_fifo_gen/gconvfifo.rf/grf.rf/gntv_or_sync_fifo.gcx.clkx/rd_pntr_cdc_inst/dest_graysync_ff_reg[0][7]/D
                            (rising edge-triggered cell FDRE clocked by cmos2_pclk  {rise@0.000ns fall@5.952ns period=11.904ns})
  Path Group:             cmos2_pclk
  Path Type:              Setup (Max at Slow Process Corner)
  Requirement:            8.000ns  (MaxDelay Path 8.000ns)
  Data Path Delay:        0.857ns  (logic 0.348ns (40.589%)  route 0.509ns (59.411%))
  Logic Levels:           0  
  Timing Exception:       MaxDelay Path 8.000ns -datapath_only

    Location             Delay type                Incr(ns)  Path(ns)    Netlist Resource(s)
  -------------------------------------------------------------------    -------------------
    SLICE_X28Y20                                      0.000     0.000 r  camera_fifo_inst/U0/inst_fifo_gen/gconvfifo.rf/grf.rf/gntv_or_sync_fifo.gcx.clkx/rd_pntr_cdc_inst/src_gray_ff_reg[7]/C
    SLICE_X28Y20         FDRE (Prop_fdre_C_Q)         0.348     0.348 r  camera_fifo_inst/U0/inst_fifo_gen/gconvfifo.rf/grf.rf/gntv_or_sync_fifo.gcx.clkx/rd_pntr_cdc_inst/src_gray_ff_reg[7]/Q
                         net (fo=1, routed)           0.509     0.857    camera_fifo_inst/U0/inst_fifo_gen/gconvfifo.rf/grf.rf/gntv_or_sync_fifo.gcx.clkx/rd_pntr_cdc_inst/async_path[7]
    SLICE_X30Y21         FDRE                                         r  camera_fifo_inst/U0/inst_fifo_gen/gconvfifo.rf/grf.rf/gntv_or_sync_fifo.gcx.clkx/rd_pntr_cdc_inst/dest_graysync_ff_reg[0][7]/D
  -------------------------------------------------------------------    -------------------

                         max delay                    8.000     8.000    
    SLICE_X30Y21         FDRE (Setup_fdre_C_D)       -0.170     7.830    camera_fifo_inst/U0/inst_fifo_gen/gconvfifo.rf/grf.rf/gntv_or_sync_fifo.gcx.clkx/rd_pntr_cdc_inst/dest_graysync_ff_reg[0][7]
  -------------------------------------------------------------------
                         required time                          7.830    
                         arrival time                          -0.857    
  -------------------------------------------------------------------
                         slack                                  6.973    

Slack (MET) :             6.988ns  (required time - arrival time)
  Source:                 camera_fifo_inst/U0/inst_fifo_gen/gconvfifo.rf/grf.rf/gntv_or_sync_fifo.gcx.clkx/rd_pntr_cdc_inst/src_gray_ff_reg[9]/C
                            (rising edge-triggered cell FDRE clocked by rx_clk  {rise@0.000ns fall@4.000ns period=8.000ns})
  Destination:            camera_fifo_inst/U0/inst_fifo_gen/gconvfifo.rf/grf.rf/gntv_or_sync_fifo.gcx.clkx/rd_pntr_cdc_inst/dest_graysync_ff_reg[0][9]/D
                            (rising edge-triggered cell FDRE clocked by cmos2_pclk  {rise@0.000ns fall@5.952ns period=11.904ns})
  Path Group:             cmos2_pclk
  Path Type:              Setup (Max at Slow Process Corner)
  Requirement:            8.000ns  (MaxDelay Path 8.000ns)
  Data Path Delay:        0.844ns  (logic 0.348ns (41.213%)  route 0.496ns (58.787%))
  Logic Levels:           0  
  Timing Exception:       MaxDelay Path 8.000ns -datapath_only

    Location             Delay type                Incr(ns)  Path(ns)    Netlist Resource(s)
  -------------------------------------------------------------------    -------------------
    SLICE_X28Y21                                      0.000     0.000 r  camera_fifo_inst/U0/inst_fifo_gen/gconvfifo.rf/grf.rf/gntv_or_sync_fifo.gcx.clkx/rd_pntr_cdc_inst/src_gray_ff_reg[9]/C
    SLICE_X28Y21         FDRE (Prop_fdre_C_Q)         0.348     0.348 r  camera_fifo_inst/U0/inst_fifo_gen/gconvfifo.rf/grf.rf/gntv_or_sync_fifo.gcx.clkx/rd_pntr_cdc_inst/src_gray_ff_reg[9]/Q
                         net (fo=1, routed)           0.496     0.844    camera_fifo_inst/U0/inst_fifo_gen/gconvfifo.rf/grf.rf/gntv_or_sync_fifo.gcx.clkx/rd_pntr_cdc_inst/async_path[9]
    SLICE_X30Y21         FDRE                                         r  camera_fifo_inst/U0/inst_fifo_gen/gconvfifo.rf/grf.rf/gntv_or_sync_fifo.gcx.clkx/rd_pntr_cdc_inst/dest_graysync_ff_reg[0][9]/D
  -------------------------------------------------------------------    -------------------

                         max delay                    8.000     8.000    
    SLICE_X30Y21         FDRE (Setup_fdre_C_D)       -0.168     7.832    camera_fifo_inst/U0/inst_fifo_gen/gconvfifo.rf/grf.rf/gntv_or_sync_fifo.gcx.clkx/rd_pntr_cdc_inst/dest_graysync_ff_reg[0][9]
  -------------------------------------------------------------------
                         required time                          7.832    
                         arrival time                          -0.844    
  -------------------------------------------------------------------
                         slack                                  6.988    

Slack (MET) :             6.998ns  (required time - arrival time)
  Source:                 camera_fifo_inst/U0/inst_fifo_gen/gconvfifo.rf/grf.rf/gntv_or_sync_fifo.gcx.clkx/rd_pntr_cdc_inst/src_gray_ff_reg[11]/C
                            (rising edge-triggered cell FDRE clocked by rx_clk  {rise@0.000ns fall@4.000ns period=8.000ns})
  Destination:            camera_fifo_inst/U0/inst_fifo_gen/gconvfifo.rf/grf.rf/gntv_or_sync_fifo.gcx.clkx/rd_pntr_cdc_inst/dest_graysync_ff_reg[0][11]/D
                            (rising edge-triggered cell FDRE clocked by cmos2_pclk  {rise@0.000ns fall@5.952ns period=11.904ns})
  Path Group:             cmos2_pclk
  Path Type:              Setup (Max at Slow Process Corner)
  Requirement:            8.000ns  (MaxDelay Path 8.000ns)
  Data Path Delay:        0.794ns  (logic 0.348ns (43.816%)  route 0.446ns (56.184%))
  Logic Levels:           0  
  Timing Exception:       MaxDelay Path 8.000ns -datapath_only

    Location             Delay type                Incr(ns)  Path(ns)    Netlist Resource(s)
  -------------------------------------------------------------------    -------------------
    SLICE_X28Y21                                      0.000     0.000 r  camera_fifo_inst/U0/inst_fifo_gen/gconvfifo.rf/grf.rf/gntv_or_sync_fifo.gcx.clkx/rd_pntr_cdc_inst/src_gray_ff_reg[11]/C
    SLICE_X28Y21         FDRE (Prop_fdre_C_Q)         0.348     0.348 r  camera_fifo_inst/U0/inst_fifo_gen/gconvfifo.rf/grf.rf/gntv_or_sync_fifo.gcx.clkx/rd_pntr_cdc_inst/src_gray_ff_reg[11]/Q
                         net (fo=1, routed)           0.446     0.794    camera_fifo_inst/U0/inst_fifo_gen/gconvfifo.rf/grf.rf/gntv_or_sync_fifo.gcx.clkx/rd_pntr_cdc_inst/async_path[11]
    SLICE_X29Y21         FDRE                                         r  camera_fifo_inst/U0/inst_fifo_gen/gconvfifo.rf/grf.rf/gntv_or_sync_fifo.gcx.clkx/rd_pntr_cdc_inst/dest_graysync_ff_reg[0][11]/D
  -------------------------------------------------------------------    -------------------

                         max delay                    8.000     8.000    
    SLICE_X29Y21         FDRE (Setup_fdre_C_D)       -0.208     7.792    camera_fifo_inst/U0/inst_fifo_gen/gconvfifo.rf/grf.rf/gntv_or_sync_fifo.gcx.clkx/rd_pntr_cdc_inst/dest_graysync_ff_reg[0][11]
  -------------------------------------------------------------------
                         required time                          7.792    
                         arrival time                          -0.794    
  -------------------------------------------------------------------
                         slack                                  6.998    

Slack (MET) :             7.046ns  (required time - arrival time)
  Source:                 camera_fifo_inst/U0/inst_fifo_gen/gconvfifo.rf/grf.rf/gntv_or_sync_fifo.gcx.clkx/rd_pntr_cdc_inst/src_gray_ff_reg[0]/C
                            (rising edge-triggered cell FDRE clocked by rx_clk  {rise@0.000ns fall@4.000ns period=8.000ns})
  Destination:            camera_fifo_inst/U0/inst_fifo_gen/gconvfifo.rf/grf.rf/gntv_or_sync_fifo.gcx.clkx/rd_pntr_cdc_inst/dest_graysync_ff_reg[0][0]/D
                            (rising edge-triggered cell FDRE clocked by cmos2_pclk  {rise@0.000ns fall@5.952ns period=11.904ns})
  Path Group:             cmos2_pclk
  Path Type:              Setup (Max at Slow Process Corner)
  Requirement:            8.000ns  (MaxDelay Path 8.000ns)
  Data Path Delay:        0.879ns  (logic 0.379ns (43.123%)  route 0.500ns (56.877%))
  Logic Levels:           0  
  Timing Exception:       MaxDelay Path 8.000ns -datapath_only

    Location             Delay type                Incr(ns)  Path(ns)    Netlist Resource(s)
  -------------------------------------------------------------------    -------------------
    SLICE_X15Y18                                      0.000     0.000 r  camera_fifo_inst/U0/inst_fifo_gen/gconvfifo.rf/grf.rf/gntv_or_sync_fifo.gcx.clkx/rd_pntr_cdc_inst/src_gray_ff_reg[0]/C
    SLICE_X15Y18         FDRE (Prop_fdre_C_Q)         0.379     0.379 r  camera_fifo_inst/U0/inst_fifo_gen/gconvfifo.rf/grf.rf/gntv_or_sync_fifo.gcx.clkx/rd_pntr_cdc_inst/src_gray_ff_reg[0]/Q
                         net (fo=1, routed)           0.500     0.879    camera_fifo_inst/U0/inst_fifo_gen/gconvfifo.rf/grf.rf/gntv_or_sync_fifo.gcx.clkx/rd_pntr_cdc_inst/async_path[0]
    SLICE_X28Y18         FDRE                                         r  camera_fifo_inst/U0/inst_fifo_gen/gconvfifo.rf/grf.rf/gntv_or_sync_fifo.gcx.clkx/rd_pntr_cdc_inst/dest_graysync_ff_reg[0][0]/D
  -------------------------------------------------------------------    -------------------

                         max delay                    8.000     8.000    
    SLICE_X28Y18         FDRE (Setup_fdre_C_D)       -0.075     7.925    camera_fifo_inst/U0/inst_fifo_gen/gconvfifo.rf/grf.rf/gntv_or_sync_fifo.gcx.clkx/rd_pntr_cdc_inst/dest_graysync_ff_reg[0][0]
  -------------------------------------------------------------------
                         required time                          7.925    
                         arrival time                          -0.879    
  -------------------------------------------------------------------
                         slack                                  7.046    

Slack (MET) :             7.063ns  (required time - arrival time)
  Source:                 camera_fifo_inst/U0/inst_fifo_gen/gconvfifo.rf/grf.rf/gntv_or_sync_fifo.gcx.clkx/rd_pntr_cdc_inst/src_gray_ff_reg[5]/C
                            (rising edge-triggered cell FDRE clocked by rx_clk  {rise@0.000ns fall@4.000ns period=8.000ns})
  Destination:            camera_fifo_inst/U0/inst_fifo_gen/gconvfifo.rf/grf.rf/gntv_or_sync_fifo.gcx.clkx/rd_pntr_cdc_inst/dest_graysync_ff_reg[0][5]/D
                            (rising edge-triggered cell FDRE clocked by cmos2_pclk  {rise@0.000ns fall@5.952ns period=11.904ns})
  Path Group:             cmos2_pclk
  Path Type:              Setup (Max at Slow Process Corner)
  Requirement:            8.000ns  (MaxDelay Path 8.000ns)
  Data Path Delay:        0.731ns  (logic 0.348ns (47.610%)  route 0.383ns (52.390%))
  Logic Levels:           0  
  Timing Exception:       MaxDelay Path 8.000ns -datapath_only

    Location             Delay type                Incr(ns)  Path(ns)    Netlist Resource(s)
  -------------------------------------------------------------------    -------------------
    SLICE_X28Y19                                      0.000     0.000 r  camera_fifo_inst/U0/inst_fifo_gen/gconvfifo.rf/grf.rf/gntv_or_sync_fifo.gcx.clkx/rd_pntr_cdc_inst/src_gray_ff_reg[5]/C
    SLICE_X28Y19         FDRE (Prop_fdre_C_Q)         0.348     0.348 r  camera_fifo_inst/U0/inst_fifo_gen/gconvfifo.rf/grf.rf/gntv_or_sync_fifo.gcx.clkx/rd_pntr_cdc_inst/src_gray_ff_reg[5]/Q
                         net (fo=1, routed)           0.383     0.731    camera_fifo_inst/U0/inst_fifo_gen/gconvfifo.rf/grf.rf/gntv_or_sync_fifo.gcx.clkx/rd_pntr_cdc_inst/async_path[5]
    SLICE_X28Y18         FDRE                                         r  camera_fifo_inst/U0/inst_fifo_gen/gconvfifo.rf/grf.rf/gntv_or_sync_fifo.gcx.clkx/rd_pntr_cdc_inst/dest_graysync_ff_reg[0][5]/D
  -------------------------------------------------------------------    -------------------

                         max delay                    8.000     8.000    
    SLICE_X28Y18         FDRE (Setup_fdre_C_D)       -0.206     7.794    camera_fifo_inst/U0/inst_fifo_gen/gconvfifo.rf/grf.rf/gntv_or_sync_fifo.gcx.clkx/rd_pntr_cdc_inst/dest_graysync_ff_reg[0][5]
  -------------------------------------------------------------------
                         required time                          7.794    
                         arrival time                          -0.731    
  -------------------------------------------------------------------
                         slack                                  7.063    

Slack (MET) :             7.086ns  (required time - arrival time)
  Source:                 camera_fifo_inst/U0/inst_fifo_gen/gconvfifo.rf/grf.rf/gntv_or_sync_fifo.gcx.clkx/rd_pntr_cdc_inst/src_gray_ff_reg[10]/C
                            (rising edge-triggered cell FDRE clocked by rx_clk  {rise@0.000ns fall@4.000ns period=8.000ns})
  Destination:            camera_fifo_inst/U0/inst_fifo_gen/gconvfifo.rf/grf.rf/gntv_or_sync_fifo.gcx.clkx/rd_pntr_cdc_inst/dest_graysync_ff_reg[0][10]/D
                            (rising edge-triggered cell FDRE clocked by cmos2_pclk  {rise@0.000ns fall@5.952ns period=11.904ns})
  Path Group:             cmos2_pclk
  Path Type:              Setup (Max at Slow Process Corner)
  Requirement:            8.000ns  (MaxDelay Path 8.000ns)
  Data Path Delay:        0.839ns  (logic 0.379ns (45.154%)  route 0.460ns (54.846%))
  Logic Levels:           0  
  Timing Exception:       MaxDelay Path 8.000ns -datapath_only

    Location             Delay type                Incr(ns)  Path(ns)    Netlist Resource(s)
  -------------------------------------------------------------------    -------------------
    SLICE_X28Y21                                      0.000     0.000 r  camera_fifo_inst/U0/inst_fifo_gen/gconvfifo.rf/grf.rf/gntv_or_sync_fifo.gcx.clkx/rd_pntr_cdc_inst/src_gray_ff_reg[10]/C
    SLICE_X28Y21         FDRE (Prop_fdre_C_Q)         0.379     0.379 r  camera_fifo_inst/U0/inst_fifo_gen/gconvfifo.rf/grf.rf/gntv_or_sync_fifo.gcx.clkx/rd_pntr_cdc_inst/src_gray_ff_reg[10]/Q
                         net (fo=1, routed)           0.460     0.839    camera_fifo_inst/U0/inst_fifo_gen/gconvfifo.rf/grf.rf/gntv_or_sync_fifo.gcx.clkx/rd_pntr_cdc_inst/async_path[10]
    SLICE_X29Y21         FDRE                                         r  camera_fifo_inst/U0/inst_fifo_gen/gconvfifo.rf/grf.rf/gntv_or_sync_fifo.gcx.clkx/rd_pntr_cdc_inst/dest_graysync_ff_reg[0][10]/D
  -------------------------------------------------------------------    -------------------

                         max delay                    8.000     8.000    
    SLICE_X29Y21         FDRE (Setup_fdre_C_D)       -0.075     7.925    camera_fifo_inst/U0/inst_fifo_gen/gconvfifo.rf/grf.rf/gntv_or_sync_fifo.gcx.clkx/rd_pntr_cdc_inst/dest_graysync_ff_reg[0][10]
  -------------------------------------------------------------------
                         required time                          7.925    
                         arrival time                          -0.839    
  -------------------------------------------------------------------
                         slack                                  7.086    

Slack (MET) :             7.097ns  (required time - arrival time)
  Source:                 camera_fifo_inst/U0/inst_fifo_gen/gconvfifo.rf/grf.rf/gntv_or_sync_fifo.gcx.clkx/rd_pntr_cdc_inst/src_gray_ff_reg[3]/C
                            (rising edge-triggered cell FDRE clocked by rx_clk  {rise@0.000ns fall@4.000ns period=8.000ns})
  Destination:            camera_fifo_inst/U0/inst_fifo_gen/gconvfifo.rf/grf.rf/gntv_or_sync_fifo.gcx.clkx/rd_pntr_cdc_inst/dest_graysync_ff_reg[0][3]/D
                            (rising edge-triggered cell FDRE clocked by cmos2_pclk  {rise@0.000ns fall@5.952ns period=11.904ns})
  Path Group:             cmos2_pclk
  Path Type:              Setup (Max at Slow Process Corner)
  Requirement:            8.000ns  (MaxDelay Path 8.000ns)
  Data Path Delay:        0.691ns  (logic 0.348ns (50.388%)  route 0.343ns (49.612%))
  Logic Levels:           0  
  Timing Exception:       MaxDelay Path 8.000ns -datapath_only

    Location             Delay type                Incr(ns)  Path(ns)    Netlist Resource(s)
  -------------------------------------------------------------------    -------------------
    SLICE_X28Y19                                      0.000     0.000 r  camera_fifo_inst/U0/inst_fifo_gen/gconvfifo.rf/grf.rf/gntv_or_sync_fifo.gcx.clkx/rd_pntr_cdc_inst/src_gray_ff_reg[3]/C
    SLICE_X28Y19         FDRE (Prop_fdre_C_Q)         0.348     0.348 r  camera_fifo_inst/U0/inst_fifo_gen/gconvfifo.rf/grf.rf/gntv_or_sync_fifo.gcx.clkx/rd_pntr_cdc_inst/src_gray_ff_reg[3]/Q
                         net (fo=1, routed)           0.343     0.691    camera_fifo_inst/U0/inst_fifo_gen/gconvfifo.rf/grf.rf/gntv_or_sync_fifo.gcx.clkx/rd_pntr_cdc_inst/async_path[3]
    SLICE_X28Y17         FDRE                                         r  camera_fifo_inst/U0/inst_fifo_gen/gconvfifo.rf/grf.rf/gntv_or_sync_fifo.gcx.clkx/rd_pntr_cdc_inst/dest_graysync_ff_reg[0][3]/D
  -------------------------------------------------------------------    -------------------

                         max delay                    8.000     8.000    
    SLICE_X28Y17         FDRE (Setup_fdre_C_D)       -0.212     7.788    camera_fifo_inst/U0/inst_fifo_gen/gconvfifo.rf/grf.rf/gntv_or_sync_fifo.gcx.clkx/rd_pntr_cdc_inst/dest_graysync_ff_reg[0][3]
  -------------------------------------------------------------------
                         required time                          7.788    
                         arrival time                          -0.691    
  -------------------------------------------------------------------
                         slack                                  7.097    

Slack (MET) :             7.116ns  (required time - arrival time)
  Source:                 camera_fifo_inst/U0/inst_fifo_gen/gconvfifo.rf/grf.rf/gntv_or_sync_fifo.gcx.clkx/rd_pntr_cdc_inst/src_gray_ff_reg[8]/C
                            (rising edge-triggered cell FDRE clocked by rx_clk  {rise@0.000ns fall@4.000ns period=8.000ns})
  Destination:            camera_fifo_inst/U0/inst_fifo_gen/gconvfifo.rf/grf.rf/gntv_or_sync_fifo.gcx.clkx/rd_pntr_cdc_inst/dest_graysync_ff_reg[0][8]/D
                            (rising edge-triggered cell FDRE clocked by cmos2_pclk  {rise@0.000ns fall@5.952ns period=11.904ns})
  Path Group:             cmos2_pclk
  Path Type:              Setup (Max at Slow Process Corner)
  Requirement:            8.000ns  (MaxDelay Path 8.000ns)
  Data Path Delay:        0.855ns  (logic 0.379ns (44.306%)  route 0.476ns (55.694%))
  Logic Levels:           0  
  Timing Exception:       MaxDelay Path 8.000ns -datapath_only

    Location             Delay type                Incr(ns)  Path(ns)    Netlist Resource(s)
  -------------------------------------------------------------------    -------------------
    SLICE_X28Y21                                      0.000     0.000 r  camera_fifo_inst/U0/inst_fifo_gen/gconvfifo.rf/grf.rf/gntv_or_sync_fifo.gcx.clkx/rd_pntr_cdc_inst/src_gray_ff_reg[8]/C
    SLICE_X28Y21         FDRE (Prop_fdre_C_Q)         0.379     0.379 r  camera_fifo_inst/U0/inst_fifo_gen/gconvfifo.rf/grf.rf/gntv_or_sync_fifo.gcx.clkx/rd_pntr_cdc_inst/src_gray_ff_reg[8]/Q
                         net (fo=1, routed)           0.476     0.855    camera_fifo_inst/U0/inst_fifo_gen/gconvfifo.rf/grf.rf/gntv_or_sync_fifo.gcx.clkx/rd_pntr_cdc_inst/async_path[8]
    SLICE_X30Y21         FDRE                                         r  camera_fifo_inst/U0/inst_fifo_gen/gconvfifo.rf/grf.rf/gntv_or_sync_fifo.gcx.clkx/rd_pntr_cdc_inst/dest_graysync_ff_reg[0][8]/D
  -------------------------------------------------------------------    -------------------

                         max delay                    8.000     8.000    
    SLICE_X30Y21         FDRE (Setup_fdre_C_D)       -0.029     7.971    camera_fifo_inst/U0/inst_fifo_gen/gconvfifo.rf/grf.rf/gntv_or_sync_fifo.gcx.clkx/rd_pntr_cdc_inst/dest_graysync_ff_reg[0][8]
  -------------------------------------------------------------------
                         required time                          7.971    
                         arrival time                          -0.855    
  -------------------------------------------------------------------
                         slack                                  7.116    

Slack (MET) :             7.165ns  (required time - arrival time)
  Source:                 camera_fifo_inst/U0/inst_fifo_gen/gconvfifo.rf/grf.rf/gntv_or_sync_fifo.gcx.clkx/rd_pntr_cdc_inst/src_gray_ff_reg[6]/C
                            (rising edge-triggered cell FDRE clocked by rx_clk  {rise@0.000ns fall@4.000ns period=8.000ns})
  Destination:            camera_fifo_inst/U0/inst_fifo_gen/gconvfifo.rf/grf.rf/gntv_or_sync_fifo.gcx.clkx/rd_pntr_cdc_inst/dest_graysync_ff_reg[0][6]/D
                            (rising edge-triggered cell FDRE clocked by cmos2_pclk  {rise@0.000ns fall@5.952ns period=11.904ns})
  Path Group:             cmos2_pclk
  Path Type:              Setup (Max at Slow Process Corner)
  Requirement:            8.000ns  (MaxDelay Path 8.000ns)
  Data Path Delay:        0.762ns  (logic 0.379ns (49.754%)  route 0.383ns (50.246%))
  Logic Levels:           0  
  Timing Exception:       MaxDelay Path 8.000ns -datapath_only

    Location             Delay type                Incr(ns)  Path(ns)    Netlist Resource(s)
  -------------------------------------------------------------------    -------------------
    SLICE_X28Y20                                      0.000     0.000 r  camera_fifo_inst/U0/inst_fifo_gen/gconvfifo.rf/grf.rf/gntv_or_sync_fifo.gcx.clkx/rd_pntr_cdc_inst/src_gray_ff_reg[6]/C
    SLICE_X28Y20         FDRE (Prop_fdre_C_Q)         0.379     0.379 r  camera_fifo_inst/U0/inst_fifo_gen/gconvfifo.rf/grf.rf/gntv_or_sync_fifo.gcx.clkx/rd_pntr_cdc_inst/src_gray_ff_reg[6]/Q
                         net (fo=1, routed)           0.383     0.762    camera_fifo_inst/U0/inst_fifo_gen/gconvfifo.rf/grf.rf/gntv_or_sync_fifo.gcx.clkx/rd_pntr_cdc_inst/async_path[6]
    SLICE_X29Y21         FDRE                                         r  camera_fifo_inst/U0/inst_fifo_gen/gconvfifo.rf/grf.rf/gntv_or_sync_fifo.gcx.clkx/rd_pntr_cdc_inst/dest_graysync_ff_reg[0][6]/D
  -------------------------------------------------------------------    -------------------

                         max delay                    8.000     8.000    
    SLICE_X29Y21         FDRE (Setup_fdre_C_D)       -0.073     7.927    camera_fifo_inst/U0/inst_fifo_gen/gconvfifo.rf/grf.rf/gntv_or_sync_fifo.gcx.clkx/rd_pntr_cdc_inst/dest_graysync_ff_reg[0][6]
  -------------------------------------------------------------------
                         required time                          7.927    
                         arrival time                          -0.762    
  -------------------------------------------------------------------
                         slack                                  7.165    





---------------------------------------------------------------------------------------------------
From Clock:  cmos1_pclk
  To Clock:  rx_clk

Setup :            0  Failing Endpoints,  Worst Slack       10.856ns,  Total Violation        0.000ns
Hold  :           NA  Failing Endpoints,  Worst Slack           NA  ,  Total Violation           NA
---------------------------------------------------------------------------------------------------


Max Delay Paths
--------------------------------------------------------------------------------------
Slack (MET) :             10.856ns  (required time - arrival time)
  Source:                 camera_fifo_inst/U0/inst_fifo_gen/gconvfifo.rf/grf.rf/gntv_or_sync_fifo.gcx.clkx/wr_pntr_cdc_inst/src_gray_ff_reg[10]/C
                            (rising edge-triggered cell FDRE clocked by cmos1_pclk  {rise@0.000ns fall@5.952ns period=11.904ns})
  Destination:            camera_fifo_inst/U0/inst_fifo_gen/gconvfifo.rf/grf.rf/gntv_or_sync_fifo.gcx.clkx/wr_pntr_cdc_inst/dest_graysync_ff_reg[0][10]/D
                            (rising edge-triggered cell FDRE clocked by rx_clk  {rise@0.000ns fall@4.000ns period=8.000ns})
  Path Group:             rx_clk
  Path Type:              Setup (Max at Slow Process Corner)
  Requirement:            11.904ns  (MaxDelay Path 11.904ns)
  Data Path Delay:        1.015ns  (logic 0.433ns (42.642%)  route 0.582ns (57.358%))
  Logic Levels:           0  
  Timing Exception:       MaxDelay Path 11.904ns -datapath_only

    Location             Delay type                Incr(ns)  Path(ns)    Netlist Resource(s)
  -------------------------------------------------------------------    -------------------
    SLICE_X12Y19                                      0.000     0.000 r  camera_fifo_inst/U0/inst_fifo_gen/gconvfifo.rf/grf.rf/gntv_or_sync_fifo.gcx.clkx/wr_pntr_cdc_inst/src_gray_ff_reg[10]/C
    SLICE_X12Y19         FDRE (Prop_fdre_C_Q)         0.433     0.433 r  camera_fifo_inst/U0/inst_fifo_gen/gconvfifo.rf/grf.rf/gntv_or_sync_fifo.gcx.clkx/wr_pntr_cdc_inst/src_gray_ff_reg[10]/Q
                         net (fo=1, routed)           0.582     1.015    camera_fifo_inst/U0/inst_fifo_gen/gconvfifo.rf/grf.rf/gntv_or_sync_fifo.gcx.clkx/wr_pntr_cdc_inst/async_path[10]
    SLICE_X12Y20         FDRE                                         r  camera_fifo_inst/U0/inst_fifo_gen/gconvfifo.rf/grf.rf/gntv_or_sync_fifo.gcx.clkx/wr_pntr_cdc_inst/dest_graysync_ff_reg[0][10]/D
  -------------------------------------------------------------------    -------------------

                         max delay                   11.904    11.904    
    SLICE_X12Y20         FDRE (Setup_fdre_C_D)       -0.033    11.871    camera_fifo_inst/U0/inst_fifo_gen/gconvfifo.rf/grf.rf/gntv_or_sync_fifo.gcx.clkx/wr_pntr_cdc_inst/dest_graysync_ff_reg[0][10]
  -------------------------------------------------------------------
                         required time                         11.871    
                         arrival time                          -1.015    
  -------------------------------------------------------------------
                         slack                                 10.856    

Slack (MET) :             10.932ns  (required time - arrival time)
  Source:                 camera_fifo_inst/U0/inst_fifo_gen/gconvfifo.rf/grf.rf/gntv_or_sync_fifo.gcx.clkx/wr_pntr_cdc_inst/src_gray_ff_reg[3]/C
                            (rising edge-triggered cell FDRE clocked by cmos1_pclk  {rise@0.000ns fall@5.952ns period=11.904ns})
  Destination:            camera_fifo_inst/U0/inst_fifo_gen/gconvfifo.rf/grf.rf/gntv_or_sync_fifo.gcx.clkx/wr_pntr_cdc_inst/dest_graysync_ff_reg[0][3]/D
                            (rising edge-triggered cell FDRE clocked by rx_clk  {rise@0.000ns fall@4.000ns period=8.000ns})
  Path Group:             rx_clk
  Path Type:              Setup (Max at Slow Process Corner)
  Requirement:            11.904ns  (MaxDelay Path 11.904ns)
  Data Path Delay:        0.769ns  (logic 0.398ns (51.781%)  route 0.371ns (48.219%))
  Logic Levels:           0  
  Timing Exception:       MaxDelay Path 11.904ns -datapath_only

    Location             Delay type                Incr(ns)  Path(ns)    Netlist Resource(s)
  -------------------------------------------------------------------    -------------------
    SLICE_X14Y17                                      0.000     0.000 r  camera_fifo_inst/U0/inst_fifo_gen/gconvfifo.rf/grf.rf/gntv_or_sync_fifo.gcx.clkx/wr_pntr_cdc_inst/src_gray_ff_reg[3]/C
    SLICE_X14Y17         FDRE (Prop_fdre_C_Q)         0.398     0.398 r  camera_fifo_inst/U0/inst_fifo_gen/gconvfifo.rf/grf.rf/gntv_or_sync_fifo.gcx.clkx/wr_pntr_cdc_inst/src_gray_ff_reg[3]/Q
                         net (fo=1, routed)           0.371     0.769    camera_fifo_inst/U0/inst_fifo_gen/gconvfifo.rf/grf.rf/gntv_or_sync_fifo.gcx.clkx/wr_pntr_cdc_inst/async_path[3]
    SLICE_X15Y17         FDRE                                         r  camera_fifo_inst/U0/inst_fifo_gen/gconvfifo.rf/grf.rf/gntv_or_sync_fifo.gcx.clkx/wr_pntr_cdc_inst/dest_graysync_ff_reg[0][3]/D
  -------------------------------------------------------------------    -------------------

                         max delay                   11.904    11.904    
    SLICE_X15Y17         FDRE (Setup_fdre_C_D)       -0.203    11.701    camera_fifo_inst/U0/inst_fifo_gen/gconvfifo.rf/grf.rf/gntv_or_sync_fifo.gcx.clkx/wr_pntr_cdc_inst/dest_graysync_ff_reg[0][3]
  -------------------------------------------------------------------
                         required time                         11.701    
                         arrival time                          -0.769    
  -------------------------------------------------------------------
                         slack                                 10.932    

Slack (MET) :             10.952ns  (required time - arrival time)
  Source:                 camera_fifo_inst/U0/inst_fifo_gen/gconvfifo.rf/grf.rf/gntv_or_sync_fifo.gcx.clkx/wr_pntr_cdc_inst/src_gray_ff_reg[9]/C
                            (rising edge-triggered cell FDRE clocked by cmos1_pclk  {rise@0.000ns fall@5.952ns period=11.904ns})
  Destination:            camera_fifo_inst/U0/inst_fifo_gen/gconvfifo.rf/grf.rf/gntv_or_sync_fifo.gcx.clkx/wr_pntr_cdc_inst/dest_graysync_ff_reg[0][9]/D
                            (rising edge-triggered cell FDRE clocked by rx_clk  {rise@0.000ns fall@4.000ns period=8.000ns})
  Path Group:             rx_clk
  Path Type:              Setup (Max at Slow Process Corner)
  Requirement:            11.904ns  (MaxDelay Path 11.904ns)
  Data Path Delay:        0.790ns  (logic 0.398ns (50.404%)  route 0.392ns (49.596%))
  Logic Levels:           0  
  Timing Exception:       MaxDelay Path 11.904ns -datapath_only

    Location             Delay type                Incr(ns)  Path(ns)    Netlist Resource(s)
  -------------------------------------------------------------------    -------------------
    SLICE_X12Y19                                      0.000     0.000 r  camera_fifo_inst/U0/inst_fifo_gen/gconvfifo.rf/grf.rf/gntv_or_sync_fifo.gcx.clkx/wr_pntr_cdc_inst/src_gray_ff_reg[9]/C
    SLICE_X12Y19         FDRE (Prop_fdre_C_Q)         0.398     0.398 r  camera_fifo_inst/U0/inst_fifo_gen/gconvfifo.rf/grf.rf/gntv_or_sync_fifo.gcx.clkx/wr_pntr_cdc_inst/src_gray_ff_reg[9]/Q
                         net (fo=1, routed)           0.392     0.790    camera_fifo_inst/U0/inst_fifo_gen/gconvfifo.rf/grf.rf/gntv_or_sync_fifo.gcx.clkx/wr_pntr_cdc_inst/async_path[9]
    SLICE_X12Y21         FDRE                                         r  camera_fifo_inst/U0/inst_fifo_gen/gconvfifo.rf/grf.rf/gntv_or_sync_fifo.gcx.clkx/wr_pntr_cdc_inst/dest_graysync_ff_reg[0][9]/D
  -------------------------------------------------------------------    -------------------

                         max delay                   11.904    11.904    
    SLICE_X12Y21         FDRE (Setup_fdre_C_D)       -0.162    11.742    camera_fifo_inst/U0/inst_fifo_gen/gconvfifo.rf/grf.rf/gntv_or_sync_fifo.gcx.clkx/wr_pntr_cdc_inst/dest_graysync_ff_reg[0][9]
  -------------------------------------------------------------------
                         required time                         11.742    
                         arrival time                          -0.790    
  -------------------------------------------------------------------
                         slack                                 10.952    

Slack (MET) :             10.995ns  (required time - arrival time)
  Source:                 camera_fifo_inst/U0/inst_fifo_gen/gconvfifo.rf/grf.rf/gntv_or_sync_fifo.gcx.clkx/wr_pntr_cdc_inst/src_gray_ff_reg[1]/C
                            (rising edge-triggered cell FDRE clocked by cmos1_pclk  {rise@0.000ns fall@5.952ns period=11.904ns})
  Destination:            camera_fifo_inst/U0/inst_fifo_gen/gconvfifo.rf/grf.rf/gntv_or_sync_fifo.gcx.clkx/wr_pntr_cdc_inst/dest_graysync_ff_reg[0][1]/D
                            (rising edge-triggered cell FDRE clocked by rx_clk  {rise@0.000ns fall@4.000ns period=8.000ns})
  Path Group:             rx_clk
  Path Type:              Setup (Max at Slow Process Corner)
  Requirement:            11.904ns  (MaxDelay Path 11.904ns)
  Data Path Delay:        0.753ns  (logic 0.398ns (52.883%)  route 0.355ns (47.117%))
  Logic Levels:           0  
  Timing Exception:       MaxDelay Path 11.904ns -datapath_only

    Location             Delay type                Incr(ns)  Path(ns)    Netlist Resource(s)
  -------------------------------------------------------------------    -------------------
    SLICE_X14Y17                                      0.000     0.000 r  camera_fifo_inst/U0/inst_fifo_gen/gconvfifo.rf/grf.rf/gntv_or_sync_fifo.gcx.clkx/wr_pntr_cdc_inst/src_gray_ff_reg[1]/C
    SLICE_X14Y17         FDRE (Prop_fdre_C_Q)         0.398     0.398 r  camera_fifo_inst/U0/inst_fifo_gen/gconvfifo.rf/grf.rf/gntv_or_sync_fifo.gcx.clkx/wr_pntr_cdc_inst/src_gray_ff_reg[1]/Q
                         net (fo=1, routed)           0.355     0.753    camera_fifo_inst/U0/inst_fifo_gen/gconvfifo.rf/grf.rf/gntv_or_sync_fifo.gcx.clkx/wr_pntr_cdc_inst/async_path[1]
    SLICE_X14Y16         FDRE                                         r  camera_fifo_inst/U0/inst_fifo_gen/gconvfifo.rf/grf.rf/gntv_or_sync_fifo.gcx.clkx/wr_pntr_cdc_inst/dest_graysync_ff_reg[0][1]/D
  -------------------------------------------------------------------    -------------------

                         max delay                   11.904    11.904    
    SLICE_X14Y16         FDRE (Setup_fdre_C_D)       -0.156    11.748    camera_fifo_inst/U0/inst_fifo_gen/gconvfifo.rf/grf.rf/gntv_or_sync_fifo.gcx.clkx/wr_pntr_cdc_inst/dest_graysync_ff_reg[0][1]
  -------------------------------------------------------------------
                         required time                         11.748    
                         arrival time                          -0.753    
  -------------------------------------------------------------------
                         slack                                 10.995    

Slack (MET) :             10.996ns  (required time - arrival time)
  Source:                 camera_fifo_inst/U0/inst_fifo_gen/gconvfifo.rf/grf.rf/gntv_or_sync_fifo.gcx.clkx/wr_pntr_cdc_inst/src_gray_ff_reg[11]/C
                            (rising edge-triggered cell FDRE clocked by cmos1_pclk  {rise@0.000ns fall@5.952ns period=11.904ns})
  Destination:            camera_fifo_inst/U0/inst_fifo_gen/gconvfifo.rf/grf.rf/gntv_or_sync_fifo.gcx.clkx/wr_pntr_cdc_inst/dest_graysync_ff_reg[0][11]/D
                            (rising edge-triggered cell FDRE clocked by rx_clk  {rise@0.000ns fall@4.000ns period=8.000ns})
  Path Group:             rx_clk
  Path Type:              Setup (Max at Slow Process Corner)
  Requirement:            11.904ns  (MaxDelay Path 11.904ns)
  Data Path Delay:        0.835ns  (logic 0.379ns (45.384%)  route 0.456ns (54.616%))
  Logic Levels:           0  
  Timing Exception:       MaxDelay Path 11.904ns -datapath_only

    Location             Delay type                Incr(ns)  Path(ns)    Netlist Resource(s)
  -------------------------------------------------------------------    -------------------
    SLICE_X29Y21                                      0.000     0.000 r  camera_fifo_inst/U0/inst_fifo_gen/gconvfifo.rf/grf.rf/gntv_or_sync_fifo.gcx.clkx/wr_pntr_cdc_inst/src_gray_ff_reg[11]/C
    SLICE_X29Y21         FDRE (Prop_fdre_C_Q)         0.379     0.379 r  camera_fifo_inst/U0/inst_fifo_gen/gconvfifo.rf/grf.rf/gntv_or_sync_fifo.gcx.clkx/wr_pntr_cdc_inst/src_gray_ff_reg[11]/Q
                         net (fo=1, routed)           0.456     0.835    camera_fifo_inst/U0/inst_fifo_gen/gconvfifo.rf/grf.rf/gntv_or_sync_fifo.gcx.clkx/wr_pntr_cdc_inst/async_path[11]
    SLICE_X28Y21         FDRE                                         r  camera_fifo_inst/U0/inst_fifo_gen/gconvfifo.rf/grf.rf/gntv_or_sync_fifo.gcx.clkx/wr_pntr_cdc_inst/dest_graysync_ff_reg[0][11]/D
  -------------------------------------------------------------------    -------------------

                         max delay                   11.904    11.904    
    SLICE_X28Y21         FDRE (Setup_fdre_C_D)       -0.073    11.831    camera_fifo_inst/U0/inst_fifo_gen/gconvfifo.rf/grf.rf/gntv_or_sync_fifo.gcx.clkx/wr_pntr_cdc_inst/dest_graysync_ff_reg[0][11]
  -------------------------------------------------------------------
                         required time                         11.831    
                         arrival time                          -0.835    
  -------------------------------------------------------------------
                         slack                                 10.996    

Slack (MET) :             10.998ns  (required time - arrival time)
  Source:                 camera_fifo_inst/U0/inst_fifo_gen/gconvfifo.rf/grf.rf/gntv_or_sync_fifo.gcx.clkx/wr_pntr_cdc_inst/src_gray_ff_reg[5]/C
                            (rising edge-triggered cell FDRE clocked by cmos1_pclk  {rise@0.000ns fall@5.952ns period=11.904ns})
  Destination:            camera_fifo_inst/U0/inst_fifo_gen/gconvfifo.rf/grf.rf/gntv_or_sync_fifo.gcx.clkx/wr_pntr_cdc_inst/dest_graysync_ff_reg[0][5]/D
                            (rising edge-triggered cell FDRE clocked by rx_clk  {rise@0.000ns fall@4.000ns period=8.000ns})
  Path Group:             rx_clk
  Path Type:              Setup (Max at Slow Process Corner)
  Requirement:            11.904ns  (MaxDelay Path 11.904ns)
  Data Path Delay:        0.747ns  (logic 0.398ns (53.295%)  route 0.349ns (46.705%))
  Logic Levels:           0  
  Timing Exception:       MaxDelay Path 11.904ns -datapath_only

    Location             Delay type                Incr(ns)  Path(ns)    Netlist Resource(s)
  -------------------------------------------------------------------    -------------------
    SLICE_X12Y19                                      0.000     0.000 r  camera_fifo_inst/U0/inst_fifo_gen/gconvfifo.rf/grf.rf/gntv_or_sync_fifo.gcx.clkx/wr_pntr_cdc_inst/src_gray_ff_reg[5]/C
    SLICE_X12Y19         FDRE (Prop_fdre_C_Q)         0.398     0.398 r  camera_fifo_inst/U0/inst_fifo_gen/gconvfifo.rf/grf.rf/gntv_or_sync_fifo.gcx.clkx/wr_pntr_cdc_inst/src_gray_ff_reg[5]/Q
                         net (fo=1, routed)           0.349     0.747    camera_fifo_inst/U0/inst_fifo_gen/gconvfifo.rf/grf.rf/gntv_or_sync_fifo.gcx.clkx/wr_pntr_cdc_inst/async_path[5]
    SLICE_X12Y18         FDRE                                         r  camera_fifo_inst/U0/inst_fifo_gen/gconvfifo.rf/grf.rf/gntv_or_sync_fifo.gcx.clkx/wr_pntr_cdc_inst/dest_graysync_ff_reg[0][5]/D
  -------------------------------------------------------------------    -------------------

                         max delay                   11.904    11.904    
    SLICE_X12Y18         FDRE (Setup_fdre_C_D)       -0.159    11.745    camera_fifo_inst/U0/inst_fifo_gen/gconvfifo.rf/grf.rf/gntv_or_sync_fifo.gcx.clkx/wr_pntr_cdc_inst/dest_graysync_ff_reg[0][5]
  -------------------------------------------------------------------
                         required time                         11.745    
                         arrival time                          -0.747    
  -------------------------------------------------------------------
                         slack                                 10.998    

Slack (MET) :             11.006ns  (required time - arrival time)
  Source:                 camera_fifo_inst/U0/inst_fifo_gen/gconvfifo.rf/grf.rf/gntv_or_sync_fifo.gcx.clkx/wr_pntr_cdc_inst/src_gray_ff_reg[7]/C
                            (rising edge-triggered cell FDRE clocked by cmos1_pclk  {rise@0.000ns fall@5.952ns period=11.904ns})
  Destination:            camera_fifo_inst/U0/inst_fifo_gen/gconvfifo.rf/grf.rf/gntv_or_sync_fifo.gcx.clkx/wr_pntr_cdc_inst/dest_graysync_ff_reg[0][7]/D
                            (rising edge-triggered cell FDRE clocked by rx_clk  {rise@0.000ns fall@4.000ns period=8.000ns})
  Path Group:             rx_clk
  Path Type:              Setup (Max at Slow Process Corner)
  Requirement:            11.904ns  (MaxDelay Path 11.904ns)
  Data Path Delay:        0.742ns  (logic 0.398ns (53.622%)  route 0.344ns (46.378%))
  Logic Levels:           0  
  Timing Exception:       MaxDelay Path 11.904ns -datapath_only

    Location             Delay type                Incr(ns)  Path(ns)    Netlist Resource(s)
  -------------------------------------------------------------------    -------------------
    SLICE_X12Y19                                      0.000     0.000 r  camera_fifo_inst/U0/inst_fifo_gen/gconvfifo.rf/grf.rf/gntv_or_sync_fifo.gcx.clkx/wr_pntr_cdc_inst/src_gray_ff_reg[7]/C
    SLICE_X12Y19         FDRE (Prop_fdre_C_Q)         0.398     0.398 r  camera_fifo_inst/U0/inst_fifo_gen/gconvfifo.rf/grf.rf/gntv_or_sync_fifo.gcx.clkx/wr_pntr_cdc_inst/src_gray_ff_reg[7]/Q
                         net (fo=1, routed)           0.344     0.742    camera_fifo_inst/U0/inst_fifo_gen/gconvfifo.rf/grf.rf/gntv_or_sync_fifo.gcx.clkx/wr_pntr_cdc_inst/async_path[7]
    SLICE_X12Y20         FDRE                                         r  camera_fifo_inst/U0/inst_fifo_gen/gconvfifo.rf/grf.rf/gntv_or_sync_fifo.gcx.clkx/wr_pntr_cdc_inst/dest_graysync_ff_reg[0][7]/D
  -------------------------------------------------------------------    -------------------

                         max delay                   11.904    11.904    
    SLICE_X12Y20         FDRE (Setup_fdre_C_D)       -0.156    11.748    camera_fifo_inst/U0/inst_fifo_gen/gconvfifo.rf/grf.rf/gntv_or_sync_fifo.gcx.clkx/wr_pntr_cdc_inst/dest_graysync_ff_reg[0][7]
  -------------------------------------------------------------------
                         required time                         11.748    
                         arrival time                          -0.742    
  -------------------------------------------------------------------
                         slack                                 11.006    

Slack (MET) :             11.029ns  (required time - arrival time)
  Source:                 camera_fifo_inst/U0/inst_fifo_gen/gconvfifo.rf/grf.rf/gntv_or_sync_fifo.gcx.clkx/wr_pntr_cdc_inst/src_gray_ff_reg[2]/C
                            (rising edge-triggered cell FDRE clocked by cmos1_pclk  {rise@0.000ns fall@5.952ns period=11.904ns})
  Destination:            camera_fifo_inst/U0/inst_fifo_gen/gconvfifo.rf/grf.rf/gntv_or_sync_fifo.gcx.clkx/wr_pntr_cdc_inst/dest_graysync_ff_reg[0][2]/D
                            (rising edge-triggered cell FDRE clocked by rx_clk  {rise@0.000ns fall@4.000ns period=8.000ns})
  Path Group:             rx_clk
  Path Type:              Setup (Max at Slow Process Corner)
  Requirement:            11.904ns  (MaxDelay Path 11.904ns)
  Data Path Delay:        0.800ns  (logic 0.433ns (54.108%)  route 0.367ns (45.892%))
  Logic Levels:           0  
  Timing Exception:       MaxDelay Path 11.904ns -datapath_only

    Location             Delay type                Incr(ns)  Path(ns)    Netlist Resource(s)
  -------------------------------------------------------------------    -------------------
    SLICE_X14Y17                                      0.000     0.000 r  camera_fifo_inst/U0/inst_fifo_gen/gconvfifo.rf/grf.rf/gntv_or_sync_fifo.gcx.clkx/wr_pntr_cdc_inst/src_gray_ff_reg[2]/C
    SLICE_X14Y17         FDRE (Prop_fdre_C_Q)         0.433     0.433 r  camera_fifo_inst/U0/inst_fifo_gen/gconvfifo.rf/grf.rf/gntv_or_sync_fifo.gcx.clkx/wr_pntr_cdc_inst/src_gray_ff_reg[2]/Q
                         net (fo=1, routed)           0.367     0.800    camera_fifo_inst/U0/inst_fifo_gen/gconvfifo.rf/grf.rf/gntv_or_sync_fifo.gcx.clkx/wr_pntr_cdc_inst/async_path[2]
    SLICE_X15Y17         FDRE                                         r  camera_fifo_inst/U0/inst_fifo_gen/gconvfifo.rf/grf.rf/gntv_or_sync_fifo.gcx.clkx/wr_pntr_cdc_inst/dest_graysync_ff_reg[0][2]/D
  -------------------------------------------------------------------    -------------------

                         max delay                   11.904    11.904    
    SLICE_X15Y17         FDRE (Setup_fdre_C_D)       -0.075    11.829    camera_fifo_inst/U0/inst_fifo_gen/gconvfifo.rf/grf.rf/gntv_or_sync_fifo.gcx.clkx/wr_pntr_cdc_inst/dest_graysync_ff_reg[0][2]
  -------------------------------------------------------------------
                         required time                         11.829    
                         arrival time                          -0.800    
  -------------------------------------------------------------------
                         slack                                 11.029    

Slack (MET) :             11.037ns  (required time - arrival time)
  Source:                 camera_fifo_inst/U0/inst_fifo_gen/gconvfifo.rf/grf.rf/gntv_or_sync_fifo.gcx.clkx/wr_pntr_cdc_inst/src_gray_ff_reg[8]/C
                            (rising edge-triggered cell FDRE clocked by cmos1_pclk  {rise@0.000ns fall@5.952ns period=11.904ns})
  Destination:            camera_fifo_inst/U0/inst_fifo_gen/gconvfifo.rf/grf.rf/gntv_or_sync_fifo.gcx.clkx/wr_pntr_cdc_inst/dest_graysync_ff_reg[0][8]/D
                            (rising edge-triggered cell FDRE clocked by rx_clk  {rise@0.000ns fall@4.000ns period=8.000ns})
  Path Group:             rx_clk
  Path Type:              Setup (Max at Slow Process Corner)
  Requirement:            11.904ns  (MaxDelay Path 11.904ns)
  Data Path Delay:        0.836ns  (logic 0.433ns (51.811%)  route 0.403ns (48.189%))
  Logic Levels:           0  
  Timing Exception:       MaxDelay Path 11.904ns -datapath_only

    Location             Delay type                Incr(ns)  Path(ns)    Netlist Resource(s)
  -------------------------------------------------------------------    -------------------
    SLICE_X12Y19                                      0.000     0.000 r  camera_fifo_inst/U0/inst_fifo_gen/gconvfifo.rf/grf.rf/gntv_or_sync_fifo.gcx.clkx/wr_pntr_cdc_inst/src_gray_ff_reg[8]/C
    SLICE_X12Y19         FDRE (Prop_fdre_C_Q)         0.433     0.433 r  camera_fifo_inst/U0/inst_fifo_gen/gconvfifo.rf/grf.rf/gntv_or_sync_fifo.gcx.clkx/wr_pntr_cdc_inst/src_gray_ff_reg[8]/Q
                         net (fo=1, routed)           0.403     0.836    camera_fifo_inst/U0/inst_fifo_gen/gconvfifo.rf/grf.rf/gntv_or_sync_fifo.gcx.clkx/wr_pntr_cdc_inst/async_path[8]
    SLICE_X12Y20         FDRE                                         r  camera_fifo_inst/U0/inst_fifo_gen/gconvfifo.rf/grf.rf/gntv_or_sync_fifo.gcx.clkx/wr_pntr_cdc_inst/dest_graysync_ff_reg[0][8]/D
  -------------------------------------------------------------------    -------------------

                         max delay                   11.904    11.904    
    SLICE_X12Y20         FDRE (Setup_fdre_C_D)       -0.031    11.873    camera_fifo_inst/U0/inst_fifo_gen/gconvfifo.rf/grf.rf/gntv_or_sync_fifo.gcx.clkx/wr_pntr_cdc_inst/dest_graysync_ff_reg[0][8]
  -------------------------------------------------------------------
                         required time                         11.873    
                         arrival time                          -0.836    
  -------------------------------------------------------------------
                         slack                                 11.037    

Slack (MET) :             11.053ns  (required time - arrival time)
  Source:                 camera_fifo_inst/U0/inst_fifo_gen/gconvfifo.rf/grf.rf/gntv_or_sync_fifo.gcx.clkx/wr_pntr_cdc_inst/src_gray_ff_reg[4]/C
                            (rising edge-triggered cell FDRE clocked by cmos1_pclk  {rise@0.000ns fall@5.952ns period=11.904ns})
  Destination:            camera_fifo_inst/U0/inst_fifo_gen/gconvfifo.rf/grf.rf/gntv_or_sync_fifo.gcx.clkx/wr_pntr_cdc_inst/dest_graysync_ff_reg[0][4]/D
                            (rising edge-triggered cell FDRE clocked by rx_clk  {rise@0.000ns fall@4.000ns period=8.000ns})
  Path Group:             rx_clk
  Path Type:              Setup (Max at Slow Process Corner)
  Requirement:            11.904ns  (MaxDelay Path 11.904ns)
  Data Path Delay:        0.818ns  (logic 0.433ns (52.918%)  route 0.385ns (47.082%))
  Logic Levels:           0  
  Timing Exception:       MaxDelay Path 11.904ns -datapath_only

    Location             Delay type                Incr(ns)  Path(ns)    Netlist Resource(s)
  -------------------------------------------------------------------    -------------------
    SLICE_X12Y19                                      0.000     0.000 r  camera_fifo_inst/U0/inst_fifo_gen/gconvfifo.rf/grf.rf/gntv_or_sync_fifo.gcx.clkx/wr_pntr_cdc_inst/src_gray_ff_reg[4]/C
    SLICE_X12Y19         FDRE (Prop_fdre_C_Q)         0.433     0.433 r  camera_fifo_inst/U0/inst_fifo_gen/gconvfifo.rf/grf.rf/gntv_or_sync_fifo.gcx.clkx/wr_pntr_cdc_inst/src_gray_ff_reg[4]/Q
                         net (fo=1, routed)           0.385     0.818    camera_fifo_inst/U0/inst_fifo_gen/gconvfifo.rf/grf.rf/gntv_or_sync_fifo.gcx.clkx/wr_pntr_cdc_inst/async_path[4]
    SLICE_X12Y18         FDRE                                         r  camera_fifo_inst/U0/inst_fifo_gen/gconvfifo.rf/grf.rf/gntv_or_sync_fifo.gcx.clkx/wr_pntr_cdc_inst/dest_graysync_ff_reg[0][4]/D
  -------------------------------------------------------------------    -------------------

                         max delay                   11.904    11.904    
    SLICE_X12Y18         FDRE (Setup_fdre_C_D)       -0.033    11.871    camera_fifo_inst/U0/inst_fifo_gen/gconvfifo.rf/grf.rf/gntv_or_sync_fifo.gcx.clkx/wr_pntr_cdc_inst/dest_graysync_ff_reg[0][4]
  -------------------------------------------------------------------
                         required time                         11.871    
                         arrival time                          -0.818    
  -------------------------------------------------------------------
                         slack                                 11.053    





---------------------------------------------------------------------------------------------------
From Clock:  cmos2_pclk
  To Clock:  rx_clk

Setup :            0  Failing Endpoints,  Worst Slack       10.856ns,  Total Violation        0.000ns
Hold  :           NA  Failing Endpoints,  Worst Slack           NA  ,  Total Violation           NA
---------------------------------------------------------------------------------------------------


Max Delay Paths
--------------------------------------------------------------------------------------
Slack (MET) :             10.856ns  (required time - arrival time)
  Source:                 camera_fifo_inst/U0/inst_fifo_gen/gconvfifo.rf/grf.rf/gntv_or_sync_fifo.gcx.clkx/wr_pntr_cdc_inst/src_gray_ff_reg[10]/C
                            (rising edge-triggered cell FDRE clocked by cmos2_pclk  {rise@0.000ns fall@5.952ns period=11.904ns})
  Destination:            camera_fifo_inst/U0/inst_fifo_gen/gconvfifo.rf/grf.rf/gntv_or_sync_fifo.gcx.clkx/wr_pntr_cdc_inst/dest_graysync_ff_reg[0][10]/D
                            (rising edge-triggered cell FDRE clocked by rx_clk  {rise@0.000ns fall@4.000ns period=8.000ns})
  Path Group:             rx_clk
  Path Type:              Setup (Max at Slow Process Corner)
  Requirement:            11.904ns  (MaxDelay Path 11.904ns)
  Data Path Delay:        1.015ns  (logic 0.433ns (42.642%)  route 0.582ns (57.358%))
  Logic Levels:           0  
  Timing Exception:       MaxDelay Path 11.904ns -datapath_only

    Location             Delay type                Incr(ns)  Path(ns)    Netlist Resource(s)
  -------------------------------------------------------------------    -------------------
    SLICE_X12Y19                                      0.000     0.000 r  camera_fifo_inst/U0/inst_fifo_gen/gconvfifo.rf/grf.rf/gntv_or_sync_fifo.gcx.clkx/wr_pntr_cdc_inst/src_gray_ff_reg[10]/C
    SLICE_X12Y19         FDRE (Prop_fdre_C_Q)         0.433     0.433 r  camera_fifo_inst/U0/inst_fifo_gen/gconvfifo.rf/grf.rf/gntv_or_sync_fifo.gcx.clkx/wr_pntr_cdc_inst/src_gray_ff_reg[10]/Q
                         net (fo=1, routed)           0.582     1.015    camera_fifo_inst/U0/inst_fifo_gen/gconvfifo.rf/grf.rf/gntv_or_sync_fifo.gcx.clkx/wr_pntr_cdc_inst/async_path[10]
    SLICE_X12Y20         FDRE                                         r  camera_fifo_inst/U0/inst_fifo_gen/gconvfifo.rf/grf.rf/gntv_or_sync_fifo.gcx.clkx/wr_pntr_cdc_inst/dest_graysync_ff_reg[0][10]/D
  -------------------------------------------------------------------    -------------------

                         max delay                   11.904    11.904    
    SLICE_X12Y20         FDRE (Setup_fdre_C_D)       -0.033    11.871    camera_fifo_inst/U0/inst_fifo_gen/gconvfifo.rf/grf.rf/gntv_or_sync_fifo.gcx.clkx/wr_pntr_cdc_inst/dest_graysync_ff_reg[0][10]
  -------------------------------------------------------------------
                         required time                         11.871    
                         arrival time                          -1.015    
  -------------------------------------------------------------------
                         slack                                 10.856    

Slack (MET) :             10.932ns  (required time - arrival time)
  Source:                 camera_fifo_inst/U0/inst_fifo_gen/gconvfifo.rf/grf.rf/gntv_or_sync_fifo.gcx.clkx/wr_pntr_cdc_inst/src_gray_ff_reg[3]/C
                            (rising edge-triggered cell FDRE clocked by cmos2_pclk  {rise@0.000ns fall@5.952ns period=11.904ns})
  Destination:            camera_fifo_inst/U0/inst_fifo_gen/gconvfifo.rf/grf.rf/gntv_or_sync_fifo.gcx.clkx/wr_pntr_cdc_inst/dest_graysync_ff_reg[0][3]/D
                            (rising edge-triggered cell FDRE clocked by rx_clk  {rise@0.000ns fall@4.000ns period=8.000ns})
  Path Group:             rx_clk
  Path Type:              Setup (Max at Slow Process Corner)
  Requirement:            11.904ns  (MaxDelay Path 11.904ns)
  Data Path Delay:        0.769ns  (logic 0.398ns (51.781%)  route 0.371ns (48.219%))
  Logic Levels:           0  
  Timing Exception:       MaxDelay Path 11.904ns -datapath_only

    Location             Delay type                Incr(ns)  Path(ns)    Netlist Resource(s)
  -------------------------------------------------------------------    -------------------
    SLICE_X14Y17                                      0.000     0.000 r  camera_fifo_inst/U0/inst_fifo_gen/gconvfifo.rf/grf.rf/gntv_or_sync_fifo.gcx.clkx/wr_pntr_cdc_inst/src_gray_ff_reg[3]/C
    SLICE_X14Y17         FDRE (Prop_fdre_C_Q)         0.398     0.398 r  camera_fifo_inst/U0/inst_fifo_gen/gconvfifo.rf/grf.rf/gntv_or_sync_fifo.gcx.clkx/wr_pntr_cdc_inst/src_gray_ff_reg[3]/Q
                         net (fo=1, routed)           0.371     0.769    camera_fifo_inst/U0/inst_fifo_gen/gconvfifo.rf/grf.rf/gntv_or_sync_fifo.gcx.clkx/wr_pntr_cdc_inst/async_path[3]
    SLICE_X15Y17         FDRE                                         r  camera_fifo_inst/U0/inst_fifo_gen/gconvfifo.rf/grf.rf/gntv_or_sync_fifo.gcx.clkx/wr_pntr_cdc_inst/dest_graysync_ff_reg[0][3]/D
  -------------------------------------------------------------------    -------------------

                         max delay                   11.904    11.904    
    SLICE_X15Y17         FDRE (Setup_fdre_C_D)       -0.203    11.701    camera_fifo_inst/U0/inst_fifo_gen/gconvfifo.rf/grf.rf/gntv_or_sync_fifo.gcx.clkx/wr_pntr_cdc_inst/dest_graysync_ff_reg[0][3]
  -------------------------------------------------------------------
                         required time                         11.701    
                         arrival time                          -0.769    
  -------------------------------------------------------------------
                         slack                                 10.932    

Slack (MET) :             10.952ns  (required time - arrival time)
  Source:                 camera_fifo_inst/U0/inst_fifo_gen/gconvfifo.rf/grf.rf/gntv_or_sync_fifo.gcx.clkx/wr_pntr_cdc_inst/src_gray_ff_reg[9]/C
                            (rising edge-triggered cell FDRE clocked by cmos2_pclk  {rise@0.000ns fall@5.952ns period=11.904ns})
  Destination:            camera_fifo_inst/U0/inst_fifo_gen/gconvfifo.rf/grf.rf/gntv_or_sync_fifo.gcx.clkx/wr_pntr_cdc_inst/dest_graysync_ff_reg[0][9]/D
                            (rising edge-triggered cell FDRE clocked by rx_clk  {rise@0.000ns fall@4.000ns period=8.000ns})
  Path Group:             rx_clk
  Path Type:              Setup (Max at Slow Process Corner)
  Requirement:            11.904ns  (MaxDelay Path 11.904ns)
  Data Path Delay:        0.790ns  (logic 0.398ns (50.404%)  route 0.392ns (49.596%))
  Logic Levels:           0  
  Timing Exception:       MaxDelay Path 11.904ns -datapath_only

    Location             Delay type                Incr(ns)  Path(ns)    Netlist Resource(s)
  -------------------------------------------------------------------    -------------------
    SLICE_X12Y19                                      0.000     0.000 r  camera_fifo_inst/U0/inst_fifo_gen/gconvfifo.rf/grf.rf/gntv_or_sync_fifo.gcx.clkx/wr_pntr_cdc_inst/src_gray_ff_reg[9]/C
    SLICE_X12Y19         FDRE (Prop_fdre_C_Q)         0.398     0.398 r  camera_fifo_inst/U0/inst_fifo_gen/gconvfifo.rf/grf.rf/gntv_or_sync_fifo.gcx.clkx/wr_pntr_cdc_inst/src_gray_ff_reg[9]/Q
                         net (fo=1, routed)           0.392     0.790    camera_fifo_inst/U0/inst_fifo_gen/gconvfifo.rf/grf.rf/gntv_or_sync_fifo.gcx.clkx/wr_pntr_cdc_inst/async_path[9]
    SLICE_X12Y21         FDRE                                         r  camera_fifo_inst/U0/inst_fifo_gen/gconvfifo.rf/grf.rf/gntv_or_sync_fifo.gcx.clkx/wr_pntr_cdc_inst/dest_graysync_ff_reg[0][9]/D
  -------------------------------------------------------------------    -------------------

                         max delay                   11.904    11.904    
    SLICE_X12Y21         FDRE (Setup_fdre_C_D)       -0.162    11.742    camera_fifo_inst/U0/inst_fifo_gen/gconvfifo.rf/grf.rf/gntv_or_sync_fifo.gcx.clkx/wr_pntr_cdc_inst/dest_graysync_ff_reg[0][9]
  -------------------------------------------------------------------
                         required time                         11.742    
                         arrival time                          -0.790    
  -------------------------------------------------------------------
                         slack                                 10.952    

Slack (MET) :             10.995ns  (required time - arrival time)
  Source:                 camera_fifo_inst/U0/inst_fifo_gen/gconvfifo.rf/grf.rf/gntv_or_sync_fifo.gcx.clkx/wr_pntr_cdc_inst/src_gray_ff_reg[1]/C
                            (rising edge-triggered cell FDRE clocked by cmos2_pclk  {rise@0.000ns fall@5.952ns period=11.904ns})
  Destination:            camera_fifo_inst/U0/inst_fifo_gen/gconvfifo.rf/grf.rf/gntv_or_sync_fifo.gcx.clkx/wr_pntr_cdc_inst/dest_graysync_ff_reg[0][1]/D
                            (rising edge-triggered cell FDRE clocked by rx_clk  {rise@0.000ns fall@4.000ns period=8.000ns})
  Path Group:             rx_clk
  Path Type:              Setup (Max at Slow Process Corner)
  Requirement:            11.904ns  (MaxDelay Path 11.904ns)
  Data Path Delay:        0.753ns  (logic 0.398ns (52.883%)  route 0.355ns (47.117%))
  Logic Levels:           0  
  Timing Exception:       MaxDelay Path 11.904ns -datapath_only

    Location             Delay type                Incr(ns)  Path(ns)    Netlist Resource(s)
  -------------------------------------------------------------------    -------------------
    SLICE_X14Y17                                      0.000     0.000 r  camera_fifo_inst/U0/inst_fifo_gen/gconvfifo.rf/grf.rf/gntv_or_sync_fifo.gcx.clkx/wr_pntr_cdc_inst/src_gray_ff_reg[1]/C
    SLICE_X14Y17         FDRE (Prop_fdre_C_Q)         0.398     0.398 r  camera_fifo_inst/U0/inst_fifo_gen/gconvfifo.rf/grf.rf/gntv_or_sync_fifo.gcx.clkx/wr_pntr_cdc_inst/src_gray_ff_reg[1]/Q
                         net (fo=1, routed)           0.355     0.753    camera_fifo_inst/U0/inst_fifo_gen/gconvfifo.rf/grf.rf/gntv_or_sync_fifo.gcx.clkx/wr_pntr_cdc_inst/async_path[1]
    SLICE_X14Y16         FDRE                                         r  camera_fifo_inst/U0/inst_fifo_gen/gconvfifo.rf/grf.rf/gntv_or_sync_fifo.gcx.clkx/wr_pntr_cdc_inst/dest_graysync_ff_reg[0][1]/D
  -------------------------------------------------------------------    -------------------

                         max delay                   11.904    11.904    
    SLICE_X14Y16         FDRE (Setup_fdre_C_D)       -0.156    11.748    camera_fifo_inst/U0/inst_fifo_gen/gconvfifo.rf/grf.rf/gntv_or_sync_fifo.gcx.clkx/wr_pntr_cdc_inst/dest_graysync_ff_reg[0][1]
  -------------------------------------------------------------------
                         required time                         11.748    
                         arrival time                          -0.753    
  -------------------------------------------------------------------
                         slack                                 10.995    

Slack (MET) :             10.996ns  (required time - arrival time)
  Source:                 camera_fifo_inst/U0/inst_fifo_gen/gconvfifo.rf/grf.rf/gntv_or_sync_fifo.gcx.clkx/wr_pntr_cdc_inst/src_gray_ff_reg[11]/C
                            (rising edge-triggered cell FDRE clocked by cmos2_pclk  {rise@0.000ns fall@5.952ns period=11.904ns})
  Destination:            camera_fifo_inst/U0/inst_fifo_gen/gconvfifo.rf/grf.rf/gntv_or_sync_fifo.gcx.clkx/wr_pntr_cdc_inst/dest_graysync_ff_reg[0][11]/D
                            (rising edge-triggered cell FDRE clocked by rx_clk  {rise@0.000ns fall@4.000ns period=8.000ns})
  Path Group:             rx_clk
  Path Type:              Setup (Max at Slow Process Corner)
  Requirement:            11.904ns  (MaxDelay Path 11.904ns)
  Data Path Delay:        0.835ns  (logic 0.379ns (45.384%)  route 0.456ns (54.616%))
  Logic Levels:           0  
  Timing Exception:       MaxDelay Path 11.904ns -datapath_only

    Location             Delay type                Incr(ns)  Path(ns)    Netlist Resource(s)
  -------------------------------------------------------------------    -------------------
    SLICE_X29Y21                                      0.000     0.000 r  camera_fifo_inst/U0/inst_fifo_gen/gconvfifo.rf/grf.rf/gntv_or_sync_fifo.gcx.clkx/wr_pntr_cdc_inst/src_gray_ff_reg[11]/C
    SLICE_X29Y21         FDRE (Prop_fdre_C_Q)         0.379     0.379 r  camera_fifo_inst/U0/inst_fifo_gen/gconvfifo.rf/grf.rf/gntv_or_sync_fifo.gcx.clkx/wr_pntr_cdc_inst/src_gray_ff_reg[11]/Q
                         net (fo=1, routed)           0.456     0.835    camera_fifo_inst/U0/inst_fifo_gen/gconvfifo.rf/grf.rf/gntv_or_sync_fifo.gcx.clkx/wr_pntr_cdc_inst/async_path[11]
    SLICE_X28Y21         FDRE                                         r  camera_fifo_inst/U0/inst_fifo_gen/gconvfifo.rf/grf.rf/gntv_or_sync_fifo.gcx.clkx/wr_pntr_cdc_inst/dest_graysync_ff_reg[0][11]/D
  -------------------------------------------------------------------    -------------------

                         max delay                   11.904    11.904    
    SLICE_X28Y21         FDRE (Setup_fdre_C_D)       -0.073    11.831    camera_fifo_inst/U0/inst_fifo_gen/gconvfifo.rf/grf.rf/gntv_or_sync_fifo.gcx.clkx/wr_pntr_cdc_inst/dest_graysync_ff_reg[0][11]
  -------------------------------------------------------------------
                         required time                         11.831    
                         arrival time                          -0.835    
  -------------------------------------------------------------------
                         slack                                 10.996    

Slack (MET) :             10.998ns  (required time - arrival time)
  Source:                 camera_fifo_inst/U0/inst_fifo_gen/gconvfifo.rf/grf.rf/gntv_or_sync_fifo.gcx.clkx/wr_pntr_cdc_inst/src_gray_ff_reg[5]/C
                            (rising edge-triggered cell FDRE clocked by cmos2_pclk  {rise@0.000ns fall@5.952ns period=11.904ns})
  Destination:            camera_fifo_inst/U0/inst_fifo_gen/gconvfifo.rf/grf.rf/gntv_or_sync_fifo.gcx.clkx/wr_pntr_cdc_inst/dest_graysync_ff_reg[0][5]/D
                            (rising edge-triggered cell FDRE clocked by rx_clk  {rise@0.000ns fall@4.000ns period=8.000ns})
  Path Group:             rx_clk
  Path Type:              Setup (Max at Slow Process Corner)
  Requirement:            11.904ns  (MaxDelay Path 11.904ns)
  Data Path Delay:        0.747ns  (logic 0.398ns (53.295%)  route 0.349ns (46.705%))
  Logic Levels:           0  
  Timing Exception:       MaxDelay Path 11.904ns -datapath_only

    Location             Delay type                Incr(ns)  Path(ns)    Netlist Resource(s)
  -------------------------------------------------------------------    -------------------
    SLICE_X12Y19                                      0.000     0.000 r  camera_fifo_inst/U0/inst_fifo_gen/gconvfifo.rf/grf.rf/gntv_or_sync_fifo.gcx.clkx/wr_pntr_cdc_inst/src_gray_ff_reg[5]/C
    SLICE_X12Y19         FDRE (Prop_fdre_C_Q)         0.398     0.398 r  camera_fifo_inst/U0/inst_fifo_gen/gconvfifo.rf/grf.rf/gntv_or_sync_fifo.gcx.clkx/wr_pntr_cdc_inst/src_gray_ff_reg[5]/Q
                         net (fo=1, routed)           0.349     0.747    camera_fifo_inst/U0/inst_fifo_gen/gconvfifo.rf/grf.rf/gntv_or_sync_fifo.gcx.clkx/wr_pntr_cdc_inst/async_path[5]
    SLICE_X12Y18         FDRE                                         r  camera_fifo_inst/U0/inst_fifo_gen/gconvfifo.rf/grf.rf/gntv_or_sync_fifo.gcx.clkx/wr_pntr_cdc_inst/dest_graysync_ff_reg[0][5]/D
  -------------------------------------------------------------------    -------------------

                         max delay                   11.904    11.904    
    SLICE_X12Y18         FDRE (Setup_fdre_C_D)       -0.159    11.745    camera_fifo_inst/U0/inst_fifo_gen/gconvfifo.rf/grf.rf/gntv_or_sync_fifo.gcx.clkx/wr_pntr_cdc_inst/dest_graysync_ff_reg[0][5]
  -------------------------------------------------------------------
                         required time                         11.745    
                         arrival time                          -0.747    
  -------------------------------------------------------------------
                         slack                                 10.998    

Slack (MET) :             11.006ns  (required time - arrival time)
  Source:                 camera_fifo_inst/U0/inst_fifo_gen/gconvfifo.rf/grf.rf/gntv_or_sync_fifo.gcx.clkx/wr_pntr_cdc_inst/src_gray_ff_reg[7]/C
                            (rising edge-triggered cell FDRE clocked by cmos2_pclk  {rise@0.000ns fall@5.952ns period=11.904ns})
  Destination:            camera_fifo_inst/U0/inst_fifo_gen/gconvfifo.rf/grf.rf/gntv_or_sync_fifo.gcx.clkx/wr_pntr_cdc_inst/dest_graysync_ff_reg[0][7]/D
                            (rising edge-triggered cell FDRE clocked by rx_clk  {rise@0.000ns fall@4.000ns period=8.000ns})
  Path Group:             rx_clk
  Path Type:              Setup (Max at Slow Process Corner)
  Requirement:            11.904ns  (MaxDelay Path 11.904ns)
  Data Path Delay:        0.742ns  (logic 0.398ns (53.622%)  route 0.344ns (46.378%))
  Logic Levels:           0  
  Timing Exception:       MaxDelay Path 11.904ns -datapath_only

    Location             Delay type                Incr(ns)  Path(ns)    Netlist Resource(s)
  -------------------------------------------------------------------    -------------------
    SLICE_X12Y19                                      0.000     0.000 r  camera_fifo_inst/U0/inst_fifo_gen/gconvfifo.rf/grf.rf/gntv_or_sync_fifo.gcx.clkx/wr_pntr_cdc_inst/src_gray_ff_reg[7]/C
    SLICE_X12Y19         FDRE (Prop_fdre_C_Q)         0.398     0.398 r  camera_fifo_inst/U0/inst_fifo_gen/gconvfifo.rf/grf.rf/gntv_or_sync_fifo.gcx.clkx/wr_pntr_cdc_inst/src_gray_ff_reg[7]/Q
                         net (fo=1, routed)           0.344     0.742    camera_fifo_inst/U0/inst_fifo_gen/gconvfifo.rf/grf.rf/gntv_or_sync_fifo.gcx.clkx/wr_pntr_cdc_inst/async_path[7]
    SLICE_X12Y20         FDRE                                         r  camera_fifo_inst/U0/inst_fifo_gen/gconvfifo.rf/grf.rf/gntv_or_sync_fifo.gcx.clkx/wr_pntr_cdc_inst/dest_graysync_ff_reg[0][7]/D
  -------------------------------------------------------------------    -------------------

                         max delay                   11.904    11.904    
    SLICE_X12Y20         FDRE (Setup_fdre_C_D)       -0.156    11.748    camera_fifo_inst/U0/inst_fifo_gen/gconvfifo.rf/grf.rf/gntv_or_sync_fifo.gcx.clkx/wr_pntr_cdc_inst/dest_graysync_ff_reg[0][7]
  -------------------------------------------------------------------
                         required time                         11.748    
                         arrival time                          -0.742    
  -------------------------------------------------------------------
                         slack                                 11.006    

Slack (MET) :             11.029ns  (required time - arrival time)
  Source:                 camera_fifo_inst/U0/inst_fifo_gen/gconvfifo.rf/grf.rf/gntv_or_sync_fifo.gcx.clkx/wr_pntr_cdc_inst/src_gray_ff_reg[2]/C
                            (rising edge-triggered cell FDRE clocked by cmos2_pclk  {rise@0.000ns fall@5.952ns period=11.904ns})
  Destination:            camera_fifo_inst/U0/inst_fifo_gen/gconvfifo.rf/grf.rf/gntv_or_sync_fifo.gcx.clkx/wr_pntr_cdc_inst/dest_graysync_ff_reg[0][2]/D
                            (rising edge-triggered cell FDRE clocked by rx_clk  {rise@0.000ns fall@4.000ns period=8.000ns})
  Path Group:             rx_clk
  Path Type:              Setup (Max at Slow Process Corner)
  Requirement:            11.904ns  (MaxDelay Path 11.904ns)
  Data Path Delay:        0.800ns  (logic 0.433ns (54.108%)  route 0.367ns (45.892%))
  Logic Levels:           0  
  Timing Exception:       MaxDelay Path 11.904ns -datapath_only

    Location             Delay type                Incr(ns)  Path(ns)    Netlist Resource(s)
  -------------------------------------------------------------------    -------------------
    SLICE_X14Y17                                      0.000     0.000 r  camera_fifo_inst/U0/inst_fifo_gen/gconvfifo.rf/grf.rf/gntv_or_sync_fifo.gcx.clkx/wr_pntr_cdc_inst/src_gray_ff_reg[2]/C
    SLICE_X14Y17         FDRE (Prop_fdre_C_Q)         0.433     0.433 r  camera_fifo_inst/U0/inst_fifo_gen/gconvfifo.rf/grf.rf/gntv_or_sync_fifo.gcx.clkx/wr_pntr_cdc_inst/src_gray_ff_reg[2]/Q
                         net (fo=1, routed)           0.367     0.800    camera_fifo_inst/U0/inst_fifo_gen/gconvfifo.rf/grf.rf/gntv_or_sync_fifo.gcx.clkx/wr_pntr_cdc_inst/async_path[2]
    SLICE_X15Y17         FDRE                                         r  camera_fifo_inst/U0/inst_fifo_gen/gconvfifo.rf/grf.rf/gntv_or_sync_fifo.gcx.clkx/wr_pntr_cdc_inst/dest_graysync_ff_reg[0][2]/D
  -------------------------------------------------------------------    -------------------

                         max delay                   11.904    11.904    
    SLICE_X15Y17         FDRE (Setup_fdre_C_D)       -0.075    11.829    camera_fifo_inst/U0/inst_fifo_gen/gconvfifo.rf/grf.rf/gntv_or_sync_fifo.gcx.clkx/wr_pntr_cdc_inst/dest_graysync_ff_reg[0][2]
  -------------------------------------------------------------------
                         required time                         11.829    
                         arrival time                          -0.800    
  -------------------------------------------------------------------
                         slack                                 11.029    

Slack (MET) :             11.037ns  (required time - arrival time)
  Source:                 camera_fifo_inst/U0/inst_fifo_gen/gconvfifo.rf/grf.rf/gntv_or_sync_fifo.gcx.clkx/wr_pntr_cdc_inst/src_gray_ff_reg[8]/C
                            (rising edge-triggered cell FDRE clocked by cmos2_pclk  {rise@0.000ns fall@5.952ns period=11.904ns})
  Destination:            camera_fifo_inst/U0/inst_fifo_gen/gconvfifo.rf/grf.rf/gntv_or_sync_fifo.gcx.clkx/wr_pntr_cdc_inst/dest_graysync_ff_reg[0][8]/D
                            (rising edge-triggered cell FDRE clocked by rx_clk  {rise@0.000ns fall@4.000ns period=8.000ns})
  Path Group:             rx_clk
  Path Type:              Setup (Max at Slow Process Corner)
  Requirement:            11.904ns  (MaxDelay Path 11.904ns)
  Data Path Delay:        0.836ns  (logic 0.433ns (51.811%)  route 0.403ns (48.189%))
  Logic Levels:           0  
  Timing Exception:       MaxDelay Path 11.904ns -datapath_only

    Location             Delay type                Incr(ns)  Path(ns)    Netlist Resource(s)
  -------------------------------------------------------------------    -------------------
    SLICE_X12Y19                                      0.000     0.000 r  camera_fifo_inst/U0/inst_fifo_gen/gconvfifo.rf/grf.rf/gntv_or_sync_fifo.gcx.clkx/wr_pntr_cdc_inst/src_gray_ff_reg[8]/C
    SLICE_X12Y19         FDRE (Prop_fdre_C_Q)         0.433     0.433 r  camera_fifo_inst/U0/inst_fifo_gen/gconvfifo.rf/grf.rf/gntv_or_sync_fifo.gcx.clkx/wr_pntr_cdc_inst/src_gray_ff_reg[8]/Q
                         net (fo=1, routed)           0.403     0.836    camera_fifo_inst/U0/inst_fifo_gen/gconvfifo.rf/grf.rf/gntv_or_sync_fifo.gcx.clkx/wr_pntr_cdc_inst/async_path[8]
    SLICE_X12Y20         FDRE                                         r  camera_fifo_inst/U0/inst_fifo_gen/gconvfifo.rf/grf.rf/gntv_or_sync_fifo.gcx.clkx/wr_pntr_cdc_inst/dest_graysync_ff_reg[0][8]/D
  -------------------------------------------------------------------    -------------------

                         max delay                   11.904    11.904    
    SLICE_X12Y20         FDRE (Setup_fdre_C_D)       -0.031    11.873    camera_fifo_inst/U0/inst_fifo_gen/gconvfifo.rf/grf.rf/gntv_or_sync_fifo.gcx.clkx/wr_pntr_cdc_inst/dest_graysync_ff_reg[0][8]
  -------------------------------------------------------------------
                         required time                         11.873    
                         arrival time                          -0.836    
  -------------------------------------------------------------------
                         slack                                 11.037    

Slack (MET) :             11.053ns  (required time - arrival time)
  Source:                 camera_fifo_inst/U0/inst_fifo_gen/gconvfifo.rf/grf.rf/gntv_or_sync_fifo.gcx.clkx/wr_pntr_cdc_inst/src_gray_ff_reg[4]/C
                            (rising edge-triggered cell FDRE clocked by cmos2_pclk  {rise@0.000ns fall@5.952ns period=11.904ns})
  Destination:            camera_fifo_inst/U0/inst_fifo_gen/gconvfifo.rf/grf.rf/gntv_or_sync_fifo.gcx.clkx/wr_pntr_cdc_inst/dest_graysync_ff_reg[0][4]/D
                            (rising edge-triggered cell FDRE clocked by rx_clk  {rise@0.000ns fall@4.000ns period=8.000ns})
  Path Group:             rx_clk
  Path Type:              Setup (Max at Slow Process Corner)
  Requirement:            11.904ns  (MaxDelay Path 11.904ns)
  Data Path Delay:        0.818ns  (logic 0.433ns (52.918%)  route 0.385ns (47.082%))
  Logic Levels:           0  
  Timing Exception:       MaxDelay Path 11.904ns -datapath_only

    Location             Delay type                Incr(ns)  Path(ns)    Netlist Resource(s)
  -------------------------------------------------------------------    -------------------
    SLICE_X12Y19                                      0.000     0.000 r  camera_fifo_inst/U0/inst_fifo_gen/gconvfifo.rf/grf.rf/gntv_or_sync_fifo.gcx.clkx/wr_pntr_cdc_inst/src_gray_ff_reg[4]/C
    SLICE_X12Y19         FDRE (Prop_fdre_C_Q)         0.433     0.433 r  camera_fifo_inst/U0/inst_fifo_gen/gconvfifo.rf/grf.rf/gntv_or_sync_fifo.gcx.clkx/wr_pntr_cdc_inst/src_gray_ff_reg[4]/Q
                         net (fo=1, routed)           0.385     0.818    camera_fifo_inst/U0/inst_fifo_gen/gconvfifo.rf/grf.rf/gntv_or_sync_fifo.gcx.clkx/wr_pntr_cdc_inst/async_path[4]
    SLICE_X12Y18         FDRE                                         r  camera_fifo_inst/U0/inst_fifo_gen/gconvfifo.rf/grf.rf/gntv_or_sync_fifo.gcx.clkx/wr_pntr_cdc_inst/dest_graysync_ff_reg[0][4]/D
  -------------------------------------------------------------------    -------------------

                         max delay                   11.904    11.904    
    SLICE_X12Y18         FDRE (Setup_fdre_C_D)       -0.033    11.871    camera_fifo_inst/U0/inst_fifo_gen/gconvfifo.rf/grf.rf/gntv_or_sync_fifo.gcx.clkx/wr_pntr_cdc_inst/dest_graysync_ff_reg[0][4]
  -------------------------------------------------------------------
                         required time                         11.871    
                         arrival time                          -0.818    
  -------------------------------------------------------------------
                         slack                                 11.053    





---------------------------------------------------------------------------------------------------
From Clock:  sys_clk
  To Clock:  rx_clk

Setup :            0  Failing Endpoints,  Worst Slack        1.446ns,  Total Violation        0.000ns
Hold  :            0  Failing Endpoints,  Worst Slack        0.360ns,  Total Violation        0.000ns
---------------------------------------------------------------------------------------------------


Max Delay Paths
--------------------------------------------------------------------------------------
Slack (MET) :             1.446ns  (required time - arrival time)
  Source:                 cmos_select_inst/key_sig_reg/C
                            (rising edge-triggered cell FDCE clocked by sys_clk  {rise@0.000ns fall@10.000ns period=20.000ns})
  Destination:            mac_test0/cmos_href_d0_reg/D
                            (rising edge-triggered cell FDCE clocked by rx_clk  {rise@0.000ns fall@4.000ns period=8.000ns})
  Path Group:             rx_clk
  Path Type:              Setup (Max at Slow Process Corner)
  Requirement:            4.000ns  (rx_clk rise@24.000ns - sys_clk rise@20.000ns)
  Data Path Delay:        2.271ns  (logic 0.484ns (21.314%)  route 1.787ns (78.687%))
  Logic Levels:           1  (LUT3=1)
  Clock Path Skew:        -0.216ns (DCD - SCD + CPR)
    Destination Clock Delay (DCD):    4.339ns = ( 28.339 - 24.000 ) 
    Source Clock Delay      (SCD):    4.555ns = ( 24.555 - 20.000 ) 
    Clock Pessimism Removal (CPR):    0.000ns
  Clock Uncertainty:      0.035ns  ((TSJ^2 + TIJ^2)^1/2 + DJ) / 2 + PE
    Total System Jitter     (TSJ):    0.071ns
    Total Input Jitter      (TIJ):    0.000ns
    Discrete Jitter          (DJ):    0.000ns
    Phase Error              (PE):    0.000ns
  Clock Domain Crossing:  Inter clock paths are considered valid unless explicitly excluded by timing constraints such as set_clock_groups or set_false_path.

    Location             Delay type                Incr(ns)  Path(ns)    Netlist Resource(s)
  -------------------------------------------------------------------    -------------------
                         (clock sys_clk rise edge)   20.000    20.000 r  
    Y18                                               0.000    20.000 r  sys_clk (IN)
                         net (fo=0)                   0.000    20.000    sys_clk
    Y18                  IBUF (Prop_ibuf_I_O)         1.427    21.427 r  sys_clk_IBUF_inst/O
                         net (fo=1, routed)           1.693    23.120    sys_clk_IBUF
    BUFGCTRL_X0Y1        BUFG (Prop_bufg_I_O)         0.081    23.201 r  sys_clk_IBUF_BUFG_inst/O
                         net (fo=243, routed)         1.354    24.555    cmos_select_inst/sys_clk
    SLICE_X33Y50         FDCE                                         r  cmos_select_inst/key_sig_reg/C
  -------------------------------------------------------------------    -------------------
    SLICE_X33Y50         FDCE (Prop_fdce_C_Q)         0.379    24.934 r  cmos_select_inst/key_sig_reg/Q
                         net (fo=12, routed)          1.524    26.458    cmos_select_inst/key_sig_reg_n_0
    SLICE_X7Y26          LUT3 (Prop_lut3_I1_O)        0.105    26.563 r  cmos_select_inst/cmos_href_d0_i_1/O
                         net (fo=2, routed)           0.263    26.826    mac_test0/cmos_href
    SLICE_X7Y25          FDCE                                         r  mac_test0/cmos_href_d0_reg/D
  -------------------------------------------------------------------    -------------------

                         (clock rx_clk rise edge)    24.000    24.000 r  
    K18                                               0.000    24.000 r  rgmii_rxc (IN)
                         net (fo=0)                   0.000    24.000    rgmii_rxc
    K18                  IBUF (Prop_ibuf_I_O)         1.342    25.342 r  rgmii_rxc_IBUF_inst/O
                         net (fo=2, routed)           1.604    26.946    util_gmii_to_rgmii_m0/rgmii_rxc_IBUF
    BUFGCTRL_X0Y16       BUFG (Prop_bufg_I_O)         0.077    27.023 r  util_gmii_to_rgmii_m0/BUFG_inst/O
                         net (fo=2092, routed)        1.316    28.339    mac_test0/gmii_tx_clk
    SLICE_X7Y25          FDCE                                         r  mac_test0/cmos_href_d0_reg/C
                         clock pessimism              0.000    28.339    
                         clock uncertainty           -0.035    28.304    
    SLICE_X7Y25          FDCE (Setup_fdce_C_D)       -0.032    28.272    mac_test0/cmos_href_d0_reg
  -------------------------------------------------------------------
                         required time                         28.272    
                         arrival time                         -26.826    
  -------------------------------------------------------------------
                         slack                                  1.446    

Slack (MET) :             1.559ns  (required time - arrival time)
  Source:                 cmos_select_inst/key_sig_reg/C
                            (rising edge-triggered cell FDCE clocked by sys_clk  {rise@0.000ns fall@10.000ns period=20.000ns})
  Destination:            mac_test0/cmos_vsync_d0_reg/D
                            (rising edge-triggered cell FDCE clocked by rx_clk  {rise@0.000ns fall@4.000ns period=8.000ns})
  Path Group:             rx_clk
  Path Type:              Setup (Max at Slow Process Corner)
  Requirement:            4.000ns  (rx_clk rise@24.000ns - sys_clk rise@20.000ns)
  Data Path Delay:        2.072ns  (logic 0.484ns (23.363%)  route 1.588ns (76.637%))
  Logic Levels:           1  (LUT3=1)
  Clock Path Skew:        -0.271ns (DCD - SCD + CPR)
    Destination Clock Delay (DCD):    4.284ns = ( 28.284 - 24.000 ) 
    Source Clock Delay      (SCD):    4.555ns = ( 24.555 - 20.000 ) 
    Clock Pessimism Removal (CPR):    0.000ns
  Clock Uncertainty:      0.035ns  ((TSJ^2 + TIJ^2)^1/2 + DJ) / 2 + PE
    Total System Jitter     (TSJ):    0.071ns
    Total Input Jitter      (TIJ):    0.000ns
    Discrete Jitter          (DJ):    0.000ns
    Phase Error              (PE):    0.000ns
  Clock Domain Crossing:  Inter clock paths are considered valid unless explicitly excluded by timing constraints such as set_clock_groups or set_false_path.

    Location             Delay type                Incr(ns)  Path(ns)    Netlist Resource(s)
  -------------------------------------------------------------------    -------------------
                         (clock sys_clk rise edge)   20.000    20.000 r  
    Y18                                               0.000    20.000 r  sys_clk (IN)
                         net (fo=0)                   0.000    20.000    sys_clk
    Y18                  IBUF (Prop_ibuf_I_O)         1.427    21.427 r  sys_clk_IBUF_inst/O
                         net (fo=1, routed)           1.693    23.120    sys_clk_IBUF
    BUFGCTRL_X0Y1        BUFG (Prop_bufg_I_O)         0.081    23.201 r  sys_clk_IBUF_BUFG_inst/O
                         net (fo=243, routed)         1.354    24.555    cmos_select_inst/sys_clk
    SLICE_X33Y50         FDCE                                         r  cmos_select_inst/key_sig_reg/C
  -------------------------------------------------------------------    -------------------
    SLICE_X33Y50         FDCE (Prop_fdce_C_Q)         0.379    24.934 r  cmos_select_inst/key_sig_reg/Q
                         net (fo=12, routed)          0.621    25.555    cmos_select_inst/key_sig_reg_n_0
    SLICE_X32Y58         LUT3 (Prop_lut3_I1_O)        0.105    25.660 r  cmos_select_inst/cmos_vsync_d0_i_1/O
                         net (fo=3, routed)           0.967    26.627    mac_test0/cmos_vsync
    SLICE_X40Y42         FDCE                                         r  mac_test0/cmos_vsync_d0_reg/D
  -------------------------------------------------------------------    -------------------

                         (clock rx_clk rise edge)    24.000    24.000 r  
    K18                                               0.000    24.000 r  rgmii_rxc (IN)
                         net (fo=0)                   0.000    24.000    rgmii_rxc
    K18                  IBUF (Prop_ibuf_I_O)         1.342    25.342 r  rgmii_rxc_IBUF_inst/O
                         net (fo=2, routed)           1.604    26.946    util_gmii_to_rgmii_m0/rgmii_rxc_IBUF
    BUFGCTRL_X0Y16       BUFG (Prop_bufg_I_O)         0.077    27.023 r  util_gmii_to_rgmii_m0/BUFG_inst/O
                         net (fo=2092, routed)        1.261    28.284    mac_test0/gmii_tx_clk
    SLICE_X40Y42         FDCE                                         r  mac_test0/cmos_vsync_d0_reg/C
                         clock pessimism              0.000    28.284    
                         clock uncertainty           -0.035    28.249    
    SLICE_X40Y42         FDCE (Setup_fdce_C_D)       -0.063    28.186    mac_test0/cmos_vsync_d0_reg
  -------------------------------------------------------------------
                         required time                         28.186    
                         arrival time                         -26.627    
  -------------------------------------------------------------------
                         slack                                  1.559    





Min Delay Paths
--------------------------------------------------------------------------------------
Slack (MET) :             0.360ns  (arrival time - required time)
  Source:                 cmos_select_inst/key_sig_reg/C
                            (rising edge-triggered cell FDCE clocked by sys_clk  {rise@0.000ns fall@10.000ns period=20.000ns})
  Destination:            mac_test0/cmos_vsync_d0_reg/D
                            (rising edge-triggered cell FDCE clocked by rx_clk  {rise@0.000ns fall@4.000ns period=8.000ns})
  Path Group:             rx_clk
  Path Type:              Hold (Min at Fast Process Corner)
  Requirement:            0.000ns  (rx_clk rise@0.000ns - sys_clk rise@0.000ns)
  Data Path Delay:        0.952ns  (logic 0.186ns (19.545%)  route 0.766ns (80.455%))
  Logic Levels:           1  (LUT3=1)
  Clock Path Skew:        0.499ns (DCD - SCD - CPR)
    Destination Clock Delay (DCD):    1.984ns
    Source Clock Delay      (SCD):    1.485ns
    Clock Pessimism Removal (CPR):    -0.000ns
  Clock Uncertainty:      0.035ns  ((TSJ^2 + TIJ^2)^1/2 + DJ) / 2 + PE
    Total System Jitter     (TSJ):    0.071ns
    Total Input Jitter      (TIJ):    0.000ns
    Discrete Jitter          (DJ):    0.000ns
    Phase Error              (PE):    0.000ns
  Clock Domain Crossing:  Inter clock paths are considered valid unless explicitly excluded by timing constraints such as set_clock_groups or set_false_path.

    Location             Delay type                Incr(ns)  Path(ns)    Netlist Resource(s)
  -------------------------------------------------------------------    -------------------
                         (clock sys_clk rise edge)    0.000     0.000 r  
    Y18                                               0.000     0.000 r  sys_clk (IN)
                         net (fo=0)                   0.000     0.000    sys_clk
    Y18                  IBUF (Prop_ibuf_I_O)         0.264     0.264 r  sys_clk_IBUF_inst/O
                         net (fo=1, routed)           0.634     0.898    sys_clk_IBUF
    BUFGCTRL_X0Y1        BUFG (Prop_bufg_I_O)         0.026     0.924 r  sys_clk_IBUF_BUFG_inst/O
                         net (fo=243, routed)         0.562     1.485    cmos_select_inst/sys_clk
    SLICE_X33Y50         FDCE                                         r  cmos_select_inst/key_sig_reg/C
  -------------------------------------------------------------------    -------------------
    SLICE_X33Y50         FDCE (Prop_fdce_C_Q)         0.141     1.626 r  cmos_select_inst/key_sig_reg/Q
                         net (fo=12, routed)          0.305     1.931    cmos_select_inst/key_sig_reg_n_0
    SLICE_X32Y58         LUT3 (Prop_lut3_I1_O)        0.045     1.976 r  cmos_select_inst/cmos_vsync_d0_i_1/O
                         net (fo=3, routed)           0.461     2.437    mac_test0/cmos_vsync
    SLICE_X40Y42         FDCE                                         r  mac_test0/cmos_vsync_d0_reg/D
  -------------------------------------------------------------------    -------------------

                         (clock rx_clk rise edge)     0.000     0.000 r  
    K18                                               0.000     0.000 r  rgmii_rxc (IN)
                         net (fo=0)                   0.000     0.000    rgmii_rxc
    K18                  IBUF (Prop_ibuf_I_O)         0.433     0.433 r  rgmii_rxc_IBUF_inst/O
                         net (fo=2, routed)           0.689     1.122    util_gmii_to_rgmii_m0/rgmii_rxc_IBUF
    BUFGCTRL_X0Y16       BUFG (Prop_bufg_I_O)         0.029     1.151 r  util_gmii_to_rgmii_m0/BUFG_inst/O
                         net (fo=2092, routed)        0.834     1.984    mac_test0/gmii_tx_clk
    SLICE_X40Y42         FDCE                                         r  mac_test0/cmos_vsync_d0_reg/C
                         clock pessimism              0.000     1.984    
                         clock uncertainty            0.035     2.019    
    SLICE_X40Y42         FDCE (Hold_fdce_C_D)         0.057     2.076    mac_test0/cmos_vsync_d0_reg
  -------------------------------------------------------------------
                         required time                         -2.076    
                         arrival time                           2.437    
  -------------------------------------------------------------------
                         slack                                  0.360    

Slack (MET) :             0.475ns  (arrival time - required time)
  Source:                 cmos_select_inst/key_sig_reg/C
                            (rising edge-triggered cell FDCE clocked by sys_clk  {rise@0.000ns fall@10.000ns period=20.000ns})
  Destination:            mac_test0/cmos_href_d0_reg/D
                            (rising edge-triggered cell FDCE clocked by rx_clk  {rise@0.000ns fall@4.000ns period=8.000ns})
  Path Group:             rx_clk
  Path Type:              Hold (Min at Fast Process Corner)
  Requirement:            0.000ns  (rx_clk rise@0.000ns - sys_clk rise@0.000ns)
  Data Path Delay:        1.100ns  (logic 0.186ns (16.911%)  route 0.914ns (83.089%))
  Logic Levels:           1  (LUT3=1)
  Clock Path Skew:        0.515ns (DCD - SCD - CPR)
    Destination Clock Delay (DCD):    2.000ns
    Source Clock Delay      (SCD):    1.485ns
    Clock Pessimism Removal (CPR):    -0.000ns
  Clock Uncertainty:      0.035ns  ((TSJ^2 + TIJ^2)^1/2 + DJ) / 2 + PE
    Total System Jitter     (TSJ):    0.071ns
    Total Input Jitter      (TIJ):    0.000ns
    Discrete Jitter          (DJ):    0.000ns
    Phase Error              (PE):    0.000ns
  Clock Domain Crossing:  Inter clock paths are considered valid unless explicitly excluded by timing constraints such as set_clock_groups or set_false_path.

    Location             Delay type                Incr(ns)  Path(ns)    Netlist Resource(s)
  -------------------------------------------------------------------    -------------------
                         (clock sys_clk rise edge)    0.000     0.000 r  
    Y18                                               0.000     0.000 r  sys_clk (IN)
                         net (fo=0)                   0.000     0.000    sys_clk
    Y18                  IBUF (Prop_ibuf_I_O)         0.264     0.264 r  sys_clk_IBUF_inst/O
                         net (fo=1, routed)           0.634     0.898    sys_clk_IBUF
    BUFGCTRL_X0Y1        BUFG (Prop_bufg_I_O)         0.026     0.924 r  sys_clk_IBUF_BUFG_inst/O
                         net (fo=243, routed)         0.562     1.485    cmos_select_inst/sys_clk
    SLICE_X33Y50         FDCE                                         r  cmos_select_inst/key_sig_reg/C
  -------------------------------------------------------------------    -------------------
    SLICE_X33Y50         FDCE (Prop_fdce_C_Q)         0.141     1.626 r  cmos_select_inst/key_sig_reg/Q
                         net (fo=12, routed)          0.796     2.422    cmos_select_inst/key_sig_reg_n_0
    SLICE_X7Y26          LUT3 (Prop_lut3_I1_O)        0.045     2.467 r  cmos_select_inst/cmos_href_d0_i_1/O
                         net (fo=2, routed)           0.118     2.585    mac_test0/cmos_href
    SLICE_X7Y25          FDCE                                         r  mac_test0/cmos_href_d0_reg/D
  -------------------------------------------------------------------    -------------------

                         (clock rx_clk rise edge)     0.000     0.000 r  
    K18                                               0.000     0.000 r  rgmii_rxc (IN)
                         net (fo=0)                   0.000     0.000    rgmii_rxc
    K18                  IBUF (Prop_ibuf_I_O)         0.433     0.433 r  rgmii_rxc_IBUF_inst/O
                         net (fo=2, routed)           0.689     1.122    util_gmii_to_rgmii_m0/rgmii_rxc_IBUF
    BUFGCTRL_X0Y16       BUFG (Prop_bufg_I_O)         0.029     1.151 r  util_gmii_to_rgmii_m0/BUFG_inst/O
                         net (fo=2092, routed)        0.850     2.000    mac_test0/gmii_tx_clk
    SLICE_X7Y25          FDCE                                         r  mac_test0/cmos_href_d0_reg/C
                         clock pessimism              0.000     2.000    
                         clock uncertainty            0.035     2.035    
    SLICE_X7Y25          FDCE (Hold_fdce_C_D)         0.075     2.110    mac_test0/cmos_href_d0_reg
  -------------------------------------------------------------------
                         required time                         -2.110    
                         arrival time                           2.585    
  -------------------------------------------------------------------
                         slack                                  0.475    





---------------------------------------------------------------------------------------------------
Path Group:  **async_default**
From Clock:  rx_clk
  To Clock:  rx_clk

Setup :            0  Failing Endpoints,  Worst Slack        6.222ns,  Total Violation        0.000ns
Hold  :            0  Failing Endpoints,  Worst Slack        0.428ns,  Total Violation        0.000ns
---------------------------------------------------------------------------------------------------


Max Delay Paths
--------------------------------------------------------------------------------------
Slack (MET) :             6.222ns  (required time - arrival time)
  Source:                 mac_test0/mac_top0/mac_tx0/mac0/crcre_reg/C
                            (rising edge-triggered cell FDPE clocked by rx_clk  {rise@0.000ns fall@4.000ns period=8.000ns})
  Destination:            mac_test0/mac_top0/mac_tx0/c0/Crc_reg[15]/PRE
                            (recovery check against rising-edge clock rx_clk  {rise@0.000ns fall@4.000ns period=8.000ns})
  Path Group:             **async_default**
  Path Type:              Recovery (Max at Slow Process Corner)
  Requirement:            8.000ns  (rx_clk rise@8.000ns - rx_clk rise@0.000ns)
  Data Path Delay:        1.270ns  (logic 0.348ns (27.394%)  route 0.922ns (72.606%))
  Logic Levels:           0  
  Clock Path Skew:        -0.043ns (DCD - SCD + CPR)
    Destination Clock Delay (DCD):    4.335ns = ( 12.335 - 8.000 ) 
    Source Clock Delay      (SCD):    4.601ns
    Clock Pessimism Removal (CPR):    0.224ns
  Clock Uncertainty:      0.035ns  ((TSJ^2 + TIJ^2)^1/2 + DJ) / 2 + PE
    Total System Jitter     (TSJ):    0.071ns
    Total Input Jitter      (TIJ):    0.000ns
    Discrete Jitter          (DJ):    0.000ns
    Phase Error              (PE):    0.000ns

    Location             Delay type                Incr(ns)  Path(ns)    Netlist Resource(s)
  -------------------------------------------------------------------    -------------------
                         (clock rx_clk rise edge)     0.000     0.000 r  
    K18                                               0.000     0.000 r  rgmii_rxc (IN)
                         net (fo=0)                   0.000     0.000    rgmii_rxc
    K18                  IBUF (Prop_ibuf_I_O)         1.408     1.408 r  rgmii_rxc_IBUF_inst/O
                         net (fo=2, routed)           1.693     3.101    util_gmii_to_rgmii_m0/rgmii_rxc_IBUF
    BUFGCTRL_X0Y16       BUFG (Prop_bufg_I_O)         0.081     3.182 r  util_gmii_to_rgmii_m0/BUFG_inst/O
                         net (fo=2092, routed)        1.419     4.601    mac_test0/mac_top0/mac_tx0/mac0/gmii_tx_clk
    SLICE_X5Y60          FDPE                                         r  mac_test0/mac_top0/mac_tx0/mac0/crcre_reg/C
  -------------------------------------------------------------------    -------------------
    SLICE_X5Y60          FDPE (Prop_fdpe_C_Q)         0.348     4.949 f  mac_test0/mac_top0/mac_tx0/mac0/crcre_reg/Q
                         net (fo=32, routed)          0.922     5.872    mac_test0/mac_top0/mac_tx0/c0/AS[0]
    SLICE_X3Y62          FDPE                                         f  mac_test0/mac_top0/mac_tx0/c0/Crc_reg[15]/PRE
  -------------------------------------------------------------------    -------------------

                         (clock rx_clk rise edge)     8.000     8.000 r  
    K18                                               0.000     8.000 r  rgmii_rxc (IN)
                         net (fo=0)                   0.000     8.000    rgmii_rxc
    K18                  IBUF (Prop_ibuf_I_O)         1.342     9.342 r  rgmii_rxc_IBUF_inst/O
                         net (fo=2, routed)           1.604    10.946    util_gmii_to_rgmii_m0/rgmii_rxc_IBUF
    BUFGCTRL_X0Y16       BUFG (Prop_bufg_I_O)         0.077    11.023 r  util_gmii_to_rgmii_m0/BUFG_inst/O
                         net (fo=2092, routed)        1.311    12.335    mac_test0/mac_top0/mac_tx0/c0/gmii_tx_clk
    SLICE_X3Y62          FDPE                                         r  mac_test0/mac_top0/mac_tx0/c0/Crc_reg[15]/C
                         clock pessimism              0.224    12.558    
                         clock uncertainty           -0.035    12.523    
    SLICE_X3Y62          FDPE (Recov_fdpe_C_PRE)     -0.429    12.094    mac_test0/mac_top0/mac_tx0/c0/Crc_reg[15]
  -------------------------------------------------------------------
                         required time                         12.094    
                         arrival time                          -5.872    
  -------------------------------------------------------------------
                         slack                                  6.222    

Slack (MET) :             6.222ns  (required time - arrival time)
  Source:                 mac_test0/mac_top0/mac_tx0/mac0/crcre_reg/C
                            (rising edge-triggered cell FDPE clocked by rx_clk  {rise@0.000ns fall@4.000ns period=8.000ns})
  Destination:            mac_test0/mac_top0/mac_tx0/c0/Crc_reg[21]/PRE
                            (recovery check against rising-edge clock rx_clk  {rise@0.000ns fall@4.000ns period=8.000ns})
  Path Group:             **async_default**
  Path Type:              Recovery (Max at Slow Process Corner)
  Requirement:            8.000ns  (rx_clk rise@8.000ns - rx_clk rise@0.000ns)
  Data Path Delay:        1.270ns  (logic 0.348ns (27.394%)  route 0.922ns (72.606%))
  Logic Levels:           0  
  Clock Path Skew:        -0.043ns (DCD - SCD + CPR)
    Destination Clock Delay (DCD):    4.335ns = ( 12.335 - 8.000 ) 
    Source Clock Delay      (SCD):    4.601ns
    Clock Pessimism Removal (CPR):    0.224ns
  Clock Uncertainty:      0.035ns  ((TSJ^2 + TIJ^2)^1/2 + DJ) / 2 + PE
    Total System Jitter     (TSJ):    0.071ns
    Total Input Jitter      (TIJ):    0.000ns
    Discrete Jitter          (DJ):    0.000ns
    Phase Error              (PE):    0.000ns

    Location             Delay type                Incr(ns)  Path(ns)    Netlist Resource(s)
  -------------------------------------------------------------------    -------------------
                         (clock rx_clk rise edge)     0.000     0.000 r  
    K18                                               0.000     0.000 r  rgmii_rxc (IN)
                         net (fo=0)                   0.000     0.000    rgmii_rxc
    K18                  IBUF (Prop_ibuf_I_O)         1.408     1.408 r  rgmii_rxc_IBUF_inst/O
                         net (fo=2, routed)           1.693     3.101    util_gmii_to_rgmii_m0/rgmii_rxc_IBUF
    BUFGCTRL_X0Y16       BUFG (Prop_bufg_I_O)         0.081     3.182 r  util_gmii_to_rgmii_m0/BUFG_inst/O
                         net (fo=2092, routed)        1.419     4.601    mac_test0/mac_top0/mac_tx0/mac0/gmii_tx_clk
    SLICE_X5Y60          FDPE                                         r  mac_test0/mac_top0/mac_tx0/mac0/crcre_reg/C
  -------------------------------------------------------------------    -------------------
    SLICE_X5Y60          FDPE (Prop_fdpe_C_Q)         0.348     4.949 f  mac_test0/mac_top0/mac_tx0/mac0/crcre_reg/Q
                         net (fo=32, routed)          0.922     5.872    mac_test0/mac_top0/mac_tx0/c0/AS[0]
    SLICE_X2Y62          FDPE                                         f  mac_test0/mac_top0/mac_tx0/c0/Crc_reg[21]/PRE
  -------------------------------------------------------------------    -------------------

                         (clock rx_clk rise edge)     8.000     8.000 r  
    K18                                               0.000     8.000 r  rgmii_rxc (IN)
                         net (fo=0)                   0.000     8.000    rgmii_rxc
    K18                  IBUF (Prop_ibuf_I_O)         1.342     9.342 r  rgmii_rxc_IBUF_inst/O
                         net (fo=2, routed)           1.604    10.946    util_gmii_to_rgmii_m0/rgmii_rxc_IBUF
    BUFGCTRL_X0Y16       BUFG (Prop_bufg_I_O)         0.077    11.023 r  util_gmii_to_rgmii_m0/BUFG_inst/O
                         net (fo=2092, routed)        1.311    12.335    mac_test0/mac_top0/mac_tx0/c0/gmii_tx_clk
    SLICE_X2Y62          FDPE                                         r  mac_test0/mac_top0/mac_tx0/c0/Crc_reg[21]/C
                         clock pessimism              0.224    12.558    
                         clock uncertainty           -0.035    12.523    
    SLICE_X2Y62          FDPE (Recov_fdpe_C_PRE)     -0.429    12.094    mac_test0/mac_top0/mac_tx0/c0/Crc_reg[21]
  -------------------------------------------------------------------
                         required time                         12.094    
                         arrival time                          -5.872    
  -------------------------------------------------------------------
                         slack                                  6.222    

Slack (MET) :             6.222ns  (required time - arrival time)
  Source:                 mac_test0/mac_top0/mac_tx0/mac0/crcre_reg/C
                            (rising edge-triggered cell FDPE clocked by rx_clk  {rise@0.000ns fall@4.000ns period=8.000ns})
  Destination:            mac_test0/mac_top0/mac_tx0/c0/Crc_reg[23]/PRE
                            (recovery check against rising-edge clock rx_clk  {rise@0.000ns fall@4.000ns period=8.000ns})
  Path Group:             **async_default**
  Path Type:              Recovery (Max at Slow Process Corner)
  Requirement:            8.000ns  (rx_clk rise@8.000ns - rx_clk rise@0.000ns)
  Data Path Delay:        1.270ns  (logic 0.348ns (27.394%)  route 0.922ns (72.606%))
  Logic Levels:           0  
  Clock Path Skew:        -0.043ns (DCD - SCD + CPR)
    Destination Clock Delay (DCD):    4.335ns = ( 12.335 - 8.000 ) 
    Source Clock Delay      (SCD):    4.601ns
    Clock Pessimism Removal (CPR):    0.224ns
  Clock Uncertainty:      0.035ns  ((TSJ^2 + TIJ^2)^1/2 + DJ) / 2 + PE
    Total System Jitter     (TSJ):    0.071ns
    Total Input Jitter      (TIJ):    0.000ns
    Discrete Jitter          (DJ):    0.000ns
    Phase Error              (PE):    0.000ns

    Location             Delay type                Incr(ns)  Path(ns)    Netlist Resource(s)
  -------------------------------------------------------------------    -------------------
                         (clock rx_clk rise edge)     0.000     0.000 r  
    K18                                               0.000     0.000 r  rgmii_rxc (IN)
                         net (fo=0)                   0.000     0.000    rgmii_rxc
    K18                  IBUF (Prop_ibuf_I_O)         1.408     1.408 r  rgmii_rxc_IBUF_inst/O
                         net (fo=2, routed)           1.693     3.101    util_gmii_to_rgmii_m0/rgmii_rxc_IBUF
    BUFGCTRL_X0Y16       BUFG (Prop_bufg_I_O)         0.081     3.182 r  util_gmii_to_rgmii_m0/BUFG_inst/O
                         net (fo=2092, routed)        1.419     4.601    mac_test0/mac_top0/mac_tx0/mac0/gmii_tx_clk
    SLICE_X5Y60          FDPE                                         r  mac_test0/mac_top0/mac_tx0/mac0/crcre_reg/C
  -------------------------------------------------------------------    -------------------
    SLICE_X5Y60          FDPE (Prop_fdpe_C_Q)         0.348     4.949 f  mac_test0/mac_top0/mac_tx0/mac0/crcre_reg/Q
                         net (fo=32, routed)          0.922     5.872    mac_test0/mac_top0/mac_tx0/c0/AS[0]
    SLICE_X2Y62          FDPE                                         f  mac_test0/mac_top0/mac_tx0/c0/Crc_reg[23]/PRE
  -------------------------------------------------------------------    -------------------

                         (clock rx_clk rise edge)     8.000     8.000 r  
    K18                                               0.000     8.000 r  rgmii_rxc (IN)
                         net (fo=0)                   0.000     8.000    rgmii_rxc
    K18                  IBUF (Prop_ibuf_I_O)         1.342     9.342 r  rgmii_rxc_IBUF_inst/O
                         net (fo=2, routed)           1.604    10.946    util_gmii_to_rgmii_m0/rgmii_rxc_IBUF
    BUFGCTRL_X0Y16       BUFG (Prop_bufg_I_O)         0.077    11.023 r  util_gmii_to_rgmii_m0/BUFG_inst/O
                         net (fo=2092, routed)        1.311    12.335    mac_test0/mac_top0/mac_tx0/c0/gmii_tx_clk
    SLICE_X2Y62          FDPE                                         r  mac_test0/mac_top0/mac_tx0/c0/Crc_reg[23]/C
                         clock pessimism              0.224    12.558    
                         clock uncertainty           -0.035    12.523    
    SLICE_X2Y62          FDPE (Recov_fdpe_C_PRE)     -0.429    12.094    mac_test0/mac_top0/mac_tx0/c0/Crc_reg[23]
  -------------------------------------------------------------------
                         required time                         12.094    
                         arrival time                          -5.872    
  -------------------------------------------------------------------
                         slack                                  6.222    

Slack (MET) :             6.222ns  (required time - arrival time)
  Source:                 mac_test0/mac_top0/mac_tx0/mac0/crcre_reg/C
                            (rising edge-triggered cell FDPE clocked by rx_clk  {rise@0.000ns fall@4.000ns period=8.000ns})
  Destination:            mac_test0/mac_top0/mac_tx0/c0/Crc_reg[25]/PRE
                            (recovery check against rising-edge clock rx_clk  {rise@0.000ns fall@4.000ns period=8.000ns})
  Path Group:             **async_default**
  Path Type:              Recovery (Max at Slow Process Corner)
  Requirement:            8.000ns  (rx_clk rise@8.000ns - rx_clk rise@0.000ns)
  Data Path Delay:        1.270ns  (logic 0.348ns (27.394%)  route 0.922ns (72.606%))
  Logic Levels:           0  
  Clock Path Skew:        -0.043ns (DCD - SCD + CPR)
    Destination Clock Delay (DCD):    4.335ns = ( 12.335 - 8.000 ) 
    Source Clock Delay      (SCD):    4.601ns
    Clock Pessimism Removal (CPR):    0.224ns
  Clock Uncertainty:      0.035ns  ((TSJ^2 + TIJ^2)^1/2 + DJ) / 2 + PE
    Total System Jitter     (TSJ):    0.071ns
    Total Input Jitter      (TIJ):    0.000ns
    Discrete Jitter          (DJ):    0.000ns
    Phase Error              (PE):    0.000ns

    Location             Delay type                Incr(ns)  Path(ns)    Netlist Resource(s)
  -------------------------------------------------------------------    -------------------
                         (clock rx_clk rise edge)     0.000     0.000 r  
    K18                                               0.000     0.000 r  rgmii_rxc (IN)
                         net (fo=0)                   0.000     0.000    rgmii_rxc
    K18                  IBUF (Prop_ibuf_I_O)         1.408     1.408 r  rgmii_rxc_IBUF_inst/O
                         net (fo=2, routed)           1.693     3.101    util_gmii_to_rgmii_m0/rgmii_rxc_IBUF
    BUFGCTRL_X0Y16       BUFG (Prop_bufg_I_O)         0.081     3.182 r  util_gmii_to_rgmii_m0/BUFG_inst/O
                         net (fo=2092, routed)        1.419     4.601    mac_test0/mac_top0/mac_tx0/mac0/gmii_tx_clk
    SLICE_X5Y60          FDPE                                         r  mac_test0/mac_top0/mac_tx0/mac0/crcre_reg/C
  -------------------------------------------------------------------    -------------------
    SLICE_X5Y60          FDPE (Prop_fdpe_C_Q)         0.348     4.949 f  mac_test0/mac_top0/mac_tx0/mac0/crcre_reg/Q
                         net (fo=32, routed)          0.922     5.872    mac_test0/mac_top0/mac_tx0/c0/AS[0]
    SLICE_X3Y62          FDPE                                         f  mac_test0/mac_top0/mac_tx0/c0/Crc_reg[25]/PRE
  -------------------------------------------------------------------    -------------------

                         (clock rx_clk rise edge)     8.000     8.000 r  
    K18                                               0.000     8.000 r  rgmii_rxc (IN)
                         net (fo=0)                   0.000     8.000    rgmii_rxc
    K18                  IBUF (Prop_ibuf_I_O)         1.342     9.342 r  rgmii_rxc_IBUF_inst/O
                         net (fo=2, routed)           1.604    10.946    util_gmii_to_rgmii_m0/rgmii_rxc_IBUF
    BUFGCTRL_X0Y16       BUFG (Prop_bufg_I_O)         0.077    11.023 r  util_gmii_to_rgmii_m0/BUFG_inst/O
                         net (fo=2092, routed)        1.311    12.335    mac_test0/mac_top0/mac_tx0/c0/gmii_tx_clk
    SLICE_X3Y62          FDPE                                         r  mac_test0/mac_top0/mac_tx0/c0/Crc_reg[25]/C
                         clock pessimism              0.224    12.558    
                         clock uncertainty           -0.035    12.523    
    SLICE_X3Y62          FDPE (Recov_fdpe_C_PRE)     -0.429    12.094    mac_test0/mac_top0/mac_tx0/c0/Crc_reg[25]
  -------------------------------------------------------------------
                         required time                         12.094    
                         arrival time                          -5.872    
  -------------------------------------------------------------------
                         slack                                  6.222    

Slack (MET) :             6.222ns  (required time - arrival time)
  Source:                 mac_test0/mac_top0/mac_tx0/mac0/crcre_reg/C
                            (rising edge-triggered cell FDPE clocked by rx_clk  {rise@0.000ns fall@4.000ns period=8.000ns})
  Destination:            mac_test0/mac_top0/mac_tx0/c0/Crc_reg[26]/PRE
                            (recovery check against rising-edge clock rx_clk  {rise@0.000ns fall@4.000ns period=8.000ns})
  Path Group:             **async_default**
  Path Type:              Recovery (Max at Slow Process Corner)
  Requirement:            8.000ns  (rx_clk rise@8.000ns - rx_clk rise@0.000ns)
  Data Path Delay:        1.270ns  (logic 0.348ns (27.394%)  route 0.922ns (72.606%))
  Logic Levels:           0  
  Clock Path Skew:        -0.043ns (DCD - SCD + CPR)
    Destination Clock Delay (DCD):    4.335ns = ( 12.335 - 8.000 ) 
    Source Clock Delay      (SCD):    4.601ns
    Clock Pessimism Removal (CPR):    0.224ns
  Clock Uncertainty:      0.035ns  ((TSJ^2 + TIJ^2)^1/2 + DJ) / 2 + PE
    Total System Jitter     (TSJ):    0.071ns
    Total Input Jitter      (TIJ):    0.000ns
    Discrete Jitter          (DJ):    0.000ns
    Phase Error              (PE):    0.000ns

    Location             Delay type                Incr(ns)  Path(ns)    Netlist Resource(s)
  -------------------------------------------------------------------    -------------------
                         (clock rx_clk rise edge)     0.000     0.000 r  
    K18                                               0.000     0.000 r  rgmii_rxc (IN)
                         net (fo=0)                   0.000     0.000    rgmii_rxc
    K18                  IBUF (Prop_ibuf_I_O)         1.408     1.408 r  rgmii_rxc_IBUF_inst/O
                         net (fo=2, routed)           1.693     3.101    util_gmii_to_rgmii_m0/rgmii_rxc_IBUF
    BUFGCTRL_X0Y16       BUFG (Prop_bufg_I_O)         0.081     3.182 r  util_gmii_to_rgmii_m0/BUFG_inst/O
                         net (fo=2092, routed)        1.419     4.601    mac_test0/mac_top0/mac_tx0/mac0/gmii_tx_clk
    SLICE_X5Y60          FDPE                                         r  mac_test0/mac_top0/mac_tx0/mac0/crcre_reg/C
  -------------------------------------------------------------------    -------------------
    SLICE_X5Y60          FDPE (Prop_fdpe_C_Q)         0.348     4.949 f  mac_test0/mac_top0/mac_tx0/mac0/crcre_reg/Q
                         net (fo=32, routed)          0.922     5.872    mac_test0/mac_top0/mac_tx0/c0/AS[0]
    SLICE_X2Y62          FDPE                                         f  mac_test0/mac_top0/mac_tx0/c0/Crc_reg[26]/PRE
  -------------------------------------------------------------------    -------------------

                         (clock rx_clk rise edge)     8.000     8.000 r  
    K18                                               0.000     8.000 r  rgmii_rxc (IN)
                         net (fo=0)                   0.000     8.000    rgmii_rxc
    K18                  IBUF (Prop_ibuf_I_O)         1.342     9.342 r  rgmii_rxc_IBUF_inst/O
                         net (fo=2, routed)           1.604    10.946    util_gmii_to_rgmii_m0/rgmii_rxc_IBUF
    BUFGCTRL_X0Y16       BUFG (Prop_bufg_I_O)         0.077    11.023 r  util_gmii_to_rgmii_m0/BUFG_inst/O
                         net (fo=2092, routed)        1.311    12.335    mac_test0/mac_top0/mac_tx0/c0/gmii_tx_clk
    SLICE_X2Y62          FDPE                                         r  mac_test0/mac_top0/mac_tx0/c0/Crc_reg[26]/C
                         clock pessimism              0.224    12.558    
                         clock uncertainty           -0.035    12.523    
    SLICE_X2Y62          FDPE (Recov_fdpe_C_PRE)     -0.429    12.094    mac_test0/mac_top0/mac_tx0/c0/Crc_reg[26]
  -------------------------------------------------------------------
                         required time                         12.094    
                         arrival time                          -5.872    
  -------------------------------------------------------------------
                         slack                                  6.222    

Slack (MET) :             6.222ns  (required time - arrival time)
  Source:                 mac_test0/mac_top0/mac_tx0/mac0/crcre_reg/C
                            (rising edge-triggered cell FDPE clocked by rx_clk  {rise@0.000ns fall@4.000ns period=8.000ns})
  Destination:            mac_test0/mac_top0/mac_tx0/c0/Crc_reg[5]/PRE
                            (recovery check against rising-edge clock rx_clk  {rise@0.000ns fall@4.000ns period=8.000ns})
  Path Group:             **async_default**
  Path Type:              Recovery (Max at Slow Process Corner)
  Requirement:            8.000ns  (rx_clk rise@8.000ns - rx_clk rise@0.000ns)
  Data Path Delay:        1.270ns  (logic 0.348ns (27.394%)  route 0.922ns (72.606%))
  Logic Levels:           0  
  Clock Path Skew:        -0.043ns (DCD - SCD + CPR)
    Destination Clock Delay (DCD):    4.335ns = ( 12.335 - 8.000 ) 
    Source Clock Delay      (SCD):    4.601ns
    Clock Pessimism Removal (CPR):    0.224ns
  Clock Uncertainty:      0.035ns  ((TSJ^2 + TIJ^2)^1/2 + DJ) / 2 + PE
    Total System Jitter     (TSJ):    0.071ns
    Total Input Jitter      (TIJ):    0.000ns
    Discrete Jitter          (DJ):    0.000ns
    Phase Error              (PE):    0.000ns

    Location             Delay type                Incr(ns)  Path(ns)    Netlist Resource(s)
  -------------------------------------------------------------------    -------------------
                         (clock rx_clk rise edge)     0.000     0.000 r  
    K18                                               0.000     0.000 r  rgmii_rxc (IN)
                         net (fo=0)                   0.000     0.000    rgmii_rxc
    K18                  IBUF (Prop_ibuf_I_O)         1.408     1.408 r  rgmii_rxc_IBUF_inst/O
                         net (fo=2, routed)           1.693     3.101    util_gmii_to_rgmii_m0/rgmii_rxc_IBUF
    BUFGCTRL_X0Y16       BUFG (Prop_bufg_I_O)         0.081     3.182 r  util_gmii_to_rgmii_m0/BUFG_inst/O
                         net (fo=2092, routed)        1.419     4.601    mac_test0/mac_top0/mac_tx0/mac0/gmii_tx_clk
    SLICE_X5Y60          FDPE                                         r  mac_test0/mac_top0/mac_tx0/mac0/crcre_reg/C
  -------------------------------------------------------------------    -------------------
    SLICE_X5Y60          FDPE (Prop_fdpe_C_Q)         0.348     4.949 f  mac_test0/mac_top0/mac_tx0/mac0/crcre_reg/Q
                         net (fo=32, routed)          0.922     5.872    mac_test0/mac_top0/mac_tx0/c0/AS[0]
    SLICE_X3Y62          FDPE                                         f  mac_test0/mac_top0/mac_tx0/c0/Crc_reg[5]/PRE
  -------------------------------------------------------------------    -------------------

                         (clock rx_clk rise edge)     8.000     8.000 r  
    K18                                               0.000     8.000 r  rgmii_rxc (IN)
                         net (fo=0)                   0.000     8.000    rgmii_rxc
    K18                  IBUF (Prop_ibuf_I_O)         1.342     9.342 r  rgmii_rxc_IBUF_inst/O
                         net (fo=2, routed)           1.604    10.946    util_gmii_to_rgmii_m0/rgmii_rxc_IBUF
    BUFGCTRL_X0Y16       BUFG (Prop_bufg_I_O)         0.077    11.023 r  util_gmii_to_rgmii_m0/BUFG_inst/O
                         net (fo=2092, routed)        1.311    12.335    mac_test0/mac_top0/mac_tx0/c0/gmii_tx_clk
    SLICE_X3Y62          FDPE                                         r  mac_test0/mac_top0/mac_tx0/c0/Crc_reg[5]/C
                         clock pessimism              0.224    12.558    
                         clock uncertainty           -0.035    12.523    
    SLICE_X3Y62          FDPE (Recov_fdpe_C_PRE)     -0.429    12.094    mac_test0/mac_top0/mac_tx0/c0/Crc_reg[5]
  -------------------------------------------------------------------
                         required time                         12.094    
                         arrival time                          -5.872    
  -------------------------------------------------------------------
                         slack                                  6.222    

Slack (MET) :             6.222ns  (required time - arrival time)
  Source:                 mac_test0/mac_top0/mac_tx0/mac0/crcre_reg/C
                            (rising edge-triggered cell FDPE clocked by rx_clk  {rise@0.000ns fall@4.000ns period=8.000ns})
  Destination:            mac_test0/mac_top0/mac_tx0/c0/Crc_reg[7]/PRE
                            (recovery check against rising-edge clock rx_clk  {rise@0.000ns fall@4.000ns period=8.000ns})
  Path Group:             **async_default**
  Path Type:              Recovery (Max at Slow Process Corner)
  Requirement:            8.000ns  (rx_clk rise@8.000ns - rx_clk rise@0.000ns)
  Data Path Delay:        1.270ns  (logic 0.348ns (27.394%)  route 0.922ns (72.606%))
  Logic Levels:           0  
  Clock Path Skew:        -0.043ns (DCD - SCD + CPR)
    Destination Clock Delay (DCD):    4.335ns = ( 12.335 - 8.000 ) 
    Source Clock Delay      (SCD):    4.601ns
    Clock Pessimism Removal (CPR):    0.224ns
  Clock Uncertainty:      0.035ns  ((TSJ^2 + TIJ^2)^1/2 + DJ) / 2 + PE
    Total System Jitter     (TSJ):    0.071ns
    Total Input Jitter      (TIJ):    0.000ns
    Discrete Jitter          (DJ):    0.000ns
    Phase Error              (PE):    0.000ns

    Location             Delay type                Incr(ns)  Path(ns)    Netlist Resource(s)
  -------------------------------------------------------------------    -------------------
                         (clock rx_clk rise edge)     0.000     0.000 r  
    K18                                               0.000     0.000 r  rgmii_rxc (IN)
                         net (fo=0)                   0.000     0.000    rgmii_rxc
    K18                  IBUF (Prop_ibuf_I_O)         1.408     1.408 r  rgmii_rxc_IBUF_inst/O
                         net (fo=2, routed)           1.693     3.101    util_gmii_to_rgmii_m0/rgmii_rxc_IBUF
    BUFGCTRL_X0Y16       BUFG (Prop_bufg_I_O)         0.081     3.182 r  util_gmii_to_rgmii_m0/BUFG_inst/O
                         net (fo=2092, routed)        1.419     4.601    mac_test0/mac_top0/mac_tx0/mac0/gmii_tx_clk
    SLICE_X5Y60          FDPE                                         r  mac_test0/mac_top0/mac_tx0/mac0/crcre_reg/C
  -------------------------------------------------------------------    -------------------
    SLICE_X5Y60          FDPE (Prop_fdpe_C_Q)         0.348     4.949 f  mac_test0/mac_top0/mac_tx0/mac0/crcre_reg/Q
                         net (fo=32, routed)          0.922     5.872    mac_test0/mac_top0/mac_tx0/c0/AS[0]
    SLICE_X3Y62          FDPE                                         f  mac_test0/mac_top0/mac_tx0/c0/Crc_reg[7]/PRE
  -------------------------------------------------------------------    -------------------

                         (clock rx_clk rise edge)     8.000     8.000 r  
    K18                                               0.000     8.000 r  rgmii_rxc (IN)
                         net (fo=0)                   0.000     8.000    rgmii_rxc
    K18                  IBUF (Prop_ibuf_I_O)         1.342     9.342 r  rgmii_rxc_IBUF_inst/O
                         net (fo=2, routed)           1.604    10.946    util_gmii_to_rgmii_m0/rgmii_rxc_IBUF
    BUFGCTRL_X0Y16       BUFG (Prop_bufg_I_O)         0.077    11.023 r  util_gmii_to_rgmii_m0/BUFG_inst/O
                         net (fo=2092, routed)        1.311    12.335    mac_test0/mac_top0/mac_tx0/c0/gmii_tx_clk
    SLICE_X3Y62          FDPE                                         r  mac_test0/mac_top0/mac_tx0/c0/Crc_reg[7]/C
                         clock pessimism              0.224    12.558    
                         clock uncertainty           -0.035    12.523    
    SLICE_X3Y62          FDPE (Recov_fdpe_C_PRE)     -0.429    12.094    mac_test0/mac_top0/mac_tx0/c0/Crc_reg[7]
  -------------------------------------------------------------------
                         required time                         12.094    
                         arrival time                          -5.872    
  -------------------------------------------------------------------
                         slack                                  6.222    

Slack (MET) :             6.256ns  (required time - arrival time)
  Source:                 mac_test0/mac_top0/mac_tx0/mac0/crcre_reg/C
                            (rising edge-triggered cell FDPE clocked by rx_clk  {rise@0.000ns fall@4.000ns period=8.000ns})
  Destination:            mac_test0/mac_top0/mac_tx0/c0/Crc_reg[31]/PRE
                            (recovery check against rising-edge clock rx_clk  {rise@0.000ns fall@4.000ns period=8.000ns})
  Path Group:             **async_default**
  Path Type:              Recovery (Max at Slow Process Corner)
  Requirement:            8.000ns  (rx_clk rise@8.000ns - rx_clk rise@0.000ns)
  Data Path Delay:        1.270ns  (logic 0.348ns (27.394%)  route 0.922ns (72.606%))
  Logic Levels:           0  
  Clock Path Skew:        -0.043ns (DCD - SCD + CPR)
    Destination Clock Delay (DCD):    4.335ns = ( 12.335 - 8.000 ) 
    Source Clock Delay      (SCD):    4.601ns
    Clock Pessimism Removal (CPR):    0.224ns
  Clock Uncertainty:      0.035ns  ((TSJ^2 + TIJ^2)^1/2 + DJ) / 2 + PE
    Total System Jitter     (TSJ):    0.071ns
    Total Input Jitter      (TIJ):    0.000ns
    Discrete Jitter          (DJ):    0.000ns
    Phase Error              (PE):    0.000ns

    Location             Delay type                Incr(ns)  Path(ns)    Netlist Resource(s)
  -------------------------------------------------------------------    -------------------
                         (clock rx_clk rise edge)     0.000     0.000 r  
    K18                                               0.000     0.000 r  rgmii_rxc (IN)
                         net (fo=0)                   0.000     0.000    rgmii_rxc
    K18                  IBUF (Prop_ibuf_I_O)         1.408     1.408 r  rgmii_rxc_IBUF_inst/O
                         net (fo=2, routed)           1.693     3.101    util_gmii_to_rgmii_m0/rgmii_rxc_IBUF
    BUFGCTRL_X0Y16       BUFG (Prop_bufg_I_O)         0.081     3.182 r  util_gmii_to_rgmii_m0/BUFG_inst/O
                         net (fo=2092, routed)        1.419     4.601    mac_test0/mac_top0/mac_tx0/mac0/gmii_tx_clk
    SLICE_X5Y60          FDPE                                         r  mac_test0/mac_top0/mac_tx0/mac0/crcre_reg/C
  -------------------------------------------------------------------    -------------------
    SLICE_X5Y60          FDPE (Prop_fdpe_C_Q)         0.348     4.949 f  mac_test0/mac_top0/mac_tx0/mac0/crcre_reg/Q
                         net (fo=32, routed)          0.922     5.872    mac_test0/mac_top0/mac_tx0/c0/AS[0]
    SLICE_X2Y62          FDPE                                         f  mac_test0/mac_top0/mac_tx0/c0/Crc_reg[31]/PRE
  -------------------------------------------------------------------    -------------------

                         (clock rx_clk rise edge)     8.000     8.000 r  
    K18                                               0.000     8.000 r  rgmii_rxc (IN)
                         net (fo=0)                   0.000     8.000    rgmii_rxc
    K18                  IBUF (Prop_ibuf_I_O)         1.342     9.342 r  rgmii_rxc_IBUF_inst/O
                         net (fo=2, routed)           1.604    10.946    util_gmii_to_rgmii_m0/rgmii_rxc_IBUF
    BUFGCTRL_X0Y16       BUFG (Prop_bufg_I_O)         0.077    11.023 r  util_gmii_to_rgmii_m0/BUFG_inst/O
                         net (fo=2092, routed)        1.311    12.335    mac_test0/mac_top0/mac_tx0/c0/gmii_tx_clk
    SLICE_X2Y62          FDPE                                         r  mac_test0/mac_top0/mac_tx0/c0/Crc_reg[31]/C
                         clock pessimism              0.224    12.558    
                         clock uncertainty           -0.035    12.523    
    SLICE_X2Y62          FDPE (Recov_fdpe_C_PRE)     -0.395    12.128    mac_test0/mac_top0/mac_tx0/c0/Crc_reg[31]
  -------------------------------------------------------------------
                         required time                         12.128    
                         arrival time                          -5.872    
  -------------------------------------------------------------------
                         slack                                  6.256    

Slack (MET) :             6.339ns  (required time - arrival time)
  Source:                 mac_test0/mac_top0/mac_tx0/mac0/crcre_reg/C
                            (rising edge-triggered cell FDPE clocked by rx_clk  {rise@0.000ns fall@4.000ns period=8.000ns})
  Destination:            mac_test0/mac_top0/mac_tx0/c0/Crc_reg[17]/PRE
                            (recovery check against rising-edge clock rx_clk  {rise@0.000ns fall@4.000ns period=8.000ns})
  Path Group:             **async_default**
  Path Type:              Recovery (Max at Slow Process Corner)
  Requirement:            8.000ns  (rx_clk rise@8.000ns - rx_clk rise@0.000ns)
  Data Path Delay:        1.154ns  (logic 0.348ns (30.163%)  route 0.806ns (69.837%))
  Logic Levels:           0  
  Clock Path Skew:        -0.043ns (DCD - SCD + CPR)
    Destination Clock Delay (DCD):    4.335ns = ( 12.335 - 8.000 ) 
    Source Clock Delay      (SCD):    4.601ns
    Clock Pessimism Removal (CPR):    0.224ns
  Clock Uncertainty:      0.035ns  ((TSJ^2 + TIJ^2)^1/2 + DJ) / 2 + PE
    Total System Jitter     (TSJ):    0.071ns
    Total Input Jitter      (TIJ):    0.000ns
    Discrete Jitter          (DJ):    0.000ns
    Phase Error              (PE):    0.000ns

    Location             Delay type                Incr(ns)  Path(ns)    Netlist Resource(s)
  -------------------------------------------------------------------    -------------------
                         (clock rx_clk rise edge)     0.000     0.000 r  
    K18                                               0.000     0.000 r  rgmii_rxc (IN)
                         net (fo=0)                   0.000     0.000    rgmii_rxc
    K18                  IBUF (Prop_ibuf_I_O)         1.408     1.408 r  rgmii_rxc_IBUF_inst/O
                         net (fo=2, routed)           1.693     3.101    util_gmii_to_rgmii_m0/rgmii_rxc_IBUF
    BUFGCTRL_X0Y16       BUFG (Prop_bufg_I_O)         0.081     3.182 r  util_gmii_to_rgmii_m0/BUFG_inst/O
                         net (fo=2092, routed)        1.419     4.601    mac_test0/mac_top0/mac_tx0/mac0/gmii_tx_clk
    SLICE_X5Y60          FDPE                                         r  mac_test0/mac_top0/mac_tx0/mac0/crcre_reg/C
  -------------------------------------------------------------------    -------------------
    SLICE_X5Y60          FDPE (Prop_fdpe_C_Q)         0.348     4.949 f  mac_test0/mac_top0/mac_tx0/mac0/crcre_reg/Q
                         net (fo=32, routed)          0.806     5.755    mac_test0/mac_top0/mac_tx0/c0/AS[0]
    SLICE_X2Y61          FDPE                                         f  mac_test0/mac_top0/mac_tx0/c0/Crc_reg[17]/PRE
  -------------------------------------------------------------------    -------------------

                         (clock rx_clk rise edge)     8.000     8.000 r  
    K18                                               0.000     8.000 r  rgmii_rxc (IN)
                         net (fo=0)                   0.000     8.000    rgmii_rxc
    K18                  IBUF (Prop_ibuf_I_O)         1.342     9.342 r  rgmii_rxc_IBUF_inst/O
                         net (fo=2, routed)           1.604    10.946    util_gmii_to_rgmii_m0/rgmii_rxc_IBUF
    BUFGCTRL_X0Y16       BUFG (Prop_bufg_I_O)         0.077    11.023 r  util_gmii_to_rgmii_m0/BUFG_inst/O
                         net (fo=2092, routed)        1.311    12.335    mac_test0/mac_top0/mac_tx0/c0/gmii_tx_clk
    SLICE_X2Y61          FDPE                                         r  mac_test0/mac_top0/mac_tx0/c0/Crc_reg[17]/C
                         clock pessimism              0.224    12.558    
                         clock uncertainty           -0.035    12.523    
    SLICE_X2Y61          FDPE (Recov_fdpe_C_PRE)     -0.429    12.094    mac_test0/mac_top0/mac_tx0/c0/Crc_reg[17]
  -------------------------------------------------------------------
                         required time                         12.094    
                         arrival time                          -5.755    
  -------------------------------------------------------------------
                         slack                                  6.339    

Slack (MET) :             6.339ns  (required time - arrival time)
  Source:                 mac_test0/mac_top0/mac_tx0/mac0/crcre_reg/C
                            (rising edge-triggered cell FDPE clocked by rx_clk  {rise@0.000ns fall@4.000ns period=8.000ns})
  Destination:            mac_test0/mac_top0/mac_tx0/c0/Crc_reg[18]/PRE
                            (recovery check against rising-edge clock rx_clk  {rise@0.000ns fall@4.000ns period=8.000ns})
  Path Group:             **async_default**
  Path Type:              Recovery (Max at Slow Process Corner)
  Requirement:            8.000ns  (rx_clk rise@8.000ns - rx_clk rise@0.000ns)
  Data Path Delay:        1.154ns  (logic 0.348ns (30.163%)  route 0.806ns (69.837%))
  Logic Levels:           0  
  Clock Path Skew:        -0.043ns (DCD - SCD + CPR)
    Destination Clock Delay (DCD):    4.335ns = ( 12.335 - 8.000 ) 
    Source Clock Delay      (SCD):    4.601ns
    Clock Pessimism Removal (CPR):    0.224ns
  Clock Uncertainty:      0.035ns  ((TSJ^2 + TIJ^2)^1/2 + DJ) / 2 + PE
    Total System Jitter     (TSJ):    0.071ns
    Total Input Jitter      (TIJ):    0.000ns
    Discrete Jitter          (DJ):    0.000ns
    Phase Error              (PE):    0.000ns

    Location             Delay type                Incr(ns)  Path(ns)    Netlist Resource(s)
  -------------------------------------------------------------------    -------------------
                         (clock rx_clk rise edge)     0.000     0.000 r  
    K18                                               0.000     0.000 r  rgmii_rxc (IN)
                         net (fo=0)                   0.000     0.000    rgmii_rxc
    K18                  IBUF (Prop_ibuf_I_O)         1.408     1.408 r  rgmii_rxc_IBUF_inst/O
                         net (fo=2, routed)           1.693     3.101    util_gmii_to_rgmii_m0/rgmii_rxc_IBUF
    BUFGCTRL_X0Y16       BUFG (Prop_bufg_I_O)         0.081     3.182 r  util_gmii_to_rgmii_m0/BUFG_inst/O
                         net (fo=2092, routed)        1.419     4.601    mac_test0/mac_top0/mac_tx0/mac0/gmii_tx_clk
    SLICE_X5Y60          FDPE                                         r  mac_test0/mac_top0/mac_tx0/mac0/crcre_reg/C
  -------------------------------------------------------------------    -------------------
    SLICE_X5Y60          FDPE (Prop_fdpe_C_Q)         0.348     4.949 f  mac_test0/mac_top0/mac_tx0/mac0/crcre_reg/Q
                         net (fo=32, routed)          0.806     5.755    mac_test0/mac_top0/mac_tx0/c0/AS[0]
    SLICE_X2Y61          FDPE                                         f  mac_test0/mac_top0/mac_tx0/c0/Crc_reg[18]/PRE
  -------------------------------------------------------------------    -------------------

                         (clock rx_clk rise edge)     8.000     8.000 r  
    K18                                               0.000     8.000 r  rgmii_rxc (IN)
                         net (fo=0)                   0.000     8.000    rgmii_rxc
    K18                  IBUF (Prop_ibuf_I_O)         1.342     9.342 r  rgmii_rxc_IBUF_inst/O
                         net (fo=2, routed)           1.604    10.946    util_gmii_to_rgmii_m0/rgmii_rxc_IBUF
    BUFGCTRL_X0Y16       BUFG (Prop_bufg_I_O)         0.077    11.023 r  util_gmii_to_rgmii_m0/BUFG_inst/O
                         net (fo=2092, routed)        1.311    12.335    mac_test0/mac_top0/mac_tx0/c0/gmii_tx_clk
    SLICE_X2Y61          FDPE                                         r  mac_test0/mac_top0/mac_tx0/c0/Crc_reg[18]/C
                         clock pessimism              0.224    12.558    
                         clock uncertainty           -0.035    12.523    
    SLICE_X2Y61          FDPE (Recov_fdpe_C_PRE)     -0.429    12.094    mac_test0/mac_top0/mac_tx0/c0/Crc_reg[18]
  -------------------------------------------------------------------
                         required time                         12.094    
                         arrival time                          -5.755    
  -------------------------------------------------------------------
                         slack                                  6.339    





Min Delay Paths
--------------------------------------------------------------------------------------
Slack (MET) :             0.428ns  (arrival time - required time)
  Source:                 mac_test0/mac_top0/mac_tx0/mac0/crcre_reg/C
                            (rising edge-triggered cell FDPE clocked by rx_clk  {rise@0.000ns fall@4.000ns period=8.000ns})
  Destination:            mac_test0/mac_top0/mac_tx0/c0/Crc_reg[1]/PRE
                            (removal check against rising-edge clock rx_clk  {rise@0.000ns fall@4.000ns period=8.000ns})
  Path Group:             **async_default**
  Path Type:              Removal (Min at Fast Process Corner)
  Requirement:            0.000ns  (rx_clk rise@0.000ns - rx_clk rise@0.000ns)
  Data Path Delay:        0.319ns  (logic 0.128ns (40.132%)  route 0.191ns (59.868%))
  Logic Levels:           0  
  Clock Path Skew:        0.016ns (DCD - SCD - CPR)
    Destination Clock Delay (DCD):    2.008ns
    Source Clock Delay      (SCD):    1.492ns
    Clock Pessimism Removal (CPR):    0.500ns

    Location             Delay type                Incr(ns)  Path(ns)    Netlist Resource(s)
  -------------------------------------------------------------------    -------------------
                         (clock rx_clk rise edge)     0.000     0.000 r  
    K18                                               0.000     0.000 r  rgmii_rxc (IN)
                         net (fo=0)                   0.000     0.000    rgmii_rxc
    K18                  IBUF (Prop_ibuf_I_O)         0.245     0.245 r  rgmii_rxc_IBUF_inst/O
                         net (fo=2, routed)           0.634     0.879    util_gmii_to_rgmii_m0/rgmii_rxc_IBUF
    BUFGCTRL_X0Y16       BUFG (Prop_bufg_I_O)         0.026     0.905 r  util_gmii_to_rgmii_m0/BUFG_inst/O
                         net (fo=2092, routed)        0.587     1.492    mac_test0/mac_top0/mac_tx0/mac0/gmii_tx_clk
    SLICE_X5Y60          FDPE                                         r  mac_test0/mac_top0/mac_tx0/mac0/crcre_reg/C
  -------------------------------------------------------------------    -------------------
    SLICE_X5Y60          FDPE (Prop_fdpe_C_Q)         0.128     1.620 f  mac_test0/mac_top0/mac_tx0/mac0/crcre_reg/Q
                         net (fo=32, routed)          0.191     1.811    mac_test0/mac_top0/mac_tx0/c0/AS[0]
    SLICE_X6Y60          FDPE                                         f  mac_test0/mac_top0/mac_tx0/c0/Crc_reg[1]/PRE
  -------------------------------------------------------------------    -------------------

                         (clock rx_clk rise edge)     0.000     0.000 r  
    K18                                               0.000     0.000 r  rgmii_rxc (IN)
                         net (fo=0)                   0.000     0.000    rgmii_rxc
    K18                  IBUF (Prop_ibuf_I_O)         0.433     0.433 r  rgmii_rxc_IBUF_inst/O
                         net (fo=2, routed)           0.689     1.122    util_gmii_to_rgmii_m0/rgmii_rxc_IBUF
    BUFGCTRL_X0Y16       BUFG (Prop_bufg_I_O)         0.029     1.151 r  util_gmii_to_rgmii_m0/BUFG_inst/O
                         net (fo=2092, routed)        0.858     2.008    mac_test0/mac_top0/mac_tx0/c0/gmii_tx_clk
    SLICE_X6Y60          FDPE                                         r  mac_test0/mac_top0/mac_tx0/c0/Crc_reg[1]/C
                         clock pessimism             -0.500     1.508    
    SLICE_X6Y60          FDPE (Remov_fdpe_C_PRE)     -0.125     1.383    mac_test0/mac_top0/mac_tx0/c0/Crc_reg[1]
  -------------------------------------------------------------------
                         required time                         -1.383    
                         arrival time                           1.811    
  -------------------------------------------------------------------
                         slack                                  0.428    

Slack (MET) :             0.480ns  (arrival time - required time)
  Source:                 mac_test0/mac_top0/mac_tx0/mac0/crcre_reg/C
                            (rising edge-triggered cell FDPE clocked by rx_clk  {rise@0.000ns fall@4.000ns period=8.000ns})
  Destination:            mac_test0/mac_top0/mac_tx0/c0/Crc_reg[16]/PRE
                            (removal check against rising-edge clock rx_clk  {rise@0.000ns fall@4.000ns period=8.000ns})
  Path Group:             **async_default**
  Path Type:              Removal (Min at Fast Process Corner)
  Requirement:            0.000ns  (rx_clk rise@0.000ns - rx_clk rise@0.000ns)
  Data Path Delay:        0.371ns  (logic 0.128ns (34.467%)  route 0.243ns (65.533%))
  Logic Levels:           0  
  Clock Path Skew:        0.016ns (DCD - SCD - CPR)
    Destination Clock Delay (DCD):    2.008ns
    Source Clock Delay      (SCD):    1.492ns
    Clock Pessimism Removal (CPR):    0.500ns

    Location             Delay type                Incr(ns)  Path(ns)    Netlist Resource(s)
  -------------------------------------------------------------------    -------------------
                         (clock rx_clk rise edge)     0.000     0.000 r  
    K18                                               0.000     0.000 r  rgmii_rxc (IN)
                         net (fo=0)                   0.000     0.000    rgmii_rxc
    K18                  IBUF (Prop_ibuf_I_O)         0.245     0.245 r  rgmii_rxc_IBUF_inst/O
                         net (fo=2, routed)           0.634     0.879    util_gmii_to_rgmii_m0/rgmii_rxc_IBUF
    BUFGCTRL_X0Y16       BUFG (Prop_bufg_I_O)         0.026     0.905 r  util_gmii_to_rgmii_m0/BUFG_inst/O
                         net (fo=2092, routed)        0.587     1.492    mac_test0/mac_top0/mac_tx0/mac0/gmii_tx_clk
    SLICE_X5Y60          FDPE                                         r  mac_test0/mac_top0/mac_tx0/mac0/crcre_reg/C
  -------------------------------------------------------------------    -------------------
    SLICE_X5Y60          FDPE (Prop_fdpe_C_Q)         0.128     1.620 f  mac_test0/mac_top0/mac_tx0/mac0/crcre_reg/Q
                         net (fo=32, routed)          0.243     1.863    mac_test0/mac_top0/mac_tx0/c0/AS[0]
    SLICE_X6Y61          FDPE                                         f  mac_test0/mac_top0/mac_tx0/c0/Crc_reg[16]/PRE
  -------------------------------------------------------------------    -------------------

                         (clock rx_clk rise edge)     0.000     0.000 r  
    K18                                               0.000     0.000 r  rgmii_rxc (IN)
                         net (fo=0)                   0.000     0.000    rgmii_rxc
    K18                  IBUF (Prop_ibuf_I_O)         0.433     0.433 r  rgmii_rxc_IBUF_inst/O
                         net (fo=2, routed)           0.689     1.122    util_gmii_to_rgmii_m0/rgmii_rxc_IBUF
    BUFGCTRL_X0Y16       BUFG (Prop_bufg_I_O)         0.029     1.151 r  util_gmii_to_rgmii_m0/BUFG_inst/O
                         net (fo=2092, routed)        0.858     2.008    mac_test0/mac_top0/mac_tx0/c0/gmii_tx_clk
    SLICE_X6Y61          FDPE                                         r  mac_test0/mac_top0/mac_tx0/c0/Crc_reg[16]/C
                         clock pessimism             -0.500     1.508    
    SLICE_X6Y61          FDPE (Remov_fdpe_C_PRE)     -0.125     1.383    mac_test0/mac_top0/mac_tx0/c0/Crc_reg[16]
  -------------------------------------------------------------------
                         required time                         -1.383    
                         arrival time                           1.863    
  -------------------------------------------------------------------
                         slack                                  0.480    

Slack (MET) :             0.480ns  (arrival time - required time)
  Source:                 mac_test0/mac_top0/mac_tx0/mac0/crcre_reg/C
                            (rising edge-triggered cell FDPE clocked by rx_clk  {rise@0.000ns fall@4.000ns period=8.000ns})
  Destination:            mac_test0/mac_top0/mac_tx0/c0/Crc_reg[19]/PRE
                            (removal check against rising-edge clock rx_clk  {rise@0.000ns fall@4.000ns period=8.000ns})
  Path Group:             **async_default**
  Path Type:              Removal (Min at Fast Process Corner)
  Requirement:            0.000ns  (rx_clk rise@0.000ns - rx_clk rise@0.000ns)
  Data Path Delay:        0.371ns  (logic 0.128ns (34.467%)  route 0.243ns (65.533%))
  Logic Levels:           0  
  Clock Path Skew:        0.016ns (DCD - SCD - CPR)
    Destination Clock Delay (DCD):    2.008ns
    Source Clock Delay      (SCD):    1.492ns
    Clock Pessimism Removal (CPR):    0.500ns

    Location             Delay type                Incr(ns)  Path(ns)    Netlist Resource(s)
  -------------------------------------------------------------------    -------------------
                         (clock rx_clk rise edge)     0.000     0.000 r  
    K18                                               0.000     0.000 r  rgmii_rxc (IN)
                         net (fo=0)                   0.000     0.000    rgmii_rxc
    K18                  IBUF (Prop_ibuf_I_O)         0.245     0.245 r  rgmii_rxc_IBUF_inst/O
                         net (fo=2, routed)           0.634     0.879    util_gmii_to_rgmii_m0/rgmii_rxc_IBUF
    BUFGCTRL_X0Y16       BUFG (Prop_bufg_I_O)         0.026     0.905 r  util_gmii_to_rgmii_m0/BUFG_inst/O
                         net (fo=2092, routed)        0.587     1.492    mac_test0/mac_top0/mac_tx0/mac0/gmii_tx_clk
    SLICE_X5Y60          FDPE                                         r  mac_test0/mac_top0/mac_tx0/mac0/crcre_reg/C
  -------------------------------------------------------------------    -------------------
    SLICE_X5Y60          FDPE (Prop_fdpe_C_Q)         0.128     1.620 f  mac_test0/mac_top0/mac_tx0/mac0/crcre_reg/Q
                         net (fo=32, routed)          0.243     1.863    mac_test0/mac_top0/mac_tx0/c0/AS[0]
    SLICE_X6Y61          FDPE                                         f  mac_test0/mac_top0/mac_tx0/c0/Crc_reg[19]/PRE
  -------------------------------------------------------------------    -------------------

                         (clock rx_clk rise edge)     0.000     0.000 r  
    K18                                               0.000     0.000 r  rgmii_rxc (IN)
                         net (fo=0)                   0.000     0.000    rgmii_rxc
    K18                  IBUF (Prop_ibuf_I_O)         0.433     0.433 r  rgmii_rxc_IBUF_inst/O
                         net (fo=2, routed)           0.689     1.122    util_gmii_to_rgmii_m0/rgmii_rxc_IBUF
    BUFGCTRL_X0Y16       BUFG (Prop_bufg_I_O)         0.029     1.151 r  util_gmii_to_rgmii_m0/BUFG_inst/O
                         net (fo=2092, routed)        0.858     2.008    mac_test0/mac_top0/mac_tx0/c0/gmii_tx_clk
    SLICE_X6Y61          FDPE                                         r  mac_test0/mac_top0/mac_tx0/c0/Crc_reg[19]/C
                         clock pessimism             -0.500     1.508    
    SLICE_X6Y61          FDPE (Remov_fdpe_C_PRE)     -0.125     1.383    mac_test0/mac_top0/mac_tx0/c0/Crc_reg[19]
  -------------------------------------------------------------------
                         required time                         -1.383    
                         arrival time                           1.863    
  -------------------------------------------------------------------
                         slack                                  0.480    

Slack (MET) :             0.480ns  (arrival time - required time)
  Source:                 mac_test0/mac_top0/mac_tx0/mac0/crcre_reg/C
                            (rising edge-triggered cell FDPE clocked by rx_clk  {rise@0.000ns fall@4.000ns period=8.000ns})
  Destination:            mac_test0/mac_top0/mac_tx0/c0/Crc_reg[22]/PRE
                            (removal check against rising-edge clock rx_clk  {rise@0.000ns fall@4.000ns period=8.000ns})
  Path Group:             **async_default**
  Path Type:              Removal (Min at Fast Process Corner)
  Requirement:            0.000ns  (rx_clk rise@0.000ns - rx_clk rise@0.000ns)
  Data Path Delay:        0.371ns  (logic 0.128ns (34.467%)  route 0.243ns (65.533%))
  Logic Levels:           0  
  Clock Path Skew:        0.016ns (DCD - SCD - CPR)
    Destination Clock Delay (DCD):    2.008ns
    Source Clock Delay      (SCD):    1.492ns
    Clock Pessimism Removal (CPR):    0.500ns

    Location             Delay type                Incr(ns)  Path(ns)    Netlist Resource(s)
  -------------------------------------------------------------------    -------------------
                         (clock rx_clk rise edge)     0.000     0.000 r  
    K18                                               0.000     0.000 r  rgmii_rxc (IN)
                         net (fo=0)                   0.000     0.000    rgmii_rxc
    K18                  IBUF (Prop_ibuf_I_O)         0.245     0.245 r  rgmii_rxc_IBUF_inst/O
                         net (fo=2, routed)           0.634     0.879    util_gmii_to_rgmii_m0/rgmii_rxc_IBUF
    BUFGCTRL_X0Y16       BUFG (Prop_bufg_I_O)         0.026     0.905 r  util_gmii_to_rgmii_m0/BUFG_inst/O
                         net (fo=2092, routed)        0.587     1.492    mac_test0/mac_top0/mac_tx0/mac0/gmii_tx_clk
    SLICE_X5Y60          FDPE                                         r  mac_test0/mac_top0/mac_tx0/mac0/crcre_reg/C
  -------------------------------------------------------------------    -------------------
    SLICE_X5Y60          FDPE (Prop_fdpe_C_Q)         0.128     1.620 f  mac_test0/mac_top0/mac_tx0/mac0/crcre_reg/Q
                         net (fo=32, routed)          0.243     1.863    mac_test0/mac_top0/mac_tx0/c0/AS[0]
    SLICE_X6Y61          FDPE                                         f  mac_test0/mac_top0/mac_tx0/c0/Crc_reg[22]/PRE
  -------------------------------------------------------------------    -------------------

                         (clock rx_clk rise edge)     0.000     0.000 r  
    K18                                               0.000     0.000 r  rgmii_rxc (IN)
                         net (fo=0)                   0.000     0.000    rgmii_rxc
    K18                  IBUF (Prop_ibuf_I_O)         0.433     0.433 r  rgmii_rxc_IBUF_inst/O
                         net (fo=2, routed)           0.689     1.122    util_gmii_to_rgmii_m0/rgmii_rxc_IBUF
    BUFGCTRL_X0Y16       BUFG (Prop_bufg_I_O)         0.029     1.151 r  util_gmii_to_rgmii_m0/BUFG_inst/O
                         net (fo=2092, routed)        0.858     2.008    mac_test0/mac_top0/mac_tx0/c0/gmii_tx_clk
    SLICE_X6Y61          FDPE                                         r  mac_test0/mac_top0/mac_tx0/c0/Crc_reg[22]/C
                         clock pessimism             -0.500     1.508    
    SLICE_X6Y61          FDPE (Remov_fdpe_C_PRE)     -0.125     1.383    mac_test0/mac_top0/mac_tx0/c0/Crc_reg[22]
  -------------------------------------------------------------------
                         required time                         -1.383    
                         arrival time                           1.863    
  -------------------------------------------------------------------
                         slack                                  0.480    

Slack (MET) :             0.480ns  (arrival time - required time)
  Source:                 mac_test0/mac_top0/mac_tx0/mac0/crcre_reg/C
                            (rising edge-triggered cell FDPE clocked by rx_clk  {rise@0.000ns fall@4.000ns period=8.000ns})
  Destination:            mac_test0/mac_top0/mac_tx0/c0/Crc_reg[27]/PRE
                            (removal check against rising-edge clock rx_clk  {rise@0.000ns fall@4.000ns period=8.000ns})
  Path Group:             **async_default**
  Path Type:              Removal (Min at Fast Process Corner)
  Requirement:            0.000ns  (rx_clk rise@0.000ns - rx_clk rise@0.000ns)
  Data Path Delay:        0.371ns  (logic 0.128ns (34.467%)  route 0.243ns (65.533%))
  Logic Levels:           0  
  Clock Path Skew:        0.016ns (DCD - SCD - CPR)
    Destination Clock Delay (DCD):    2.008ns
    Source Clock Delay      (SCD):    1.492ns
    Clock Pessimism Removal (CPR):    0.500ns

    Location             Delay type                Incr(ns)  Path(ns)    Netlist Resource(s)
  -------------------------------------------------------------------    -------------------
                         (clock rx_clk rise edge)     0.000     0.000 r  
    K18                                               0.000     0.000 r  rgmii_rxc (IN)
                         net (fo=0)                   0.000     0.000    rgmii_rxc
    K18                  IBUF (Prop_ibuf_I_O)         0.245     0.245 r  rgmii_rxc_IBUF_inst/O
                         net (fo=2, routed)           0.634     0.879    util_gmii_to_rgmii_m0/rgmii_rxc_IBUF
    BUFGCTRL_X0Y16       BUFG (Prop_bufg_I_O)         0.026     0.905 r  util_gmii_to_rgmii_m0/BUFG_inst/O
                         net (fo=2092, routed)        0.587     1.492    mac_test0/mac_top0/mac_tx0/mac0/gmii_tx_clk
    SLICE_X5Y60          FDPE                                         r  mac_test0/mac_top0/mac_tx0/mac0/crcre_reg/C
  -------------------------------------------------------------------    -------------------
    SLICE_X5Y60          FDPE (Prop_fdpe_C_Q)         0.128     1.620 f  mac_test0/mac_top0/mac_tx0/mac0/crcre_reg/Q
                         net (fo=32, routed)          0.243     1.863    mac_test0/mac_top0/mac_tx0/c0/AS[0]
    SLICE_X6Y61          FDPE                                         f  mac_test0/mac_top0/mac_tx0/c0/Crc_reg[27]/PRE
  -------------------------------------------------------------------    -------------------

                         (clock rx_clk rise edge)     0.000     0.000 r  
    K18                                               0.000     0.000 r  rgmii_rxc (IN)
                         net (fo=0)                   0.000     0.000    rgmii_rxc
    K18                  IBUF (Prop_ibuf_I_O)         0.433     0.433 r  rgmii_rxc_IBUF_inst/O
                         net (fo=2, routed)           0.689     1.122    util_gmii_to_rgmii_m0/rgmii_rxc_IBUF
    BUFGCTRL_X0Y16       BUFG (Prop_bufg_I_O)         0.029     1.151 r  util_gmii_to_rgmii_m0/BUFG_inst/O
                         net (fo=2092, routed)        0.858     2.008    mac_test0/mac_top0/mac_tx0/c0/gmii_tx_clk
    SLICE_X6Y61          FDPE                                         r  mac_test0/mac_top0/mac_tx0/c0/Crc_reg[27]/C
                         clock pessimism             -0.500     1.508    
    SLICE_X6Y61          FDPE (Remov_fdpe_C_PRE)     -0.125     1.383    mac_test0/mac_top0/mac_tx0/c0/Crc_reg[27]
  -------------------------------------------------------------------
                         required time                         -1.383    
                         arrival time                           1.863    
  -------------------------------------------------------------------
                         slack                                  0.480    

Slack (MET) :             0.498ns  (arrival time - required time)
  Source:                 mac_test0/mac_top0/mac_rx0/mac0/crcre_reg/C
                            (rising edge-triggered cell FDPE clocked by rx_clk  {rise@0.000ns fall@4.000ns period=8.000ns})
  Destination:            mac_test0/mac_top0/mac_rx0/c0/Crc_reg[23]/PRE
                            (removal check against rising-edge clock rx_clk  {rise@0.000ns fall@4.000ns period=8.000ns})
  Path Group:             **async_default**
  Path Type:              Removal (Min at Fast Process Corner)
  Requirement:            0.000ns  (rx_clk rise@0.000ns - rx_clk rise@0.000ns)
  Data Path Delay:        0.434ns  (logic 0.164ns (37.830%)  route 0.270ns (62.170%))
  Logic Levels:           0  
  Clock Path Skew:        0.007ns (DCD - SCD - CPR)
    Destination Clock Delay (DCD):    1.976ns
    Source Clock Delay      (SCD):    1.490ns
    Clock Pessimism Removal (CPR):    0.479ns

    Location             Delay type                Incr(ns)  Path(ns)    Netlist Resource(s)
  -------------------------------------------------------------------    -------------------
                         (clock rx_clk rise edge)     0.000     0.000 r  
    K18                                               0.000     0.000 r  rgmii_rxc (IN)
                         net (fo=0)                   0.000     0.000    rgmii_rxc
    K18                  IBUF (Prop_ibuf_I_O)         0.245     0.245 r  rgmii_rxc_IBUF_inst/O
                         net (fo=2, routed)           0.634     0.879    util_gmii_to_rgmii_m0/rgmii_rxc_IBUF
    BUFGCTRL_X0Y16       BUFG (Prop_bufg_I_O)         0.026     0.905 r  util_gmii_to_rgmii_m0/BUFG_inst/O
                         net (fo=2092, routed)        0.585     1.490    mac_test0/mac_top0/mac_rx0/mac0/gmii_tx_clk
    SLICE_X6Y21          FDPE                                         r  mac_test0/mac_top0/mac_rx0/mac0/crcre_reg/C
  -------------------------------------------------------------------    -------------------
    SLICE_X6Y21          FDPE (Prop_fdpe_C_Q)         0.164     1.654 f  mac_test0/mac_top0/mac_rx0/mac0/crcre_reg/Q
                         net (fo=32, routed)          0.270     1.923    mac_test0/mac_top0/mac_rx0/c0/AS[0]
    SLICE_X8Y21          FDPE                                         f  mac_test0/mac_top0/mac_rx0/c0/Crc_reg[23]/PRE
  -------------------------------------------------------------------    -------------------

                         (clock rx_clk rise edge)     0.000     0.000 r  
    K18                                               0.000     0.000 r  rgmii_rxc (IN)
                         net (fo=0)                   0.000     0.000    rgmii_rxc
    K18                  IBUF (Prop_ibuf_I_O)         0.433     0.433 r  rgmii_rxc_IBUF_inst/O
                         net (fo=2, routed)           0.689     1.122    util_gmii_to_rgmii_m0/rgmii_rxc_IBUF
    BUFGCTRL_X0Y16       BUFG (Prop_bufg_I_O)         0.029     1.151 r  util_gmii_to_rgmii_m0/BUFG_inst/O
                         net (fo=2092, routed)        0.826     1.976    mac_test0/mac_top0/mac_rx0/c0/gmii_tx_clk
    SLICE_X8Y21          FDPE                                         r  mac_test0/mac_top0/mac_rx0/c0/Crc_reg[23]/C
                         clock pessimism             -0.479     1.497    
    SLICE_X8Y21          FDPE (Remov_fdpe_C_PRE)     -0.071     1.426    mac_test0/mac_top0/mac_rx0/c0/Crc_reg[23]
  -------------------------------------------------------------------
                         required time                         -1.426    
                         arrival time                           1.923    
  -------------------------------------------------------------------
                         slack                                  0.498    

Slack (MET) :             0.498ns  (arrival time - required time)
  Source:                 mac_test0/mac_top0/mac_rx0/mac0/crcre_reg/C
                            (rising edge-triggered cell FDPE clocked by rx_clk  {rise@0.000ns fall@4.000ns period=8.000ns})
  Destination:            mac_test0/mac_top0/mac_rx0/c0/Crc_reg[26]/PRE
                            (removal check against rising-edge clock rx_clk  {rise@0.000ns fall@4.000ns period=8.000ns})
  Path Group:             **async_default**
  Path Type:              Removal (Min at Fast Process Corner)
  Requirement:            0.000ns  (rx_clk rise@0.000ns - rx_clk rise@0.000ns)
  Data Path Delay:        0.434ns  (logic 0.164ns (37.830%)  route 0.270ns (62.170%))
  Logic Levels:           0  
  Clock Path Skew:        0.007ns (DCD - SCD - CPR)
    Destination Clock Delay (DCD):    1.976ns
    Source Clock Delay      (SCD):    1.490ns
    Clock Pessimism Removal (CPR):    0.479ns

    Location             Delay type                Incr(ns)  Path(ns)    Netlist Resource(s)
  -------------------------------------------------------------------    -------------------
                         (clock rx_clk rise edge)     0.000     0.000 r  
    K18                                               0.000     0.000 r  rgmii_rxc (IN)
                         net (fo=0)                   0.000     0.000    rgmii_rxc
    K18                  IBUF (Prop_ibuf_I_O)         0.245     0.245 r  rgmii_rxc_IBUF_inst/O
                         net (fo=2, routed)           0.634     0.879    util_gmii_to_rgmii_m0/rgmii_rxc_IBUF
    BUFGCTRL_X0Y16       BUFG (Prop_bufg_I_O)         0.026     0.905 r  util_gmii_to_rgmii_m0/BUFG_inst/O
                         net (fo=2092, routed)        0.585     1.490    mac_test0/mac_top0/mac_rx0/mac0/gmii_tx_clk
    SLICE_X6Y21          FDPE                                         r  mac_test0/mac_top0/mac_rx0/mac0/crcre_reg/C
  -------------------------------------------------------------------    -------------------
    SLICE_X6Y21          FDPE (Prop_fdpe_C_Q)         0.164     1.654 f  mac_test0/mac_top0/mac_rx0/mac0/crcre_reg/Q
                         net (fo=32, routed)          0.270     1.923    mac_test0/mac_top0/mac_rx0/c0/AS[0]
    SLICE_X8Y21          FDPE                                         f  mac_test0/mac_top0/mac_rx0/c0/Crc_reg[26]/PRE
  -------------------------------------------------------------------    -------------------

                         (clock rx_clk rise edge)     0.000     0.000 r  
    K18                                               0.000     0.000 r  rgmii_rxc (IN)
                         net (fo=0)                   0.000     0.000    rgmii_rxc
    K18                  IBUF (Prop_ibuf_I_O)         0.433     0.433 r  rgmii_rxc_IBUF_inst/O
                         net (fo=2, routed)           0.689     1.122    util_gmii_to_rgmii_m0/rgmii_rxc_IBUF
    BUFGCTRL_X0Y16       BUFG (Prop_bufg_I_O)         0.029     1.151 r  util_gmii_to_rgmii_m0/BUFG_inst/O
                         net (fo=2092, routed)        0.826     1.976    mac_test0/mac_top0/mac_rx0/c0/gmii_tx_clk
    SLICE_X8Y21          FDPE                                         r  mac_test0/mac_top0/mac_rx0/c0/Crc_reg[26]/C
                         clock pessimism             -0.479     1.497    
    SLICE_X8Y21          FDPE (Remov_fdpe_C_PRE)     -0.071     1.426    mac_test0/mac_top0/mac_rx0/c0/Crc_reg[26]
  -------------------------------------------------------------------
                         required time                         -1.426    
                         arrival time                           1.923    
  -------------------------------------------------------------------
                         slack                                  0.498    

Slack (MET) :             0.498ns  (arrival time - required time)
  Source:                 mac_test0/mac_top0/mac_rx0/mac0/crcre_reg/C
                            (rising edge-triggered cell FDPE clocked by rx_clk  {rise@0.000ns fall@4.000ns period=8.000ns})
  Destination:            mac_test0/mac_top0/mac_rx0/c0/Crc_reg[29]/PRE
                            (removal check against rising-edge clock rx_clk  {rise@0.000ns fall@4.000ns period=8.000ns})
  Path Group:             **async_default**
  Path Type:              Removal (Min at Fast Process Corner)
  Requirement:            0.000ns  (rx_clk rise@0.000ns - rx_clk rise@0.000ns)
  Data Path Delay:        0.434ns  (logic 0.164ns (37.830%)  route 0.270ns (62.170%))
  Logic Levels:           0  
  Clock Path Skew:        0.007ns (DCD - SCD - CPR)
    Destination Clock Delay (DCD):    1.976ns
    Source Clock Delay      (SCD):    1.490ns
    Clock Pessimism Removal (CPR):    0.479ns

    Location             Delay type                Incr(ns)  Path(ns)    Netlist Resource(s)
  -------------------------------------------------------------------    -------------------
                         (clock rx_clk rise edge)     0.000     0.000 r  
    K18                                               0.000     0.000 r  rgmii_rxc (IN)
                         net (fo=0)                   0.000     0.000    rgmii_rxc
    K18                  IBUF (Prop_ibuf_I_O)         0.245     0.245 r  rgmii_rxc_IBUF_inst/O
                         net (fo=2, routed)           0.634     0.879    util_gmii_to_rgmii_m0/rgmii_rxc_IBUF
    BUFGCTRL_X0Y16       BUFG (Prop_bufg_I_O)         0.026     0.905 r  util_gmii_to_rgmii_m0/BUFG_inst/O
                         net (fo=2092, routed)        0.585     1.490    mac_test0/mac_top0/mac_rx0/mac0/gmii_tx_clk
    SLICE_X6Y21          FDPE                                         r  mac_test0/mac_top0/mac_rx0/mac0/crcre_reg/C
  -------------------------------------------------------------------    -------------------
    SLICE_X6Y21          FDPE (Prop_fdpe_C_Q)         0.164     1.654 f  mac_test0/mac_top0/mac_rx0/mac0/crcre_reg/Q
                         net (fo=32, routed)          0.270     1.923    mac_test0/mac_top0/mac_rx0/c0/AS[0]
    SLICE_X8Y21          FDPE                                         f  mac_test0/mac_top0/mac_rx0/c0/Crc_reg[29]/PRE
  -------------------------------------------------------------------    -------------------

                         (clock rx_clk rise edge)     0.000     0.000 r  
    K18                                               0.000     0.000 r  rgmii_rxc (IN)
                         net (fo=0)                   0.000     0.000    rgmii_rxc
    K18                  IBUF (Prop_ibuf_I_O)         0.433     0.433 r  rgmii_rxc_IBUF_inst/O
                         net (fo=2, routed)           0.689     1.122    util_gmii_to_rgmii_m0/rgmii_rxc_IBUF
    BUFGCTRL_X0Y16       BUFG (Prop_bufg_I_O)         0.029     1.151 r  util_gmii_to_rgmii_m0/BUFG_inst/O
                         net (fo=2092, routed)        0.826     1.976    mac_test0/mac_top0/mac_rx0/c0/gmii_tx_clk
    SLICE_X8Y21          FDPE                                         r  mac_test0/mac_top0/mac_rx0/c0/Crc_reg[29]/C
                         clock pessimism             -0.479     1.497    
    SLICE_X8Y21          FDPE (Remov_fdpe_C_PRE)     -0.071     1.426    mac_test0/mac_top0/mac_rx0/c0/Crc_reg[29]
  -------------------------------------------------------------------
                         required time                         -1.426    
                         arrival time                           1.923    
  -------------------------------------------------------------------
                         slack                                  0.498    

Slack (MET) :             0.520ns  (arrival time - required time)
  Source:                 mac_test0/mac_top0/mac_tx0/mac0/crcre_reg/C
                            (rising edge-triggered cell FDPE clocked by rx_clk  {rise@0.000ns fall@4.000ns period=8.000ns})
  Destination:            mac_test0/mac_top0/mac_tx0/c0/Crc_reg[10]/PRE
                            (removal check against rising-edge clock rx_clk  {rise@0.000ns fall@4.000ns period=8.000ns})
  Path Group:             **async_default**
  Path Type:              Removal (Min at Fast Process Corner)
  Requirement:            0.000ns  (rx_clk rise@0.000ns - rx_clk rise@0.000ns)
  Data Path Delay:        0.384ns  (logic 0.128ns (33.355%)  route 0.256ns (66.645%))
  Logic Levels:           0  
  Clock Path Skew:        0.013ns (DCD - SCD - CPR)
    Destination Clock Delay (DCD):    2.008ns
    Source Clock Delay      (SCD):    1.492ns
    Clock Pessimism Removal (CPR):    0.503ns

    Location             Delay type                Incr(ns)  Path(ns)    Netlist Resource(s)
  -------------------------------------------------------------------    -------------------
                         (clock rx_clk rise edge)     0.000     0.000 r  
    K18                                               0.000     0.000 r  rgmii_rxc (IN)
                         net (fo=0)                   0.000     0.000    rgmii_rxc
    K18                  IBUF (Prop_ibuf_I_O)         0.245     0.245 r  rgmii_rxc_IBUF_inst/O
                         net (fo=2, routed)           0.634     0.879    util_gmii_to_rgmii_m0/rgmii_rxc_IBUF
    BUFGCTRL_X0Y16       BUFG (Prop_bufg_I_O)         0.026     0.905 r  util_gmii_to_rgmii_m0/BUFG_inst/O
                         net (fo=2092, routed)        0.587     1.492    mac_test0/mac_top0/mac_tx0/mac0/gmii_tx_clk
    SLICE_X5Y60          FDPE                                         r  mac_test0/mac_top0/mac_tx0/mac0/crcre_reg/C
  -------------------------------------------------------------------    -------------------
    SLICE_X5Y60          FDPE (Prop_fdpe_C_Q)         0.128     1.620 f  mac_test0/mac_top0/mac_tx0/mac0/crcre_reg/Q
                         net (fo=32, routed)          0.256     1.876    mac_test0/mac_top0/mac_tx0/c0/AS[0]
    SLICE_X4Y60          FDPE                                         f  mac_test0/mac_top0/mac_tx0/c0/Crc_reg[10]/PRE
  -------------------------------------------------------------------    -------------------

                         (clock rx_clk rise edge)     0.000     0.000 r  
    K18                                               0.000     0.000 r  rgmii_rxc (IN)
                         net (fo=0)                   0.000     0.000    rgmii_rxc
    K18                  IBUF (Prop_ibuf_I_O)         0.433     0.433 r  rgmii_rxc_IBUF_inst/O
                         net (fo=2, routed)           0.689     1.122    util_gmii_to_rgmii_m0/rgmii_rxc_IBUF
    BUFGCTRL_X0Y16       BUFG (Prop_bufg_I_O)         0.029     1.151 r  util_gmii_to_rgmii_m0/BUFG_inst/O
                         net (fo=2092, routed)        0.858     2.008    mac_test0/mac_top0/mac_tx0/c0/gmii_tx_clk
    SLICE_X4Y60          FDPE                                         r  mac_test0/mac_top0/mac_tx0/c0/Crc_reg[10]/C
                         clock pessimism             -0.503     1.505    
    SLICE_X4Y60          FDPE (Remov_fdpe_C_PRE)     -0.149     1.356    mac_test0/mac_top0/mac_tx0/c0/Crc_reg[10]
  -------------------------------------------------------------------
                         required time                         -1.356    
                         arrival time                           1.876    
  -------------------------------------------------------------------
                         slack                                  0.520    

Slack (MET) :             0.520ns  (arrival time - required time)
  Source:                 mac_test0/mac_top0/mac_tx0/mac0/crcre_reg/C
                            (rising edge-triggered cell FDPE clocked by rx_clk  {rise@0.000ns fall@4.000ns period=8.000ns})
  Destination:            mac_test0/mac_top0/mac_tx0/c0/Crc_reg[2]/PRE
                            (removal check against rising-edge clock rx_clk  {rise@0.000ns fall@4.000ns period=8.000ns})
  Path Group:             **async_default**
  Path Type:              Removal (Min at Fast Process Corner)
  Requirement:            0.000ns  (rx_clk rise@0.000ns - rx_clk rise@0.000ns)
  Data Path Delay:        0.384ns  (logic 0.128ns (33.355%)  route 0.256ns (66.645%))
  Logic Levels:           0  
  Clock Path Skew:        0.013ns (DCD - SCD - CPR)
    Destination Clock Delay (DCD):    2.008ns
    Source Clock Delay      (SCD):    1.492ns
    Clock Pessimism Removal (CPR):    0.503ns

    Location             Delay type                Incr(ns)  Path(ns)    Netlist Resource(s)
  -------------------------------------------------------------------    -------------------
                         (clock rx_clk rise edge)     0.000     0.000 r  
    K18                                               0.000     0.000 r  rgmii_rxc (IN)
                         net (fo=0)                   0.000     0.000    rgmii_rxc
    K18                  IBUF (Prop_ibuf_I_O)         0.245     0.245 r  rgmii_rxc_IBUF_inst/O
                         net (fo=2, routed)           0.634     0.879    util_gmii_to_rgmii_m0/rgmii_rxc_IBUF
    BUFGCTRL_X0Y16       BUFG (Prop_bufg_I_O)         0.026     0.905 r  util_gmii_to_rgmii_m0/BUFG_inst/O
                         net (fo=2092, routed)        0.587     1.492    mac_test0/mac_top0/mac_tx0/mac0/gmii_tx_clk
    SLICE_X5Y60          FDPE                                         r  mac_test0/mac_top0/mac_tx0/mac0/crcre_reg/C
  -------------------------------------------------------------------    -------------------
    SLICE_X5Y60          FDPE (Prop_fdpe_C_Q)         0.128     1.620 f  mac_test0/mac_top0/mac_tx0/mac0/crcre_reg/Q
                         net (fo=32, routed)          0.256     1.876    mac_test0/mac_top0/mac_tx0/c0/AS[0]
    SLICE_X4Y60          FDPE                                         f  mac_test0/mac_top0/mac_tx0/c0/Crc_reg[2]/PRE
  -------------------------------------------------------------------    -------------------

                         (clock rx_clk rise edge)     0.000     0.000 r  
    K18                                               0.000     0.000 r  rgmii_rxc (IN)
                         net (fo=0)                   0.000     0.000    rgmii_rxc
    K18                  IBUF (Prop_ibuf_I_O)         0.433     0.433 r  rgmii_rxc_IBUF_inst/O
                         net (fo=2, routed)           0.689     1.122    util_gmii_to_rgmii_m0/rgmii_rxc_IBUF
    BUFGCTRL_X0Y16       BUFG (Prop_bufg_I_O)         0.029     1.151 r  util_gmii_to_rgmii_m0/BUFG_inst/O
                         net (fo=2092, routed)        0.858     2.008    mac_test0/mac_top0/mac_tx0/c0/gmii_tx_clk
    SLICE_X4Y60          FDPE                                         r  mac_test0/mac_top0/mac_tx0/c0/Crc_reg[2]/C
                         clock pessimism             -0.503     1.505    
    SLICE_X4Y60          FDPE (Remov_fdpe_C_PRE)     -0.149     1.356    mac_test0/mac_top0/mac_tx0/c0/Crc_reg[2]
  -------------------------------------------------------------------
                         required time                         -1.356    
                         arrival time                           1.876    
  -------------------------------------------------------------------
                         slack                                  0.520    





