Copyright 1986-2019 Xilinx, Inc. All Rights Reserved.
--------------------------------------------------------------------------------------------------------------------------------------------------------------------------------
| Tool Version : Vivado v.2019.1 (win64) Build 2552052 Fri May 24 14:49:42 MDT 2019
| Date         : Mon Aug  5 18:30:11 2019
| Host         : PC-201805041311 running 64-bit major release  (build 9200)
| Command      : report_timing_summary -max_paths 10 -file top_timing_summary_routed.rpt -pb top_timing_summary_routed.pb -rpx top_timing_summary_routed.rpx -warn_on_violation
| Design       : top
| Device       : 7a35t-fgg484
| Speed File   : -2  PRODUCTION 1.23 2018-06-13
--------------------------------------------------------------------------------------------------------------------------------------------------------------------------------

Timing Summary Report

------------------------------------------------------------------------------------------------
| Timer Settings
| --------------
------------------------------------------------------------------------------------------------

  Enable Multi Corner Analysis               :  Yes
  Enable Pessimism Removal                   :  Yes
  Pessimism Removal Resolution               :  Nearest Common Node
  Enable Input Delay Default Clock           :  No
  Enable Preset / Clear Arcs                 :  No
  Disable Flight Delays                      :  No
  Ignore I/O Paths                           :  No
  Timing Early Launch at Borrowing Latches   :  No
  Borrow Time for Max Delay Exceptions       :  Yes

  Corner  Analyze    Analyze    
  Name    Max Paths  Min Paths  
  ------  ---------  ---------  
  Slow    Yes        Yes        
  Fast    Yes        Yes        



check_timing report

Table of Contents
-----------------
1. checking no_clock
2. checking constant_clock
3. checking pulse_width_clock
4. checking unconstrained_internal_endpoints
5. checking no_input_delay
6. checking no_output_delay
7. checking multiple_clock
8. checking generated_clocks
9. checking loops
10. checking partial_input_delay
11. checking partial_output_delay
12. checking latch_loops

1. checking no_clock
--------------------
 There are 0 register/latch pins with no clock.


2. checking constant_clock
--------------------------
 There are 0 register/latch pins with constant_clock.


3. checking pulse_width_clock
-----------------------------
 There are 0 register/latch pins which need pulse_width check


4. checking unconstrained_internal_endpoints
--------------------------------------------
 There are 0 pins that are not constrained for maximum delay.

 There are 0 pins that are not constrained for maximum delay due to constant clock.


5. checking no_input_delay
--------------------------
 There is 1 input port with no input delay specified. (HIGH)

 There are 0 input ports with no input delay but user has a false path constraint.


6. checking no_output_delay
---------------------------
 There are 4 ports with no output delay specified. (HIGH)

 There are 0 ports with no output delay but user has a false path constraint

 There are 0 ports with no output delay but with a timing clock defined on it or propagating through it


7. checking multiple_clock
--------------------------
 There are 0 register/latch pins with multiple clocks.


8. checking generated_clocks
----------------------------
 There are 0 generated clocks that are not connected to a clock source.


9. checking loops
-----------------
 There are 0 combinational loops in the design.


10. checking partial_input_delay
--------------------------------
 There are 0 input ports with partial input delay specified.


11. checking partial_output_delay
---------------------------------
 There are 0 ports with partial output delay specified.


12. checking latch_loops
------------------------
 There are 0 combinational latch loops in the design through latch input



------------------------------------------------------------------------------------------------
| Design Timing Summary
| ---------------------
------------------------------------------------------------------------------------------------

    WNS(ns)      TNS(ns)  TNS Failing Endpoints  TNS Total Endpoints      WHS(ns)      THS(ns)  THS Failing Endpoints  THS Total Endpoints     WPWS(ns)     TPWS(ns)  TPWS Failing Endpoints  TPWS Total Endpoints  
    -------      -------  ---------------------  -------------------      -------      -------  ---------------------  -------------------     --------     --------  ----------------------  --------------------  
     11.646        0.000                      0                  283        0.121        0.000                      0                  283        1.485        0.000                       0                   169  


All user specified timing constraints are met.


------------------------------------------------------------------------------------------------
| Clock Summary
| -------------
------------------------------------------------------------------------------------------------

Clock                 Waveform(ns)         Period(ns)      Frequency(MHz)
-----                 ------------         ----------      --------------
sys_clk               {0.000 10.000}       20.000          50.000          
  clk_out1_video_pll  {0.000 7.692}        15.385          65.000          
  clk_out2_video_pll  {0.000 1.538}        3.077           325.000         
  clkfbout_video_pll  {0.000 10.000}       20.000          50.000          


------------------------------------------------------------------------------------------------
| Intra Clock Table
| -----------------
------------------------------------------------------------------------------------------------

Clock                     WNS(ns)      TNS(ns)  TNS Failing Endpoints  TNS Total Endpoints      WHS(ns)      THS(ns)  THS Failing Endpoints  THS Total Endpoints     WPWS(ns)     TPWS(ns)  TPWS Failing Endpoints  TPWS Total Endpoints  
-----                     -------      -------  ---------------------  -------------------      -------      -------  ---------------------  -------------------     --------     --------  ----------------------  --------------------  
sys_clk                                                                                                                                                                 7.000        0.000                       0                     1  
  clk_out1_video_pll       11.646        0.000                      0                  283        0.121        0.000                      0                  283        6.838        0.000                       0                   155  
  clk_out2_video_pll                                                                                                                                                    1.485        0.000                       0                    10  
  clkfbout_video_pll                                                                                                                                                   18.408        0.000                       0                     3  


------------------------------------------------------------------------------------------------
| Inter Clock Table
| -----------------
------------------------------------------------------------------------------------------------

From Clock    To Clock          WNS(ns)      TNS(ns)  TNS Failing Endpoints  TNS Total Endpoints      WHS(ns)      THS(ns)  THS Failing Endpoints  THS Total Endpoints  
----------    --------          -------      -------  ---------------------  -------------------      -------      -------  ---------------------  -------------------  


------------------------------------------------------------------------------------------------
| Other Path Groups Table
| -----------------------
------------------------------------------------------------------------------------------------

Path Group    From Clock    To Clock          WNS(ns)      TNS(ns)  TNS Failing Endpoints  TNS Total Endpoints      WHS(ns)      THS(ns)  THS Failing Endpoints  THS Total Endpoints  
----------    ----------    --------          -------      -------  ---------------------  -------------------      -------      -------  ---------------------  -------------------  


------------------------------------------------------------------------------------------------
| Timing Details
| --------------
------------------------------------------------------------------------------------------------


---------------------------------------------------------------------------------------------------
From Clock:  sys_clk
  To Clock:  sys_clk

Setup :           NA  Failing Endpoints,  Worst Slack           NA  ,  Total Violation           NA
Hold  :           NA  Failing Endpoints,  Worst Slack           NA  ,  Total Violation           NA
PW    :            0  Failing Endpoints,  Worst Slack        7.000ns,  Total Violation        0.000ns
---------------------------------------------------------------------------------------------------


Pulse Width Checks
--------------------------------------------------------------------------------------
Clock Name:         sys_clk
Waveform(ns):       { 0.000 10.000 }
Period(ns):         20.000
Sources:            { sys_clk }

Check Type        Corner  Lib Pin            Reference Pin  Required(ns)  Actual(ns)  Slack(ns)  Location         Pin
Min Period        n/a     MMCME2_ADV/CLKIN1  n/a            1.249         20.000      18.751     MMCME2_ADV_X0Y0  video_pll_m0/inst/mmcm_adv_inst/CLKIN1
Max Period        n/a     MMCME2_ADV/CLKIN1  n/a            100.000       20.000      80.000     MMCME2_ADV_X0Y0  video_pll_m0/inst/mmcm_adv_inst/CLKIN1
Low Pulse Width   Slow    MMCME2_ADV/CLKIN1  n/a            3.000         10.000      7.000      MMCME2_ADV_X0Y0  video_pll_m0/inst/mmcm_adv_inst/CLKIN1
Low Pulse Width   Fast    MMCME2_ADV/CLKIN1  n/a            3.000         10.000      7.000      MMCME2_ADV_X0Y0  video_pll_m0/inst/mmcm_adv_inst/CLKIN1
High Pulse Width  Slow    MMCME2_ADV/CLKIN1  n/a            3.000         10.000      7.000      MMCME2_ADV_X0Y0  video_pll_m0/inst/mmcm_adv_inst/CLKIN1
High Pulse Width  Fast    MMCME2_ADV/CLKIN1  n/a            3.000         10.000      7.000      MMCME2_ADV_X0Y0  video_pll_m0/inst/mmcm_adv_inst/CLKIN1



---------------------------------------------------------------------------------------------------
From Clock:  clk_out1_video_pll
  To Clock:  clk_out1_video_pll

Setup :            0  Failing Endpoints,  Worst Slack       11.646ns,  Total Violation        0.000ns
Hold  :            0  Failing Endpoints,  Worst Slack        0.121ns,  Total Violation        0.000ns
PW    :            0  Failing Endpoints,  Worst Slack        6.838ns,  Total Violation        0.000ns
---------------------------------------------------------------------------------------------------


Max Delay Paths
--------------------------------------------------------------------------------------
Slack (MET) :             11.646ns  (required time - arrival time)
  Source:                 osd_display_m0/osd_rom_m0/U0/inst_blk_mem_gen/gnbram.gnativebmg.native_blk_mem_gen/valid.cstr/ramloop[0].ram.r/prim_init.ram/DEVICE_7SERIES.NO_BMM_INFO.SP.SIMPLE_PRIM18.ram/CLKARDCLK
                            (rising edge-triggered cell RAMB18E1 clocked by clk_out1_video_pll  {rise@0.000ns fall@7.692ns period=15.385ns})
  Destination:            osd_display_m0/v_data_reg[8]/D
                            (rising edge-triggered cell FDRE clocked by clk_out1_video_pll  {rise@0.000ns fall@7.692ns period=15.385ns})
  Path Group:             clk_out1_video_pll
  Path Type:              Setup (Max at Slow Process Corner)
  Requirement:            15.385ns  (clk_out1_video_pll rise@15.385ns - clk_out1_video_pll rise@0.000ns)
  Data Path Delay:        3.662ns  (logic 2.335ns (63.759%)  route 1.327ns (36.241%))
  Logic Levels:           2  (LUT5=1 LUT6=1)
  Clock Path Skew:        -0.018ns (DCD - SCD + CPR)
    Destination Clock Delay (DCD):    -0.954ns = ( 14.430 - 15.385 ) 
    Source Clock Delay      (SCD):    -0.535ns
    Clock Pessimism Removal (CPR):    0.402ns
  Clock Uncertainty:      0.091ns  ((TSJ^2 + DJ^2)^1/2) / 2 + PE
    Total System Jitter     (TSJ):    0.071ns
    Discrete Jitter          (DJ):    0.167ns
    Phase Error              (PE):    0.000ns

    Location             Delay type                Incr(ns)  Path(ns)    Netlist Resource(s)
  -------------------------------------------------------------------    -------------------
                         (clock clk_out1_video_pll rise edge)
                                                      0.000     0.000 r  
    Y18                                               0.000     0.000 r  sys_clk (IN)
                         net (fo=0)                   0.000     0.000    sys_clk
    Y18                  IBUF (Prop_ibuf_I_O)         1.427     1.427 r  sys_clk_IBUF_inst/O
                         net (fo=1, routed)           1.065     2.492    video_pll_m0/inst/clk_in1
    MMCME2_ADV_X0Y0      MMCME2_ADV (Prop_mmcme2_adv_CLKIN1_CLKOUT0)
                                                     -5.924    -3.433 r  video_pll_m0/inst/mmcm_adv_inst/CLKOUT0
                         net (fo=1, routed)           1.425    -2.008    video_pll_m0/inst/clk_out1_video_pll
    BUFGCTRL_X0Y0        BUFG (Prop_bufg_I_O)         0.081    -1.927 r  video_pll_m0/inst/clkout1_buf/O
                         net (fo=153, routed)         1.392    -0.535    osd_display_m0/osd_rom_m0/U0/inst_blk_mem_gen/gnbram.gnativebmg.native_blk_mem_gen/valid.cstr/ramloop[0].ram.r/prim_init.ram/clka
    RAMB18_X2Y32         RAMB18E1                                     r  osd_display_m0/osd_rom_m0/U0/inst_blk_mem_gen/gnbram.gnativebmg.native_blk_mem_gen/valid.cstr/ramloop[0].ram.r/prim_init.ram/DEVICE_7SERIES.NO_BMM_INFO.SP.SIMPLE_PRIM18.ram/CLKARDCLK
  -------------------------------------------------------------------    -------------------
    RAMB18_X2Y32         RAMB18E1 (Prop_ramb18e1_CLKARDCLK_DOADO[5])
                                                      2.125     1.590 f  osd_display_m0/osd_rom_m0/U0/inst_blk_mem_gen/gnbram.gnativebmg.native_blk_mem_gen/valid.cstr/ramloop[0].ram.r/prim_init.ram/DEVICE_7SERIES.NO_BMM_INFO.SP.SIMPLE_PRIM18.ram/DOADO[5]
                         net (fo=1, routed)           0.910     2.500    osd_display_m0/q[5]
    SLICE_X58Y81         LUT6 (Prop_lut6_I3_O)        0.105     2.605 f  osd_display_m0/v_data[16]_i_2/O
                         net (fo=3, routed)           0.417     3.022    osd_display_m0/timing_gen_xy_m0/v_data_reg[0]
    SLICE_X59Y81         LUT5 (Prop_lut5_I0_O)        0.105     3.127 r  osd_display_m0/timing_gen_xy_m0/v_data[8]_i_1/O
                         net (fo=1, routed)           0.000     3.127    osd_display_m0/timing_gen_xy_m0_n_4
    SLICE_X59Y81         FDRE                                         r  osd_display_m0/v_data_reg[8]/D
  -------------------------------------------------------------------    -------------------

                         (clock clk_out1_video_pll rise edge)
                                                     15.385    15.385 r  
    Y18                                               0.000    15.385 r  sys_clk (IN)
                         net (fo=0)                   0.000    15.385    sys_clk
    Y18                  IBUF (Prop_ibuf_I_O)         1.361    16.745 r  sys_clk_IBUF_inst/O
                         net (fo=1, routed)           1.004    17.749    video_pll_m0/inst/clk_in1
    MMCME2_ADV_X0Y0      MMCME2_ADV (Prop_mmcme2_adv_CLKIN1_CLKOUT0)
                                                     -6.061    11.688 r  video_pll_m0/inst/mmcm_adv_inst/CLKOUT0
                         net (fo=1, routed)           1.357    13.045    video_pll_m0/inst/clk_out1_video_pll
    BUFGCTRL_X0Y0        BUFG (Prop_bufg_I_O)         0.077    13.122 r  video_pll_m0/inst/clkout1_buf/O
                         net (fo=153, routed)         1.308    14.430    osd_display_m0/clk_out1
    SLICE_X59Y81         FDRE                                         r  osd_display_m0/v_data_reg[8]/C
                         clock pessimism              0.402    14.832    
                         clock uncertainty           -0.091    14.741    
    SLICE_X59Y81         FDRE (Setup_fdre_C_D)        0.032    14.773    osd_display_m0/v_data_reg[8]
  -------------------------------------------------------------------
                         required time                         14.773    
                         arrival time                          -3.127    
  -------------------------------------------------------------------
                         slack                                 11.646    

Slack (MET) :             11.648ns  (required time - arrival time)
  Source:                 osd_display_m0/osd_rom_m0/U0/inst_blk_mem_gen/gnbram.gnativebmg.native_blk_mem_gen/valid.cstr/ramloop[0].ram.r/prim_init.ram/DEVICE_7SERIES.NO_BMM_INFO.SP.SIMPLE_PRIM18.ram/CLKARDCLK
                            (rising edge-triggered cell RAMB18E1 clocked by clk_out1_video_pll  {rise@0.000ns fall@7.692ns period=15.385ns})
  Destination:            osd_display_m0/v_data_reg[16]/D
                            (rising edge-triggered cell FDRE clocked by clk_out1_video_pll  {rise@0.000ns fall@7.692ns period=15.385ns})
  Path Group:             clk_out1_video_pll
  Path Type:              Setup (Max at Slow Process Corner)
  Requirement:            15.385ns  (clk_out1_video_pll rise@15.385ns - clk_out1_video_pll rise@0.000ns)
  Data Path Delay:        3.658ns  (logic 2.335ns (63.829%)  route 1.323ns (36.171%))
  Logic Levels:           2  (LUT5=1 LUT6=1)
  Clock Path Skew:        -0.018ns (DCD - SCD + CPR)
    Destination Clock Delay (DCD):    -0.954ns = ( 14.430 - 15.385 ) 
    Source Clock Delay      (SCD):    -0.535ns
    Clock Pessimism Removal (CPR):    0.402ns
  Clock Uncertainty:      0.091ns  ((TSJ^2 + DJ^2)^1/2) / 2 + PE
    Total System Jitter     (TSJ):    0.071ns
    Discrete Jitter          (DJ):    0.167ns
    Phase Error              (PE):    0.000ns

    Location             Delay type                Incr(ns)  Path(ns)    Netlist Resource(s)
  -------------------------------------------------------------------    -------------------
                         (clock clk_out1_video_pll rise edge)
                                                      0.000     0.000 r  
    Y18                                               0.000     0.000 r  sys_clk (IN)
                         net (fo=0)                   0.000     0.000    sys_clk
    Y18                  IBUF (Prop_ibuf_I_O)         1.427     1.427 r  sys_clk_IBUF_inst/O
                         net (fo=1, routed)           1.065     2.492    video_pll_m0/inst/clk_in1
    MMCME2_ADV_X0Y0      MMCME2_ADV (Prop_mmcme2_adv_CLKIN1_CLKOUT0)
                                                     -5.924    -3.433 r  video_pll_m0/inst/mmcm_adv_inst/CLKOUT0
                         net (fo=1, routed)           1.425    -2.008    video_pll_m0/inst/clk_out1_video_pll
    BUFGCTRL_X0Y0        BUFG (Prop_bufg_I_O)         0.081    -1.927 r  video_pll_m0/inst/clkout1_buf/O
                         net (fo=153, routed)         1.392    -0.535    osd_display_m0/osd_rom_m0/U0/inst_blk_mem_gen/gnbram.gnativebmg.native_blk_mem_gen/valid.cstr/ramloop[0].ram.r/prim_init.ram/clka
    RAMB18_X2Y32         RAMB18E1                                     r  osd_display_m0/osd_rom_m0/U0/inst_blk_mem_gen/gnbram.gnativebmg.native_blk_mem_gen/valid.cstr/ramloop[0].ram.r/prim_init.ram/DEVICE_7SERIES.NO_BMM_INFO.SP.SIMPLE_PRIM18.ram/CLKARDCLK
  -------------------------------------------------------------------    -------------------
    RAMB18_X2Y32         RAMB18E1 (Prop_ramb18e1_CLKARDCLK_DOADO[5])
                                                      2.125     1.590 r  osd_display_m0/osd_rom_m0/U0/inst_blk_mem_gen/gnbram.gnativebmg.native_blk_mem_gen/valid.cstr/ramloop[0].ram.r/prim_init.ram/DEVICE_7SERIES.NO_BMM_INFO.SP.SIMPLE_PRIM18.ram/DOADO[5]
                         net (fo=1, routed)           0.910     2.500    osd_display_m0/q[5]
    SLICE_X58Y81         LUT6 (Prop_lut6_I3_O)        0.105     2.605 r  osd_display_m0/v_data[16]_i_2/O
                         net (fo=3, routed)           0.413     3.018    osd_display_m0/timing_gen_xy_m0/v_data_reg[0]
    SLICE_X59Y81         LUT5 (Prop_lut5_I0_O)        0.105     3.123 r  osd_display_m0/timing_gen_xy_m0/v_data[16]_i_1/O
                         net (fo=1, routed)           0.000     3.123    osd_display_m0/timing_gen_xy_m0_n_5
    SLICE_X59Y81         FDRE                                         r  osd_display_m0/v_data_reg[16]/D
  -------------------------------------------------------------------    -------------------

                         (clock clk_out1_video_pll rise edge)
                                                     15.385    15.385 r  
    Y18                                               0.000    15.385 r  sys_clk (IN)
                         net (fo=0)                   0.000    15.385    sys_clk
    Y18                  IBUF (Prop_ibuf_I_O)         1.361    16.745 r  sys_clk_IBUF_inst/O
                         net (fo=1, routed)           1.004    17.749    video_pll_m0/inst/clk_in1
    MMCME2_ADV_X0Y0      MMCME2_ADV (Prop_mmcme2_adv_CLKIN1_CLKOUT0)
                                                     -6.061    11.688 r  video_pll_m0/inst/mmcm_adv_inst/CLKOUT0
                         net (fo=1, routed)           1.357    13.045    video_pll_m0/inst/clk_out1_video_pll
    BUFGCTRL_X0Y0        BUFG (Prop_bufg_I_O)         0.077    13.122 r  video_pll_m0/inst/clkout1_buf/O
                         net (fo=153, routed)         1.308    14.430    osd_display_m0/clk_out1
    SLICE_X59Y81         FDRE                                         r  osd_display_m0/v_data_reg[16]/C
                         clock pessimism              0.402    14.832    
                         clock uncertainty           -0.091    14.741    
    SLICE_X59Y81         FDRE (Setup_fdre_C_D)        0.030    14.771    osd_display_m0/v_data_reg[16]
  -------------------------------------------------------------------
                         required time                         14.771    
                         arrival time                          -3.123    
  -------------------------------------------------------------------
                         slack                                 11.648    

Slack (MET) :             11.693ns  (required time - arrival time)
  Source:                 osd_display_m0/osd_rom_m0/U0/inst_blk_mem_gen/gnbram.gnativebmg.native_blk_mem_gen/valid.cstr/ramloop[0].ram.r/prim_init.ram/DEVICE_7SERIES.NO_BMM_INFO.SP.SIMPLE_PRIM18.ram/CLKARDCLK
                            (rising edge-triggered cell RAMB18E1 clocked by clk_out1_video_pll  {rise@0.000ns fall@7.692ns period=15.385ns})
  Destination:            osd_display_m0/v_data_reg[0]/D
                            (rising edge-triggered cell FDRE clocked by clk_out1_video_pll  {rise@0.000ns fall@7.692ns period=15.385ns})
  Path Group:             clk_out1_video_pll
  Path Type:              Setup (Max at Slow Process Corner)
  Requirement:            15.385ns  (clk_out1_video_pll rise@15.385ns - clk_out1_video_pll rise@0.000ns)
  Data Path Delay:        3.615ns  (logic 2.335ns (64.593%)  route 1.280ns (35.407%))
  Logic Levels:           2  (LUT5=1 LUT6=1)
  Clock Path Skew:        -0.018ns (DCD - SCD + CPR)
    Destination Clock Delay (DCD):    -0.954ns = ( 14.430 - 15.385 ) 
    Source Clock Delay      (SCD):    -0.535ns
    Clock Pessimism Removal (CPR):    0.402ns
  Clock Uncertainty:      0.091ns  ((TSJ^2 + DJ^2)^1/2) / 2 + PE
    Total System Jitter     (TSJ):    0.071ns
    Discrete Jitter          (DJ):    0.167ns
    Phase Error              (PE):    0.000ns

    Location             Delay type                Incr(ns)  Path(ns)    Netlist Resource(s)
  -------------------------------------------------------------------    -------------------
                         (clock clk_out1_video_pll rise edge)
                                                      0.000     0.000 r  
    Y18                                               0.000     0.000 r  sys_clk (IN)
                         net (fo=0)                   0.000     0.000    sys_clk
    Y18                  IBUF (Prop_ibuf_I_O)         1.427     1.427 r  sys_clk_IBUF_inst/O
                         net (fo=1, routed)           1.065     2.492    video_pll_m0/inst/clk_in1
    MMCME2_ADV_X0Y0      MMCME2_ADV (Prop_mmcme2_adv_CLKIN1_CLKOUT0)
                                                     -5.924    -3.433 r  video_pll_m0/inst/mmcm_adv_inst/CLKOUT0
                         net (fo=1, routed)           1.425    -2.008    video_pll_m0/inst/clk_out1_video_pll
    BUFGCTRL_X0Y0        BUFG (Prop_bufg_I_O)         0.081    -1.927 r  video_pll_m0/inst/clkout1_buf/O
                         net (fo=153, routed)         1.392    -0.535    osd_display_m0/osd_rom_m0/U0/inst_blk_mem_gen/gnbram.gnativebmg.native_blk_mem_gen/valid.cstr/ramloop[0].ram.r/prim_init.ram/clka
    RAMB18_X2Y32         RAMB18E1                                     r  osd_display_m0/osd_rom_m0/U0/inst_blk_mem_gen/gnbram.gnativebmg.native_blk_mem_gen/valid.cstr/ramloop[0].ram.r/prim_init.ram/DEVICE_7SERIES.NO_BMM_INFO.SP.SIMPLE_PRIM18.ram/CLKARDCLK
  -------------------------------------------------------------------    -------------------
    RAMB18_X2Y32         RAMB18E1 (Prop_ramb18e1_CLKARDCLK_DOADO[0])
                                                      2.125     1.590 f  osd_display_m0/osd_rom_m0/U0/inst_blk_mem_gen/gnbram.gnativebmg.native_blk_mem_gen/valid.cstr/ramloop[0].ram.r/prim_init.ram/DEVICE_7SERIES.NO_BMM_INFO.SP.SIMPLE_PRIM18.ram/DOADO[0]
                         net (fo=1, routed)           0.776     2.366    osd_display_m0/q[0]
    SLICE_X58Y81         LUT6 (Prop_lut6_I5_O)        0.105     2.471 f  osd_display_m0/v_data[16]_i_3/O
                         net (fo=3, routed)           0.504     2.975    osd_display_m0/timing_gen_xy_m0/v_data_reg[0]_0
    SLICE_X59Y81         LUT5 (Prop_lut5_I1_O)        0.105     3.080 r  osd_display_m0/timing_gen_xy_m0/v_data[0]_i_1/O
                         net (fo=1, routed)           0.000     3.080    osd_display_m0/timing_gen_xy_m0_n_3
    SLICE_X59Y81         FDRE                                         r  osd_display_m0/v_data_reg[0]/D
  -------------------------------------------------------------------    -------------------

                         (clock clk_out1_video_pll rise edge)
                                                     15.385    15.385 r  
    Y18                                               0.000    15.385 r  sys_clk (IN)
                         net (fo=0)                   0.000    15.385    sys_clk
    Y18                  IBUF (Prop_ibuf_I_O)         1.361    16.745 r  sys_clk_IBUF_inst/O
                         net (fo=1, routed)           1.004    17.749    video_pll_m0/inst/clk_in1
    MMCME2_ADV_X0Y0      MMCME2_ADV (Prop_mmcme2_adv_CLKIN1_CLKOUT0)
                                                     -6.061    11.688 r  video_pll_m0/inst/mmcm_adv_inst/CLKOUT0
                         net (fo=1, routed)           1.357    13.045    video_pll_m0/inst/clk_out1_video_pll
    BUFGCTRL_X0Y0        BUFG (Prop_bufg_I_O)         0.077    13.122 r  video_pll_m0/inst/clkout1_buf/O
                         net (fo=153, routed)         1.308    14.430    osd_display_m0/clk_out1
    SLICE_X59Y81         FDRE                                         r  osd_display_m0/v_data_reg[0]/C
                         clock pessimism              0.402    14.832    
                         clock uncertainty           -0.091    14.741    
    SLICE_X59Y81         FDRE (Setup_fdre_C_D)        0.032    14.773    osd_display_m0/v_data_reg[0]
  -------------------------------------------------------------------
                         required time                         14.773    
                         arrival time                          -3.080    
  -------------------------------------------------------------------
                         slack                                 11.693    

Slack (MET) :             12.066ns  (required time - arrival time)
  Source:                 color_bar_m0/h_cnt_reg[0]/C
                            (rising edge-triggered cell FDCE clocked by clk_out1_video_pll  {rise@0.000ns fall@7.692ns period=15.385ns})
  Destination:            color_bar_m0/vs_reg_reg/D
                            (rising edge-triggered cell FDCE clocked by clk_out1_video_pll  {rise@0.000ns fall@7.692ns period=15.385ns})
  Path Group:             clk_out1_video_pll
  Path Type:              Setup (Max at Slow Process Corner)
  Requirement:            15.385ns  (clk_out1_video_pll rise@15.385ns - clk_out1_video_pll rise@0.000ns)
  Data Path Delay:        3.156ns  (logic 0.694ns (21.992%)  route 2.462ns (78.008%))
  Logic Levels:           3  (LUT4=1 LUT5=1 LUT6=1)
  Clock Path Skew:        -0.025ns (DCD - SCD + CPR)
    Destination Clock Delay (DCD):    -0.951ns = ( 14.433 - 15.385 ) 
    Source Clock Delay      (SCD):    -0.510ns
    Clock Pessimism Removal (CPR):    0.417ns
  Clock Uncertainty:      0.091ns  ((TSJ^2 + DJ^2)^1/2) / 2 + PE
    Total System Jitter     (TSJ):    0.071ns
    Discrete Jitter          (DJ):    0.167ns
    Phase Error              (PE):    0.000ns

    Location             Delay type                Incr(ns)  Path(ns)    Netlist Resource(s)
  -------------------------------------------------------------------    -------------------
                         (clock clk_out1_video_pll rise edge)
                                                      0.000     0.000 r  
    Y18                                               0.000     0.000 r  sys_clk (IN)
                         net (fo=0)                   0.000     0.000    sys_clk
    Y18                  IBUF (Prop_ibuf_I_O)         1.427     1.427 r  sys_clk_IBUF_inst/O
                         net (fo=1, routed)           1.065     2.492    video_pll_m0/inst/clk_in1
    MMCME2_ADV_X0Y0      MMCME2_ADV (Prop_mmcme2_adv_CLKIN1_CLKOUT0)
                                                     -5.924    -3.433 r  video_pll_m0/inst/mmcm_adv_inst/CLKOUT0
                         net (fo=1, routed)           1.425    -2.008    video_pll_m0/inst/clk_out1_video_pll
    BUFGCTRL_X0Y0        BUFG (Prop_bufg_I_O)         0.081    -1.927 r  video_pll_m0/inst/clkout1_buf/O
                         net (fo=153, routed)         1.417    -0.510    color_bar_m0/clk_out1
    SLICE_X59Y84         FDCE                                         r  color_bar_m0/h_cnt_reg[0]/C
  -------------------------------------------------------------------    -------------------
    SLICE_X59Y84         FDCE (Prop_fdce_C_Q)         0.379    -0.131 r  color_bar_m0/h_cnt_reg[0]/Q
                         net (fo=8, routed)           0.832     0.702    color_bar_m0/h_cnt[0]
    SLICE_X58Y83         LUT6 (Prop_lut6_I3_O)        0.105     0.807 r  color_bar_m0/v_cnt[11]_i_3/O
                         net (fo=2, routed)           0.555     1.361    color_bar_m0/v_cnt[11]_i_3_n_0
    SLICE_X58Y85         LUT4 (Prop_lut4_I0_O)        0.105     1.466 r  color_bar_m0/v_cnt[11]_i_1/O
                         net (fo=15, routed)          0.569     2.035    color_bar_m0/v_cnt_0
    SLICE_X58Y85         LUT5 (Prop_lut5_I0_O)        0.105     2.140 r  color_bar_m0/vs_reg_i_1/O
                         net (fo=1, routed)           0.506     2.646    color_bar_m0/vs_reg_i_1_n_0
    SLICE_X58Y85         FDCE                                         r  color_bar_m0/vs_reg_reg/D
  -------------------------------------------------------------------    -------------------

                         (clock clk_out1_video_pll rise edge)
                                                     15.385    15.385 r  
    Y18                                               0.000    15.385 r  sys_clk (IN)
                         net (fo=0)                   0.000    15.385    sys_clk
    Y18                  IBUF (Prop_ibuf_I_O)         1.361    16.745 r  sys_clk_IBUF_inst/O
                         net (fo=1, routed)           1.004    17.749    video_pll_m0/inst/clk_in1
    MMCME2_ADV_X0Y0      MMCME2_ADV (Prop_mmcme2_adv_CLKIN1_CLKOUT0)
                                                     -6.061    11.688 r  video_pll_m0/inst/mmcm_adv_inst/CLKOUT0
                         net (fo=1, routed)           1.357    13.045    video_pll_m0/inst/clk_out1_video_pll
    BUFGCTRL_X0Y0        BUFG (Prop_bufg_I_O)         0.077    13.122 r  video_pll_m0/inst/clkout1_buf/O
                         net (fo=153, routed)         1.311    14.433    color_bar_m0/clk_out1
    SLICE_X58Y85         FDCE                                         r  color_bar_m0/vs_reg_reg/C
                         clock pessimism              0.417    14.850    
                         clock uncertainty           -0.091    14.759    
    SLICE_X58Y85         FDCE (Setup_fdce_C_D)       -0.047    14.712    color_bar_m0/vs_reg_reg
  -------------------------------------------------------------------
                         required time                         14.712    
                         arrival time                          -2.646    
  -------------------------------------------------------------------
                         slack                                 12.066    

Slack (MET) :             12.104ns  (required time - arrival time)
  Source:                 color_bar_m0/h_cnt_reg[2]/C
                            (rising edge-triggered cell FDCE clocked by clk_out1_video_pll  {rise@0.000ns fall@7.692ns period=15.385ns})
  Destination:            color_bar_m0/h_cnt_reg[10]/D
                            (rising edge-triggered cell FDCE clocked by clk_out1_video_pll  {rise@0.000ns fall@7.692ns period=15.385ns})
  Path Group:             clk_out1_video_pll
  Path Type:              Setup (Max at Slow Process Corner)
  Requirement:            15.385ns  (clk_out1_video_pll rise@15.385ns - clk_out1_video_pll rise@0.000ns)
  Data Path Delay:        3.194ns  (logic 1.554ns (48.660%)  route 1.640ns (51.340%))
  Logic Levels:           4  (CARRY4=3 LUT2=1)
  Clock Path Skew:        -0.026ns (DCD - SCD + CPR)
    Destination Clock Delay (DCD):    -0.952ns = ( 14.432 - 15.385 ) 
    Source Clock Delay      (SCD):    -0.510ns
    Clock Pessimism Removal (CPR):    0.417ns
  Clock Uncertainty:      0.091ns  ((TSJ^2 + DJ^2)^1/2) / 2 + PE
    Total System Jitter     (TSJ):    0.071ns
    Discrete Jitter          (DJ):    0.167ns
    Phase Error              (PE):    0.000ns

    Location             Delay type                Incr(ns)  Path(ns)    Netlist Resource(s)
  -------------------------------------------------------------------    -------------------
                         (clock clk_out1_video_pll rise edge)
                                                      0.000     0.000 r  
    Y18                                               0.000     0.000 r  sys_clk (IN)
                         net (fo=0)                   0.000     0.000    sys_clk
    Y18                  IBUF (Prop_ibuf_I_O)         1.427     1.427 r  sys_clk_IBUF_inst/O
                         net (fo=1, routed)           1.065     2.492    video_pll_m0/inst/clk_in1
    MMCME2_ADV_X0Y0      MMCME2_ADV (Prop_mmcme2_adv_CLKIN1_CLKOUT0)
                                                     -5.924    -3.433 r  video_pll_m0/inst/mmcm_adv_inst/CLKOUT0
                         net (fo=1, routed)           1.425    -2.008    video_pll_m0/inst/clk_out1_video_pll
    BUFGCTRL_X0Y0        BUFG (Prop_bufg_I_O)         0.081    -1.927 r  video_pll_m0/inst/clkout1_buf/O
                         net (fo=153, routed)         1.417    -0.510    color_bar_m0/clk_out1
    SLICE_X58Y84         FDCE                                         r  color_bar_m0/h_cnt_reg[2]/C
  -------------------------------------------------------------------    -------------------
    SLICE_X58Y84         FDCE (Prop_fdce_C_Q)         0.379    -0.131 r  color_bar_m0/h_cnt_reg[2]/Q
                         net (fo=5, routed)           0.862     0.731    color_bar_m0/h_cnt[2]
    SLICE_X59Y84         CARRY4 (Prop_carry4_S[1]_CO[3])
                                                      0.562     1.293 r  color_bar_m0/h_cnt_reg[4]_i_2/CO[3]
                         net (fo=1, routed)           0.000     1.293    color_bar_m0/h_cnt_reg[4]_i_2_n_0
    SLICE_X59Y85         CARRY4 (Prop_carry4_CI_CO[3])
                                                      0.098     1.391 r  color_bar_m0/h_cnt_reg[8]_i_2/CO[3]
                         net (fo=1, routed)           0.000     1.391    color_bar_m0/h_cnt_reg[8]_i_2_n_0
    SLICE_X59Y86         CARRY4 (Prop_carry4_CI_O[1])
                                                      0.265     1.656 r  color_bar_m0/h_cnt_reg[11]_i_3/O[1]
                         net (fo=1, routed)           0.778     2.434    color_bar_m0/data0[10]
    SLICE_X59Y83         LUT2 (Prop_lut2_I0_O)        0.250     2.684 r  color_bar_m0/h_cnt[10]_i_1/O
                         net (fo=1, routed)           0.000     2.684    color_bar_m0/h_cnt_1[10]
    SLICE_X59Y83         FDCE                                         r  color_bar_m0/h_cnt_reg[10]/D
  -------------------------------------------------------------------    -------------------

                         (clock clk_out1_video_pll rise edge)
                                                     15.385    15.385 r  
    Y18                                               0.000    15.385 r  sys_clk (IN)
                         net (fo=0)                   0.000    15.385    sys_clk
    Y18                  IBUF (Prop_ibuf_I_O)         1.361    16.745 r  sys_clk_IBUF_inst/O
                         net (fo=1, routed)           1.004    17.749    video_pll_m0/inst/clk_in1
    MMCME2_ADV_X0Y0      MMCME2_ADV (Prop_mmcme2_adv_CLKIN1_CLKOUT0)
                                                     -6.061    11.688 r  video_pll_m0/inst/mmcm_adv_inst/CLKOUT0
                         net (fo=1, routed)           1.357    13.045    video_pll_m0/inst/clk_out1_video_pll
    BUFGCTRL_X0Y0        BUFG (Prop_bufg_I_O)         0.077    13.122 r  video_pll_m0/inst/clkout1_buf/O
                         net (fo=153, routed)         1.310    14.432    color_bar_m0/clk_out1
    SLICE_X59Y83         FDCE                                         r  color_bar_m0/h_cnt_reg[10]/C
                         clock pessimism              0.417    14.849    
                         clock uncertainty           -0.091    14.758    
    SLICE_X59Y83         FDCE (Setup_fdce_C_D)        0.030    14.788    color_bar_m0/h_cnt_reg[10]
  -------------------------------------------------------------------
                         required time                         14.788    
                         arrival time                          -2.684    
  -------------------------------------------------------------------
                         slack                                 12.104    

Slack (MET) :             12.211ns  (required time - arrival time)
  Source:                 color_bar_m0/h_cnt_reg[9]/C
                            (rising edge-triggered cell FDCE clocked by clk_out1_video_pll  {rise@0.000ns fall@7.692ns period=15.385ns})
  Destination:            color_bar_m0/h_active_reg/D
                            (rising edge-triggered cell FDCE clocked by clk_out1_video_pll  {rise@0.000ns fall@7.692ns period=15.385ns})
  Path Group:             clk_out1_video_pll
  Path Type:              Setup (Max at Slow Process Corner)
  Requirement:            15.385ns  (clk_out1_video_pll rise@15.385ns - clk_out1_video_pll rise@0.000ns)
  Data Path Delay:        3.073ns  (logic 0.974ns (31.699%)  route 2.099ns (68.301%))
  Logic Levels:           3  (LUT3=1 LUT4=1 LUT5=1)
  Clock Path Skew:        -0.040ns (DCD - SCD + CPR)
    Destination Clock Delay (DCD):    -0.951ns = ( 14.433 - 15.385 ) 
    Source Clock Delay      (SCD):    -0.510ns
    Clock Pessimism Removal (CPR):    0.402ns
  Clock Uncertainty:      0.091ns  ((TSJ^2 + DJ^2)^1/2) / 2 + PE
    Total System Jitter     (TSJ):    0.071ns
    Discrete Jitter          (DJ):    0.167ns
    Phase Error              (PE):    0.000ns

    Location             Delay type                Incr(ns)  Path(ns)    Netlist Resource(s)
  -------------------------------------------------------------------    -------------------
                         (clock clk_out1_video_pll rise edge)
                                                      0.000     0.000 r  
    Y18                                               0.000     0.000 r  sys_clk (IN)
                         net (fo=0)                   0.000     0.000    sys_clk
    Y18                  IBUF (Prop_ibuf_I_O)         1.427     1.427 r  sys_clk_IBUF_inst/O
                         net (fo=1, routed)           1.065     2.492    video_pll_m0/inst/clk_in1
    MMCME2_ADV_X0Y0      MMCME2_ADV (Prop_mmcme2_adv_CLKIN1_CLKOUT0)
                                                     -5.924    -3.433 r  video_pll_m0/inst/mmcm_adv_inst/CLKOUT0
                         net (fo=1, routed)           1.425    -2.008    video_pll_m0/inst/clk_out1_video_pll
    BUFGCTRL_X0Y0        BUFG (Prop_bufg_I_O)         0.081    -1.927 r  video_pll_m0/inst/clkout1_buf/O
                         net (fo=153, routed)         1.417    -0.510    color_bar_m0/clk_out1
    SLICE_X58Y84         FDCE                                         r  color_bar_m0/h_cnt_reg[9]/C
  -------------------------------------------------------------------    -------------------
    SLICE_X58Y84         FDCE (Prop_fdce_C_Q)         0.348    -0.162 r  color_bar_m0/h_cnt_reg[9]/Q
                         net (fo=6, routed)           0.957     0.795    color_bar_m0/h_cnt[9]
    SLICE_X61Y85         LUT4 (Prop_lut4_I1_O)        0.240     1.035 r  color_bar_m0/v_cnt[11]_i_4/O
                         net (fo=3, routed)           0.901     1.936    color_bar_m0/v_cnt[11]_i_4_n_0
    SLICE_X58Y84         LUT5 (Prop_lut5_I0_O)        0.119     2.055 r  color_bar_m0/h_active_i_2/O
                         net (fo=1, routed)           0.241     2.296    color_bar_m0/h_active_i_2_n_0
    SLICE_X62Y84         LUT3 (Prop_lut3_I1_O)        0.267     2.563 r  color_bar_m0/h_active_i_1/O
                         net (fo=1, routed)           0.000     2.563    color_bar_m0/h_active_i_1_n_0
    SLICE_X62Y84         FDCE                                         r  color_bar_m0/h_active_reg/D
  -------------------------------------------------------------------    -------------------

                         (clock clk_out1_video_pll rise edge)
                                                     15.385    15.385 r  
    Y18                                               0.000    15.385 r  sys_clk (IN)
                         net (fo=0)                   0.000    15.385    sys_clk
    Y18                  IBUF (Prop_ibuf_I_O)         1.361    16.745 r  sys_clk_IBUF_inst/O
                         net (fo=1, routed)           1.004    17.749    video_pll_m0/inst/clk_in1
    MMCME2_ADV_X0Y0      MMCME2_ADV (Prop_mmcme2_adv_CLKIN1_CLKOUT0)
                                                     -6.061    11.688 r  video_pll_m0/inst/mmcm_adv_inst/CLKOUT0
                         net (fo=1, routed)           1.357    13.045    video_pll_m0/inst/clk_out1_video_pll
    BUFGCTRL_X0Y0        BUFG (Prop_bufg_I_O)         0.077    13.122 r  video_pll_m0/inst/clkout1_buf/O
                         net (fo=153, routed)         1.311    14.433    color_bar_m0/clk_out1
    SLICE_X62Y84         FDCE                                         r  color_bar_m0/h_active_reg/C
                         clock pessimism              0.402    14.835    
                         clock uncertainty           -0.091    14.744    
    SLICE_X62Y84         FDCE (Setup_fdce_C_D)        0.030    14.774    color_bar_m0/h_active_reg
  -------------------------------------------------------------------
                         required time                         14.774    
                         arrival time                          -2.563    
  -------------------------------------------------------------------
                         slack                                 12.211    

Slack (MET) :             12.212ns  (required time - arrival time)
  Source:                 osd_display_m0/timing_gen_xy_m0/y_cnt_reg[11]/C
                            (rising edge-triggered cell FDCE clocked by clk_out1_video_pll  {rise@0.000ns fall@7.692ns period=15.385ns})
  Destination:            osd_display_m0/region_active_reg/D
                            (rising edge-triggered cell FDRE clocked by clk_out1_video_pll  {rise@0.000ns fall@7.692ns period=15.385ns})
  Path Group:             clk_out1_video_pll
  Path Type:              Setup (Max at Slow Process Corner)
  Requirement:            15.385ns  (clk_out1_video_pll rise@15.385ns - clk_out1_video_pll rise@0.000ns)
  Data Path Delay:        3.080ns  (logic 0.694ns (22.532%)  route 2.386ns (77.468%))
  Logic Levels:           3  (LUT6=3)
  Clock Path Skew:        -0.032ns (DCD - SCD + CPR)
    Destination Clock Delay (DCD):    -0.951ns = ( 14.433 - 15.385 ) 
    Source Clock Delay      (SCD):    -0.502ns
    Clock Pessimism Removal (CPR):    0.418ns
  Clock Uncertainty:      0.091ns  ((TSJ^2 + DJ^2)^1/2) / 2 + PE
    Total System Jitter     (TSJ):    0.071ns
    Discrete Jitter          (DJ):    0.167ns
    Phase Error              (PE):    0.000ns

    Location             Delay type                Incr(ns)  Path(ns)    Netlist Resource(s)
  -------------------------------------------------------------------    -------------------
                         (clock clk_out1_video_pll rise edge)
                                                      0.000     0.000 r  
    Y18                                               0.000     0.000 r  sys_clk (IN)
                         net (fo=0)                   0.000     0.000    sys_clk
    Y18                  IBUF (Prop_ibuf_I_O)         1.427     1.427 r  sys_clk_IBUF_inst/O
                         net (fo=1, routed)           1.065     2.492    video_pll_m0/inst/clk_in1
    MMCME2_ADV_X0Y0      MMCME2_ADV (Prop_mmcme2_adv_CLKIN1_CLKOUT0)
                                                     -5.924    -3.433 r  video_pll_m0/inst/mmcm_adv_inst/CLKOUT0
                         net (fo=1, routed)           1.425    -2.008    video_pll_m0/inst/clk_out1_video_pll
    BUFGCTRL_X0Y0        BUFG (Prop_bufg_I_O)         0.081    -1.927 r  video_pll_m0/inst/clkout1_buf/O
                         net (fo=153, routed)         1.425    -0.502    osd_display_m0/timing_gen_xy_m0/clk_out1
    SLICE_X63Y90         FDCE                                         r  osd_display_m0/timing_gen_xy_m0/y_cnt_reg[11]/C
  -------------------------------------------------------------------    -------------------
    SLICE_X63Y90         FDCE (Prop_fdce_C_Q)         0.379    -0.123 f  osd_display_m0/timing_gen_xy_m0/y_cnt_reg[11]/Q
                         net (fo=2, routed)           0.842     0.719    osd_display_m0/timing_gen_xy_m0/pos_y[11]
    SLICE_X63Y85         LUT6 (Prop_lut6_I1_O)        0.105     0.824 r  osd_display_m0/timing_gen_xy_m0/region_active_i_4/O
                         net (fo=1, routed)           0.642     1.466    osd_display_m0/timing_gen_xy_m0/region_active_i_4_n_0
    SLICE_X62Y89         LUT6 (Prop_lut6_I4_O)        0.105     1.571 r  osd_display_m0/timing_gen_xy_m0/region_active_i_2/O
                         net (fo=1, routed)           0.903     2.474    osd_display_m0/timing_gen_xy_m0/region_active_i_2_n_0
    SLICE_X62Y83         LUT6 (Prop_lut6_I0_O)        0.105     2.579 r  osd_display_m0/timing_gen_xy_m0/region_active_i_1/O
                         net (fo=1, routed)           0.000     2.579    osd_display_m0/region_active0
    SLICE_X62Y83         FDRE                                         r  osd_display_m0/region_active_reg/D
  -------------------------------------------------------------------    -------------------

                         (clock clk_out1_video_pll rise edge)
                                                     15.385    15.385 r  
    Y18                                               0.000    15.385 r  sys_clk (IN)
                         net (fo=0)                   0.000    15.385    sys_clk
    Y18                  IBUF (Prop_ibuf_I_O)         1.361    16.745 r  sys_clk_IBUF_inst/O
                         net (fo=1, routed)           1.004    17.749    video_pll_m0/inst/clk_in1
    MMCME2_ADV_X0Y0      MMCME2_ADV (Prop_mmcme2_adv_CLKIN1_CLKOUT0)
                                                     -6.061    11.688 r  video_pll_m0/inst/mmcm_adv_inst/CLKOUT0
                         net (fo=1, routed)           1.357    13.045    video_pll_m0/inst/clk_out1_video_pll
    BUFGCTRL_X0Y0        BUFG (Prop_bufg_I_O)         0.077    13.122 r  video_pll_m0/inst/clkout1_buf/O
                         net (fo=153, routed)         1.311    14.433    osd_display_m0/clk_out1
    SLICE_X62Y83         FDRE                                         r  osd_display_m0/region_active_reg/C
                         clock pessimism              0.418    14.851    
                         clock uncertainty           -0.091    14.760    
    SLICE_X62Y83         FDRE (Setup_fdre_C_D)        0.030    14.790    osd_display_m0/region_active_reg
  -------------------------------------------------------------------
                         required time                         14.790    
                         arrival time                          -2.579    
  -------------------------------------------------------------------
                         slack                                 12.212    

Slack (MET) :             12.242ns  (required time - arrival time)
  Source:                 color_bar_m0/h_cnt_reg[9]/C
                            (rising edge-triggered cell FDCE clocked by clk_out1_video_pll  {rise@0.000ns fall@7.692ns period=15.385ns})
  Destination:            color_bar_m0/h_cnt_reg[11]/D
                            (rising edge-triggered cell FDCE clocked by clk_out1_video_pll  {rise@0.000ns fall@7.692ns period=15.385ns})
  Path Group:             clk_out1_video_pll
  Path Type:              Setup (Max at Slow Process Corner)
  Requirement:            15.385ns  (clk_out1_video_pll rise@15.385ns - clk_out1_video_pll rise@0.000ns)
  Data Path Delay:        3.056ns  (logic 0.798ns (26.109%)  route 2.258ns (73.891%))
  Logic Levels:           3  (LUT2=1 LUT4=1 LUT6=1)
  Clock Path Skew:        -0.025ns (DCD - SCD + CPR)
    Destination Clock Delay (DCD):    -0.951ns = ( 14.433 - 15.385 ) 
    Source Clock Delay      (SCD):    -0.510ns
    Clock Pessimism Removal (CPR):    0.417ns
  Clock Uncertainty:      0.091ns  ((TSJ^2 + DJ^2)^1/2) / 2 + PE
    Total System Jitter     (TSJ):    0.071ns
    Discrete Jitter          (DJ):    0.167ns
    Phase Error              (PE):    0.000ns

    Location             Delay type                Incr(ns)  Path(ns)    Netlist Resource(s)
  -------------------------------------------------------------------    -------------------
                         (clock clk_out1_video_pll rise edge)
                                                      0.000     0.000 r  
    Y18                                               0.000     0.000 r  sys_clk (IN)
                         net (fo=0)                   0.000     0.000    sys_clk
    Y18                  IBUF (Prop_ibuf_I_O)         1.427     1.427 r  sys_clk_IBUF_inst/O
                         net (fo=1, routed)           1.065     2.492    video_pll_m0/inst/clk_in1
    MMCME2_ADV_X0Y0      MMCME2_ADV (Prop_mmcme2_adv_CLKIN1_CLKOUT0)
                                                     -5.924    -3.433 r  video_pll_m0/inst/mmcm_adv_inst/CLKOUT0
                         net (fo=1, routed)           1.425    -2.008    video_pll_m0/inst/clk_out1_video_pll
    BUFGCTRL_X0Y0        BUFG (Prop_bufg_I_O)         0.081    -1.927 r  video_pll_m0/inst/clkout1_buf/O
                         net (fo=153, routed)         1.417    -0.510    color_bar_m0/clk_out1
    SLICE_X58Y84         FDCE                                         r  color_bar_m0/h_cnt_reg[9]/C
  -------------------------------------------------------------------    -------------------
    SLICE_X58Y84         FDCE (Prop_fdce_C_Q)         0.348    -0.162 r  color_bar_m0/h_cnt_reg[9]/Q
                         net (fo=6, routed)           0.957     0.795    color_bar_m0/h_cnt[9]
    SLICE_X61Y85         LUT4 (Prop_lut4_I1_O)        0.240     1.035 r  color_bar_m0/v_cnt[11]_i_4/O
                         net (fo=3, routed)           0.370     1.406    color_bar_m0/v_cnt[11]_i_4_n_0
    SLICE_X58Y83         LUT6 (Prop_lut6_I5_O)        0.105     1.511 f  color_bar_m0/h_cnt[11]_i_4/O
                         net (fo=11, routed)          0.931     2.442    color_bar_m0/h_cnt[11]_i_4_n_0
    SLICE_X61Y85         LUT2 (Prop_lut2_I1_O)        0.105     2.547 r  color_bar_m0/h_cnt[11]_i_1/O
                         net (fo=1, routed)           0.000     2.547    color_bar_m0/h_cnt_1[11]
    SLICE_X61Y85         FDCE                                         r  color_bar_m0/h_cnt_reg[11]/D
  -------------------------------------------------------------------    -------------------

                         (clock clk_out1_video_pll rise edge)
                                                     15.385    15.385 r  
    Y18                                               0.000    15.385 r  sys_clk (IN)
                         net (fo=0)                   0.000    15.385    sys_clk
    Y18                  IBUF (Prop_ibuf_I_O)         1.361    16.745 r  sys_clk_IBUF_inst/O
                         net (fo=1, routed)           1.004    17.749    video_pll_m0/inst/clk_in1
    MMCME2_ADV_X0Y0      MMCME2_ADV (Prop_mmcme2_adv_CLKIN1_CLKOUT0)
                                                     -6.061    11.688 r  video_pll_m0/inst/mmcm_adv_inst/CLKOUT0
                         net (fo=1, routed)           1.357    13.045    video_pll_m0/inst/clk_out1_video_pll
    BUFGCTRL_X0Y0        BUFG (Prop_bufg_I_O)         0.077    13.122 r  video_pll_m0/inst/clkout1_buf/O
                         net (fo=153, routed)         1.311    14.433    color_bar_m0/clk_out1
    SLICE_X61Y85         FDCE                                         r  color_bar_m0/h_cnt_reg[11]/C
                         clock pessimism              0.417    14.850    
                         clock uncertainty           -0.091    14.759    
    SLICE_X61Y85         FDCE (Setup_fdce_C_D)        0.030    14.789    color_bar_m0/h_cnt_reg[11]
  -------------------------------------------------------------------
                         required time                         14.789    
                         arrival time                          -2.547    
  -------------------------------------------------------------------
                         slack                                 12.242    

Slack (MET) :             12.267ns  (required time - arrival time)
  Source:                 color_bar_m0/h_cnt_reg[9]/C
                            (rising edge-triggered cell FDCE clocked by clk_out1_video_pll  {rise@0.000ns fall@7.692ns period=15.385ns})
  Destination:            color_bar_m0/h_cnt_reg[4]/D
                            (rising edge-triggered cell FDCE clocked by clk_out1_video_pll  {rise@0.000ns fall@7.692ns period=15.385ns})
  Path Group:             clk_out1_video_pll
  Path Type:              Setup (Max at Slow Process Corner)
  Requirement:            15.385ns  (clk_out1_video_pll rise@15.385ns - clk_out1_video_pll rise@0.000ns)
  Data Path Delay:        3.070ns  (logic 0.812ns (26.446%)  route 2.258ns (73.554%))
  Logic Levels:           3  (LUT2=1 LUT4=1 LUT6=1)
  Clock Path Skew:        -0.025ns (DCD - SCD + CPR)
    Destination Clock Delay (DCD):    -0.951ns = ( 14.433 - 15.385 ) 
    Source Clock Delay      (SCD):    -0.510ns
    Clock Pessimism Removal (CPR):    0.417ns
  Clock Uncertainty:      0.091ns  ((TSJ^2 + DJ^2)^1/2) / 2 + PE
    Total System Jitter     (TSJ):    0.071ns
    Discrete Jitter          (DJ):    0.167ns
    Phase Error              (PE):    0.000ns

    Location             Delay type                Incr(ns)  Path(ns)    Netlist Resource(s)
  -------------------------------------------------------------------    -------------------
                         (clock clk_out1_video_pll rise edge)
                                                      0.000     0.000 r  
    Y18                                               0.000     0.000 r  sys_clk (IN)
                         net (fo=0)                   0.000     0.000    sys_clk
    Y18                  IBUF (Prop_ibuf_I_O)         1.427     1.427 r  sys_clk_IBUF_inst/O
                         net (fo=1, routed)           1.065     2.492    video_pll_m0/inst/clk_in1
    MMCME2_ADV_X0Y0      MMCME2_ADV (Prop_mmcme2_adv_CLKIN1_CLKOUT0)
                                                     -5.924    -3.433 r  video_pll_m0/inst/mmcm_adv_inst/CLKOUT0
                         net (fo=1, routed)           1.425    -2.008    video_pll_m0/inst/clk_out1_video_pll
    BUFGCTRL_X0Y0        BUFG (Prop_bufg_I_O)         0.081    -1.927 r  video_pll_m0/inst/clkout1_buf/O
                         net (fo=153, routed)         1.417    -0.510    color_bar_m0/clk_out1
    SLICE_X58Y84         FDCE                                         r  color_bar_m0/h_cnt_reg[9]/C
  -------------------------------------------------------------------    -------------------
    SLICE_X58Y84         FDCE (Prop_fdce_C_Q)         0.348    -0.162 r  color_bar_m0/h_cnt_reg[9]/Q
                         net (fo=6, routed)           0.957     0.795    color_bar_m0/h_cnt[9]
    SLICE_X61Y85         LUT4 (Prop_lut4_I1_O)        0.240     1.035 r  color_bar_m0/v_cnt[11]_i_4/O
                         net (fo=3, routed)           0.370     1.406    color_bar_m0/v_cnt[11]_i_4_n_0
    SLICE_X58Y83         LUT6 (Prop_lut6_I5_O)        0.105     1.511 f  color_bar_m0/h_cnt[11]_i_4/O
                         net (fo=11, routed)          0.931     2.442    color_bar_m0/h_cnt[11]_i_4_n_0
    SLICE_X61Y85         LUT2 (Prop_lut2_I1_O)        0.119     2.561 r  color_bar_m0/h_cnt[4]_i_1/O
                         net (fo=1, routed)           0.000     2.561    color_bar_m0/h_cnt_1[4]
    SLICE_X61Y85         FDCE                                         r  color_bar_m0/h_cnt_reg[4]/D
  -------------------------------------------------------------------    -------------------

                         (clock clk_out1_video_pll rise edge)
                                                     15.385    15.385 r  
    Y18                                               0.000    15.385 r  sys_clk (IN)
                         net (fo=0)                   0.000    15.385    sys_clk
    Y18                  IBUF (Prop_ibuf_I_O)         1.361    16.745 r  sys_clk_IBUF_inst/O
                         net (fo=1, routed)           1.004    17.749    video_pll_m0/inst/clk_in1
    MMCME2_ADV_X0Y0      MMCME2_ADV (Prop_mmcme2_adv_CLKIN1_CLKOUT0)
                                                     -6.061    11.688 r  video_pll_m0/inst/mmcm_adv_inst/CLKOUT0
                         net (fo=1, routed)           1.357    13.045    video_pll_m0/inst/clk_out1_video_pll
    BUFGCTRL_X0Y0        BUFG (Prop_bufg_I_O)         0.077    13.122 r  video_pll_m0/inst/clkout1_buf/O
                         net (fo=153, routed)         1.311    14.433    color_bar_m0/clk_out1
    SLICE_X61Y85         FDCE                                         r  color_bar_m0/h_cnt_reg[4]/C
                         clock pessimism              0.417    14.850    
                         clock uncertainty           -0.091    14.759    
    SLICE_X61Y85         FDCE (Setup_fdce_C_D)        0.069    14.828    color_bar_m0/h_cnt_reg[4]
  -------------------------------------------------------------------
                         required time                         14.828    
                         arrival time                          -2.561    
  -------------------------------------------------------------------
                         slack                                 12.267    

Slack (MET) :             12.343ns  (required time - arrival time)
  Source:                 color_bar_m0/h_cnt_reg[2]/C
                            (rising edge-triggered cell FDCE clocked by clk_out1_video_pll  {rise@0.000ns fall@7.692ns period=15.385ns})
  Destination:            color_bar_m0/h_cnt_reg[8]/D
                            (rising edge-triggered cell FDCE clocked by clk_out1_video_pll  {rise@0.000ns fall@7.692ns period=15.385ns})
  Path Group:             clk_out1_video_pll
  Path Type:              Setup (Max at Slow Process Corner)
  Requirement:            15.385ns  (clk_out1_video_pll rise@15.385ns - clk_out1_video_pll rise@0.000ns)
  Data Path Delay:        2.993ns  (logic 1.468ns (49.042%)  route 1.525ns (50.958%))
  Logic Levels:           3  (CARRY4=2 LUT2=1)
  Clock Path Skew:        -0.026ns (DCD - SCD + CPR)
    Destination Clock Delay (DCD):    -0.952ns = ( 14.432 - 15.385 ) 
    Source Clock Delay      (SCD):    -0.510ns
    Clock Pessimism Removal (CPR):    0.417ns
  Clock Uncertainty:      0.091ns  ((TSJ^2 + DJ^2)^1/2) / 2 + PE
    Total System Jitter     (TSJ):    0.071ns
    Discrete Jitter          (DJ):    0.167ns
    Phase Error              (PE):    0.000ns

    Location             Delay type                Incr(ns)  Path(ns)    Netlist Resource(s)
  -------------------------------------------------------------------    -------------------
                         (clock clk_out1_video_pll rise edge)
                                                      0.000     0.000 r  
    Y18                                               0.000     0.000 r  sys_clk (IN)
                         net (fo=0)                   0.000     0.000    sys_clk
    Y18                  IBUF (Prop_ibuf_I_O)         1.427     1.427 r  sys_clk_IBUF_inst/O
                         net (fo=1, routed)           1.065     2.492    video_pll_m0/inst/clk_in1
    MMCME2_ADV_X0Y0      MMCME2_ADV (Prop_mmcme2_adv_CLKIN1_CLKOUT0)
                                                     -5.924    -3.433 r  video_pll_m0/inst/mmcm_adv_inst/CLKOUT0
                         net (fo=1, routed)           1.425    -2.008    video_pll_m0/inst/clk_out1_video_pll
    BUFGCTRL_X0Y0        BUFG (Prop_bufg_I_O)         0.081    -1.927 r  video_pll_m0/inst/clkout1_buf/O
                         net (fo=153, routed)         1.417    -0.510    color_bar_m0/clk_out1
    SLICE_X58Y84         FDCE                                         r  color_bar_m0/h_cnt_reg[2]/C
  -------------------------------------------------------------------    -------------------
    SLICE_X58Y84         FDCE (Prop_fdce_C_Q)         0.379    -0.131 r  color_bar_m0/h_cnt_reg[2]/Q
                         net (fo=5, routed)           0.862     0.731    color_bar_m0/h_cnt[2]
    SLICE_X59Y84         CARRY4 (Prop_carry4_S[1]_CO[3])
                                                      0.562     1.293 r  color_bar_m0/h_cnt_reg[4]_i_2/CO[3]
                         net (fo=1, routed)           0.000     1.293    color_bar_m0/h_cnt_reg[4]_i_2_n_0
    SLICE_X59Y85         CARRY4 (Prop_carry4_CI_O[3])
                                                      0.260     1.553 r  color_bar_m0/h_cnt_reg[8]_i_2/O[3]
                         net (fo=1, routed)           0.664     2.217    color_bar_m0/data0[8]
    SLICE_X59Y83         LUT2 (Prop_lut2_I0_O)        0.267     2.484 r  color_bar_m0/h_cnt[8]_i_1/O
                         net (fo=1, routed)           0.000     2.484    color_bar_m0/h_cnt_1[8]
    SLICE_X59Y83         FDCE                                         r  color_bar_m0/h_cnt_reg[8]/D
  -------------------------------------------------------------------    -------------------

                         (clock clk_out1_video_pll rise edge)
                                                     15.385    15.385 r  
    Y18                                               0.000    15.385 r  sys_clk (IN)
                         net (fo=0)                   0.000    15.385    sys_clk
    Y18                  IBUF (Prop_ibuf_I_O)         1.361    16.745 r  sys_clk_IBUF_inst/O
                         net (fo=1, routed)           1.004    17.749    video_pll_m0/inst/clk_in1
    MMCME2_ADV_X0Y0      MMCME2_ADV (Prop_mmcme2_adv_CLKIN1_CLKOUT0)
                                                     -6.061    11.688 r  video_pll_m0/inst/mmcm_adv_inst/CLKOUT0
                         net (fo=1, routed)           1.357    13.045    video_pll_m0/inst/clk_out1_video_pll
    BUFGCTRL_X0Y0        BUFG (Prop_bufg_I_O)         0.077    13.122 r  video_pll_m0/inst/clkout1_buf/O
                         net (fo=153, routed)         1.310    14.432    color_bar_m0/clk_out1
    SLICE_X59Y83         FDCE                                         r  color_bar_m0/h_cnt_reg[8]/C
                         clock pessimism              0.417    14.849    
                         clock uncertainty           -0.091    14.758    
    SLICE_X59Y83         FDCE (Setup_fdce_C_D)        0.069    14.827    color_bar_m0/h_cnt_reg[8]
  -------------------------------------------------------------------
                         required time                         14.827    
                         arrival time                          -2.484    
  -------------------------------------------------------------------
                         slack                                 12.343    





Min Delay Paths
--------------------------------------------------------------------------------------
Slack (MET) :             0.121ns  (arrival time - required time)
  Source:                 rgb2dvi_m0/LockLostReset/SyncAsyncx/oSyncStages_reg[0]/C
                            (rising edge-triggered cell FDPE clocked by clk_out1_video_pll  {rise@0.000ns fall@7.692ns period=15.385ns})
  Destination:            rgb2dvi_m0/LockLostReset/SyncAsyncx/oSyncStages_reg[1]/D
                            (rising edge-triggered cell FDPE clocked by clk_out1_video_pll  {rise@0.000ns fall@7.692ns period=15.385ns})
  Path Group:             clk_out1_video_pll
  Path Type:              Hold (Min at Fast Process Corner)
  Requirement:            0.000ns  (clk_out1_video_pll rise@0.000ns - clk_out1_video_pll rise@0.000ns)
  Data Path Delay:        0.196ns  (logic 0.141ns (71.838%)  route 0.055ns (28.162%))
  Logic Levels:           0  
  Clock Path Skew:        0.000ns (DCD - SCD - CPR)
    Destination Clock Delay (DCD):    -0.788ns
    Source Clock Delay      (SCD):    -0.552ns
    Clock Pessimism Removal (CPR):    -0.236ns

    Location             Delay type                Incr(ns)  Path(ns)    Netlist Resource(s)
  -------------------------------------------------------------------    -------------------
                         (clock clk_out1_video_pll rise edge)
                                                      0.000     0.000 r  
    Y18                                               0.000     0.000 r  sys_clk (IN)
                         net (fo=0)                   0.000     0.000    sys_clk
    Y18                  IBUF (Prop_ibuf_I_O)         0.264     0.264 r  sys_clk_IBUF_inst/O
                         net (fo=1, routed)           0.440     0.704    video_pll_m0/inst/clk_in1
    MMCME2_ADV_X0Y0      MMCME2_ADV (Prop_mmcme2_adv_CLKIN1_CLKOUT0)
                                                     -2.362    -1.659 r  video_pll_m0/inst/mmcm_adv_inst/CLKOUT0
                         net (fo=1, routed)           0.489    -1.170    video_pll_m0/inst/clk_out1_video_pll
    BUFGCTRL_X0Y0        BUFG (Prop_bufg_I_O)         0.026    -1.144 r  video_pll_m0/inst/clkout1_buf/O
                         net (fo=153, routed)         0.592    -0.552    rgb2dvi_m0/LockLostReset/SyncAsyncx/clk_out1
    SLICE_X65Y92         FDPE                                         r  rgb2dvi_m0/LockLostReset/SyncAsyncx/oSyncStages_reg[0]/C
  -------------------------------------------------------------------    -------------------
    SLICE_X65Y92         FDPE (Prop_fdpe_C_Q)         0.141    -0.411 r  rgb2dvi_m0/LockLostReset/SyncAsyncx/oSyncStages_reg[0]/Q
                         net (fo=1, routed)           0.055    -0.356    rgb2dvi_m0/LockLostReset/SyncAsyncx/oSyncStages[0]
    SLICE_X65Y92         FDPE                                         r  rgb2dvi_m0/LockLostReset/SyncAsyncx/oSyncStages_reg[1]/D
  -------------------------------------------------------------------    -------------------

                         (clock clk_out1_video_pll rise edge)
                                                      0.000     0.000 r  
    Y18                                               0.000     0.000 r  sys_clk (IN)
                         net (fo=0)                   0.000     0.000    sys_clk
    Y18                  IBUF (Prop_ibuf_I_O)         0.452     0.452 r  sys_clk_IBUF_inst/O
                         net (fo=1, routed)           0.480     0.932    video_pll_m0/inst/clk_in1
    MMCME2_ADV_X0Y0      MMCME2_ADV (Prop_mmcme2_adv_CLKIN1_CLKOUT0)
                                                     -3.145    -2.214 r  video_pll_m0/inst/mmcm_adv_inst/CLKOUT0
                         net (fo=1, routed)           0.534    -1.680    video_pll_m0/inst/clk_out1_video_pll
    BUFGCTRL_X0Y0        BUFG (Prop_bufg_I_O)         0.029    -1.651 r  video_pll_m0/inst/clkout1_buf/O
                         net (fo=153, routed)         0.862    -0.788    rgb2dvi_m0/LockLostReset/SyncAsyncx/clk_out1
    SLICE_X65Y92         FDPE                                         r  rgb2dvi_m0/LockLostReset/SyncAsyncx/oSyncStages_reg[1]/C
                         clock pessimism              0.236    -0.552    
    SLICE_X65Y92         FDPE (Hold_fdpe_C_D)         0.075    -0.477    rgb2dvi_m0/LockLostReset/SyncAsyncx/oSyncStages_reg[1]
  -------------------------------------------------------------------
                         required time                          0.477    
                         arrival time                          -0.356    
  -------------------------------------------------------------------
                         slack                                  0.121    

Slack (MET) :             0.131ns  (arrival time - required time)
  Source:                 osd_display_m0/timing_gen_xy_m0/i_data_d1_reg[0]/C
                            (rising edge-triggered cell FDRE clocked by clk_out1_video_pll  {rise@0.000ns fall@7.692ns period=15.385ns})
  Destination:            osd_display_m0/v_data_reg[0]/D
                            (rising edge-triggered cell FDRE clocked by clk_out1_video_pll  {rise@0.000ns fall@7.692ns period=15.385ns})
  Path Group:             clk_out1_video_pll
  Path Type:              Hold (Min at Fast Process Corner)
  Requirement:            0.000ns  (clk_out1_video_pll rise@0.000ns - clk_out1_video_pll rise@0.000ns)
  Data Path Delay:        0.236ns  (logic 0.186ns (78.745%)  route 0.050ns (21.255%))
  Logic Levels:           1  (LUT5=1)
  Clock Path Skew:        0.013ns (DCD - SCD - CPR)
    Destination Clock Delay (DCD):    -0.798ns
    Source Clock Delay      (SCD):    -0.559ns
    Clock Pessimism Removal (CPR):    -0.252ns

    Location             Delay type                Incr(ns)  Path(ns)    Netlist Resource(s)
  -------------------------------------------------------------------    -------------------
                         (clock clk_out1_video_pll rise edge)
                                                      0.000     0.000 r  
    Y18                                               0.000     0.000 r  sys_clk (IN)
                         net (fo=0)                   0.000     0.000    sys_clk
    Y18                  IBUF (Prop_ibuf_I_O)         0.264     0.264 r  sys_clk_IBUF_inst/O
                         net (fo=1, routed)           0.440     0.704    video_pll_m0/inst/clk_in1
    MMCME2_ADV_X0Y0      MMCME2_ADV (Prop_mmcme2_adv_CLKIN1_CLKOUT0)
                                                     -2.362    -1.659 r  video_pll_m0/inst/mmcm_adv_inst/CLKOUT0
                         net (fo=1, routed)           0.489    -1.170    video_pll_m0/inst/clk_out1_video_pll
    BUFGCTRL_X0Y0        BUFG (Prop_bufg_I_O)         0.026    -1.144 r  video_pll_m0/inst/clkout1_buf/O
                         net (fo=153, routed)         0.585    -0.559    osd_display_m0/timing_gen_xy_m0/clk_out1
    SLICE_X58Y81         FDRE                                         r  osd_display_m0/timing_gen_xy_m0/i_data_d1_reg[0]/C
  -------------------------------------------------------------------    -------------------
    SLICE_X58Y81         FDRE (Prop_fdre_C_Q)         0.141    -0.418 r  osd_display_m0/timing_gen_xy_m0/i_data_d1_reg[0]/Q
                         net (fo=1, routed)           0.050    -0.368    osd_display_m0/timing_gen_xy_m0/i_data_d1[0]
    SLICE_X59Y81         LUT5 (Prop_lut5_I4_O)        0.045    -0.323 r  osd_display_m0/timing_gen_xy_m0/v_data[0]_i_1/O
                         net (fo=1, routed)           0.000    -0.323    osd_display_m0/timing_gen_xy_m0_n_3
    SLICE_X59Y81         FDRE                                         r  osd_display_m0/v_data_reg[0]/D
  -------------------------------------------------------------------    -------------------

                         (clock clk_out1_video_pll rise edge)
                                                      0.000     0.000 r  
    Y18                                               0.000     0.000 r  sys_clk (IN)
                         net (fo=0)                   0.000     0.000    sys_clk
    Y18                  IBUF (Prop_ibuf_I_O)         0.452     0.452 r  sys_clk_IBUF_inst/O
                         net (fo=1, routed)           0.480     0.932    video_pll_m0/inst/clk_in1
    MMCME2_ADV_X0Y0      MMCME2_ADV (Prop_mmcme2_adv_CLKIN1_CLKOUT0)
                                                     -3.145    -2.214 r  video_pll_m0/inst/mmcm_adv_inst/CLKOUT0
                         net (fo=1, routed)           0.534    -1.680    video_pll_m0/inst/clk_out1_video_pll
    BUFGCTRL_X0Y0        BUFG (Prop_bufg_I_O)         0.029    -1.651 r  video_pll_m0/inst/clkout1_buf/O
                         net (fo=153, routed)         0.853    -0.798    osd_display_m0/clk_out1
    SLICE_X59Y81         FDRE                                         r  osd_display_m0/v_data_reg[0]/C
                         clock pessimism              0.252    -0.546    
    SLICE_X59Y81         FDRE (Hold_fdre_C_D)         0.092    -0.454    osd_display_m0/v_data_reg[0]
  -------------------------------------------------------------------
                         required time                          0.454    
                         arrival time                          -0.323    
  -------------------------------------------------------------------
                         slack                                  0.131    

Slack (MET) :             0.149ns  (arrival time - required time)
  Source:                 osd_display_m0/timing_gen_xy_m0/x_cnt_reg[6]/C
                            (rising edge-triggered cell FDCE clocked by clk_out1_video_pll  {rise@0.000ns fall@7.692ns period=15.385ns})
  Destination:            osd_display_m0/region_active_reg/D
                            (rising edge-triggered cell FDRE clocked by clk_out1_video_pll  {rise@0.000ns fall@7.692ns period=15.385ns})
  Path Group:             clk_out1_video_pll
  Path Type:              Hold (Min at Fast Process Corner)
  Requirement:            0.000ns  (clk_out1_video_pll rise@0.000ns - clk_out1_video_pll rise@0.000ns)
  Data Path Delay:        0.253ns  (logic 0.186ns (73.539%)  route 0.067ns (26.461%))
  Logic Levels:           1  (LUT6=1)
  Clock Path Skew:        0.013ns (DCD - SCD - CPR)
    Destination Clock Delay (DCD):    -0.794ns
    Source Clock Delay      (SCD):    -0.556ns
    Clock Pessimism Removal (CPR):    -0.251ns

    Location             Delay type                Incr(ns)  Path(ns)    Netlist Resource(s)
  -------------------------------------------------------------------    -------------------
                         (clock clk_out1_video_pll rise edge)
                                                      0.000     0.000 r  
    Y18                                               0.000     0.000 r  sys_clk (IN)
                         net (fo=0)                   0.000     0.000    sys_clk
    Y18                  IBUF (Prop_ibuf_I_O)         0.264     0.264 r  sys_clk_IBUF_inst/O
                         net (fo=1, routed)           0.440     0.704    video_pll_m0/inst/clk_in1
    MMCME2_ADV_X0Y0      MMCME2_ADV (Prop_mmcme2_adv_CLKIN1_CLKOUT0)
                                                     -2.362    -1.659 r  video_pll_m0/inst/mmcm_adv_inst/CLKOUT0
                         net (fo=1, routed)           0.489    -1.170    video_pll_m0/inst/clk_out1_video_pll
    BUFGCTRL_X0Y0        BUFG (Prop_bufg_I_O)         0.026    -1.144 r  video_pll_m0/inst/clkout1_buf/O
                         net (fo=153, routed)         0.588    -0.556    osd_display_m0/timing_gen_xy_m0/clk_out1
    SLICE_X63Y83         FDCE                                         r  osd_display_m0/timing_gen_xy_m0/x_cnt_reg[6]/C
  -------------------------------------------------------------------    -------------------
    SLICE_X63Y83         FDCE (Prop_fdce_C_Q)         0.141    -0.415 r  osd_display_m0/timing_gen_xy_m0/x_cnt_reg[6]/Q
                         net (fo=2, routed)           0.067    -0.348    osd_display_m0/timing_gen_xy_m0/pos_x[6]
    SLICE_X62Y83         LUT6 (Prop_lut6_I2_O)        0.045    -0.303 r  osd_display_m0/timing_gen_xy_m0/region_active_i_1/O
                         net (fo=1, routed)           0.000    -0.303    osd_display_m0/region_active0
    SLICE_X62Y83         FDRE                                         r  osd_display_m0/region_active_reg/D
  -------------------------------------------------------------------    -------------------

                         (clock clk_out1_video_pll rise edge)
                                                      0.000     0.000 r  
    Y18                                               0.000     0.000 r  sys_clk (IN)
                         net (fo=0)                   0.000     0.000    sys_clk
    Y18                  IBUF (Prop_ibuf_I_O)         0.452     0.452 r  sys_clk_IBUF_inst/O
                         net (fo=1, routed)           0.480     0.932    video_pll_m0/inst/clk_in1
    MMCME2_ADV_X0Y0      MMCME2_ADV (Prop_mmcme2_adv_CLKIN1_CLKOUT0)
                                                     -3.145    -2.214 r  video_pll_m0/inst/mmcm_adv_inst/CLKOUT0
                         net (fo=1, routed)           0.534    -1.680    video_pll_m0/inst/clk_out1_video_pll
    BUFGCTRL_X0Y0        BUFG (Prop_bufg_I_O)         0.029    -1.651 r  video_pll_m0/inst/clkout1_buf/O
                         net (fo=153, routed)         0.856    -0.794    osd_display_m0/clk_out1
    SLICE_X62Y83         FDRE                                         r  osd_display_m0/region_active_reg/C
                         clock pessimism              0.251    -0.543    
    SLICE_X62Y83         FDRE (Hold_fdre_C_D)         0.091    -0.452    osd_display_m0/region_active_reg
  -------------------------------------------------------------------
                         required time                          0.452    
                         arrival time                          -0.303    
  -------------------------------------------------------------------
                         slack                                  0.149    

Slack (MET) :             0.160ns  (arrival time - required time)
  Source:                 osd_display_m0/osd_ram_addr_reg[10]/C
                            (rising edge-triggered cell FDRE clocked by clk_out1_video_pll  {rise@0.000ns fall@7.692ns period=15.385ns})
  Destination:            osd_display_m0/osd_rom_m0/U0/inst_blk_mem_gen/gnbram.gnativebmg.native_blk_mem_gen/valid.cstr/ramloop[0].ram.r/prim_init.ram/DEVICE_7SERIES.NO_BMM_INFO.SP.SIMPLE_PRIM18.ram/ADDRARDADDR[10]
                            (rising edge-triggered cell RAMB18E1 clocked by clk_out1_video_pll  {rise@0.000ns fall@7.692ns period=15.385ns})
  Path Group:             clk_out1_video_pll
  Path Type:              Hold (Min at Fast Process Corner)
  Requirement:            0.000ns  (clk_out1_video_pll rise@0.000ns - clk_out1_video_pll rise@0.000ns)
  Data Path Delay:        0.390ns  (logic 0.141ns (36.114%)  route 0.249ns (63.886%))
  Logic Levels:           0  
  Clock Path Skew:        0.048ns (DCD - SCD - CPR)
    Destination Clock Delay (DCD):    -0.785ns
    Source Clock Delay      (SCD):    -0.559ns
    Clock Pessimism Removal (CPR):    -0.273ns

    Location             Delay type                Incr(ns)  Path(ns)    Netlist Resource(s)
  -------------------------------------------------------------------    -------------------
                         (clock clk_out1_video_pll rise edge)
                                                      0.000     0.000 r  
    Y18                                               0.000     0.000 r  sys_clk (IN)
                         net (fo=0)                   0.000     0.000    sys_clk
    Y18                  IBUF (Prop_ibuf_I_O)         0.264     0.264 r  sys_clk_IBUF_inst/O
                         net (fo=1, routed)           0.440     0.704    video_pll_m0/inst/clk_in1
    MMCME2_ADV_X0Y0      MMCME2_ADV (Prop_mmcme2_adv_CLKIN1_CLKOUT0)
                                                     -2.362    -1.659 r  video_pll_m0/inst/mmcm_adv_inst/CLKOUT0
                         net (fo=1, routed)           0.489    -1.170    video_pll_m0/inst/clk_out1_video_pll
    BUFGCTRL_X0Y0        BUFG (Prop_bufg_I_O)         0.026    -1.144 r  video_pll_m0/inst/clkout1_buf/O
                         net (fo=153, routed)         0.585    -0.559    osd_display_m0/clk_out1
    SLICE_X61Y81         FDRE                                         r  osd_display_m0/osd_ram_addr_reg[10]/C
  -------------------------------------------------------------------    -------------------
    SLICE_X61Y81         FDRE (Prop_fdre_C_Q)         0.141    -0.418 r  osd_display_m0/osd_ram_addr_reg[10]/Q
                         net (fo=2, routed)           0.249    -0.169    osd_display_m0/osd_rom_m0/U0/inst_blk_mem_gen/gnbram.gnativebmg.native_blk_mem_gen/valid.cstr/ramloop[0].ram.r/prim_init.ram/addra[7]
    RAMB18_X2Y32         RAMB18E1                                     r  osd_display_m0/osd_rom_m0/U0/inst_blk_mem_gen/gnbram.gnativebmg.native_blk_mem_gen/valid.cstr/ramloop[0].ram.r/prim_init.ram/DEVICE_7SERIES.NO_BMM_INFO.SP.SIMPLE_PRIM18.ram/ADDRARDADDR[10]
  -------------------------------------------------------------------    -------------------

                         (clock clk_out1_video_pll rise edge)
                                                      0.000     0.000 r  
    Y18                                               0.000     0.000 r  sys_clk (IN)
                         net (fo=0)                   0.000     0.000    sys_clk
    Y18                  IBUF (Prop_ibuf_I_O)         0.452     0.452 r  sys_clk_IBUF_inst/O
                         net (fo=1, routed)           0.480     0.932    video_pll_m0/inst/clk_in1
    MMCME2_ADV_X0Y0      MMCME2_ADV (Prop_mmcme2_adv_CLKIN1_CLKOUT0)
                                                     -3.145    -2.214 r  video_pll_m0/inst/mmcm_adv_inst/CLKOUT0
                         net (fo=1, routed)           0.534    -1.680    video_pll_m0/inst/clk_out1_video_pll
    BUFGCTRL_X0Y0        BUFG (Prop_bufg_I_O)         0.029    -1.651 r  video_pll_m0/inst/clkout1_buf/O
                         net (fo=153, routed)         0.866    -0.785    osd_display_m0/osd_rom_m0/U0/inst_blk_mem_gen/gnbram.gnativebmg.native_blk_mem_gen/valid.cstr/ramloop[0].ram.r/prim_init.ram/clka
    RAMB18_X2Y32         RAMB18E1                                     r  osd_display_m0/osd_rom_m0/U0/inst_blk_mem_gen/gnbram.gnativebmg.native_blk_mem_gen/valid.cstr/ramloop[0].ram.r/prim_init.ram/DEVICE_7SERIES.NO_BMM_INFO.SP.SIMPLE_PRIM18.ram/CLKARDCLK
                         clock pessimism              0.273    -0.511    
    RAMB18_X2Y32         RAMB18E1 (Hold_ramb18e1_CLKARDCLK_ADDRARDADDR[10])
                                                      0.183    -0.328    osd_display_m0/osd_rom_m0/U0/inst_blk_mem_gen/gnbram.gnativebmg.native_blk_mem_gen/valid.cstr/ramloop[0].ram.r/prim_init.ram/DEVICE_7SERIES.NO_BMM_INFO.SP.SIMPLE_PRIM18.ram
  -------------------------------------------------------------------
                         required time                          0.328    
                         arrival time                          -0.169    
  -------------------------------------------------------------------
                         slack                                  0.160    

Slack (MET) :             0.169ns  (arrival time - required time)
  Source:                 osd_display_m0/pos_vs_d0_reg/C
                            (rising edge-triggered cell FDRE clocked by clk_out1_video_pll  {rise@0.000ns fall@7.692ns period=15.385ns})
  Destination:            rgb2dvi_m0/DataEncoders[0].DataEncoder/pC1_2_reg/D
                            (rising edge-triggered cell FDRE clocked by clk_out1_video_pll  {rise@0.000ns fall@7.692ns period=15.385ns})
  Path Group:             clk_out1_video_pll
  Path Type:              Hold (Min at Fast Process Corner)
  Requirement:            0.000ns  (clk_out1_video_pll rise@0.000ns - clk_out1_video_pll rise@0.000ns)
  Data Path Delay:        0.253ns  (logic 0.141ns (55.758%)  route 0.112ns (44.242%))
  Logic Levels:           0  
  Clock Path Skew:        0.014ns (DCD - SCD - CPR)
    Destination Clock Delay (DCD):    -0.791ns
    Source Clock Delay      (SCD):    -0.553ns
    Clock Pessimism Removal (CPR):    -0.252ns

    Location             Delay type                Incr(ns)  Path(ns)    Netlist Resource(s)
  -------------------------------------------------------------------    -------------------
                         (clock clk_out1_video_pll rise edge)
                                                      0.000     0.000 r  
    Y18                                               0.000     0.000 r  sys_clk (IN)
                         net (fo=0)                   0.000     0.000    sys_clk
    Y18                  IBUF (Prop_ibuf_I_O)         0.264     0.264 r  sys_clk_IBUF_inst/O
                         net (fo=1, routed)           0.440     0.704    video_pll_m0/inst/clk_in1
    MMCME2_ADV_X0Y0      MMCME2_ADV (Prop_mmcme2_adv_CLKIN1_CLKOUT0)
                                                     -2.362    -1.659 r  video_pll_m0/inst/mmcm_adv_inst/CLKOUT0
                         net (fo=1, routed)           0.489    -1.170    video_pll_m0/inst/clk_out1_video_pll
    BUFGCTRL_X0Y0        BUFG (Prop_bufg_I_O)         0.026    -1.144 r  video_pll_m0/inst/clkout1_buf/O
                         net (fo=153, routed)         0.591    -0.553    osd_display_m0/clk_out1
    SLICE_X62Y88         FDRE                                         r  osd_display_m0/pos_vs_d0_reg/C
  -------------------------------------------------------------------    -------------------
    SLICE_X62Y88         FDRE (Prop_fdre_C_Q)         0.141    -0.412 r  osd_display_m0/pos_vs_d0_reg/Q
                         net (fo=2, routed)           0.112    -0.300    rgb2dvi_m0/DataEncoders[0].DataEncoder/pos_vs_d0
    SLICE_X63Y87         FDRE                                         r  rgb2dvi_m0/DataEncoders[0].DataEncoder/pC1_2_reg/D
  -------------------------------------------------------------------    -------------------

                         (clock clk_out1_video_pll rise edge)
                                                      0.000     0.000 r  
    Y18                                               0.000     0.000 r  sys_clk (IN)
                         net (fo=0)                   0.000     0.000    sys_clk
    Y18                  IBUF (Prop_ibuf_I_O)         0.452     0.452 r  sys_clk_IBUF_inst/O
                         net (fo=1, routed)           0.480     0.932    video_pll_m0/inst/clk_in1
    MMCME2_ADV_X0Y0      MMCME2_ADV (Prop_mmcme2_adv_CLKIN1_CLKOUT0)
                                                     -3.145    -2.214 r  video_pll_m0/inst/mmcm_adv_inst/CLKOUT0
                         net (fo=1, routed)           0.534    -1.680    video_pll_m0/inst/clk_out1_video_pll
    BUFGCTRL_X0Y0        BUFG (Prop_bufg_I_O)         0.029    -1.651 r  video_pll_m0/inst/clkout1_buf/O
                         net (fo=153, routed)         0.859    -0.791    rgb2dvi_m0/DataEncoders[0].DataEncoder/clk_out1
    SLICE_X63Y87         FDRE                                         r  rgb2dvi_m0/DataEncoders[0].DataEncoder/pC1_2_reg/C
                         clock pessimism              0.252    -0.539    
    SLICE_X63Y87         FDRE (Hold_fdre_C_D)         0.070    -0.469    rgb2dvi_m0/DataEncoders[0].DataEncoder/pC1_2_reg
  -------------------------------------------------------------------
                         required time                          0.469    
                         arrival time                          -0.300    
  -------------------------------------------------------------------
                         slack                                  0.169    

Slack (MET) :             0.170ns  (arrival time - required time)
  Source:                 color_bar_m0/hs_reg_reg/C
                            (rising edge-triggered cell FDCE clocked by clk_out1_video_pll  {rise@0.000ns fall@7.692ns period=15.385ns})
  Destination:            color_bar_m0/hs_reg_d0_reg/D
                            (rising edge-triggered cell FDCE clocked by clk_out1_video_pll  {rise@0.000ns fall@7.692ns period=15.385ns})
  Path Group:             clk_out1_video_pll
  Path Type:              Hold (Min at Fast Process Corner)
  Requirement:            0.000ns  (clk_out1_video_pll rise@0.000ns - clk_out1_video_pll rise@0.000ns)
  Data Path Delay:        0.230ns  (logic 0.164ns (71.391%)  route 0.066ns (28.609%))
  Logic Levels:           0  
  Clock Path Skew:        0.000ns (DCD - SCD - CPR)
    Destination Clock Delay (DCD):    -0.793ns
    Source Clock Delay      (SCD):    -0.555ns
    Clock Pessimism Removal (CPR):    -0.238ns

    Location             Delay type                Incr(ns)  Path(ns)    Netlist Resource(s)
  -------------------------------------------------------------------    -------------------
                         (clock clk_out1_video_pll rise edge)
                                                      0.000     0.000 r  
    Y18                                               0.000     0.000 r  sys_clk (IN)
                         net (fo=0)                   0.000     0.000    sys_clk
    Y18                  IBUF (Prop_ibuf_I_O)         0.264     0.264 r  sys_clk_IBUF_inst/O
                         net (fo=1, routed)           0.440     0.704    video_pll_m0/inst/clk_in1
    MMCME2_ADV_X0Y0      MMCME2_ADV (Prop_mmcme2_adv_CLKIN1_CLKOUT0)
                                                     -2.362    -1.659 r  video_pll_m0/inst/mmcm_adv_inst/CLKOUT0
                         net (fo=1, routed)           0.489    -1.170    video_pll_m0/inst/clk_out1_video_pll
    BUFGCTRL_X0Y0        BUFG (Prop_bufg_I_O)         0.026    -1.144 r  video_pll_m0/inst/clkout1_buf/O
                         net (fo=153, routed)         0.589    -0.555    color_bar_m0/clk_out1
    SLICE_X60Y87         FDCE                                         r  color_bar_m0/hs_reg_reg/C
  -------------------------------------------------------------------    -------------------
    SLICE_X60Y87         FDCE (Prop_fdce_C_Q)         0.164    -0.391 r  color_bar_m0/hs_reg_reg/Q
                         net (fo=2, routed)           0.066    -0.325    color_bar_m0/hs_reg
    SLICE_X60Y87         FDCE                                         r  color_bar_m0/hs_reg_d0_reg/D
  -------------------------------------------------------------------    -------------------

                         (clock clk_out1_video_pll rise edge)
                                                      0.000     0.000 r  
    Y18                                               0.000     0.000 r  sys_clk (IN)
                         net (fo=0)                   0.000     0.000    sys_clk
    Y18                  IBUF (Prop_ibuf_I_O)         0.452     0.452 r  sys_clk_IBUF_inst/O
                         net (fo=1, routed)           0.480     0.932    video_pll_m0/inst/clk_in1
    MMCME2_ADV_X0Y0      MMCME2_ADV (Prop_mmcme2_adv_CLKIN1_CLKOUT0)
                                                     -3.145    -2.214 r  video_pll_m0/inst/mmcm_adv_inst/CLKOUT0
                         net (fo=1, routed)           0.534    -1.680    video_pll_m0/inst/clk_out1_video_pll
    BUFGCTRL_X0Y0        BUFG (Prop_bufg_I_O)         0.029    -1.651 r  video_pll_m0/inst/clkout1_buf/O
                         net (fo=153, routed)         0.858    -0.793    color_bar_m0/clk_out1
    SLICE_X60Y87         FDCE                                         r  color_bar_m0/hs_reg_d0_reg/C
                         clock pessimism              0.238    -0.555    
    SLICE_X60Y87         FDCE (Hold_fdce_C_D)         0.060    -0.495    color_bar_m0/hs_reg_d0_reg
  -------------------------------------------------------------------
                         required time                          0.495    
                         arrival time                          -0.325    
  -------------------------------------------------------------------
                         slack                                  0.170    

Slack (MET) :             0.182ns  (arrival time - required time)
  Source:                 rgb2dvi_m0/DataEncoders[1].DataEncoder/cnt_t_3_reg[2]/C
                            (rising edge-triggered cell FDRE clocked by clk_out1_video_pll  {rise@0.000ns fall@7.692ns period=15.385ns})
  Destination:            rgb2dvi_m0/DataEncoders[1].DataEncoder/cnt_t_3_reg[1]/D
                            (rising edge-triggered cell FDRE clocked by clk_out1_video_pll  {rise@0.000ns fall@7.692ns period=15.385ns})
  Path Group:             clk_out1_video_pll
  Path Type:              Hold (Min at Fast Process Corner)
  Requirement:            0.000ns  (clk_out1_video_pll rise@0.000ns - clk_out1_video_pll rise@0.000ns)
  Data Path Delay:        0.315ns  (logic 0.186ns (58.978%)  route 0.129ns (41.022%))
  Logic Levels:           1  (LUT6=1)
  Clock Path Skew:        0.013ns (DCD - SCD - CPR)
    Destination Clock Delay (DCD):    -0.825ns
    Source Clock Delay      (SCD):    -0.585ns
    Clock Pessimism Removal (CPR):    -0.253ns

    Location             Delay type                Incr(ns)  Path(ns)    Netlist Resource(s)
  -------------------------------------------------------------------    -------------------
                         (clock clk_out1_video_pll rise edge)
                                                      0.000     0.000 r  
    Y18                                               0.000     0.000 r  sys_clk (IN)
                         net (fo=0)                   0.000     0.000    sys_clk
    Y18                  IBUF (Prop_ibuf_I_O)         0.264     0.264 r  sys_clk_IBUF_inst/O
                         net (fo=1, routed)           0.440     0.704    video_pll_m0/inst/clk_in1
    MMCME2_ADV_X0Y0      MMCME2_ADV (Prop_mmcme2_adv_CLKIN1_CLKOUT0)
                                                     -2.362    -1.659 r  video_pll_m0/inst/mmcm_adv_inst/CLKOUT0
                         net (fo=1, routed)           0.489    -1.170    video_pll_m0/inst/clk_out1_video_pll
    BUFGCTRL_X0Y0        BUFG (Prop_bufg_I_O)         0.026    -1.144 r  video_pll_m0/inst/clkout1_buf/O
                         net (fo=153, routed)         0.559    -0.585    rgb2dvi_m0/DataEncoders[1].DataEncoder/clk_out1
    SLICE_X57Y81         FDRE                                         r  rgb2dvi_m0/DataEncoders[1].DataEncoder/cnt_t_3_reg[2]/C
  -------------------------------------------------------------------    -------------------
    SLICE_X57Y81         FDRE (Prop_fdre_C_Q)         0.141    -0.444 r  rgb2dvi_m0/DataEncoders[1].DataEncoder/cnt_t_3_reg[2]/Q
                         net (fo=6, routed)           0.129    -0.315    rgb2dvi_m0/DataEncoders[1].DataEncoder/cnt_t_3_reg_n_0_[2]
    SLICE_X56Y81         LUT6 (Prop_lut6_I4_O)        0.045    -0.270 r  rgb2dvi_m0/DataEncoders[1].DataEncoder/cnt_t_3[1]_i_1__0/O
                         net (fo=1, routed)           0.000    -0.270    rgb2dvi_m0/DataEncoders[1].DataEncoder/cnt_t_2[1]
    SLICE_X56Y81         FDRE                                         r  rgb2dvi_m0/DataEncoders[1].DataEncoder/cnt_t_3_reg[1]/D
  -------------------------------------------------------------------    -------------------

                         (clock clk_out1_video_pll rise edge)
                                                      0.000     0.000 r  
    Y18                                               0.000     0.000 r  sys_clk (IN)
                         net (fo=0)                   0.000     0.000    sys_clk
    Y18                  IBUF (Prop_ibuf_I_O)         0.452     0.452 r  sys_clk_IBUF_inst/O
                         net (fo=1, routed)           0.480     0.932    video_pll_m0/inst/clk_in1
    MMCME2_ADV_X0Y0      MMCME2_ADV (Prop_mmcme2_adv_CLKIN1_CLKOUT0)
                                                     -3.145    -2.214 r  video_pll_m0/inst/mmcm_adv_inst/CLKOUT0
                         net (fo=1, routed)           0.534    -1.680    video_pll_m0/inst/clk_out1_video_pll
    BUFGCTRL_X0Y0        BUFG (Prop_bufg_I_O)         0.029    -1.651 r  video_pll_m0/inst/clkout1_buf/O
                         net (fo=153, routed)         0.825    -0.825    rgb2dvi_m0/DataEncoders[1].DataEncoder/clk_out1
    SLICE_X56Y81         FDRE                                         r  rgb2dvi_m0/DataEncoders[1].DataEncoder/cnt_t_3_reg[1]/C
                         clock pessimism              0.253    -0.572    
    SLICE_X56Y81         FDRE (Hold_fdre_C_D)         0.120    -0.452    rgb2dvi_m0/DataEncoders[1].DataEncoder/cnt_t_3_reg[1]
  -------------------------------------------------------------------
                         required time                          0.452    
                         arrival time                          -0.270    
  -------------------------------------------------------------------
                         slack                                  0.182    

Slack (MET) :             0.185ns  (arrival time - required time)
  Source:                 rgb2dvi_m0/DataEncoders[1].DataEncoder/cnt_t_3_reg[2]/C
                            (rising edge-triggered cell FDRE clocked by clk_out1_video_pll  {rise@0.000ns fall@7.692ns period=15.385ns})
  Destination:            rgb2dvi_m0/DataEncoders[1].DataEncoder/cnt_t_3_reg[4]/D
                            (rising edge-triggered cell FDRE clocked by clk_out1_video_pll  {rise@0.000ns fall@7.692ns period=15.385ns})
  Path Group:             clk_out1_video_pll
  Path Type:              Hold (Min at Fast Process Corner)
  Requirement:            0.000ns  (clk_out1_video_pll rise@0.000ns - clk_out1_video_pll rise@0.000ns)
  Data Path Delay:        0.319ns  (logic 0.186ns (58.240%)  route 0.133ns (41.760%))
  Logic Levels:           1  (LUT6=1)
  Clock Path Skew:        0.013ns (DCD - SCD - CPR)
    Destination Clock Delay (DCD):    -0.825ns
    Source Clock Delay      (SCD):    -0.585ns
    Clock Pessimism Removal (CPR):    -0.253ns

    Location             Delay type                Incr(ns)  Path(ns)    Netlist Resource(s)
  -------------------------------------------------------------------    -------------------
                         (clock clk_out1_video_pll rise edge)
                                                      0.000     0.000 r  
    Y18                                               0.000     0.000 r  sys_clk (IN)
                         net (fo=0)                   0.000     0.000    sys_clk
    Y18                  IBUF (Prop_ibuf_I_O)         0.264     0.264 r  sys_clk_IBUF_inst/O
                         net (fo=1, routed)           0.440     0.704    video_pll_m0/inst/clk_in1
    MMCME2_ADV_X0Y0      MMCME2_ADV (Prop_mmcme2_adv_CLKIN1_CLKOUT0)
                                                     -2.362    -1.659 r  video_pll_m0/inst/mmcm_adv_inst/CLKOUT0
                         net (fo=1, routed)           0.489    -1.170    video_pll_m0/inst/clk_out1_video_pll
    BUFGCTRL_X0Y0        BUFG (Prop_bufg_I_O)         0.026    -1.144 r  video_pll_m0/inst/clkout1_buf/O
                         net (fo=153, routed)         0.559    -0.585    rgb2dvi_m0/DataEncoders[1].DataEncoder/clk_out1
    SLICE_X57Y81         FDRE                                         r  rgb2dvi_m0/DataEncoders[1].DataEncoder/cnt_t_3_reg[2]/C
  -------------------------------------------------------------------    -------------------
    SLICE_X57Y81         FDRE (Prop_fdre_C_Q)         0.141    -0.444 r  rgb2dvi_m0/DataEncoders[1].DataEncoder/cnt_t_3_reg[2]/Q
                         net (fo=6, routed)           0.133    -0.311    rgb2dvi_m0/DataEncoders[1].DataEncoder/cnt_t_3_reg_n_0_[2]
    SLICE_X56Y81         LUT6 (Prop_lut6_I2_O)        0.045    -0.266 r  rgb2dvi_m0/DataEncoders[1].DataEncoder/cnt_t_3[4]_i_1__0/O
                         net (fo=1, routed)           0.000    -0.266    rgb2dvi_m0/DataEncoders[1].DataEncoder/cnt_t_2[4]
    SLICE_X56Y81         FDRE                                         r  rgb2dvi_m0/DataEncoders[1].DataEncoder/cnt_t_3_reg[4]/D
  -------------------------------------------------------------------    -------------------

                         (clock clk_out1_video_pll rise edge)
                                                      0.000     0.000 r  
    Y18                                               0.000     0.000 r  sys_clk (IN)
                         net (fo=0)                   0.000     0.000    sys_clk
    Y18                  IBUF (Prop_ibuf_I_O)         0.452     0.452 r  sys_clk_IBUF_inst/O
                         net (fo=1, routed)           0.480     0.932    video_pll_m0/inst/clk_in1
    MMCME2_ADV_X0Y0      MMCME2_ADV (Prop_mmcme2_adv_CLKIN1_CLKOUT0)
                                                     -3.145    -2.214 r  video_pll_m0/inst/mmcm_adv_inst/CLKOUT0
                         net (fo=1, routed)           0.534    -1.680    video_pll_m0/inst/clk_out1_video_pll
    BUFGCTRL_X0Y0        BUFG (Prop_bufg_I_O)         0.029    -1.651 r  video_pll_m0/inst/clkout1_buf/O
                         net (fo=153, routed)         0.825    -0.825    rgb2dvi_m0/DataEncoders[1].DataEncoder/clk_out1
    SLICE_X56Y81         FDRE                                         r  rgb2dvi_m0/DataEncoders[1].DataEncoder/cnt_t_3_reg[4]/C
                         clock pessimism              0.253    -0.572    
    SLICE_X56Y81         FDRE (Hold_fdre_C_D)         0.121    -0.451    rgb2dvi_m0/DataEncoders[1].DataEncoder/cnt_t_3_reg[4]
  -------------------------------------------------------------------
                         required time                          0.451    
                         arrival time                          -0.266    
  -------------------------------------------------------------------
                         slack                                  0.185    

Slack (MET) :             0.186ns  (arrival time - required time)
  Source:                 osd_display_m0/timing_gen_xy_m0/i_data_d1_reg[8]/C
                            (rising edge-triggered cell FDRE clocked by clk_out1_video_pll  {rise@0.000ns fall@7.692ns period=15.385ns})
  Destination:            osd_display_m0/v_data_reg[8]/D
                            (rising edge-triggered cell FDRE clocked by clk_out1_video_pll  {rise@0.000ns fall@7.692ns period=15.385ns})
  Path Group:             clk_out1_video_pll
  Path Type:              Hold (Min at Fast Process Corner)
  Requirement:            0.000ns  (clk_out1_video_pll rise@0.000ns - clk_out1_video_pll rise@0.000ns)
  Data Path Delay:        0.278ns  (logic 0.227ns (81.532%)  route 0.051ns (18.468%))
  Logic Levels:           1  (LUT5=1)
  Clock Path Skew:        0.000ns (DCD - SCD - CPR)
    Destination Clock Delay (DCD):    -0.798ns
    Source Clock Delay      (SCD):    -0.559ns
    Clock Pessimism Removal (CPR):    -0.239ns

    Location             Delay type                Incr(ns)  Path(ns)    Netlist Resource(s)
  -------------------------------------------------------------------    -------------------
                         (clock clk_out1_video_pll rise edge)
                                                      0.000     0.000 r  
    Y18                                               0.000     0.000 r  sys_clk (IN)
                         net (fo=0)                   0.000     0.000    sys_clk
    Y18                  IBUF (Prop_ibuf_I_O)         0.264     0.264 r  sys_clk_IBUF_inst/O
                         net (fo=1, routed)           0.440     0.704    video_pll_m0/inst/clk_in1
    MMCME2_ADV_X0Y0      MMCME2_ADV (Prop_mmcme2_adv_CLKIN1_CLKOUT0)
                                                     -2.362    -1.659 r  video_pll_m0/inst/mmcm_adv_inst/CLKOUT0
                         net (fo=1, routed)           0.489    -1.170    video_pll_m0/inst/clk_out1_video_pll
    BUFGCTRL_X0Y0        BUFG (Prop_bufg_I_O)         0.026    -1.144 r  video_pll_m0/inst/clkout1_buf/O
                         net (fo=153, routed)         0.585    -0.559    osd_display_m0/timing_gen_xy_m0/clk_out1
    SLICE_X59Y81         FDRE                                         r  osd_display_m0/timing_gen_xy_m0/i_data_d1_reg[8]/C
  -------------------------------------------------------------------    -------------------
    SLICE_X59Y81         FDRE (Prop_fdre_C_Q)         0.128    -0.431 r  osd_display_m0/timing_gen_xy_m0/i_data_d1_reg[8]/Q
                         net (fo=1, routed)           0.051    -0.380    osd_display_m0/timing_gen_xy_m0/i_data_d1[8]
    SLICE_X59Y81         LUT5 (Prop_lut5_I4_O)        0.099    -0.281 r  osd_display_m0/timing_gen_xy_m0/v_data[8]_i_1/O
                         net (fo=1, routed)           0.000    -0.281    osd_display_m0/timing_gen_xy_m0_n_4
    SLICE_X59Y81         FDRE                                         r  osd_display_m0/v_data_reg[8]/D
  -------------------------------------------------------------------    -------------------

                         (clock clk_out1_video_pll rise edge)
                                                      0.000     0.000 r  
    Y18                                               0.000     0.000 r  sys_clk (IN)
                         net (fo=0)                   0.000     0.000    sys_clk
    Y18                  IBUF (Prop_ibuf_I_O)         0.452     0.452 r  sys_clk_IBUF_inst/O
                         net (fo=1, routed)           0.480     0.932    video_pll_m0/inst/clk_in1
    MMCME2_ADV_X0Y0      MMCME2_ADV (Prop_mmcme2_adv_CLKIN1_CLKOUT0)
                                                     -3.145    -2.214 r  video_pll_m0/inst/mmcm_adv_inst/CLKOUT0
                         net (fo=1, routed)           0.534    -1.680    video_pll_m0/inst/clk_out1_video_pll
    BUFGCTRL_X0Y0        BUFG (Prop_bufg_I_O)         0.029    -1.651 r  video_pll_m0/inst/clkout1_buf/O
                         net (fo=153, routed)         0.853    -0.798    osd_display_m0/clk_out1
    SLICE_X59Y81         FDRE                                         r  osd_display_m0/v_data_reg[8]/C
                         clock pessimism              0.239    -0.559    
    SLICE_X59Y81         FDRE (Hold_fdre_C_D)         0.092    -0.467    osd_display_m0/v_data_reg[8]
  -------------------------------------------------------------------
                         required time                          0.467    
                         arrival time                          -0.281    
  -------------------------------------------------------------------
                         slack                                  0.186    

Slack (MET) :             0.194ns  (arrival time - required time)
  Source:                 rgb2dvi_m0/LockLostReset/SyncAsyncx/oSyncStages_reg[1]/C
                            (rising edge-triggered cell FDPE clocked by clk_out1_video_pll  {rise@0.000ns fall@7.692ns period=15.385ns})
  Destination:            rgb2dvi_m0/ClockSerializer/SerializerSlave/RST
                            (rising edge-triggered cell OSERDESE2 clocked by clk_out1_video_pll  {rise@0.000ns fall@7.692ns period=15.385ns})
  Path Group:             clk_out1_video_pll
  Path Type:              Hold (Min at Fast Process Corner)
  Requirement:            0.000ns  (clk_out1_video_pll rise@0.000ns - clk_out1_video_pll rise@0.000ns)
  Data Path Delay:        0.730ns  (logic 0.128ns (17.535%)  route 0.602ns (82.465%))
  Logic Levels:           0  
  Clock Path Skew:        0.031ns (DCD - SCD - CPR)
    Destination Clock Delay (DCD):    -0.794ns
    Source Clock Delay      (SCD):    -0.552ns
    Clock Pessimism Removal (CPR):    -0.273ns

    Location             Delay type                Incr(ns)  Path(ns)    Netlist Resource(s)
  -------------------------------------------------------------------    -------------------
                         (clock clk_out1_video_pll rise edge)
                                                      0.000     0.000 r  
    Y18                                               0.000     0.000 r  sys_clk (IN)
                         net (fo=0)                   0.000     0.000    sys_clk
    Y18                  IBUF (Prop_ibuf_I_O)         0.264     0.264 r  sys_clk_IBUF_inst/O
                         net (fo=1, routed)           0.440     0.704    video_pll_m0/inst/clk_in1
    MMCME2_ADV_X0Y0      MMCME2_ADV (Prop_mmcme2_adv_CLKIN1_CLKOUT0)
                                                     -2.362    -1.659 r  video_pll_m0/inst/mmcm_adv_inst/CLKOUT0
                         net (fo=1, routed)           0.489    -1.170    video_pll_m0/inst/clk_out1_video_pll
    BUFGCTRL_X0Y0        BUFG (Prop_bufg_I_O)         0.026    -1.144 r  video_pll_m0/inst/clkout1_buf/O
                         net (fo=153, routed)         0.592    -0.552    rgb2dvi_m0/LockLostReset/SyncAsyncx/clk_out1
    SLICE_X65Y92         FDPE                                         r  rgb2dvi_m0/LockLostReset/SyncAsyncx/oSyncStages_reg[1]/C
  -------------------------------------------------------------------    -------------------
    SLICE_X65Y92         FDPE (Prop_fdpe_C_Q)         0.128    -0.424 r  rgb2dvi_m0/LockLostReset/SyncAsyncx/oSyncStages_reg[1]/Q
                         net (fo=8, routed)           0.602     0.178    rgb2dvi_m0/ClockSerializer/aRst
    OLOGIC_X1Y93         OSERDESE2                                    r  rgb2dvi_m0/ClockSerializer/SerializerSlave/RST
  -------------------------------------------------------------------    -------------------

                         (clock clk_out1_video_pll rise edge)
                                                      0.000     0.000 r  
    Y18                                               0.000     0.000 r  sys_clk (IN)
                         net (fo=0)                   0.000     0.000    sys_clk
    Y18                  IBUF (Prop_ibuf_I_O)         0.452     0.452 r  sys_clk_IBUF_inst/O
                         net (fo=1, routed)           0.480     0.932    video_pll_m0/inst/clk_in1
    MMCME2_ADV_X0Y0      MMCME2_ADV (Prop_mmcme2_adv_CLKIN1_CLKOUT0)
                                                     -3.145    -2.214 r  video_pll_m0/inst/mmcm_adv_inst/CLKOUT0
                         net (fo=1, routed)           0.534    -1.680    video_pll_m0/inst/clk_out1_video_pll
    BUFGCTRL_X0Y0        BUFG (Prop_bufg_I_O)         0.029    -1.651 r  video_pll_m0/inst/clkout1_buf/O
                         net (fo=153, routed)         0.856    -0.794    rgb2dvi_m0/ClockSerializer/clk_out1
    OLOGIC_X1Y93         OSERDESE2                                    r  rgb2dvi_m0/ClockSerializer/SerializerSlave/CLKDIV
                         clock pessimism              0.273    -0.521    
    OLOGIC_X1Y93         OSERDESE2 (Hold_oserdese2_CLKDIV_RST)
                                                      0.505    -0.016    rgb2dvi_m0/ClockSerializer/SerializerSlave
  -------------------------------------------------------------------
                         required time                          0.016    
                         arrival time                           0.178    
  -------------------------------------------------------------------
                         slack                                  0.194    





Pulse Width Checks
--------------------------------------------------------------------------------------
Clock Name:         clk_out1_video_pll
Waveform(ns):       { 0.000 7.692 }
Period(ns):         15.385
Sources:            { video_pll_m0/inst/mmcm_adv_inst/CLKOUT0 }

Check Type        Corner  Lib Pin             Reference Pin  Required(ns)  Actual(ns)  Slack(ns)  Location         Pin
Min Period        n/a     RAMB18E1/CLKARDCLK  n/a            2.170         15.385      13.215     RAMB18_X2Y32     osd_display_m0/osd_rom_m0/U0/inst_blk_mem_gen/gnbram.gnativebmg.native_blk_mem_gen/valid.cstr/ramloop[0].ram.r/prim_init.ram/DEVICE_7SERIES.NO_BMM_INFO.SP.SIMPLE_PRIM18.ram/CLKARDCLK
Min Period        n/a     RAMB18E1/CLKBWRCLK  n/a            2.170         15.385      13.215     RAMB18_X2Y32     osd_display_m0/osd_rom_m0/U0/inst_blk_mem_gen/gnbram.gnativebmg.native_blk_mem_gen/valid.cstr/ramloop[0].ram.r/prim_init.ram/DEVICE_7SERIES.NO_BMM_INFO.SP.SIMPLE_PRIM18.ram/CLKBWRCLK
Min Period        n/a     BUFG/I              n/a            1.592         15.385      13.792     BUFGCTRL_X0Y0    video_pll_m0/inst/clkout1_buf/I
Min Period        n/a     OSERDESE2/CLKDIV    n/a            1.471         15.385      13.914     OLOGIC_X1Y94     rgb2dvi_m0/ClockSerializer/SerializerMaster/CLKDIV
Min Period        n/a     OSERDESE2/CLKDIV    n/a            1.471         15.385      13.914     OLOGIC_X1Y93     rgb2dvi_m0/ClockSerializer/SerializerSlave/CLKDIV
Min Period        n/a     OSERDESE2/CLKDIV    n/a            1.471         15.385      13.914     OLOGIC_X1Y90     rgb2dvi_m0/DataEncoders[0].DataSerializer/SerializerMaster/CLKDIV
Min Period        n/a     OSERDESE2/CLKDIV    n/a            1.471         15.385      13.914     OLOGIC_X1Y84     rgb2dvi_m0/DataEncoders[1].DataSerializer/SerializerMaster/CLKDIV
Min Period        n/a     OSERDESE2/CLKDIV    n/a            1.471         15.385      13.914     OLOGIC_X1Y83     rgb2dvi_m0/DataEncoders[1].DataSerializer/SerializerSlave/CLKDIV
Min Period        n/a     OSERDESE2/CLKDIV    n/a            1.471         15.385      13.914     OLOGIC_X1Y86     rgb2dvi_m0/DataEncoders[2].DataSerializer/SerializerMaster/CLKDIV
Min Period        n/a     OSERDESE2/CLKDIV    n/a            1.471         15.385      13.914     OLOGIC_X1Y85     rgb2dvi_m0/DataEncoders[2].DataSerializer/SerializerSlave/CLKDIV
Max Period        n/a     MMCME2_ADV/CLKOUT0  n/a            213.360       15.385      197.975    MMCME2_ADV_X0Y0  video_pll_m0/inst/mmcm_adv_inst/CLKOUT0
Low Pulse Width   Slow    SRL16E/CLK          n/a            0.854         7.692       6.838      SLICE_X64Y87     rgb2dvi_m0/DataEncoders[0].DataEncoder/pC0_1_reg_srl3/CLK
Low Pulse Width   Fast    SRL16E/CLK          n/a            0.854         7.692       6.838      SLICE_X64Y87     rgb2dvi_m0/DataEncoders[0].DataEncoder/pC0_1_reg_srl3/CLK
Low Pulse Width   Fast    FDSE/C              n/a            0.500         7.692       7.192      SLICE_X57Y81     rgb2dvi_m0/DataEncoders[1].DataEncoder/pDataOutRaw_reg[9]/C
Low Pulse Width   Fast    FDRE/C              n/a            0.500         7.692       7.192      SLICE_X56Y81     rgb2dvi_m0/DataEncoders[1].DataEncoder/cnt_t_3_reg[1]/C
Low Pulse Width   Fast    FDRE/C              n/a            0.500         7.692       7.192      SLICE_X57Y81     rgb2dvi_m0/DataEncoders[1].DataEncoder/cnt_t_3_reg[2]/C
Low Pulse Width   Fast    FDRE/C              n/a            0.500         7.692       7.192      SLICE_X57Y81     rgb2dvi_m0/DataEncoders[1].DataEncoder/cnt_t_3_reg[3]/C
Low Pulse Width   Fast    FDRE/C              n/a            0.500         7.692       7.192      SLICE_X56Y81     rgb2dvi_m0/DataEncoders[1].DataEncoder/cnt_t_3_reg[4]/C
Low Pulse Width   Slow    FDCE/C              n/a            0.500         7.692       7.192      SLICE_X61Y84     color_bar_m0/active_x_reg[0]/C
Low Pulse Width   Slow    FDCE/C              n/a            0.500         7.692       7.192      SLICE_X60Y86     color_bar_m0/active_x_reg[10]/C
Low Pulse Width   Slow    FDCE/C              n/a            0.500         7.692       7.192      SLICE_X60Y86     color_bar_m0/active_x_reg[11]/C
High Pulse Width  Slow    SRL16E/CLK          n/a            0.854         7.692       6.838      SLICE_X64Y87     rgb2dvi_m0/DataEncoders[0].DataEncoder/pC0_1_reg_srl3/CLK
High Pulse Width  Fast    SRL16E/CLK          n/a            0.854         7.692       6.838      SLICE_X64Y87     rgb2dvi_m0/DataEncoders[0].DataEncoder/pC0_1_reg_srl3/CLK
High Pulse Width  Fast    FDCE/C              n/a            0.500         7.692       7.192      SLICE_X60Y86     color_bar_m0/active_x_reg[10]/C
High Pulse Width  Fast    FDCE/C              n/a            0.500         7.692       7.192      SLICE_X60Y86     color_bar_m0/active_x_reg[11]/C
High Pulse Width  Fast    FDCE/C              n/a            0.500         7.692       7.192      SLICE_X60Y86     color_bar_m0/active_x_reg[9]/C
High Pulse Width  Fast    FDCE/C              n/a            0.500         7.692       7.192      SLICE_X61Y85     color_bar_m0/h_cnt_reg[11]/C
High Pulse Width  Fast    FDCE/C              n/a            0.500         7.692       7.192      SLICE_X60Y87     color_bar_m0/hs_reg_d0_reg/C
High Pulse Width  Fast    FDCE/C              n/a            0.500         7.692       7.192      SLICE_X60Y87     color_bar_m0/hs_reg_reg/C
High Pulse Width  Fast    FDCE/C              n/a            0.500         7.692       7.192      SLICE_X59Y85     color_bar_m0/v_cnt_reg[0]/C
High Pulse Width  Fast    FDCE/C              n/a            0.500         7.692       7.192      SLICE_X61Y87     color_bar_m0/v_cnt_reg[1]/C



---------------------------------------------------------------------------------------------------
From Clock:  clk_out2_video_pll
  To Clock:  clk_out2_video_pll

Setup :           NA  Failing Endpoints,  Worst Slack           NA  ,  Total Violation           NA
Hold  :           NA  Failing Endpoints,  Worst Slack           NA  ,  Total Violation           NA
PW    :            0  Failing Endpoints,  Worst Slack        1.485ns,  Total Violation        0.000ns
---------------------------------------------------------------------------------------------------


Pulse Width Checks
--------------------------------------------------------------------------------------
Clock Name:         clk_out2_video_pll
Waveform(ns):       { 0.000 1.538 }
Period(ns):         3.077
Sources:            { video_pll_m0/inst/mmcm_adv_inst/CLKOUT1 }

Check Type  Corner  Lib Pin             Reference Pin  Required(ns)  Actual(ns)  Slack(ns)  Location         Pin
Min Period  n/a     BUFG/I              n/a            1.592         3.077       1.485      BUFGCTRL_X0Y1    video_pll_m0/inst/clkout2_buf/I
Min Period  n/a     OSERDESE2/CLK       n/a            1.471         3.077       1.606      OLOGIC_X1Y94     rgb2dvi_m0/ClockSerializer/SerializerMaster/CLK
Min Period  n/a     OSERDESE2/CLK       n/a            1.471         3.077       1.606      OLOGIC_X1Y93     rgb2dvi_m0/ClockSerializer/SerializerSlave/CLK
Min Period  n/a     OSERDESE2/CLK       n/a            1.471         3.077       1.606      OLOGIC_X1Y90     rgb2dvi_m0/DataEncoders[0].DataSerializer/SerializerMaster/CLK
Min Period  n/a     OSERDESE2/CLK       n/a            1.471         3.077       1.606      OLOGIC_X1Y84     rgb2dvi_m0/DataEncoders[1].DataSerializer/SerializerMaster/CLK
Min Period  n/a     OSERDESE2/CLK       n/a            1.471         3.077       1.606      OLOGIC_X1Y83     rgb2dvi_m0/DataEncoders[1].DataSerializer/SerializerSlave/CLK
Min Period  n/a     OSERDESE2/CLK       n/a            1.471         3.077       1.606      OLOGIC_X1Y86     rgb2dvi_m0/DataEncoders[2].DataSerializer/SerializerMaster/CLK
Min Period  n/a     OSERDESE2/CLK       n/a            1.471         3.077       1.606      OLOGIC_X1Y85     rgb2dvi_m0/DataEncoders[2].DataSerializer/SerializerSlave/CLK
Min Period  n/a     OSERDESE2/CLK       n/a            1.471         3.077       1.606      OLOGIC_X1Y89     rgb2dvi_m0/DataEncoders[0].DataSerializer/SerializerSlave/CLK
Min Period  n/a     MMCME2_ADV/CLKOUT1  n/a            1.249         3.077       1.828      MMCME2_ADV_X0Y0  video_pll_m0/inst/mmcm_adv_inst/CLKOUT1
Max Period  n/a     MMCME2_ADV/CLKOUT1  n/a            213.360       3.077       210.283    MMCME2_ADV_X0Y0  video_pll_m0/inst/mmcm_adv_inst/CLKOUT1



---------------------------------------------------------------------------------------------------
From Clock:  clkfbout_video_pll
  To Clock:  clkfbout_video_pll

Setup :           NA  Failing Endpoints,  Worst Slack           NA  ,  Total Violation           NA
Hold  :           NA  Failing Endpoints,  Worst Slack           NA  ,  Total Violation           NA
PW    :            0  Failing Endpoints,  Worst Slack       18.408ns,  Total Violation        0.000ns
---------------------------------------------------------------------------------------------------


Pulse Width Checks
--------------------------------------------------------------------------------------
Clock Name:         clkfbout_video_pll
Waveform(ns):       { 0.000 10.000 }
Period(ns):         20.000
Sources:            { video_pll_m0/inst/mmcm_adv_inst/CLKFBOUT }

Check Type  Corner  Lib Pin              Reference Pin  Required(ns)  Actual(ns)  Slack(ns)  Location         Pin
Min Period  n/a     BUFG/I               n/a            1.592         20.000      18.408     BUFGCTRL_X0Y2    video_pll_m0/inst/clkf_buf/I
Min Period  n/a     MMCME2_ADV/CLKFBOUT  n/a            1.249         20.000      18.751     MMCME2_ADV_X0Y0  video_pll_m0/inst/mmcm_adv_inst/CLKFBOUT
Min Period  n/a     MMCME2_ADV/CLKFBIN   n/a            1.249         20.000      18.751     MMCME2_ADV_X0Y0  video_pll_m0/inst/mmcm_adv_inst/CLKFBIN
Max Period  n/a     MMCME2_ADV/CLKFBIN   n/a            100.000       20.000      80.000     MMCME2_ADV_X0Y0  video_pll_m0/inst/mmcm_adv_inst/CLKFBIN
Max Period  n/a     MMCME2_ADV/CLKFBOUT  n/a            213.360       20.000      193.360    MMCME2_ADV_X0Y0  video_pll_m0/inst/mmcm_adv_inst/CLKFBOUT



