Copyright 1986-2019 Xilinx, Inc. All Rights Reserved.
--------------------------------------------------------------------------------------------------------------------------------------------------------------------------------
| Tool Version : Vivado v.2019.1 (win64) Build 2552052 Fri May 24 14:49:42 MDT 2019
| Date         : Fri Aug  2 14:30:57 2019
| Host         : PC-201805041311 running 64-bit major release  (build 9200)
| Command      : report_timing_summary -max_paths 10 -file top_timing_summary_routed.rpt -pb top_timing_summary_routed.pb -rpx top_timing_summary_routed.rpx -warn_on_violation
| Design       : top
| Device       : 7a35t-fgg484
| Speed File   : -2  PRODUCTION 1.23 2018-06-13
--------------------------------------------------------------------------------------------------------------------------------------------------------------------------------

Timing Summary Report

------------------------------------------------------------------------------------------------
| Timer Settings
| --------------
------------------------------------------------------------------------------------------------

  Enable Multi Corner Analysis               :  Yes
  Enable Pessimism Removal                   :  Yes
  Pessimism Removal Resolution               :  Nearest Common Node
  Enable Input Delay Default Clock           :  No
  Enable Preset / Clear Arcs                 :  No
  Disable Flight Delays                      :  No
  Ignore I/O Paths                           :  No
  Timing Early Launch at Borrowing Latches   :  No
  Borrow Time for Max Delay Exceptions       :  Yes

  Corner  Analyze    Analyze    
  Name    Max Paths  Min Paths  
  ------  ---------  ---------  
  Slow    Yes        Yes        
  Fast    Yes        Yes        



check_timing report

Table of Contents
-----------------
1. checking no_clock
2. checking constant_clock
3. checking pulse_width_clock
4. checking unconstrained_internal_endpoints
5. checking no_input_delay
6. checking no_output_delay
7. checking multiple_clock
8. checking generated_clocks
9. checking loops
10. checking partial_input_delay
11. checking partial_output_delay
12. checking latch_loops

1. checking no_clock
--------------------
 There are 0 register/latch pins with no clock.


2. checking constant_clock
--------------------------
 There are 0 register/latch pins with constant_clock.


3. checking pulse_width_clock
-----------------------------
 There are 0 register/latch pins which need pulse_width check


4. checking unconstrained_internal_endpoints
--------------------------------------------
 There are 0 pins that are not constrained for maximum delay.

 There are 0 pins that are not constrained for maximum delay due to constant clock.


5. checking no_input_delay
--------------------------
 There are 7 input ports with no input delay specified. (HIGH)

 There are 0 input ports with no input delay but user has a false path constraint.


6. checking no_output_delay
---------------------------
 There are 8 ports with no output delay specified. (HIGH)

 There are 0 ports with no output delay but user has a false path constraint

 There are 0 ports with no output delay but with a timing clock defined on it or propagating through it


7. checking multiple_clock
--------------------------
 There are 0 register/latch pins with multiple clocks.


8. checking generated_clocks
----------------------------
 There are 0 generated clocks that are not connected to a clock source.


9. checking loops
-----------------
 There are 0 combinational loops in the design.


10. checking partial_input_delay
--------------------------------
 There are 0 input ports with partial input delay specified.


11. checking partial_output_delay
---------------------------------
 There are 0 ports with partial output delay specified.


12. checking latch_loops
------------------------
 There are 0 combinational latch loops in the design through latch input



------------------------------------------------------------------------------------------------
| Design Timing Summary
| ---------------------
------------------------------------------------------------------------------------------------

    WNS(ns)      TNS(ns)  TNS Failing Endpoints  TNS Total Endpoints      WHS(ns)      THS(ns)  THS Failing Endpoints  THS Total Endpoints     WPWS(ns)     TPWS(ns)  TPWS Failing Endpoints  TPWS Total Endpoints  
    -------      -------  ---------------------  -------------------      -------      -------  ---------------------  -------------------     --------     --------  ----------------------  --------------------  
     15.033        0.000                      0                 1372        0.118        0.000                      0                 1372        9.500        0.000                       0                   735  


All user specified timing constraints are met.


------------------------------------------------------------------------------------------------
| Clock Summary
| -------------
------------------------------------------------------------------------------------------------

Clock    Waveform(ns)       Period(ns)      Frequency(MHz)
-----    ------------       ----------      --------------
sys_clk  {0.000 10.000}     20.000          50.000          


------------------------------------------------------------------------------------------------
| Intra Clock Table
| -----------------
------------------------------------------------------------------------------------------------

Clock             WNS(ns)      TNS(ns)  TNS Failing Endpoints  TNS Total Endpoints      WHS(ns)      THS(ns)  THS Failing Endpoints  THS Total Endpoints     WPWS(ns)     TPWS(ns)  TPWS Failing Endpoints  TPWS Total Endpoints  
-----             -------      -------  ---------------------  -------------------      -------      -------  ---------------------  -------------------     --------     --------  ----------------------  --------------------  
sys_clk            15.033        0.000                      0                 1300        0.118        0.000                      0                 1300        9.500        0.000                       0                   735  


------------------------------------------------------------------------------------------------
| Inter Clock Table
| -----------------
------------------------------------------------------------------------------------------------

From Clock    To Clock          WNS(ns)      TNS(ns)  TNS Failing Endpoints  TNS Total Endpoints      WHS(ns)      THS(ns)  THS Failing Endpoints  THS Total Endpoints  
----------    --------          -------      -------  ---------------------  -------------------      -------      -------  ---------------------  -------------------  


------------------------------------------------------------------------------------------------
| Other Path Groups Table
| -----------------------
------------------------------------------------------------------------------------------------

Path Group         From Clock         To Clock               WNS(ns)      TNS(ns)  TNS Failing Endpoints  TNS Total Endpoints      WHS(ns)      THS(ns)  THS Failing Endpoints  THS Total Endpoints  
----------         ----------         --------               -------      -------  ---------------------  -------------------      -------      -------  ---------------------  -------------------  
**async_default**  sys_clk            sys_clk                 18.212        0.000                      0                   72        0.376        0.000                      0                   72  


------------------------------------------------------------------------------------------------
| Timing Details
| --------------
------------------------------------------------------------------------------------------------


---------------------------------------------------------------------------------------------------
From Clock:  sys_clk
  To Clock:  sys_clk

Setup :            0  Failing Endpoints,  Worst Slack       15.033ns,  Total Violation        0.000ns
Hold  :            0  Failing Endpoints,  Worst Slack        0.118ns,  Total Violation        0.000ns
PW    :            0  Failing Endpoints,  Worst Slack        9.500ns,  Total Violation        0.000ns
---------------------------------------------------------------------------------------------------


Max Delay Paths
--------------------------------------------------------------------------------------
Slack (MET) :             15.033ns  (required time - arrival time)
  Source:                 sd_card_audio_m0/sd_card_top_m0/spi_master_m0/MISO_shift_reg[4]/C
                            (rising edge-triggered cell FDCE clocked by sys_clk  {rise@0.000ns fall@10.000ns period=20.000ns})
  Destination:            sd_card_audio_m0/sd_card_top_m0/sd_card_cmd_m0/send_data_reg[0]/CE
                            (rising edge-triggered cell FDPE clocked by sys_clk  {rise@0.000ns fall@10.000ns period=20.000ns})
  Path Group:             sys_clk
  Path Type:              Setup (Max at Slow Process Corner)
  Requirement:            20.000ns  (sys_clk rise@20.000ns - sys_clk rise@0.000ns)
  Data Path Delay:        4.553ns  (logic 0.978ns (21.481%)  route 3.575ns (78.519%))
  Logic Levels:           4  (LUT4=1 LUT5=2 LUT6=1)
  Clock Path Skew:        -0.042ns (DCD - SCD + CPR)
    Destination Clock Delay (DCD):    4.514ns = ( 24.514 - 20.000 ) 
    Source Clock Delay      (SCD):    4.789ns
    Clock Pessimism Removal (CPR):    0.233ns
  Clock Uncertainty:      0.035ns  ((TSJ^2 + TIJ^2)^1/2 + DJ) / 2 + PE
    Total System Jitter     (TSJ):    0.071ns
    Total Input Jitter      (TIJ):    0.000ns
    Discrete Jitter          (DJ):    0.000ns
    Phase Error              (PE):    0.000ns

    Location             Delay type                Incr(ns)  Path(ns)    Netlist Resource(s)
  -------------------------------------------------------------------    -------------------
                         (clock sys_clk rise edge)    0.000     0.000 r  
    Y18                                               0.000     0.000 r  sys_clk (IN)
                         net (fo=0)                   0.000     0.000    sys_clk
    Y18                  IBUF (Prop_ibuf_I_O)         1.427     1.427 r  sys_clk_IBUF_inst/O
                         net (fo=1, routed)           1.693     3.120    sys_clk_IBUF
    BUFGCTRL_X0Y0        BUFG (Prop_bufg_I_O)         0.081     3.201 r  sys_clk_IBUF_BUFG_inst/O
                         net (fo=734, routed)         1.588     4.789    sd_card_audio_m0/sd_card_top_m0/spi_master_m0/CLK
    SLICE_X5Y101         FDCE                                         r  sd_card_audio_m0/sd_card_top_m0/spi_master_m0/MISO_shift_reg[4]/C
  -------------------------------------------------------------------    -------------------
    SLICE_X5Y101         FDCE (Prop_fdce_C_Q)         0.379     5.168 f  sd_card_audio_m0/sd_card_top_m0/spi_master_m0/MISO_shift_reg[4]/Q
                         net (fo=5, routed)           0.860     6.028    sd_card_audio_m0/sd_card_top_m0/spi_master_m0/MISO_shift_reg[7]_0[4]
    SLICE_X5Y102         LUT4 (Prop_lut4_I1_O)        0.105     6.133 r  sd_card_audio_m0/sd_card_top_m0/spi_master_m0/byte_cnt[15]_i_10/O
                         net (fo=2, routed)           0.313     6.446    sd_card_audio_m0/sd_card_top_m0/spi_master_m0/byte_cnt[15]_i_10_n_0
    SLICE_X5Y102         LUT5 (Prop_lut5_I1_O)        0.108     6.554 r  sd_card_audio_m0/sd_card_top_m0/spi_master_m0/byte_cnt[15]_i_5/O
                         net (fo=4, routed)           0.928     7.482    sd_card_audio_m0/sd_card_top_m0/sd_card_cmd_m0/byte_cnt_reg[0]_0
    SLICE_X1Y105         LUT6 (Prop_lut6_I0_O)        0.267     7.749 r  sd_card_audio_m0/sd_card_top_m0/sd_card_cmd_m0/send_data[7]_i_3/O
                         net (fo=1, routed)           0.805     8.554    sd_card_audio_m0/sd_card_top_m0/spi_master_m0/send_data_reg[7]
    SLICE_X3Y105         LUT5 (Prop_lut5_I0_O)        0.119     8.673 r  sd_card_audio_m0/sd_card_top_m0/spi_master_m0/send_data[7]_i_1/O
                         net (fo=8, routed)           0.669     9.342    sd_card_audio_m0/sd_card_top_m0/sd_card_cmd_m0/E[0]
    SLICE_X3Y105         FDPE                                         r  sd_card_audio_m0/sd_card_top_m0/sd_card_cmd_m0/send_data_reg[0]/CE
  -------------------------------------------------------------------    -------------------

                         (clock sys_clk rise edge)   20.000    20.000 r  
    Y18                                               0.000    20.000 r  sys_clk (IN)
                         net (fo=0)                   0.000    20.000    sys_clk
    Y18                  IBUF (Prop_ibuf_I_O)         1.361    21.361 r  sys_clk_IBUF_inst/O
                         net (fo=1, routed)           1.604    22.965    sys_clk_IBUF
    BUFGCTRL_X0Y0        BUFG (Prop_bufg_I_O)         0.077    23.042 r  sys_clk_IBUF_BUFG_inst/O
                         net (fo=734, routed)         1.472    24.514    sd_card_audio_m0/sd_card_top_m0/sd_card_cmd_m0/CLK
    SLICE_X3Y105         FDPE                                         r  sd_card_audio_m0/sd_card_top_m0/sd_card_cmd_m0/send_data_reg[0]/C
                         clock pessimism              0.233    24.747    
                         clock uncertainty           -0.035    24.711    
    SLICE_X3Y105         FDPE (Setup_fdpe_C_CE)      -0.337    24.374    sd_card_audio_m0/sd_card_top_m0/sd_card_cmd_m0/send_data_reg[0]
  -------------------------------------------------------------------
                         required time                         24.374    
                         arrival time                          -9.342    
  -------------------------------------------------------------------
                         slack                                 15.033    

Slack (MET) :             15.033ns  (required time - arrival time)
  Source:                 sd_card_audio_m0/sd_card_top_m0/spi_master_m0/MISO_shift_reg[4]/C
                            (rising edge-triggered cell FDCE clocked by sys_clk  {rise@0.000ns fall@10.000ns period=20.000ns})
  Destination:            sd_card_audio_m0/sd_card_top_m0/sd_card_cmd_m0/send_data_reg[1]/CE
                            (rising edge-triggered cell FDPE clocked by sys_clk  {rise@0.000ns fall@10.000ns period=20.000ns})
  Path Group:             sys_clk
  Path Type:              Setup (Max at Slow Process Corner)
  Requirement:            20.000ns  (sys_clk rise@20.000ns - sys_clk rise@0.000ns)
  Data Path Delay:        4.553ns  (logic 0.978ns (21.481%)  route 3.575ns (78.519%))
  Logic Levels:           4  (LUT4=1 LUT5=2 LUT6=1)
  Clock Path Skew:        -0.042ns (DCD - SCD + CPR)
    Destination Clock Delay (DCD):    4.514ns = ( 24.514 - 20.000 ) 
    Source Clock Delay      (SCD):    4.789ns
    Clock Pessimism Removal (CPR):    0.233ns
  Clock Uncertainty:      0.035ns  ((TSJ^2 + TIJ^2)^1/2 + DJ) / 2 + PE
    Total System Jitter     (TSJ):    0.071ns
    Total Input Jitter      (TIJ):    0.000ns
    Discrete Jitter          (DJ):    0.000ns
    Phase Error              (PE):    0.000ns

    Location             Delay type                Incr(ns)  Path(ns)    Netlist Resource(s)
  -------------------------------------------------------------------    -------------------
                         (clock sys_clk rise edge)    0.000     0.000 r  
    Y18                                               0.000     0.000 r  sys_clk (IN)
                         net (fo=0)                   0.000     0.000    sys_clk
    Y18                  IBUF (Prop_ibuf_I_O)         1.427     1.427 r  sys_clk_IBUF_inst/O
                         net (fo=1, routed)           1.693     3.120    sys_clk_IBUF
    BUFGCTRL_X0Y0        BUFG (Prop_bufg_I_O)         0.081     3.201 r  sys_clk_IBUF_BUFG_inst/O
                         net (fo=734, routed)         1.588     4.789    sd_card_audio_m0/sd_card_top_m0/spi_master_m0/CLK
    SLICE_X5Y101         FDCE                                         r  sd_card_audio_m0/sd_card_top_m0/spi_master_m0/MISO_shift_reg[4]/C
  -------------------------------------------------------------------    -------------------
    SLICE_X5Y101         FDCE (Prop_fdce_C_Q)         0.379     5.168 f  sd_card_audio_m0/sd_card_top_m0/spi_master_m0/MISO_shift_reg[4]/Q
                         net (fo=5, routed)           0.860     6.028    sd_card_audio_m0/sd_card_top_m0/spi_master_m0/MISO_shift_reg[7]_0[4]
    SLICE_X5Y102         LUT4 (Prop_lut4_I1_O)        0.105     6.133 r  sd_card_audio_m0/sd_card_top_m0/spi_master_m0/byte_cnt[15]_i_10/O
                         net (fo=2, routed)           0.313     6.446    sd_card_audio_m0/sd_card_top_m0/spi_master_m0/byte_cnt[15]_i_10_n_0
    SLICE_X5Y102         LUT5 (Prop_lut5_I1_O)        0.108     6.554 r  sd_card_audio_m0/sd_card_top_m0/spi_master_m0/byte_cnt[15]_i_5/O
                         net (fo=4, routed)           0.928     7.482    sd_card_audio_m0/sd_card_top_m0/sd_card_cmd_m0/byte_cnt_reg[0]_0
    SLICE_X1Y105         LUT6 (Prop_lut6_I0_O)        0.267     7.749 r  sd_card_audio_m0/sd_card_top_m0/sd_card_cmd_m0/send_data[7]_i_3/O
                         net (fo=1, routed)           0.805     8.554    sd_card_audio_m0/sd_card_top_m0/spi_master_m0/send_data_reg[7]
    SLICE_X3Y105         LUT5 (Prop_lut5_I0_O)        0.119     8.673 r  sd_card_audio_m0/sd_card_top_m0/spi_master_m0/send_data[7]_i_1/O
                         net (fo=8, routed)           0.669     9.342    sd_card_audio_m0/sd_card_top_m0/sd_card_cmd_m0/E[0]
    SLICE_X3Y105         FDPE                                         r  sd_card_audio_m0/sd_card_top_m0/sd_card_cmd_m0/send_data_reg[1]/CE
  -------------------------------------------------------------------    -------------------

                         (clock sys_clk rise edge)   20.000    20.000 r  
    Y18                                               0.000    20.000 r  sys_clk (IN)
                         net (fo=0)                   0.000    20.000    sys_clk
    Y18                  IBUF (Prop_ibuf_I_O)         1.361    21.361 r  sys_clk_IBUF_inst/O
                         net (fo=1, routed)           1.604    22.965    sys_clk_IBUF
    BUFGCTRL_X0Y0        BUFG (Prop_bufg_I_O)         0.077    23.042 r  sys_clk_IBUF_BUFG_inst/O
                         net (fo=734, routed)         1.472    24.514    sd_card_audio_m0/sd_card_top_m0/sd_card_cmd_m0/CLK
    SLICE_X3Y105         FDPE                                         r  sd_card_audio_m0/sd_card_top_m0/sd_card_cmd_m0/send_data_reg[1]/C
                         clock pessimism              0.233    24.747    
                         clock uncertainty           -0.035    24.711    
    SLICE_X3Y105         FDPE (Setup_fdpe_C_CE)      -0.337    24.374    sd_card_audio_m0/sd_card_top_m0/sd_card_cmd_m0/send_data_reg[1]
  -------------------------------------------------------------------
                         required time                         24.374    
                         arrival time                          -9.342    
  -------------------------------------------------------------------
                         slack                                 15.033    

Slack (MET) :             15.035ns  (required time - arrival time)
  Source:                 sd_card_audio_m0/sd_card_top_m0/sd_card_sec_read_write_m0/FSM_sequential_state_reg[2]/C
                            (rising edge-triggered cell FDCE clocked by sys_clk  {rise@0.000ns fall@10.000ns period=20.000ns})
  Destination:            sd_card_audio_m0/wav_read_m0/header_4_reg[0]/CE
                            (rising edge-triggered cell FDRE clocked by sys_clk  {rise@0.000ns fall@10.000ns period=20.000ns})
  Path Group:             sys_clk
  Path Type:              Setup (Max at Slow Process Corner)
  Requirement:            20.000ns  (sys_clk rise@20.000ns - sys_clk rise@0.000ns)
  Data Path Delay:        4.428ns  (logic 0.905ns (20.436%)  route 3.523ns (79.564%))
  Logic Levels:           4  (LUT2=1 LUT4=1 LUT5=1 LUT6=1)
  Clock Path Skew:        -0.333ns (DCD - SCD + CPR)
    Destination Clock Delay (DCD):    4.290ns = ( 24.290 - 20.000 ) 
    Source Clock Delay      (SCD):    4.789ns
    Clock Pessimism Removal (CPR):    0.166ns
  Clock Uncertainty:      0.035ns  ((TSJ^2 + TIJ^2)^1/2 + DJ) / 2 + PE
    Total System Jitter     (TSJ):    0.071ns
    Total Input Jitter      (TIJ):    0.000ns
    Discrete Jitter          (DJ):    0.000ns
    Phase Error              (PE):    0.000ns

    Location             Delay type                Incr(ns)  Path(ns)    Netlist Resource(s)
  -------------------------------------------------------------------    -------------------
                         (clock sys_clk rise edge)    0.000     0.000 r  
    Y18                                               0.000     0.000 r  sys_clk (IN)
                         net (fo=0)                   0.000     0.000    sys_clk
    Y18                  IBUF (Prop_ibuf_I_O)         1.427     1.427 r  sys_clk_IBUF_inst/O
                         net (fo=1, routed)           1.693     3.120    sys_clk_IBUF
    BUFGCTRL_X0Y0        BUFG (Prop_bufg_I_O)         0.081     3.201 r  sys_clk_IBUF_BUFG_inst/O
                         net (fo=734, routed)         1.588     4.789    sd_card_audio_m0/sd_card_top_m0/sd_card_sec_read_write_m0/CLK
    SLICE_X5Y103         FDCE                                         r  sd_card_audio_m0/sd_card_top_m0/sd_card_sec_read_write_m0/FSM_sequential_state_reg[2]/C
  -------------------------------------------------------------------    -------------------
    SLICE_X5Y103         FDCE (Prop_fdce_C_Q)         0.348     5.137 r  sd_card_audio_m0/sd_card_top_m0/sd_card_sec_read_write_m0/FSM_sequential_state_reg[2]/Q
                         net (fo=62, routed)          1.146     6.282    sd_card_audio_m0/sd_card_top_m0/sd_card_sec_read_write_m0/Q[0]
    SLICE_X8Y102         LUT5 (Prop_lut5_I1_O)        0.242     6.524 f  sd_card_audio_m0/sd_card_top_m0/sd_card_sec_read_write_m0/play_cnt[31]_i_3/O
                         net (fo=3, routed)           0.604     7.128    sd_card_audio_m0/wav_read_m0/play_cnt_reg[0]_0
    SLICE_X8Y99          LUT4 (Prop_lut4_I3_O)        0.105     7.233 f  sd_card_audio_m0/wav_read_m0/rd_cnt[9]_i_4/O
                         net (fo=20, routed)          0.840     8.073    sd_card_audio_m0/wav_read_m0/rd_cnt[9]_i_4_n_0
    SLICE_X14Y96         LUT2 (Prop_lut2_I1_O)        0.105     8.178 r  sd_card_audio_m0/wav_read_m0/rd_cnt[0]_i_1/O
                         net (fo=2, routed)           0.552     8.731    sd_card_audio_m0/wav_read_m0/rd_cnt[0]_i_1_n_0
    SLICE_X14Y96         LUT6 (Prop_lut6_I0_O)        0.105     8.836 r  sd_card_audio_m0/wav_read_m0/header_4[7]_i_1/O
                         net (fo=8, routed)           0.382     9.217    sd_card_audio_m0/wav_read_m0/header_4[7]_i_1_n_0
    SLICE_X13Y94         FDRE                                         r  sd_card_audio_m0/wav_read_m0/header_4_reg[0]/CE
  -------------------------------------------------------------------    -------------------

                         (clock sys_clk rise edge)   20.000    20.000 r  
    Y18                                               0.000    20.000 r  sys_clk (IN)
                         net (fo=0)                   0.000    20.000    sys_clk
    Y18                  IBUF (Prop_ibuf_I_O)         1.361    21.361 r  sys_clk_IBUF_inst/O
                         net (fo=1, routed)           1.604    22.965    sys_clk_IBUF
    BUFGCTRL_X0Y0        BUFG (Prop_bufg_I_O)         0.077    23.042 r  sys_clk_IBUF_BUFG_inst/O
                         net (fo=734, routed)         1.248    24.290    sd_card_audio_m0/wav_read_m0/CLK
    SLICE_X13Y94         FDRE                                         r  sd_card_audio_m0/wav_read_m0/header_4_reg[0]/C
                         clock pessimism              0.166    24.456    
                         clock uncertainty           -0.035    24.420    
    SLICE_X13Y94         FDRE (Setup_fdre_C_CE)      -0.168    24.252    sd_card_audio_m0/wav_read_m0/header_4_reg[0]
  -------------------------------------------------------------------
                         required time                         24.252    
                         arrival time                          -9.217    
  -------------------------------------------------------------------
                         slack                                 15.035    

Slack (MET) :             15.035ns  (required time - arrival time)
  Source:                 sd_card_audio_m0/sd_card_top_m0/sd_card_sec_read_write_m0/FSM_sequential_state_reg[2]/C
                            (rising edge-triggered cell FDCE clocked by sys_clk  {rise@0.000ns fall@10.000ns period=20.000ns})
  Destination:            sd_card_audio_m0/wav_read_m0/header_4_reg[1]/CE
                            (rising edge-triggered cell FDRE clocked by sys_clk  {rise@0.000ns fall@10.000ns period=20.000ns})
  Path Group:             sys_clk
  Path Type:              Setup (Max at Slow Process Corner)
  Requirement:            20.000ns  (sys_clk rise@20.000ns - sys_clk rise@0.000ns)
  Data Path Delay:        4.428ns  (logic 0.905ns (20.436%)  route 3.523ns (79.564%))
  Logic Levels:           4  (LUT2=1 LUT4=1 LUT5=1 LUT6=1)
  Clock Path Skew:        -0.333ns (DCD - SCD + CPR)
    Destination Clock Delay (DCD):    4.290ns = ( 24.290 - 20.000 ) 
    Source Clock Delay      (SCD):    4.789ns
    Clock Pessimism Removal (CPR):    0.166ns
  Clock Uncertainty:      0.035ns  ((TSJ^2 + TIJ^2)^1/2 + DJ) / 2 + PE
    Total System Jitter     (TSJ):    0.071ns
    Total Input Jitter      (TIJ):    0.000ns
    Discrete Jitter          (DJ):    0.000ns
    Phase Error              (PE):    0.000ns

    Location             Delay type                Incr(ns)  Path(ns)    Netlist Resource(s)
  -------------------------------------------------------------------    -------------------
                         (clock sys_clk rise edge)    0.000     0.000 r  
    Y18                                               0.000     0.000 r  sys_clk (IN)
                         net (fo=0)                   0.000     0.000    sys_clk
    Y18                  IBUF (Prop_ibuf_I_O)         1.427     1.427 r  sys_clk_IBUF_inst/O
                         net (fo=1, routed)           1.693     3.120    sys_clk_IBUF
    BUFGCTRL_X0Y0        BUFG (Prop_bufg_I_O)         0.081     3.201 r  sys_clk_IBUF_BUFG_inst/O
                         net (fo=734, routed)         1.588     4.789    sd_card_audio_m0/sd_card_top_m0/sd_card_sec_read_write_m0/CLK
    SLICE_X5Y103         FDCE                                         r  sd_card_audio_m0/sd_card_top_m0/sd_card_sec_read_write_m0/FSM_sequential_state_reg[2]/C
  -------------------------------------------------------------------    -------------------
    SLICE_X5Y103         FDCE (Prop_fdce_C_Q)         0.348     5.137 r  sd_card_audio_m0/sd_card_top_m0/sd_card_sec_read_write_m0/FSM_sequential_state_reg[2]/Q
                         net (fo=62, routed)          1.146     6.282    sd_card_audio_m0/sd_card_top_m0/sd_card_sec_read_write_m0/Q[0]
    SLICE_X8Y102         LUT5 (Prop_lut5_I1_O)        0.242     6.524 f  sd_card_audio_m0/sd_card_top_m0/sd_card_sec_read_write_m0/play_cnt[31]_i_3/O
                         net (fo=3, routed)           0.604     7.128    sd_card_audio_m0/wav_read_m0/play_cnt_reg[0]_0
    SLICE_X8Y99          LUT4 (Prop_lut4_I3_O)        0.105     7.233 f  sd_card_audio_m0/wav_read_m0/rd_cnt[9]_i_4/O
                         net (fo=20, routed)          0.840     8.073    sd_card_audio_m0/wav_read_m0/rd_cnt[9]_i_4_n_0
    SLICE_X14Y96         LUT2 (Prop_lut2_I1_O)        0.105     8.178 r  sd_card_audio_m0/wav_read_m0/rd_cnt[0]_i_1/O
                         net (fo=2, routed)           0.552     8.731    sd_card_audio_m0/wav_read_m0/rd_cnt[0]_i_1_n_0
    SLICE_X14Y96         LUT6 (Prop_lut6_I0_O)        0.105     8.836 r  sd_card_audio_m0/wav_read_m0/header_4[7]_i_1/O
                         net (fo=8, routed)           0.382     9.217    sd_card_audio_m0/wav_read_m0/header_4[7]_i_1_n_0
    SLICE_X13Y94         FDRE                                         r  sd_card_audio_m0/wav_read_m0/header_4_reg[1]/CE
  -------------------------------------------------------------------    -------------------

                         (clock sys_clk rise edge)   20.000    20.000 r  
    Y18                                               0.000    20.000 r  sys_clk (IN)
                         net (fo=0)                   0.000    20.000    sys_clk
    Y18                  IBUF (Prop_ibuf_I_O)         1.361    21.361 r  sys_clk_IBUF_inst/O
                         net (fo=1, routed)           1.604    22.965    sys_clk_IBUF
    BUFGCTRL_X0Y0        BUFG (Prop_bufg_I_O)         0.077    23.042 r  sys_clk_IBUF_BUFG_inst/O
                         net (fo=734, routed)         1.248    24.290    sd_card_audio_m0/wav_read_m0/CLK
    SLICE_X13Y94         FDRE                                         r  sd_card_audio_m0/wav_read_m0/header_4_reg[1]/C
                         clock pessimism              0.166    24.456    
                         clock uncertainty           -0.035    24.420    
    SLICE_X13Y94         FDRE (Setup_fdre_C_CE)      -0.168    24.252    sd_card_audio_m0/wav_read_m0/header_4_reg[1]
  -------------------------------------------------------------------
                         required time                         24.252    
                         arrival time                          -9.217    
  -------------------------------------------------------------------
                         slack                                 15.035    

Slack (MET) :             15.035ns  (required time - arrival time)
  Source:                 sd_card_audio_m0/sd_card_top_m0/sd_card_sec_read_write_m0/FSM_sequential_state_reg[2]/C
                            (rising edge-triggered cell FDCE clocked by sys_clk  {rise@0.000ns fall@10.000ns period=20.000ns})
  Destination:            sd_card_audio_m0/wav_read_m0/header_4_reg[2]/CE
                            (rising edge-triggered cell FDRE clocked by sys_clk  {rise@0.000ns fall@10.000ns period=20.000ns})
  Path Group:             sys_clk
  Path Type:              Setup (Max at Slow Process Corner)
  Requirement:            20.000ns  (sys_clk rise@20.000ns - sys_clk rise@0.000ns)
  Data Path Delay:        4.428ns  (logic 0.905ns (20.436%)  route 3.523ns (79.564%))
  Logic Levels:           4  (LUT2=1 LUT4=1 LUT5=1 LUT6=1)
  Clock Path Skew:        -0.333ns (DCD - SCD + CPR)
    Destination Clock Delay (DCD):    4.290ns = ( 24.290 - 20.000 ) 
    Source Clock Delay      (SCD):    4.789ns
    Clock Pessimism Removal (CPR):    0.166ns
  Clock Uncertainty:      0.035ns  ((TSJ^2 + TIJ^2)^1/2 + DJ) / 2 + PE
    Total System Jitter     (TSJ):    0.071ns
    Total Input Jitter      (TIJ):    0.000ns
    Discrete Jitter          (DJ):    0.000ns
    Phase Error              (PE):    0.000ns

    Location             Delay type                Incr(ns)  Path(ns)    Netlist Resource(s)
  -------------------------------------------------------------------    -------------------
                         (clock sys_clk rise edge)    0.000     0.000 r  
    Y18                                               0.000     0.000 r  sys_clk (IN)
                         net (fo=0)                   0.000     0.000    sys_clk
    Y18                  IBUF (Prop_ibuf_I_O)         1.427     1.427 r  sys_clk_IBUF_inst/O
                         net (fo=1, routed)           1.693     3.120    sys_clk_IBUF
    BUFGCTRL_X0Y0        BUFG (Prop_bufg_I_O)         0.081     3.201 r  sys_clk_IBUF_BUFG_inst/O
                         net (fo=734, routed)         1.588     4.789    sd_card_audio_m0/sd_card_top_m0/sd_card_sec_read_write_m0/CLK
    SLICE_X5Y103         FDCE                                         r  sd_card_audio_m0/sd_card_top_m0/sd_card_sec_read_write_m0/FSM_sequential_state_reg[2]/C
  -------------------------------------------------------------------    -------------------
    SLICE_X5Y103         FDCE (Prop_fdce_C_Q)         0.348     5.137 r  sd_card_audio_m0/sd_card_top_m0/sd_card_sec_read_write_m0/FSM_sequential_state_reg[2]/Q
                         net (fo=62, routed)          1.146     6.282    sd_card_audio_m0/sd_card_top_m0/sd_card_sec_read_write_m0/Q[0]
    SLICE_X8Y102         LUT5 (Prop_lut5_I1_O)        0.242     6.524 f  sd_card_audio_m0/sd_card_top_m0/sd_card_sec_read_write_m0/play_cnt[31]_i_3/O
                         net (fo=3, routed)           0.604     7.128    sd_card_audio_m0/wav_read_m0/play_cnt_reg[0]_0
    SLICE_X8Y99          LUT4 (Prop_lut4_I3_O)        0.105     7.233 f  sd_card_audio_m0/wav_read_m0/rd_cnt[9]_i_4/O
                         net (fo=20, routed)          0.840     8.073    sd_card_audio_m0/wav_read_m0/rd_cnt[9]_i_4_n_0
    SLICE_X14Y96         LUT2 (Prop_lut2_I1_O)        0.105     8.178 r  sd_card_audio_m0/wav_read_m0/rd_cnt[0]_i_1/O
                         net (fo=2, routed)           0.552     8.731    sd_card_audio_m0/wav_read_m0/rd_cnt[0]_i_1_n_0
    SLICE_X14Y96         LUT6 (Prop_lut6_I0_O)        0.105     8.836 r  sd_card_audio_m0/wav_read_m0/header_4[7]_i_1/O
                         net (fo=8, routed)           0.382     9.217    sd_card_audio_m0/wav_read_m0/header_4[7]_i_1_n_0
    SLICE_X13Y94         FDRE                                         r  sd_card_audio_m0/wav_read_m0/header_4_reg[2]/CE
  -------------------------------------------------------------------    -------------------

                         (clock sys_clk rise edge)   20.000    20.000 r  
    Y18                                               0.000    20.000 r  sys_clk (IN)
                         net (fo=0)                   0.000    20.000    sys_clk
    Y18                  IBUF (Prop_ibuf_I_O)         1.361    21.361 r  sys_clk_IBUF_inst/O
                         net (fo=1, routed)           1.604    22.965    sys_clk_IBUF
    BUFGCTRL_X0Y0        BUFG (Prop_bufg_I_O)         0.077    23.042 r  sys_clk_IBUF_BUFG_inst/O
                         net (fo=734, routed)         1.248    24.290    sd_card_audio_m0/wav_read_m0/CLK
    SLICE_X13Y94         FDRE                                         r  sd_card_audio_m0/wav_read_m0/header_4_reg[2]/C
                         clock pessimism              0.166    24.456    
                         clock uncertainty           -0.035    24.420    
    SLICE_X13Y94         FDRE (Setup_fdre_C_CE)      -0.168    24.252    sd_card_audio_m0/wav_read_m0/header_4_reg[2]
  -------------------------------------------------------------------
                         required time                         24.252    
                         arrival time                          -9.217    
  -------------------------------------------------------------------
                         slack                                 15.035    

Slack (MET) :             15.035ns  (required time - arrival time)
  Source:                 sd_card_audio_m0/sd_card_top_m0/sd_card_sec_read_write_m0/FSM_sequential_state_reg[2]/C
                            (rising edge-triggered cell FDCE clocked by sys_clk  {rise@0.000ns fall@10.000ns period=20.000ns})
  Destination:            sd_card_audio_m0/wav_read_m0/header_4_reg[3]/CE
                            (rising edge-triggered cell FDRE clocked by sys_clk  {rise@0.000ns fall@10.000ns period=20.000ns})
  Path Group:             sys_clk
  Path Type:              Setup (Max at Slow Process Corner)
  Requirement:            20.000ns  (sys_clk rise@20.000ns - sys_clk rise@0.000ns)
  Data Path Delay:        4.428ns  (logic 0.905ns (20.436%)  route 3.523ns (79.564%))
  Logic Levels:           4  (LUT2=1 LUT4=1 LUT5=1 LUT6=1)
  Clock Path Skew:        -0.333ns (DCD - SCD + CPR)
    Destination Clock Delay (DCD):    4.290ns = ( 24.290 - 20.000 ) 
    Source Clock Delay      (SCD):    4.789ns
    Clock Pessimism Removal (CPR):    0.166ns
  Clock Uncertainty:      0.035ns  ((TSJ^2 + TIJ^2)^1/2 + DJ) / 2 + PE
    Total System Jitter     (TSJ):    0.071ns
    Total Input Jitter      (TIJ):    0.000ns
    Discrete Jitter          (DJ):    0.000ns
    Phase Error              (PE):    0.000ns

    Location             Delay type                Incr(ns)  Path(ns)    Netlist Resource(s)
  -------------------------------------------------------------------    -------------------
                         (clock sys_clk rise edge)    0.000     0.000 r  
    Y18                                               0.000     0.000 r  sys_clk (IN)
                         net (fo=0)                   0.000     0.000    sys_clk
    Y18                  IBUF (Prop_ibuf_I_O)         1.427     1.427 r  sys_clk_IBUF_inst/O
                         net (fo=1, routed)           1.693     3.120    sys_clk_IBUF
    BUFGCTRL_X0Y0        BUFG (Prop_bufg_I_O)         0.081     3.201 r  sys_clk_IBUF_BUFG_inst/O
                         net (fo=734, routed)         1.588     4.789    sd_card_audio_m0/sd_card_top_m0/sd_card_sec_read_write_m0/CLK
    SLICE_X5Y103         FDCE                                         r  sd_card_audio_m0/sd_card_top_m0/sd_card_sec_read_write_m0/FSM_sequential_state_reg[2]/C
  -------------------------------------------------------------------    -------------------
    SLICE_X5Y103         FDCE (Prop_fdce_C_Q)         0.348     5.137 r  sd_card_audio_m0/sd_card_top_m0/sd_card_sec_read_write_m0/FSM_sequential_state_reg[2]/Q
                         net (fo=62, routed)          1.146     6.282    sd_card_audio_m0/sd_card_top_m0/sd_card_sec_read_write_m0/Q[0]
    SLICE_X8Y102         LUT5 (Prop_lut5_I1_O)        0.242     6.524 f  sd_card_audio_m0/sd_card_top_m0/sd_card_sec_read_write_m0/play_cnt[31]_i_3/O
                         net (fo=3, routed)           0.604     7.128    sd_card_audio_m0/wav_read_m0/play_cnt_reg[0]_0
    SLICE_X8Y99          LUT4 (Prop_lut4_I3_O)        0.105     7.233 f  sd_card_audio_m0/wav_read_m0/rd_cnt[9]_i_4/O
                         net (fo=20, routed)          0.840     8.073    sd_card_audio_m0/wav_read_m0/rd_cnt[9]_i_4_n_0
    SLICE_X14Y96         LUT2 (Prop_lut2_I1_O)        0.105     8.178 r  sd_card_audio_m0/wav_read_m0/rd_cnt[0]_i_1/O
                         net (fo=2, routed)           0.552     8.731    sd_card_audio_m0/wav_read_m0/rd_cnt[0]_i_1_n_0
    SLICE_X14Y96         LUT6 (Prop_lut6_I0_O)        0.105     8.836 r  sd_card_audio_m0/wav_read_m0/header_4[7]_i_1/O
                         net (fo=8, routed)           0.382     9.217    sd_card_audio_m0/wav_read_m0/header_4[7]_i_1_n_0
    SLICE_X13Y94         FDRE                                         r  sd_card_audio_m0/wav_read_m0/header_4_reg[3]/CE
  -------------------------------------------------------------------    -------------------

                         (clock sys_clk rise edge)   20.000    20.000 r  
    Y18                                               0.000    20.000 r  sys_clk (IN)
                         net (fo=0)                   0.000    20.000    sys_clk
    Y18                  IBUF (Prop_ibuf_I_O)         1.361    21.361 r  sys_clk_IBUF_inst/O
                         net (fo=1, routed)           1.604    22.965    sys_clk_IBUF
    BUFGCTRL_X0Y0        BUFG (Prop_bufg_I_O)         0.077    23.042 r  sys_clk_IBUF_BUFG_inst/O
                         net (fo=734, routed)         1.248    24.290    sd_card_audio_m0/wav_read_m0/CLK
    SLICE_X13Y94         FDRE                                         r  sd_card_audio_m0/wav_read_m0/header_4_reg[3]/C
                         clock pessimism              0.166    24.456    
                         clock uncertainty           -0.035    24.420    
    SLICE_X13Y94         FDRE (Setup_fdre_C_CE)      -0.168    24.252    sd_card_audio_m0/wav_read_m0/header_4_reg[3]
  -------------------------------------------------------------------
                         required time                         24.252    
                         arrival time                          -9.217    
  -------------------------------------------------------------------
                         slack                                 15.035    

Slack (MET) :             15.035ns  (required time - arrival time)
  Source:                 sd_card_audio_m0/sd_card_top_m0/sd_card_sec_read_write_m0/FSM_sequential_state_reg[2]/C
                            (rising edge-triggered cell FDCE clocked by sys_clk  {rise@0.000ns fall@10.000ns period=20.000ns})
  Destination:            sd_card_audio_m0/wav_read_m0/header_4_reg[4]/CE
                            (rising edge-triggered cell FDRE clocked by sys_clk  {rise@0.000ns fall@10.000ns period=20.000ns})
  Path Group:             sys_clk
  Path Type:              Setup (Max at Slow Process Corner)
  Requirement:            20.000ns  (sys_clk rise@20.000ns - sys_clk rise@0.000ns)
  Data Path Delay:        4.428ns  (logic 0.905ns (20.436%)  route 3.523ns (79.564%))
  Logic Levels:           4  (LUT2=1 LUT4=1 LUT5=1 LUT6=1)
  Clock Path Skew:        -0.333ns (DCD - SCD + CPR)
    Destination Clock Delay (DCD):    4.290ns = ( 24.290 - 20.000 ) 
    Source Clock Delay      (SCD):    4.789ns
    Clock Pessimism Removal (CPR):    0.166ns
  Clock Uncertainty:      0.035ns  ((TSJ^2 + TIJ^2)^1/2 + DJ) / 2 + PE
    Total System Jitter     (TSJ):    0.071ns
    Total Input Jitter      (TIJ):    0.000ns
    Discrete Jitter          (DJ):    0.000ns
    Phase Error              (PE):    0.000ns

    Location             Delay type                Incr(ns)  Path(ns)    Netlist Resource(s)
  -------------------------------------------------------------------    -------------------
                         (clock sys_clk rise edge)    0.000     0.000 r  
    Y18                                               0.000     0.000 r  sys_clk (IN)
                         net (fo=0)                   0.000     0.000    sys_clk
    Y18                  IBUF (Prop_ibuf_I_O)         1.427     1.427 r  sys_clk_IBUF_inst/O
                         net (fo=1, routed)           1.693     3.120    sys_clk_IBUF
    BUFGCTRL_X0Y0        BUFG (Prop_bufg_I_O)         0.081     3.201 r  sys_clk_IBUF_BUFG_inst/O
                         net (fo=734, routed)         1.588     4.789    sd_card_audio_m0/sd_card_top_m0/sd_card_sec_read_write_m0/CLK
    SLICE_X5Y103         FDCE                                         r  sd_card_audio_m0/sd_card_top_m0/sd_card_sec_read_write_m0/FSM_sequential_state_reg[2]/C
  -------------------------------------------------------------------    -------------------
    SLICE_X5Y103         FDCE (Prop_fdce_C_Q)         0.348     5.137 r  sd_card_audio_m0/sd_card_top_m0/sd_card_sec_read_write_m0/FSM_sequential_state_reg[2]/Q
                         net (fo=62, routed)          1.146     6.282    sd_card_audio_m0/sd_card_top_m0/sd_card_sec_read_write_m0/Q[0]
    SLICE_X8Y102         LUT5 (Prop_lut5_I1_O)        0.242     6.524 f  sd_card_audio_m0/sd_card_top_m0/sd_card_sec_read_write_m0/play_cnt[31]_i_3/O
                         net (fo=3, routed)           0.604     7.128    sd_card_audio_m0/wav_read_m0/play_cnt_reg[0]_0
    SLICE_X8Y99          LUT4 (Prop_lut4_I3_O)        0.105     7.233 f  sd_card_audio_m0/wav_read_m0/rd_cnt[9]_i_4/O
                         net (fo=20, routed)          0.840     8.073    sd_card_audio_m0/wav_read_m0/rd_cnt[9]_i_4_n_0
    SLICE_X14Y96         LUT2 (Prop_lut2_I1_O)        0.105     8.178 r  sd_card_audio_m0/wav_read_m0/rd_cnt[0]_i_1/O
                         net (fo=2, routed)           0.552     8.731    sd_card_audio_m0/wav_read_m0/rd_cnt[0]_i_1_n_0
    SLICE_X14Y96         LUT6 (Prop_lut6_I0_O)        0.105     8.836 r  sd_card_audio_m0/wav_read_m0/header_4[7]_i_1/O
                         net (fo=8, routed)           0.382     9.217    sd_card_audio_m0/wav_read_m0/header_4[7]_i_1_n_0
    SLICE_X13Y94         FDRE                                         r  sd_card_audio_m0/wav_read_m0/header_4_reg[4]/CE
  -------------------------------------------------------------------    -------------------

                         (clock sys_clk rise edge)   20.000    20.000 r  
    Y18                                               0.000    20.000 r  sys_clk (IN)
                         net (fo=0)                   0.000    20.000    sys_clk
    Y18                  IBUF (Prop_ibuf_I_O)         1.361    21.361 r  sys_clk_IBUF_inst/O
                         net (fo=1, routed)           1.604    22.965    sys_clk_IBUF
    BUFGCTRL_X0Y0        BUFG (Prop_bufg_I_O)         0.077    23.042 r  sys_clk_IBUF_BUFG_inst/O
                         net (fo=734, routed)         1.248    24.290    sd_card_audio_m0/wav_read_m0/CLK
    SLICE_X13Y94         FDRE                                         r  sd_card_audio_m0/wav_read_m0/header_4_reg[4]/C
                         clock pessimism              0.166    24.456    
                         clock uncertainty           -0.035    24.420    
    SLICE_X13Y94         FDRE (Setup_fdre_C_CE)      -0.168    24.252    sd_card_audio_m0/wav_read_m0/header_4_reg[4]
  -------------------------------------------------------------------
                         required time                         24.252    
                         arrival time                          -9.217    
  -------------------------------------------------------------------
                         slack                                 15.035    

Slack (MET) :             15.035ns  (required time - arrival time)
  Source:                 sd_card_audio_m0/sd_card_top_m0/sd_card_sec_read_write_m0/FSM_sequential_state_reg[2]/C
                            (rising edge-triggered cell FDCE clocked by sys_clk  {rise@0.000ns fall@10.000ns period=20.000ns})
  Destination:            sd_card_audio_m0/wav_read_m0/header_4_reg[5]/CE
                            (rising edge-triggered cell FDRE clocked by sys_clk  {rise@0.000ns fall@10.000ns period=20.000ns})
  Path Group:             sys_clk
  Path Type:              Setup (Max at Slow Process Corner)
  Requirement:            20.000ns  (sys_clk rise@20.000ns - sys_clk rise@0.000ns)
  Data Path Delay:        4.428ns  (logic 0.905ns (20.436%)  route 3.523ns (79.564%))
  Logic Levels:           4  (LUT2=1 LUT4=1 LUT5=1 LUT6=1)
  Clock Path Skew:        -0.333ns (DCD - SCD + CPR)
    Destination Clock Delay (DCD):    4.290ns = ( 24.290 - 20.000 ) 
    Source Clock Delay      (SCD):    4.789ns
    Clock Pessimism Removal (CPR):    0.166ns
  Clock Uncertainty:      0.035ns  ((TSJ^2 + TIJ^2)^1/2 + DJ) / 2 + PE
    Total System Jitter     (TSJ):    0.071ns
    Total Input Jitter      (TIJ):    0.000ns
    Discrete Jitter          (DJ):    0.000ns
    Phase Error              (PE):    0.000ns

    Location             Delay type                Incr(ns)  Path(ns)    Netlist Resource(s)
  -------------------------------------------------------------------    -------------------
                         (clock sys_clk rise edge)    0.000     0.000 r  
    Y18                                               0.000     0.000 r  sys_clk (IN)
                         net (fo=0)                   0.000     0.000    sys_clk
    Y18                  IBUF (Prop_ibuf_I_O)         1.427     1.427 r  sys_clk_IBUF_inst/O
                         net (fo=1, routed)           1.693     3.120    sys_clk_IBUF
    BUFGCTRL_X0Y0        BUFG (Prop_bufg_I_O)         0.081     3.201 r  sys_clk_IBUF_BUFG_inst/O
                         net (fo=734, routed)         1.588     4.789    sd_card_audio_m0/sd_card_top_m0/sd_card_sec_read_write_m0/CLK
    SLICE_X5Y103         FDCE                                         r  sd_card_audio_m0/sd_card_top_m0/sd_card_sec_read_write_m0/FSM_sequential_state_reg[2]/C
  -------------------------------------------------------------------    -------------------
    SLICE_X5Y103         FDCE (Prop_fdce_C_Q)         0.348     5.137 r  sd_card_audio_m0/sd_card_top_m0/sd_card_sec_read_write_m0/FSM_sequential_state_reg[2]/Q
                         net (fo=62, routed)          1.146     6.282    sd_card_audio_m0/sd_card_top_m0/sd_card_sec_read_write_m0/Q[0]
    SLICE_X8Y102         LUT5 (Prop_lut5_I1_O)        0.242     6.524 f  sd_card_audio_m0/sd_card_top_m0/sd_card_sec_read_write_m0/play_cnt[31]_i_3/O
                         net (fo=3, routed)           0.604     7.128    sd_card_audio_m0/wav_read_m0/play_cnt_reg[0]_0
    SLICE_X8Y99          LUT4 (Prop_lut4_I3_O)        0.105     7.233 f  sd_card_audio_m0/wav_read_m0/rd_cnt[9]_i_4/O
                         net (fo=20, routed)          0.840     8.073    sd_card_audio_m0/wav_read_m0/rd_cnt[9]_i_4_n_0
    SLICE_X14Y96         LUT2 (Prop_lut2_I1_O)        0.105     8.178 r  sd_card_audio_m0/wav_read_m0/rd_cnt[0]_i_1/O
                         net (fo=2, routed)           0.552     8.731    sd_card_audio_m0/wav_read_m0/rd_cnt[0]_i_1_n_0
    SLICE_X14Y96         LUT6 (Prop_lut6_I0_O)        0.105     8.836 r  sd_card_audio_m0/wav_read_m0/header_4[7]_i_1/O
                         net (fo=8, routed)           0.382     9.217    sd_card_audio_m0/wav_read_m0/header_4[7]_i_1_n_0
    SLICE_X13Y94         FDRE                                         r  sd_card_audio_m0/wav_read_m0/header_4_reg[5]/CE
  -------------------------------------------------------------------    -------------------

                         (clock sys_clk rise edge)   20.000    20.000 r  
    Y18                                               0.000    20.000 r  sys_clk (IN)
                         net (fo=0)                   0.000    20.000    sys_clk
    Y18                  IBUF (Prop_ibuf_I_O)         1.361    21.361 r  sys_clk_IBUF_inst/O
                         net (fo=1, routed)           1.604    22.965    sys_clk_IBUF
    BUFGCTRL_X0Y0        BUFG (Prop_bufg_I_O)         0.077    23.042 r  sys_clk_IBUF_BUFG_inst/O
                         net (fo=734, routed)         1.248    24.290    sd_card_audio_m0/wav_read_m0/CLK
    SLICE_X13Y94         FDRE                                         r  sd_card_audio_m0/wav_read_m0/header_4_reg[5]/C
                         clock pessimism              0.166    24.456    
                         clock uncertainty           -0.035    24.420    
    SLICE_X13Y94         FDRE (Setup_fdre_C_CE)      -0.168    24.252    sd_card_audio_m0/wav_read_m0/header_4_reg[5]
  -------------------------------------------------------------------
                         required time                         24.252    
                         arrival time                          -9.217    
  -------------------------------------------------------------------
                         slack                                 15.035    

Slack (MET) :             15.068ns  (required time - arrival time)
  Source:                 sd_card_audio_m0/sd_card_top_m0/sd_card_sec_read_write_m0/FSM_sequential_state_reg[2]/C
                            (rising edge-triggered cell FDCE clocked by sys_clk  {rise@0.000ns fall@10.000ns period=20.000ns})
  Destination:            sd_card_audio_m0/wav_read_m0/header_4_reg[6]/CE
                            (rising edge-triggered cell FDRE clocked by sys_clk  {rise@0.000ns fall@10.000ns period=20.000ns})
  Path Group:             sys_clk
  Path Type:              Setup (Max at Slow Process Corner)
  Requirement:            20.000ns  (sys_clk rise@20.000ns - sys_clk rise@0.000ns)
  Data Path Delay:        4.427ns  (logic 0.905ns (20.441%)  route 3.522ns (79.559%))
  Logic Levels:           4  (LUT2=1 LUT4=1 LUT5=1 LUT6=1)
  Clock Path Skew:        -0.333ns (DCD - SCD + CPR)
    Destination Clock Delay (DCD):    4.290ns = ( 24.290 - 20.000 ) 
    Source Clock Delay      (SCD):    4.789ns
    Clock Pessimism Removal (CPR):    0.166ns
  Clock Uncertainty:      0.035ns  ((TSJ^2 + TIJ^2)^1/2 + DJ) / 2 + PE
    Total System Jitter     (TSJ):    0.071ns
    Total Input Jitter      (TIJ):    0.000ns
    Discrete Jitter          (DJ):    0.000ns
    Phase Error              (PE):    0.000ns

    Location             Delay type                Incr(ns)  Path(ns)    Netlist Resource(s)
  -------------------------------------------------------------------    -------------------
                         (clock sys_clk rise edge)    0.000     0.000 r  
    Y18                                               0.000     0.000 r  sys_clk (IN)
                         net (fo=0)                   0.000     0.000    sys_clk
    Y18                  IBUF (Prop_ibuf_I_O)         1.427     1.427 r  sys_clk_IBUF_inst/O
                         net (fo=1, routed)           1.693     3.120    sys_clk_IBUF
    BUFGCTRL_X0Y0        BUFG (Prop_bufg_I_O)         0.081     3.201 r  sys_clk_IBUF_BUFG_inst/O
                         net (fo=734, routed)         1.588     4.789    sd_card_audio_m0/sd_card_top_m0/sd_card_sec_read_write_m0/CLK
    SLICE_X5Y103         FDCE                                         r  sd_card_audio_m0/sd_card_top_m0/sd_card_sec_read_write_m0/FSM_sequential_state_reg[2]/C
  -------------------------------------------------------------------    -------------------
    SLICE_X5Y103         FDCE (Prop_fdce_C_Q)         0.348     5.137 r  sd_card_audio_m0/sd_card_top_m0/sd_card_sec_read_write_m0/FSM_sequential_state_reg[2]/Q
                         net (fo=62, routed)          1.146     6.282    sd_card_audio_m0/sd_card_top_m0/sd_card_sec_read_write_m0/Q[0]
    SLICE_X8Y102         LUT5 (Prop_lut5_I1_O)        0.242     6.524 f  sd_card_audio_m0/sd_card_top_m0/sd_card_sec_read_write_m0/play_cnt[31]_i_3/O
                         net (fo=3, routed)           0.604     7.128    sd_card_audio_m0/wav_read_m0/play_cnt_reg[0]_0
    SLICE_X8Y99          LUT4 (Prop_lut4_I3_O)        0.105     7.233 f  sd_card_audio_m0/wav_read_m0/rd_cnt[9]_i_4/O
                         net (fo=20, routed)          0.840     8.073    sd_card_audio_m0/wav_read_m0/rd_cnt[9]_i_4_n_0
    SLICE_X14Y96         LUT2 (Prop_lut2_I1_O)        0.105     8.178 r  sd_card_audio_m0/wav_read_m0/rd_cnt[0]_i_1/O
                         net (fo=2, routed)           0.552     8.731    sd_card_audio_m0/wav_read_m0/rd_cnt[0]_i_1_n_0
    SLICE_X14Y96         LUT6 (Prop_lut6_I0_O)        0.105     8.836 r  sd_card_audio_m0/wav_read_m0/header_4[7]_i_1/O
                         net (fo=8, routed)           0.381     9.216    sd_card_audio_m0/wav_read_m0/header_4[7]_i_1_n_0
    SLICE_X14Y93         FDRE                                         r  sd_card_audio_m0/wav_read_m0/header_4_reg[6]/CE
  -------------------------------------------------------------------    -------------------

                         (clock sys_clk rise edge)   20.000    20.000 r  
    Y18                                               0.000    20.000 r  sys_clk (IN)
                         net (fo=0)                   0.000    20.000    sys_clk
    Y18                  IBUF (Prop_ibuf_I_O)         1.361    21.361 r  sys_clk_IBUF_inst/O
                         net (fo=1, routed)           1.604    22.965    sys_clk_IBUF
    BUFGCTRL_X0Y0        BUFG (Prop_bufg_I_O)         0.077    23.042 r  sys_clk_IBUF_BUFG_inst/O
                         net (fo=734, routed)         1.248    24.290    sd_card_audio_m0/wav_read_m0/CLK
    SLICE_X14Y93         FDRE                                         r  sd_card_audio_m0/wav_read_m0/header_4_reg[6]/C
                         clock pessimism              0.166    24.456    
                         clock uncertainty           -0.035    24.420    
    SLICE_X14Y93         FDRE (Setup_fdre_C_CE)      -0.136    24.284    sd_card_audio_m0/wav_read_m0/header_4_reg[6]
  -------------------------------------------------------------------
                         required time                         24.284    
                         arrival time                          -9.216    
  -------------------------------------------------------------------
                         slack                                 15.068    

Slack (MET) :             15.068ns  (required time - arrival time)
  Source:                 sd_card_audio_m0/sd_card_top_m0/sd_card_sec_read_write_m0/FSM_sequential_state_reg[2]/C
                            (rising edge-triggered cell FDCE clocked by sys_clk  {rise@0.000ns fall@10.000ns period=20.000ns})
  Destination:            sd_card_audio_m0/wav_read_m0/header_4_reg[7]/CE
                            (rising edge-triggered cell FDRE clocked by sys_clk  {rise@0.000ns fall@10.000ns period=20.000ns})
  Path Group:             sys_clk
  Path Type:              Setup (Max at Slow Process Corner)
  Requirement:            20.000ns  (sys_clk rise@20.000ns - sys_clk rise@0.000ns)
  Data Path Delay:        4.427ns  (logic 0.905ns (20.441%)  route 3.522ns (79.559%))
  Logic Levels:           4  (LUT2=1 LUT4=1 LUT5=1 LUT6=1)
  Clock Path Skew:        -0.333ns (DCD - SCD + CPR)
    Destination Clock Delay (DCD):    4.290ns = ( 24.290 - 20.000 ) 
    Source Clock Delay      (SCD):    4.789ns
    Clock Pessimism Removal (CPR):    0.166ns
  Clock Uncertainty:      0.035ns  ((TSJ^2 + TIJ^2)^1/2 + DJ) / 2 + PE
    Total System Jitter     (TSJ):    0.071ns
    Total Input Jitter      (TIJ):    0.000ns
    Discrete Jitter          (DJ):    0.000ns
    Phase Error              (PE):    0.000ns

    Location             Delay type                Incr(ns)  Path(ns)    Netlist Resource(s)
  -------------------------------------------------------------------    -------------------
                         (clock sys_clk rise edge)    0.000     0.000 r  
    Y18                                               0.000     0.000 r  sys_clk (IN)
                         net (fo=0)                   0.000     0.000    sys_clk
    Y18                  IBUF (Prop_ibuf_I_O)         1.427     1.427 r  sys_clk_IBUF_inst/O
                         net (fo=1, routed)           1.693     3.120    sys_clk_IBUF
    BUFGCTRL_X0Y0        BUFG (Prop_bufg_I_O)         0.081     3.201 r  sys_clk_IBUF_BUFG_inst/O
                         net (fo=734, routed)         1.588     4.789    sd_card_audio_m0/sd_card_top_m0/sd_card_sec_read_write_m0/CLK
    SLICE_X5Y103         FDCE                                         r  sd_card_audio_m0/sd_card_top_m0/sd_card_sec_read_write_m0/FSM_sequential_state_reg[2]/C
  -------------------------------------------------------------------    -------------------
    SLICE_X5Y103         FDCE (Prop_fdce_C_Q)         0.348     5.137 r  sd_card_audio_m0/sd_card_top_m0/sd_card_sec_read_write_m0/FSM_sequential_state_reg[2]/Q
                         net (fo=62, routed)          1.146     6.282    sd_card_audio_m0/sd_card_top_m0/sd_card_sec_read_write_m0/Q[0]
    SLICE_X8Y102         LUT5 (Prop_lut5_I1_O)        0.242     6.524 f  sd_card_audio_m0/sd_card_top_m0/sd_card_sec_read_write_m0/play_cnt[31]_i_3/O
                         net (fo=3, routed)           0.604     7.128    sd_card_audio_m0/wav_read_m0/play_cnt_reg[0]_0
    SLICE_X8Y99          LUT4 (Prop_lut4_I3_O)        0.105     7.233 f  sd_card_audio_m0/wav_read_m0/rd_cnt[9]_i_4/O
                         net (fo=20, routed)          0.840     8.073    sd_card_audio_m0/wav_read_m0/rd_cnt[9]_i_4_n_0
    SLICE_X14Y96         LUT2 (Prop_lut2_I1_O)        0.105     8.178 r  sd_card_audio_m0/wav_read_m0/rd_cnt[0]_i_1/O
                         net (fo=2, routed)           0.552     8.731    sd_card_audio_m0/wav_read_m0/rd_cnt[0]_i_1_n_0
    SLICE_X14Y96         LUT6 (Prop_lut6_I0_O)        0.105     8.836 r  sd_card_audio_m0/wav_read_m0/header_4[7]_i_1/O
                         net (fo=8, routed)           0.381     9.216    sd_card_audio_m0/wav_read_m0/header_4[7]_i_1_n_0
    SLICE_X14Y93         FDRE                                         r  sd_card_audio_m0/wav_read_m0/header_4_reg[7]/CE
  -------------------------------------------------------------------    -------------------

                         (clock sys_clk rise edge)   20.000    20.000 r  
    Y18                                               0.000    20.000 r  sys_clk (IN)
                         net (fo=0)                   0.000    20.000    sys_clk
    Y18                  IBUF (Prop_ibuf_I_O)         1.361    21.361 r  sys_clk_IBUF_inst/O
                         net (fo=1, routed)           1.604    22.965    sys_clk_IBUF
    BUFGCTRL_X0Y0        BUFG (Prop_bufg_I_O)         0.077    23.042 r  sys_clk_IBUF_BUFG_inst/O
                         net (fo=734, routed)         1.248    24.290    sd_card_audio_m0/wav_read_m0/CLK
    SLICE_X14Y93         FDRE                                         r  sd_card_audio_m0/wav_read_m0/header_4_reg[7]/C
                         clock pessimism              0.166    24.456    
                         clock uncertainty           -0.035    24.420    
    SLICE_X14Y93         FDRE (Setup_fdre_C_CE)      -0.136    24.284    sd_card_audio_m0/wav_read_m0/header_4_reg[7]
  -------------------------------------------------------------------
                         required time                         24.284    
                         arrival time                          -9.216    
  -------------------------------------------------------------------
                         slack                                 15.068    





Min Delay Paths
--------------------------------------------------------------------------------------
Slack (MET) :             0.118ns  (arrival time - required time)
  Source:                 sd_card_audio_m0/audio_buf/U0/inst_fifo_gen/gconvfifo.rf/grf.rf/gntv_or_sync_fifo.gl0.wr/wpntr/gic0.gc0.count_d1_reg[2]/C
                            (rising edge-triggered cell FDCE clocked by sys_clk  {rise@0.000ns fall@10.000ns period=20.000ns})
  Destination:            sd_card_audio_m0/audio_buf/U0/inst_fifo_gen/gconvfifo.rf/grf.rf/gntv_or_sync_fifo.gl0.wr/wpntr/gic0.gc0.count_d2_reg[2]/D
                            (rising edge-triggered cell FDCE clocked by sys_clk  {rise@0.000ns fall@10.000ns period=20.000ns})
  Path Group:             sys_clk
  Path Type:              Hold (Min at Fast Process Corner)
  Requirement:            0.000ns  (sys_clk rise@0.000ns - sys_clk rise@0.000ns)
  Data Path Delay:        0.196ns  (logic 0.141ns (71.838%)  route 0.055ns (28.162%))
  Logic Levels:           0  
  Clock Path Skew:        0.000ns (DCD - SCD - CPR)
    Destination Clock Delay (DCD):    2.030ns
    Source Clock Delay      (SCD):    1.513ns
    Clock Pessimism Removal (CPR):    0.516ns

    Location             Delay type                Incr(ns)  Path(ns)    Netlist Resource(s)
  -------------------------------------------------------------------    -------------------
                         (clock sys_clk rise edge)    0.000     0.000 r  
    Y18                                               0.000     0.000 r  sys_clk (IN)
                         net (fo=0)                   0.000     0.000    sys_clk
    Y18                  IBUF (Prop_ibuf_I_O)         0.264     0.264 r  sys_clk_IBUF_inst/O
                         net (fo=1, routed)           0.634     0.898    sys_clk_IBUF
    BUFGCTRL_X0Y0        BUFG (Prop_bufg_I_O)         0.026     0.924 r  sys_clk_IBUF_BUFG_inst/O
                         net (fo=734, routed)         0.590     1.513    sd_card_audio_m0/audio_buf/U0/inst_fifo_gen/gconvfifo.rf/grf.rf/gntv_or_sync_fifo.gl0.wr/wpntr/wr_clk
    SLICE_X7Y91          FDCE                                         r  sd_card_audio_m0/audio_buf/U0/inst_fifo_gen/gconvfifo.rf/grf.rf/gntv_or_sync_fifo.gl0.wr/wpntr/gic0.gc0.count_d1_reg[2]/C
  -------------------------------------------------------------------    -------------------
    SLICE_X7Y91          FDCE (Prop_fdce_C_Q)         0.141     1.654 r  sd_card_audio_m0/audio_buf/U0/inst_fifo_gen/gconvfifo.rf/grf.rf/gntv_or_sync_fifo.gl0.wr/wpntr/gic0.gc0.count_d1_reg[2]/Q
                         net (fo=2, routed)           0.055     1.710    sd_card_audio_m0/audio_buf/U0/inst_fifo_gen/gconvfifo.rf/grf.rf/gntv_or_sync_fifo.gl0.wr/wpntr/gic0.gc0.count_d1_reg[9]_0[0]
    SLICE_X7Y91          FDCE                                         r  sd_card_audio_m0/audio_buf/U0/inst_fifo_gen/gconvfifo.rf/grf.rf/gntv_or_sync_fifo.gl0.wr/wpntr/gic0.gc0.count_d2_reg[2]/D
  -------------------------------------------------------------------    -------------------

                         (clock sys_clk rise edge)    0.000     0.000 r  
    Y18                                               0.000     0.000 r  sys_clk (IN)
                         net (fo=0)                   0.000     0.000    sys_clk
    Y18                  IBUF (Prop_ibuf_I_O)         0.452     0.452 r  sys_clk_IBUF_inst/O
                         net (fo=1, routed)           0.689     1.140    sys_clk_IBUF
    BUFGCTRL_X0Y0        BUFG (Prop_bufg_I_O)         0.029     1.169 r  sys_clk_IBUF_BUFG_inst/O
                         net (fo=734, routed)         0.860     2.030    sd_card_audio_m0/audio_buf/U0/inst_fifo_gen/gconvfifo.rf/grf.rf/gntv_or_sync_fifo.gl0.wr/wpntr/wr_clk
    SLICE_X7Y91          FDCE                                         r  sd_card_audio_m0/audio_buf/U0/inst_fifo_gen/gconvfifo.rf/grf.rf/gntv_or_sync_fifo.gl0.wr/wpntr/gic0.gc0.count_d2_reg[2]/C
                         clock pessimism             -0.516     1.513    
    SLICE_X7Y91          FDCE (Hold_fdce_C_D)         0.078     1.591    sd_card_audio_m0/audio_buf/U0/inst_fifo_gen/gconvfifo.rf/grf.rf/gntv_or_sync_fifo.gl0.wr/wpntr/gic0.gc0.count_d2_reg[2]
  -------------------------------------------------------------------
                         required time                         -1.591    
                         arrival time                           1.710    
  -------------------------------------------------------------------
                         slack                                  0.118    

Slack (MET) :             0.121ns  (arrival time - required time)
  Source:                 sd_card_audio_m0/audio_buf/U0/inst_fifo_gen/gconvfifo.rf/grf.rf/gntv_or_sync_fifo.gcx.clkx/rd_pntr_cdc_inst/dest_graysync_ff_reg[0][0]/C
                            (rising edge-triggered cell FDRE clocked by sys_clk  {rise@0.000ns fall@10.000ns period=20.000ns})
  Destination:            sd_card_audio_m0/audio_buf/U0/inst_fifo_gen/gconvfifo.rf/grf.rf/gntv_or_sync_fifo.gcx.clkx/rd_pntr_cdc_inst/dest_graysync_ff_reg[1][0]/D
                            (rising edge-triggered cell FDRE clocked by sys_clk  {rise@0.000ns fall@10.000ns period=20.000ns})
  Path Group:             sys_clk
  Path Type:              Hold (Min at Fast Process Corner)
  Requirement:            0.000ns  (sys_clk rise@0.000ns - sys_clk rise@0.000ns)
  Data Path Delay:        0.196ns  (logic 0.141ns (71.838%)  route 0.055ns (28.162%))
  Logic Levels:           0  
  Clock Path Skew:        0.000ns (DCD - SCD - CPR)
    Destination Clock Delay (DCD):    2.031ns
    Source Clock Delay      (SCD):    1.514ns
    Clock Pessimism Removal (CPR):    0.516ns

    Location             Delay type                Incr(ns)  Path(ns)    Netlist Resource(s)
  -------------------------------------------------------------------    -------------------
                         (clock sys_clk rise edge)    0.000     0.000 r  
    Y18                                               0.000     0.000 r  sys_clk (IN)
                         net (fo=0)                   0.000     0.000    sys_clk
    Y18                  IBUF (Prop_ibuf_I_O)         0.264     0.264 r  sys_clk_IBUF_inst/O
                         net (fo=1, routed)           0.634     0.898    sys_clk_IBUF
    BUFGCTRL_X0Y0        BUFG (Prop_bufg_I_O)         0.026     0.924 r  sys_clk_IBUF_BUFG_inst/O
                         net (fo=734, routed)         0.591     1.514    sd_card_audio_m0/audio_buf/U0/inst_fifo_gen/gconvfifo.rf/grf.rf/gntv_or_sync_fifo.gcx.clkx/rd_pntr_cdc_inst/dest_clk
    SLICE_X5Y94          FDRE                                         r  sd_card_audio_m0/audio_buf/U0/inst_fifo_gen/gconvfifo.rf/grf.rf/gntv_or_sync_fifo.gcx.clkx/rd_pntr_cdc_inst/dest_graysync_ff_reg[0][0]/C
  -------------------------------------------------------------------    -------------------
    SLICE_X5Y94          FDRE (Prop_fdre_C_Q)         0.141     1.655 r  sd_card_audio_m0/audio_buf/U0/inst_fifo_gen/gconvfifo.rf/grf.rf/gntv_or_sync_fifo.gcx.clkx/rd_pntr_cdc_inst/dest_graysync_ff_reg[0][0]/Q
                         net (fo=1, routed)           0.055     1.711    sd_card_audio_m0/audio_buf/U0/inst_fifo_gen/gconvfifo.rf/grf.rf/gntv_or_sync_fifo.gcx.clkx/rd_pntr_cdc_inst/dest_graysync_ff[0][0]
    SLICE_X5Y94          FDRE                                         r  sd_card_audio_m0/audio_buf/U0/inst_fifo_gen/gconvfifo.rf/grf.rf/gntv_or_sync_fifo.gcx.clkx/rd_pntr_cdc_inst/dest_graysync_ff_reg[1][0]/D
  -------------------------------------------------------------------    -------------------

                         (clock sys_clk rise edge)    0.000     0.000 r  
    Y18                                               0.000     0.000 r  sys_clk (IN)
                         net (fo=0)                   0.000     0.000    sys_clk
    Y18                  IBUF (Prop_ibuf_I_O)         0.452     0.452 r  sys_clk_IBUF_inst/O
                         net (fo=1, routed)           0.689     1.140    sys_clk_IBUF
    BUFGCTRL_X0Y0        BUFG (Prop_bufg_I_O)         0.029     1.169 r  sys_clk_IBUF_BUFG_inst/O
                         net (fo=734, routed)         0.861     2.031    sd_card_audio_m0/audio_buf/U0/inst_fifo_gen/gconvfifo.rf/grf.rf/gntv_or_sync_fifo.gcx.clkx/rd_pntr_cdc_inst/dest_clk
    SLICE_X5Y94          FDRE                                         r  sd_card_audio_m0/audio_buf/U0/inst_fifo_gen/gconvfifo.rf/grf.rf/gntv_or_sync_fifo.gcx.clkx/rd_pntr_cdc_inst/dest_graysync_ff_reg[1][0]/C
                         clock pessimism             -0.516     1.514    
    SLICE_X5Y94          FDRE (Hold_fdre_C_D)         0.075     1.589    sd_card_audio_m0/audio_buf/U0/inst_fifo_gen/gconvfifo.rf/grf.rf/gntv_or_sync_fifo.gcx.clkx/rd_pntr_cdc_inst/dest_graysync_ff_reg[1][0]
  -------------------------------------------------------------------
                         required time                         -1.589    
                         arrival time                           1.711    
  -------------------------------------------------------------------
                         slack                                  0.121    

Slack (MET) :             0.121ns  (arrival time - required time)
  Source:                 sd_card_audio_m0/audio_buf/U0/inst_fifo_gen/gconvfifo.rf/grf.rf/gntv_or_sync_fifo.gcx.clkx/rd_pntr_cdc_inst/dest_graysync_ff_reg[0][6]/C
                            (rising edge-triggered cell FDRE clocked by sys_clk  {rise@0.000ns fall@10.000ns period=20.000ns})
  Destination:            sd_card_audio_m0/audio_buf/U0/inst_fifo_gen/gconvfifo.rf/grf.rf/gntv_or_sync_fifo.gcx.clkx/rd_pntr_cdc_inst/dest_graysync_ff_reg[1][6]/D
                            (rising edge-triggered cell FDRE clocked by sys_clk  {rise@0.000ns fall@10.000ns period=20.000ns})
  Path Group:             sys_clk
  Path Type:              Hold (Min at Fast Process Corner)
  Requirement:            0.000ns  (sys_clk rise@0.000ns - sys_clk rise@0.000ns)
  Data Path Delay:        0.196ns  (logic 0.141ns (71.838%)  route 0.055ns (28.162%))
  Logic Levels:           0  
  Clock Path Skew:        0.000ns (DCD - SCD - CPR)
    Destination Clock Delay (DCD):    2.033ns
    Source Clock Delay      (SCD):    1.516ns
    Clock Pessimism Removal (CPR):    0.516ns

    Location             Delay type                Incr(ns)  Path(ns)    Netlist Resource(s)
  -------------------------------------------------------------------    -------------------
                         (clock sys_clk rise edge)    0.000     0.000 r  
    Y18                                               0.000     0.000 r  sys_clk (IN)
                         net (fo=0)                   0.000     0.000    sys_clk
    Y18                  IBUF (Prop_ibuf_I_O)         0.264     0.264 r  sys_clk_IBUF_inst/O
                         net (fo=1, routed)           0.634     0.898    sys_clk_IBUF
    BUFGCTRL_X0Y0        BUFG (Prop_bufg_I_O)         0.026     0.924 r  sys_clk_IBUF_BUFG_inst/O
                         net (fo=734, routed)         0.593     1.516    sd_card_audio_m0/audio_buf/U0/inst_fifo_gen/gconvfifo.rf/grf.rf/gntv_or_sync_fifo.gcx.clkx/rd_pntr_cdc_inst/dest_clk
    SLICE_X3Y93          FDRE                                         r  sd_card_audio_m0/audio_buf/U0/inst_fifo_gen/gconvfifo.rf/grf.rf/gntv_or_sync_fifo.gcx.clkx/rd_pntr_cdc_inst/dest_graysync_ff_reg[0][6]/C
  -------------------------------------------------------------------    -------------------
    SLICE_X3Y93          FDRE (Prop_fdre_C_Q)         0.141     1.657 r  sd_card_audio_m0/audio_buf/U0/inst_fifo_gen/gconvfifo.rf/grf.rf/gntv_or_sync_fifo.gcx.clkx/rd_pntr_cdc_inst/dest_graysync_ff_reg[0][6]/Q
                         net (fo=1, routed)           0.055     1.713    sd_card_audio_m0/audio_buf/U0/inst_fifo_gen/gconvfifo.rf/grf.rf/gntv_or_sync_fifo.gcx.clkx/rd_pntr_cdc_inst/dest_graysync_ff[0][6]
    SLICE_X3Y93          FDRE                                         r  sd_card_audio_m0/audio_buf/U0/inst_fifo_gen/gconvfifo.rf/grf.rf/gntv_or_sync_fifo.gcx.clkx/rd_pntr_cdc_inst/dest_graysync_ff_reg[1][6]/D
  -------------------------------------------------------------------    -------------------

                         (clock sys_clk rise edge)    0.000     0.000 r  
    Y18                                               0.000     0.000 r  sys_clk (IN)
                         net (fo=0)                   0.000     0.000    sys_clk
    Y18                  IBUF (Prop_ibuf_I_O)         0.452     0.452 r  sys_clk_IBUF_inst/O
                         net (fo=1, routed)           0.689     1.140    sys_clk_IBUF
    BUFGCTRL_X0Y0        BUFG (Prop_bufg_I_O)         0.029     1.169 r  sys_clk_IBUF_BUFG_inst/O
                         net (fo=734, routed)         0.863     2.033    sd_card_audio_m0/audio_buf/U0/inst_fifo_gen/gconvfifo.rf/grf.rf/gntv_or_sync_fifo.gcx.clkx/rd_pntr_cdc_inst/dest_clk
    SLICE_X3Y93          FDRE                                         r  sd_card_audio_m0/audio_buf/U0/inst_fifo_gen/gconvfifo.rf/grf.rf/gntv_or_sync_fifo.gcx.clkx/rd_pntr_cdc_inst/dest_graysync_ff_reg[1][6]/C
                         clock pessimism             -0.516     1.516    
    SLICE_X3Y93          FDRE (Hold_fdre_C_D)         0.075     1.591    sd_card_audio_m0/audio_buf/U0/inst_fifo_gen/gconvfifo.rf/grf.rf/gntv_or_sync_fifo.gcx.clkx/rd_pntr_cdc_inst/dest_graysync_ff_reg[1][6]
  -------------------------------------------------------------------
                         required time                         -1.591    
                         arrival time                           1.713    
  -------------------------------------------------------------------
                         slack                                  0.121    

Slack (MET) :             0.121ns  (arrival time - required time)
  Source:                 sd_card_audio_m0/audio_buf/U0/inst_fifo_gen/gconvfifo.rf/grf.rf/gntv_or_sync_fifo.gcx.clkx/rd_pntr_cdc_inst/dest_graysync_ff_reg[0][7]/C
                            (rising edge-triggered cell FDRE clocked by sys_clk  {rise@0.000ns fall@10.000ns period=20.000ns})
  Destination:            sd_card_audio_m0/audio_buf/U0/inst_fifo_gen/gconvfifo.rf/grf.rf/gntv_or_sync_fifo.gcx.clkx/rd_pntr_cdc_inst/dest_graysync_ff_reg[1][7]/D
                            (rising edge-triggered cell FDRE clocked by sys_clk  {rise@0.000ns fall@10.000ns period=20.000ns})
  Path Group:             sys_clk
  Path Type:              Hold (Min at Fast Process Corner)
  Requirement:            0.000ns  (sys_clk rise@0.000ns - sys_clk rise@0.000ns)
  Data Path Delay:        0.196ns  (logic 0.141ns (71.838%)  route 0.055ns (28.162%))
  Logic Levels:           0  
  Clock Path Skew:        0.000ns (DCD - SCD - CPR)
    Destination Clock Delay (DCD):    2.033ns
    Source Clock Delay      (SCD):    1.516ns
    Clock Pessimism Removal (CPR):    0.516ns

    Location             Delay type                Incr(ns)  Path(ns)    Netlist Resource(s)
  -------------------------------------------------------------------    -------------------
                         (clock sys_clk rise edge)    0.000     0.000 r  
    Y18                                               0.000     0.000 r  sys_clk (IN)
                         net (fo=0)                   0.000     0.000    sys_clk
    Y18                  IBUF (Prop_ibuf_I_O)         0.264     0.264 r  sys_clk_IBUF_inst/O
                         net (fo=1, routed)           0.634     0.898    sys_clk_IBUF
    BUFGCTRL_X0Y0        BUFG (Prop_bufg_I_O)         0.026     0.924 r  sys_clk_IBUF_BUFG_inst/O
                         net (fo=734, routed)         0.593     1.516    sd_card_audio_m0/audio_buf/U0/inst_fifo_gen/gconvfifo.rf/grf.rf/gntv_or_sync_fifo.gcx.clkx/rd_pntr_cdc_inst/dest_clk
    SLICE_X3Y94          FDRE                                         r  sd_card_audio_m0/audio_buf/U0/inst_fifo_gen/gconvfifo.rf/grf.rf/gntv_or_sync_fifo.gcx.clkx/rd_pntr_cdc_inst/dest_graysync_ff_reg[0][7]/C
  -------------------------------------------------------------------    -------------------
    SLICE_X3Y94          FDRE (Prop_fdre_C_Q)         0.141     1.657 r  sd_card_audio_m0/audio_buf/U0/inst_fifo_gen/gconvfifo.rf/grf.rf/gntv_or_sync_fifo.gcx.clkx/rd_pntr_cdc_inst/dest_graysync_ff_reg[0][7]/Q
                         net (fo=1, routed)           0.055     1.713    sd_card_audio_m0/audio_buf/U0/inst_fifo_gen/gconvfifo.rf/grf.rf/gntv_or_sync_fifo.gcx.clkx/rd_pntr_cdc_inst/dest_graysync_ff[0][7]
    SLICE_X3Y94          FDRE                                         r  sd_card_audio_m0/audio_buf/U0/inst_fifo_gen/gconvfifo.rf/grf.rf/gntv_or_sync_fifo.gcx.clkx/rd_pntr_cdc_inst/dest_graysync_ff_reg[1][7]/D
  -------------------------------------------------------------------    -------------------

                         (clock sys_clk rise edge)    0.000     0.000 r  
    Y18                                               0.000     0.000 r  sys_clk (IN)
                         net (fo=0)                   0.000     0.000    sys_clk
    Y18                  IBUF (Prop_ibuf_I_O)         0.452     0.452 r  sys_clk_IBUF_inst/O
                         net (fo=1, routed)           0.689     1.140    sys_clk_IBUF
    BUFGCTRL_X0Y0        BUFG (Prop_bufg_I_O)         0.029     1.169 r  sys_clk_IBUF_BUFG_inst/O
                         net (fo=734, routed)         0.863     2.033    sd_card_audio_m0/audio_buf/U0/inst_fifo_gen/gconvfifo.rf/grf.rf/gntv_or_sync_fifo.gcx.clkx/rd_pntr_cdc_inst/dest_clk
    SLICE_X3Y94          FDRE                                         r  sd_card_audio_m0/audio_buf/U0/inst_fifo_gen/gconvfifo.rf/grf.rf/gntv_or_sync_fifo.gcx.clkx/rd_pntr_cdc_inst/dest_graysync_ff_reg[1][7]/C
                         clock pessimism             -0.516     1.516    
    SLICE_X3Y94          FDRE (Hold_fdre_C_D)         0.075     1.591    sd_card_audio_m0/audio_buf/U0/inst_fifo_gen/gconvfifo.rf/grf.rf/gntv_or_sync_fifo.gcx.clkx/rd_pntr_cdc_inst/dest_graysync_ff_reg[1][7]
  -------------------------------------------------------------------
                         required time                         -1.591    
                         arrival time                           1.713    
  -------------------------------------------------------------------
                         slack                                  0.121    

Slack (MET) :             0.121ns  (arrival time - required time)
  Source:                 sd_card_audio_m0/audio_buf/U0/inst_fifo_gen/gconvfifo.rf/grf.rf/gntv_or_sync_fifo.gcx.clkx/wr_pntr_cdc_inst/dest_graysync_ff_reg[0][2]/C
                            (rising edge-triggered cell FDRE clocked by sys_clk  {rise@0.000ns fall@10.000ns period=20.000ns})
  Destination:            sd_card_audio_m0/audio_buf/U0/inst_fifo_gen/gconvfifo.rf/grf.rf/gntv_or_sync_fifo.gcx.clkx/wr_pntr_cdc_inst/dest_graysync_ff_reg[1][2]/D
                            (rising edge-triggered cell FDRE clocked by sys_clk  {rise@0.000ns fall@10.000ns period=20.000ns})
  Path Group:             sys_clk
  Path Type:              Hold (Min at Fast Process Corner)
  Requirement:            0.000ns  (sys_clk rise@0.000ns - sys_clk rise@0.000ns)
  Data Path Delay:        0.196ns  (logic 0.141ns (71.838%)  route 0.055ns (28.162%))
  Logic Levels:           0  
  Clock Path Skew:        0.000ns (DCD - SCD - CPR)
    Destination Clock Delay (DCD):    2.033ns
    Source Clock Delay      (SCD):    1.516ns
    Clock Pessimism Removal (CPR):    0.516ns

    Location             Delay type                Incr(ns)  Path(ns)    Netlist Resource(s)
  -------------------------------------------------------------------    -------------------
                         (clock sys_clk rise edge)    0.000     0.000 r  
    Y18                                               0.000     0.000 r  sys_clk (IN)
                         net (fo=0)                   0.000     0.000    sys_clk
    Y18                  IBUF (Prop_ibuf_I_O)         0.264     0.264 r  sys_clk_IBUF_inst/O
                         net (fo=1, routed)           0.634     0.898    sys_clk_IBUF
    BUFGCTRL_X0Y0        BUFG (Prop_bufg_I_O)         0.026     0.924 r  sys_clk_IBUF_BUFG_inst/O
                         net (fo=734, routed)         0.593     1.516    sd_card_audio_m0/audio_buf/U0/inst_fifo_gen/gconvfifo.rf/grf.rf/gntv_or_sync_fifo.gcx.clkx/wr_pntr_cdc_inst/dest_clk
    SLICE_X3Y95          FDRE                                         r  sd_card_audio_m0/audio_buf/U0/inst_fifo_gen/gconvfifo.rf/grf.rf/gntv_or_sync_fifo.gcx.clkx/wr_pntr_cdc_inst/dest_graysync_ff_reg[0][2]/C
  -------------------------------------------------------------------    -------------------
    SLICE_X3Y95          FDRE (Prop_fdre_C_Q)         0.141     1.657 r  sd_card_audio_m0/audio_buf/U0/inst_fifo_gen/gconvfifo.rf/grf.rf/gntv_or_sync_fifo.gcx.clkx/wr_pntr_cdc_inst/dest_graysync_ff_reg[0][2]/Q
                         net (fo=1, routed)           0.055     1.713    sd_card_audio_m0/audio_buf/U0/inst_fifo_gen/gconvfifo.rf/grf.rf/gntv_or_sync_fifo.gcx.clkx/wr_pntr_cdc_inst/dest_graysync_ff[0][2]
    SLICE_X3Y95          FDRE                                         r  sd_card_audio_m0/audio_buf/U0/inst_fifo_gen/gconvfifo.rf/grf.rf/gntv_or_sync_fifo.gcx.clkx/wr_pntr_cdc_inst/dest_graysync_ff_reg[1][2]/D
  -------------------------------------------------------------------    -------------------

                         (clock sys_clk rise edge)    0.000     0.000 r  
    Y18                                               0.000     0.000 r  sys_clk (IN)
                         net (fo=0)                   0.000     0.000    sys_clk
    Y18                  IBUF (Prop_ibuf_I_O)         0.452     0.452 r  sys_clk_IBUF_inst/O
                         net (fo=1, routed)           0.689     1.140    sys_clk_IBUF
    BUFGCTRL_X0Y0        BUFG (Prop_bufg_I_O)         0.029     1.169 r  sys_clk_IBUF_BUFG_inst/O
                         net (fo=734, routed)         0.863     2.033    sd_card_audio_m0/audio_buf/U0/inst_fifo_gen/gconvfifo.rf/grf.rf/gntv_or_sync_fifo.gcx.clkx/wr_pntr_cdc_inst/dest_clk
    SLICE_X3Y95          FDRE                                         r  sd_card_audio_m0/audio_buf/U0/inst_fifo_gen/gconvfifo.rf/grf.rf/gntv_or_sync_fifo.gcx.clkx/wr_pntr_cdc_inst/dest_graysync_ff_reg[1][2]/C
                         clock pessimism             -0.516     1.516    
    SLICE_X3Y95          FDRE (Hold_fdre_C_D)         0.075     1.591    sd_card_audio_m0/audio_buf/U0/inst_fifo_gen/gconvfifo.rf/grf.rf/gntv_or_sync_fifo.gcx.clkx/wr_pntr_cdc_inst/dest_graysync_ff_reg[1][2]
  -------------------------------------------------------------------
                         required time                         -1.591    
                         arrival time                           1.713    
  -------------------------------------------------------------------
                         slack                                  0.121    

Slack (MET) :             0.121ns  (arrival time - required time)
  Source:                 sd_card_audio_m0/audio_buf/U0/inst_fifo_gen/gconvfifo.rf/grf.rf/rstblk/grstd1.grst_full.grst_f.rst_d1_reg/C
                            (rising edge-triggered cell FDPE clocked by sys_clk  {rise@0.000ns fall@10.000ns period=20.000ns})
  Destination:            sd_card_audio_m0/audio_buf/U0/inst_fifo_gen/gconvfifo.rf/grf.rf/rstblk/grstd1.grst_full.grst_f.rst_d2_reg/D
                            (rising edge-triggered cell FDPE clocked by sys_clk  {rise@0.000ns fall@10.000ns period=20.000ns})
  Path Group:             sys_clk
  Path Type:              Hold (Min at Fast Process Corner)
  Requirement:            0.000ns  (sys_clk rise@0.000ns - sys_clk rise@0.000ns)
  Data Path Delay:        0.196ns  (logic 0.141ns (71.838%)  route 0.055ns (28.162%))
  Logic Levels:           0  
  Clock Path Skew:        0.000ns (DCD - SCD - CPR)
    Destination Clock Delay (DCD):    2.032ns
    Source Clock Delay      (SCD):    1.515ns
    Clock Pessimism Removal (CPR):    0.516ns

    Location             Delay type                Incr(ns)  Path(ns)    Netlist Resource(s)
  -------------------------------------------------------------------    -------------------
                         (clock sys_clk rise edge)    0.000     0.000 r  
    Y18                                               0.000     0.000 r  sys_clk (IN)
                         net (fo=0)                   0.000     0.000    sys_clk
    Y18                  IBUF (Prop_ibuf_I_O)         0.264     0.264 r  sys_clk_IBUF_inst/O
                         net (fo=1, routed)           0.634     0.898    sys_clk_IBUF
    BUFGCTRL_X0Y0        BUFG (Prop_bufg_I_O)         0.026     0.924 r  sys_clk_IBUF_BUFG_inst/O
                         net (fo=734, routed)         0.592     1.515    sd_card_audio_m0/audio_buf/U0/inst_fifo_gen/gconvfifo.rf/grf.rf/rstblk/wr_clk
    SLICE_X3Y92          FDPE                                         r  sd_card_audio_m0/audio_buf/U0/inst_fifo_gen/gconvfifo.rf/grf.rf/rstblk/grstd1.grst_full.grst_f.rst_d1_reg/C
  -------------------------------------------------------------------    -------------------
    SLICE_X3Y92          FDPE (Prop_fdpe_C_Q)         0.141     1.656 r  sd_card_audio_m0/audio_buf/U0/inst_fifo_gen/gconvfifo.rf/grf.rf/rstblk/grstd1.grst_full.grst_f.rst_d1_reg/Q
                         net (fo=1, routed)           0.055     1.712    sd_card_audio_m0/audio_buf/U0/inst_fifo_gen/gconvfifo.rf/grf.rf/rstblk/rst_d1
    SLICE_X3Y92          FDPE                                         r  sd_card_audio_m0/audio_buf/U0/inst_fifo_gen/gconvfifo.rf/grf.rf/rstblk/grstd1.grst_full.grst_f.rst_d2_reg/D
  -------------------------------------------------------------------    -------------------

                         (clock sys_clk rise edge)    0.000     0.000 r  
    Y18                                               0.000     0.000 r  sys_clk (IN)
                         net (fo=0)                   0.000     0.000    sys_clk
    Y18                  IBUF (Prop_ibuf_I_O)         0.452     0.452 r  sys_clk_IBUF_inst/O
                         net (fo=1, routed)           0.689     1.140    sys_clk_IBUF
    BUFGCTRL_X0Y0        BUFG (Prop_bufg_I_O)         0.029     1.169 r  sys_clk_IBUF_BUFG_inst/O
                         net (fo=734, routed)         0.862     2.032    sd_card_audio_m0/audio_buf/U0/inst_fifo_gen/gconvfifo.rf/grf.rf/rstblk/wr_clk
    SLICE_X3Y92          FDPE                                         r  sd_card_audio_m0/audio_buf/U0/inst_fifo_gen/gconvfifo.rf/grf.rf/rstblk/grstd1.grst_full.grst_f.rst_d2_reg/C
                         clock pessimism             -0.516     1.515    
    SLICE_X3Y92          FDPE (Hold_fdpe_C_D)         0.075     1.590    sd_card_audio_m0/audio_buf/U0/inst_fifo_gen/gconvfifo.rf/grf.rf/rstblk/grstd1.grst_full.grst_f.rst_d2_reg
  -------------------------------------------------------------------
                         required time                         -1.590    
                         arrival time                           1.712    
  -------------------------------------------------------------------
                         slack                                  0.121    

Slack (MET) :             0.121ns  (arrival time - required time)
  Source:                 sd_card_audio_m0/audio_buf/U0/inst_fifo_gen/gconvfifo.rf/grf.rf/rstblk/ngwrdrst.grst.g7serrst.gnsckt_wrst.rst_wr_reg2_inst/arststages_ff_reg[0]/C
                            (rising edge-triggered cell FDPE clocked by sys_clk  {rise@0.000ns fall@10.000ns period=20.000ns})
  Destination:            sd_card_audio_m0/audio_buf/U0/inst_fifo_gen/gconvfifo.rf/grf.rf/rstblk/ngwrdrst.grst.g7serrst.gnsckt_wrst.rst_wr_reg2_inst/arststages_ff_reg[1]/D
                            (rising edge-triggered cell FDPE clocked by sys_clk  {rise@0.000ns fall@10.000ns period=20.000ns})
  Path Group:             sys_clk
  Path Type:              Hold (Min at Fast Process Corner)
  Requirement:            0.000ns  (sys_clk rise@0.000ns - sys_clk rise@0.000ns)
  Data Path Delay:        0.196ns  (logic 0.141ns (71.838%)  route 0.055ns (28.162%))
  Logic Levels:           0  
  Clock Path Skew:        0.000ns (DCD - SCD - CPR)
    Destination Clock Delay (DCD):    2.032ns
    Source Clock Delay      (SCD):    1.515ns
    Clock Pessimism Removal (CPR):    0.516ns

    Location             Delay type                Incr(ns)  Path(ns)    Netlist Resource(s)
  -------------------------------------------------------------------    -------------------
                         (clock sys_clk rise edge)    0.000     0.000 r  
    Y18                                               0.000     0.000 r  sys_clk (IN)
                         net (fo=0)                   0.000     0.000    sys_clk
    Y18                  IBUF (Prop_ibuf_I_O)         0.264     0.264 r  sys_clk_IBUF_inst/O
                         net (fo=1, routed)           0.634     0.898    sys_clk_IBUF
    BUFGCTRL_X0Y0        BUFG (Prop_bufg_I_O)         0.026     0.924 r  sys_clk_IBUF_BUFG_inst/O
                         net (fo=734, routed)         0.592     1.515    sd_card_audio_m0/audio_buf/U0/inst_fifo_gen/gconvfifo.rf/grf.rf/rstblk/ngwrdrst.grst.g7serrst.gnsckt_wrst.rst_wr_reg2_inst/dest_clk
    SLICE_X3Y91          FDPE                                         r  sd_card_audio_m0/audio_buf/U0/inst_fifo_gen/gconvfifo.rf/grf.rf/rstblk/ngwrdrst.grst.g7serrst.gnsckt_wrst.rst_wr_reg2_inst/arststages_ff_reg[0]/C
  -------------------------------------------------------------------    -------------------
    SLICE_X3Y91          FDPE (Prop_fdpe_C_Q)         0.141     1.656 r  sd_card_audio_m0/audio_buf/U0/inst_fifo_gen/gconvfifo.rf/grf.rf/rstblk/ngwrdrst.grst.g7serrst.gnsckt_wrst.rst_wr_reg2_inst/arststages_ff_reg[0]/Q
                         net (fo=1, routed)           0.055     1.712    sd_card_audio_m0/audio_buf/U0/inst_fifo_gen/gconvfifo.rf/grf.rf/rstblk/ngwrdrst.grst.g7serrst.gnsckt_wrst.rst_wr_reg2_inst/arststages_ff[0]
    SLICE_X3Y91          FDPE                                         r  sd_card_audio_m0/audio_buf/U0/inst_fifo_gen/gconvfifo.rf/grf.rf/rstblk/ngwrdrst.grst.g7serrst.gnsckt_wrst.rst_wr_reg2_inst/arststages_ff_reg[1]/D
  -------------------------------------------------------------------    -------------------

                         (clock sys_clk rise edge)    0.000     0.000 r  
    Y18                                               0.000     0.000 r  sys_clk (IN)
                         net (fo=0)                   0.000     0.000    sys_clk
    Y18                  IBUF (Prop_ibuf_I_O)         0.452     0.452 r  sys_clk_IBUF_inst/O
                         net (fo=1, routed)           0.689     1.140    sys_clk_IBUF
    BUFGCTRL_X0Y0        BUFG (Prop_bufg_I_O)         0.029     1.169 r  sys_clk_IBUF_BUFG_inst/O
                         net (fo=734, routed)         0.862     2.032    sd_card_audio_m0/audio_buf/U0/inst_fifo_gen/gconvfifo.rf/grf.rf/rstblk/ngwrdrst.grst.g7serrst.gnsckt_wrst.rst_wr_reg2_inst/dest_clk
    SLICE_X3Y91          FDPE                                         r  sd_card_audio_m0/audio_buf/U0/inst_fifo_gen/gconvfifo.rf/grf.rf/rstblk/ngwrdrst.grst.g7serrst.gnsckt_wrst.rst_wr_reg2_inst/arststages_ff_reg[1]/C
                         clock pessimism             -0.516     1.515    
    SLICE_X3Y91          FDPE (Hold_fdpe_C_D)         0.075     1.590    sd_card_audio_m0/audio_buf/U0/inst_fifo_gen/gconvfifo.rf/grf.rf/rstblk/ngwrdrst.grst.g7serrst.gnsckt_wrst.rst_wr_reg2_inst/arststages_ff_reg[1]
  -------------------------------------------------------------------
                         required time                         -1.590    
                         arrival time                           1.712    
  -------------------------------------------------------------------
                         slack                                  0.121    

Slack (MET) :             0.121ns  (arrival time - required time)
  Source:                 sd_card_audio_m0/audio_buf/U0/inst_fifo_gen/gconvfifo.rf/grf.rf/rstblk/ngwrdrst.grst.g7serrst.gnsckt_wrst.gic_rst.xpm_cdc_single_inst_wrst_rd/syncstages_ff_reg[0]/C
                            (rising edge-triggered cell FDRE clocked by sys_clk  {rise@0.000ns fall@10.000ns period=20.000ns})
  Destination:            sd_card_audio_m0/audio_buf/U0/inst_fifo_gen/gconvfifo.rf/grf.rf/rstblk/ngwrdrst.grst.g7serrst.gnsckt_wrst.gic_rst.xpm_cdc_single_inst_wrst_rd/syncstages_ff_reg[1]/D
                            (rising edge-triggered cell FDRE clocked by sys_clk  {rise@0.000ns fall@10.000ns period=20.000ns})
  Path Group:             sys_clk
  Path Type:              Hold (Min at Fast Process Corner)
  Requirement:            0.000ns  (sys_clk rise@0.000ns - sys_clk rise@0.000ns)
  Data Path Delay:        0.196ns  (logic 0.141ns (71.838%)  route 0.055ns (28.162%))
  Logic Levels:           0  
  Clock Path Skew:        0.000ns (DCD - SCD - CPR)
    Destination Clock Delay (DCD):    2.030ns
    Source Clock Delay      (SCD):    1.513ns
    Clock Pessimism Removal (CPR):    0.516ns

    Location             Delay type                Incr(ns)  Path(ns)    Netlist Resource(s)
  -------------------------------------------------------------------    -------------------
                         (clock sys_clk rise edge)    0.000     0.000 r  
    Y18                                               0.000     0.000 r  sys_clk (IN)
                         net (fo=0)                   0.000     0.000    sys_clk
    Y18                  IBUF (Prop_ibuf_I_O)         0.264     0.264 r  sys_clk_IBUF_inst/O
                         net (fo=1, routed)           0.634     0.898    sys_clk_IBUF
    BUFGCTRL_X0Y0        BUFG (Prop_bufg_I_O)         0.026     0.924 r  sys_clk_IBUF_BUFG_inst/O
                         net (fo=734, routed)         0.590     1.513    sd_card_audio_m0/audio_buf/U0/inst_fifo_gen/gconvfifo.rf/grf.rf/rstblk/ngwrdrst.grst.g7serrst.gnsckt_wrst.gic_rst.xpm_cdc_single_inst_wrst_rd/dest_clk
    SLICE_X5Y90          FDRE                                         r  sd_card_audio_m0/audio_buf/U0/inst_fifo_gen/gconvfifo.rf/grf.rf/rstblk/ngwrdrst.grst.g7serrst.gnsckt_wrst.gic_rst.xpm_cdc_single_inst_wrst_rd/syncstages_ff_reg[0]/C
  -------------------------------------------------------------------    -------------------
    SLICE_X5Y90          FDRE (Prop_fdre_C_Q)         0.141     1.654 r  sd_card_audio_m0/audio_buf/U0/inst_fifo_gen/gconvfifo.rf/grf.rf/rstblk/ngwrdrst.grst.g7serrst.gnsckt_wrst.gic_rst.xpm_cdc_single_inst_wrst_rd/syncstages_ff_reg[0]/Q
                         net (fo=1, routed)           0.055     1.710    sd_card_audio_m0/audio_buf/U0/inst_fifo_gen/gconvfifo.rf/grf.rf/rstblk/ngwrdrst.grst.g7serrst.gnsckt_wrst.gic_rst.xpm_cdc_single_inst_wrst_rd/syncstages_ff[0]
    SLICE_X5Y90          FDRE                                         r  sd_card_audio_m0/audio_buf/U0/inst_fifo_gen/gconvfifo.rf/grf.rf/rstblk/ngwrdrst.grst.g7serrst.gnsckt_wrst.gic_rst.xpm_cdc_single_inst_wrst_rd/syncstages_ff_reg[1]/D
  -------------------------------------------------------------------    -------------------

                         (clock sys_clk rise edge)    0.000     0.000 r  
    Y18                                               0.000     0.000 r  sys_clk (IN)
                         net (fo=0)                   0.000     0.000    sys_clk
    Y18                  IBUF (Prop_ibuf_I_O)         0.452     0.452 r  sys_clk_IBUF_inst/O
                         net (fo=1, routed)           0.689     1.140    sys_clk_IBUF
    BUFGCTRL_X0Y0        BUFG (Prop_bufg_I_O)         0.029     1.169 r  sys_clk_IBUF_BUFG_inst/O
                         net (fo=734, routed)         0.860     2.030    sd_card_audio_m0/audio_buf/U0/inst_fifo_gen/gconvfifo.rf/grf.rf/rstblk/ngwrdrst.grst.g7serrst.gnsckt_wrst.gic_rst.xpm_cdc_single_inst_wrst_rd/dest_clk
    SLICE_X5Y90          FDRE                                         r  sd_card_audio_m0/audio_buf/U0/inst_fifo_gen/gconvfifo.rf/grf.rf/rstblk/ngwrdrst.grst.g7serrst.gnsckt_wrst.gic_rst.xpm_cdc_single_inst_wrst_rd/syncstages_ff_reg[1]/C
                         clock pessimism             -0.516     1.513    
    SLICE_X5Y90          FDRE (Hold_fdre_C_D)         0.075     1.588    sd_card_audio_m0/audio_buf/U0/inst_fifo_gen/gconvfifo.rf/grf.rf/rstblk/ngwrdrst.grst.g7serrst.gnsckt_wrst.gic_rst.xpm_cdc_single_inst_wrst_rd/syncstages_ff_reg[1]
  -------------------------------------------------------------------
                         required time                         -1.588    
                         arrival time                           1.710    
  -------------------------------------------------------------------
                         slack                                  0.121    

Slack (MET) :             0.123ns  (arrival time - required time)
  Source:                 sd_card_audio_m0/audio_buf/U0/inst_fifo_gen/gconvfifo.rf/grf.rf/gntv_or_sync_fifo.gcx.clkx/wr_pntr_cdc_inst/dest_graysync_ff_reg[0][9]/C
                            (rising edge-triggered cell FDRE clocked by sys_clk  {rise@0.000ns fall@10.000ns period=20.000ns})
  Destination:            sd_card_audio_m0/audio_buf/U0/inst_fifo_gen/gconvfifo.rf/grf.rf/gntv_or_sync_fifo.gcx.clkx/wr_pntr_cdc_inst/dest_graysync_ff_reg[1][9]/D
                            (rising edge-triggered cell FDRE clocked by sys_clk  {rise@0.000ns fall@10.000ns period=20.000ns})
  Path Group:             sys_clk
  Path Type:              Hold (Min at Fast Process Corner)
  Requirement:            0.000ns  (sys_clk rise@0.000ns - sys_clk rise@0.000ns)
  Data Path Delay:        0.199ns  (logic 0.141ns (70.848%)  route 0.058ns (29.152%))
  Logic Levels:           0  
  Clock Path Skew:        0.000ns (DCD - SCD - CPR)
    Destination Clock Delay (DCD):    2.033ns
    Source Clock Delay      (SCD):    1.516ns
    Clock Pessimism Removal (CPR):    0.516ns

    Location             Delay type                Incr(ns)  Path(ns)    Netlist Resource(s)
  -------------------------------------------------------------------    -------------------
                         (clock sys_clk rise edge)    0.000     0.000 r  
    Y18                                               0.000     0.000 r  sys_clk (IN)
                         net (fo=0)                   0.000     0.000    sys_clk
    Y18                  IBUF (Prop_ibuf_I_O)         0.264     0.264 r  sys_clk_IBUF_inst/O
                         net (fo=1, routed)           0.634     0.898    sys_clk_IBUF
    BUFGCTRL_X0Y0        BUFG (Prop_bufg_I_O)         0.026     0.924 r  sys_clk_IBUF_BUFG_inst/O
                         net (fo=734, routed)         0.593     1.516    sd_card_audio_m0/audio_buf/U0/inst_fifo_gen/gconvfifo.rf/grf.rf/gntv_or_sync_fifo.gcx.clkx/wr_pntr_cdc_inst/dest_clk
    SLICE_X0Y94          FDRE                                         r  sd_card_audio_m0/audio_buf/U0/inst_fifo_gen/gconvfifo.rf/grf.rf/gntv_or_sync_fifo.gcx.clkx/wr_pntr_cdc_inst/dest_graysync_ff_reg[0][9]/C
  -------------------------------------------------------------------    -------------------
    SLICE_X0Y94          FDRE (Prop_fdre_C_Q)         0.141     1.657 r  sd_card_audio_m0/audio_buf/U0/inst_fifo_gen/gconvfifo.rf/grf.rf/gntv_or_sync_fifo.gcx.clkx/wr_pntr_cdc_inst/dest_graysync_ff_reg[0][9]/Q
                         net (fo=1, routed)           0.058     1.715    sd_card_audio_m0/audio_buf/U0/inst_fifo_gen/gconvfifo.rf/grf.rf/gntv_or_sync_fifo.gcx.clkx/wr_pntr_cdc_inst/dest_graysync_ff[0][9]
    SLICE_X0Y94          FDRE                                         r  sd_card_audio_m0/audio_buf/U0/inst_fifo_gen/gconvfifo.rf/grf.rf/gntv_or_sync_fifo.gcx.clkx/wr_pntr_cdc_inst/dest_graysync_ff_reg[1][9]/D
  -------------------------------------------------------------------    -------------------

                         (clock sys_clk rise edge)    0.000     0.000 r  
    Y18                                               0.000     0.000 r  sys_clk (IN)
                         net (fo=0)                   0.000     0.000    sys_clk
    Y18                  IBUF (Prop_ibuf_I_O)         0.452     0.452 r  sys_clk_IBUF_inst/O
                         net (fo=1, routed)           0.689     1.140    sys_clk_IBUF
    BUFGCTRL_X0Y0        BUFG (Prop_bufg_I_O)         0.029     1.169 r  sys_clk_IBUF_BUFG_inst/O
                         net (fo=734, routed)         0.863     2.033    sd_card_audio_m0/audio_buf/U0/inst_fifo_gen/gconvfifo.rf/grf.rf/gntv_or_sync_fifo.gcx.clkx/wr_pntr_cdc_inst/dest_clk
    SLICE_X0Y94          FDRE                                         r  sd_card_audio_m0/audio_buf/U0/inst_fifo_gen/gconvfifo.rf/grf.rf/gntv_or_sync_fifo.gcx.clkx/wr_pntr_cdc_inst/dest_graysync_ff_reg[1][9]/C
                         clock pessimism             -0.516     1.516    
    SLICE_X0Y94          FDRE (Hold_fdre_C_D)         0.076     1.592    sd_card_audio_m0/audio_buf/U0/inst_fifo_gen/gconvfifo.rf/grf.rf/gntv_or_sync_fifo.gcx.clkx/wr_pntr_cdc_inst/dest_graysync_ff_reg[1][9]
  -------------------------------------------------------------------
                         required time                         -1.592    
                         arrival time                           1.715    
  -------------------------------------------------------------------
                         slack                                  0.123    

Slack (MET) :             0.125ns  (arrival time - required time)
  Source:                 sd_card_audio_m0/audio_buf/U0/inst_fifo_gen/gconvfifo.rf/grf.rf/gntv_or_sync_fifo.gcx.clkx/rd_pntr_cdc_inst/dest_graysync_ff_reg[0][1]/C
                            (rising edge-triggered cell FDRE clocked by sys_clk  {rise@0.000ns fall@10.000ns period=20.000ns})
  Destination:            sd_card_audio_m0/audio_buf/U0/inst_fifo_gen/gconvfifo.rf/grf.rf/gntv_or_sync_fifo.gcx.clkx/rd_pntr_cdc_inst/dest_graysync_ff_reg[1][1]/D
                            (rising edge-triggered cell FDRE clocked by sys_clk  {rise@0.000ns fall@10.000ns period=20.000ns})
  Path Group:             sys_clk
  Path Type:              Hold (Min at Fast Process Corner)
  Requirement:            0.000ns  (sys_clk rise@0.000ns - sys_clk rise@0.000ns)
  Data Path Delay:        0.196ns  (logic 0.141ns (71.838%)  route 0.055ns (28.162%))
  Logic Levels:           0  
  Clock Path Skew:        0.000ns (DCD - SCD - CPR)
    Destination Clock Delay (DCD):    2.031ns
    Source Clock Delay      (SCD):    1.514ns
    Clock Pessimism Removal (CPR):    0.516ns

    Location             Delay type                Incr(ns)  Path(ns)    Netlist Resource(s)
  -------------------------------------------------------------------    -------------------
                         (clock sys_clk rise edge)    0.000     0.000 r  
    Y18                                               0.000     0.000 r  sys_clk (IN)
                         net (fo=0)                   0.000     0.000    sys_clk
    Y18                  IBUF (Prop_ibuf_I_O)         0.264     0.264 r  sys_clk_IBUF_inst/O
                         net (fo=1, routed)           0.634     0.898    sys_clk_IBUF
    BUFGCTRL_X0Y0        BUFG (Prop_bufg_I_O)         0.026     0.924 r  sys_clk_IBUF_BUFG_inst/O
                         net (fo=734, routed)         0.591     1.514    sd_card_audio_m0/audio_buf/U0/inst_fifo_gen/gconvfifo.rf/grf.rf/gntv_or_sync_fifo.gcx.clkx/rd_pntr_cdc_inst/dest_clk
    SLICE_X5Y94          FDRE                                         r  sd_card_audio_m0/audio_buf/U0/inst_fifo_gen/gconvfifo.rf/grf.rf/gntv_or_sync_fifo.gcx.clkx/rd_pntr_cdc_inst/dest_graysync_ff_reg[0][1]/C
  -------------------------------------------------------------------    -------------------
    SLICE_X5Y94          FDRE (Prop_fdre_C_Q)         0.141     1.655 r  sd_card_audio_m0/audio_buf/U0/inst_fifo_gen/gconvfifo.rf/grf.rf/gntv_or_sync_fifo.gcx.clkx/rd_pntr_cdc_inst/dest_graysync_ff_reg[0][1]/Q
                         net (fo=1, routed)           0.055     1.711    sd_card_audio_m0/audio_buf/U0/inst_fifo_gen/gconvfifo.rf/grf.rf/gntv_or_sync_fifo.gcx.clkx/rd_pntr_cdc_inst/dest_graysync_ff[0][1]
    SLICE_X5Y94          FDRE                                         r  sd_card_audio_m0/audio_buf/U0/inst_fifo_gen/gconvfifo.rf/grf.rf/gntv_or_sync_fifo.gcx.clkx/rd_pntr_cdc_inst/dest_graysync_ff_reg[1][1]/D
  -------------------------------------------------------------------    -------------------

                         (clock sys_clk rise edge)    0.000     0.000 r  
    Y18                                               0.000     0.000 r  sys_clk (IN)
                         net (fo=0)                   0.000     0.000    sys_clk
    Y18                  IBUF (Prop_ibuf_I_O)         0.452     0.452 r  sys_clk_IBUF_inst/O
                         net (fo=1, routed)           0.689     1.140    sys_clk_IBUF
    BUFGCTRL_X0Y0        BUFG (Prop_bufg_I_O)         0.029     1.169 r  sys_clk_IBUF_BUFG_inst/O
                         net (fo=734, routed)         0.861     2.031    sd_card_audio_m0/audio_buf/U0/inst_fifo_gen/gconvfifo.rf/grf.rf/gntv_or_sync_fifo.gcx.clkx/rd_pntr_cdc_inst/dest_clk
    SLICE_X5Y94          FDRE                                         r  sd_card_audio_m0/audio_buf/U0/inst_fifo_gen/gconvfifo.rf/grf.rf/gntv_or_sync_fifo.gcx.clkx/rd_pntr_cdc_inst/dest_graysync_ff_reg[1][1]/C
                         clock pessimism             -0.516     1.514    
    SLICE_X5Y94          FDRE (Hold_fdre_C_D)         0.071     1.585    sd_card_audio_m0/audio_buf/U0/inst_fifo_gen/gconvfifo.rf/grf.rf/gntv_or_sync_fifo.gcx.clkx/rd_pntr_cdc_inst/dest_graysync_ff_reg[1][1]
  -------------------------------------------------------------------
                         required time                         -1.585    
                         arrival time                           1.711    
  -------------------------------------------------------------------
                         slack                                  0.125    





Pulse Width Checks
--------------------------------------------------------------------------------------
Clock Name:         sys_clk
Waveform(ns):       { 0.000 10.000 }
Period(ns):         20.000
Sources:            { sys_clk }

Check Type        Corner  Lib Pin             Reference Pin  Required(ns)  Actual(ns)  Slack(ns)  Location       Pin
Min Period        n/a     RAMB18E1/CLKARDCLK  n/a            2.170         20.000      17.830     RAMB18_X0Y38   sd_card_audio_m0/audio_buf/U0/inst_fifo_gen/gconvfifo.rf/grf.rf/gntv_or_sync_fifo.mem/gbm.gbmg.gbmga.ngecc.bmg/inst_blk_mem_gen/gnbram.gnativebmg.native_blk_mem_gen/valid.cstr/ramloop[0].ram.r/prim_noinit.ram/DEVICE_7SERIES.NO_BMM_INFO.SDP.WIDE_PRIM18_sp.ram/CLKARDCLK
Min Period        n/a     RAMB18E1/CLKBWRCLK  n/a            2.170         20.000      17.830     RAMB18_X0Y38   sd_card_audio_m0/audio_buf/U0/inst_fifo_gen/gconvfifo.rf/grf.rf/gntv_or_sync_fifo.mem/gbm.gbmg.gbmga.ngecc.bmg/inst_blk_mem_gen/gnbram.gnativebmg.native_blk_mem_gen/valid.cstr/ramloop[0].ram.r/prim_noinit.ram/DEVICE_7SERIES.NO_BMM_INFO.SDP.WIDE_PRIM18_sp.ram/CLKBWRCLK
Min Period        n/a     BUFG/I              n/a            1.592         20.000      18.408     BUFGCTRL_X0Y0  sys_clk_IBUF_BUFG_inst/I
Min Period        n/a     FDCE/C              n/a            1.000         20.000      19.000     SLICE_X4Y145   i2c_config_m0/FSM_sequential_state_reg[0]/C
Min Period        n/a     FDCE/C              n/a            1.000         20.000      19.000     SLICE_X5Y146   i2c_config_m0/FSM_sequential_state_reg[1]/C
Min Period        n/a     FDCE/C              n/a            1.000         20.000      19.000     SLICE_X5Y148   i2c_config_m0/i2c_master_top_m0/FSM_sequential_state_reg[0]/C
Min Period        n/a     FDPE/C              n/a            1.000         20.000      19.000     SLICE_X4Y149   i2c_config_m0/i2c_master_top_m0/FSM_sequential_state_reg[1]/C
Min Period        n/a     FDPE/C              n/a            1.000         20.000      19.000     SLICE_X4Y149   i2c_config_m0/i2c_master_top_m0/FSM_sequential_state_reg[2]/C
Min Period        n/a     FDCE/C              n/a            1.000         20.000      19.000     SLICE_X4Y148   i2c_config_m0/i2c_master_top_m0/FSM_sequential_state_reg[3]/C
Min Period        n/a     FDCE/C              n/a            1.000         20.000      19.000     SLICE_X5Y146   i2c_config_m0/i2c_master_top_m0/ack_in_reg/C
Low Pulse Width   Slow    FDRE/C              n/a            0.500         10.000      9.500      SLICE_X3Y147   i2c_config_m0/i2c_master_top_m0/byte_controller/FSM_sequential_c_state_reg[0]/C
Low Pulse Width   Fast    FDRE/C              n/a            0.500         10.000      9.500      SLICE_X3Y147   i2c_config_m0/i2c_master_top_m0/byte_controller/FSM_sequential_c_state_reg[0]/C
Low Pulse Width   Slow    FDRE/C              n/a            0.500         10.000      9.500      SLICE_X3Y146   i2c_config_m0/i2c_master_top_m0/byte_controller/bit_controller/dSCL_reg/C
Low Pulse Width   Fast    FDRE/C              n/a            0.500         10.000      9.500      SLICE_X3Y146   i2c_config_m0/i2c_master_top_m0/byte_controller/bit_controller/dSCL_reg/C
Low Pulse Width   Slow    FDRE/C              n/a            0.500         10.000      9.500      SLICE_X3Y146   i2c_config_m0/i2c_master_top_m0/byte_controller/bit_controller/dSDA_reg/C
Low Pulse Width   Fast    FDRE/C              n/a            0.500         10.000      9.500      SLICE_X3Y146   i2c_config_m0/i2c_master_top_m0/byte_controller/bit_controller/dSDA_reg/C
Low Pulse Width   Slow    FDRE/C              n/a            0.500         10.000      9.500      SLICE_X3Y146   i2c_config_m0/i2c_master_top_m0/byte_controller/bit_controller/dout_reg/C
Low Pulse Width   Fast    FDRE/C              n/a            0.500         10.000      9.500      SLICE_X3Y146   i2c_config_m0/i2c_master_top_m0/byte_controller/bit_controller/dout_reg/C
Low Pulse Width   Fast    FDRE/C              n/a            0.500         10.000      9.500      SLICE_X2Y143   i2c_config_m0/i2c_master_top_m0/byte_controller/bit_controller/dscl_oen_reg/C
Low Pulse Width   Slow    FDCE/C              n/a            0.500         10.000      9.500      SLICE_X8Y93    sd_card_audio_m0/audio_buf/U0/inst_fifo_gen/gconvfifo.rf/grf.rf/gntv_or_sync_fifo.gl0.wr/wpntr/gic0.gc0.count_d1_reg[9]/C
High Pulse Width  Slow    FDRE/C              n/a            0.500         10.000      9.500      SLICE_X3Y147   i2c_config_m0/i2c_master_top_m0/byte_controller/FSM_sequential_c_state_reg[0]/C
High Pulse Width  Slow    FDRE/C              n/a            0.500         10.000      9.500      SLICE_X3Y146   i2c_config_m0/i2c_master_top_m0/byte_controller/bit_controller/dSCL_reg/C
High Pulse Width  Slow    FDRE/C              n/a            0.500         10.000      9.500      SLICE_X3Y146   i2c_config_m0/i2c_master_top_m0/byte_controller/bit_controller/dSDA_reg/C
High Pulse Width  Slow    FDRE/C              n/a            0.500         10.000      9.500      SLICE_X3Y146   i2c_config_m0/i2c_master_top_m0/byte_controller/bit_controller/dout_reg/C
High Pulse Width  Slow    FDRE/C              n/a            0.500         10.000      9.500      SLICE_X2Y143   i2c_config_m0/i2c_master_top_m0/byte_controller/bit_controller/dscl_oen_reg/C
High Pulse Width  Slow    FDRE/C              n/a            0.500         10.000      9.500      SLICE_X2Y142   i2c_config_m0/i2c_master_top_m0/byte_controller/bit_controller/fSCL_reg[0]/C
High Pulse Width  Slow    FDRE/C              n/a            0.500         10.000      9.500      SLICE_X2Y142   i2c_config_m0/i2c_master_top_m0/byte_controller/bit_controller/fSCL_reg[1]/C
High Pulse Width  Slow    FDRE/C              n/a            0.500         10.000      9.500      SLICE_X2Y142   i2c_config_m0/i2c_master_top_m0/byte_controller/bit_controller/fSCL_reg[2]/C
High Pulse Width  Slow    FDRE/C              n/a            0.500         10.000      9.500      SLICE_X2Y142   i2c_config_m0/i2c_master_top_m0/byte_controller/bit_controller/fSDA_reg[0]/C
High Pulse Width  Slow    FDRE/C              n/a            0.500         10.000      9.500      SLICE_X2Y142   i2c_config_m0/i2c_master_top_m0/byte_controller/bit_controller/fSDA_reg[1]/C



---------------------------------------------------------------------------------------------------
Path Group:  **async_default**
From Clock:  sys_clk
  To Clock:  sys_clk

Setup :            0  Failing Endpoints,  Worst Slack       18.212ns,  Total Violation        0.000ns
Hold  :            0  Failing Endpoints,  Worst Slack        0.376ns,  Total Violation        0.000ns
---------------------------------------------------------------------------------------------------


Max Delay Paths
--------------------------------------------------------------------------------------
Slack (MET) :             18.212ns  (required time - arrival time)
  Source:                 sd_card_audio_m0/audio_buf/U0/inst_fifo_gen/gconvfifo.rf/grf.rf/rstblk/ngwrdrst.grst.g7serrst.gnsckt_wrst.gic_rst.sckt_wr_rst_ic_reg/C
                            (rising edge-triggered cell FDPE clocked by sys_clk  {rise@0.000ns fall@10.000ns period=20.000ns})
  Destination:            sd_card_audio_m0/audio_buf/U0/inst_fifo_gen/gconvfifo.rf/grf.rf/gntv_or_sync_fifo.gl0.wr/wpntr/gic0.gc0.count_d1_reg[9]/CLR
                            (recovery check against rising-edge clock sys_clk  {rise@0.000ns fall@10.000ns period=20.000ns})
  Path Group:             **async_default**
  Path Type:              Recovery (Max at Slow Process Corner)
  Requirement:            20.000ns  (sys_clk rise@20.000ns - sys_clk rise@0.000ns)
  Data Path Delay:        1.383ns  (logic 0.379ns (27.400%)  route 1.004ns (72.600%))
  Logic Levels:           0  
  Clock Path Skew:        -0.111ns (DCD - SCD + CPR)
    Destination Clock Delay (DCD):    4.290ns = ( 24.290 - 20.000 ) 
    Source Clock Delay      (SCD):    4.626ns
    Clock Pessimism Removal (CPR):    0.225ns
  Clock Uncertainty:      0.035ns  ((TSJ^2 + TIJ^2)^1/2 + DJ) / 2 + PE
    Total System Jitter     (TSJ):    0.071ns
    Total Input Jitter      (TIJ):    0.000ns
    Discrete Jitter          (DJ):    0.000ns
    Phase Error              (PE):    0.000ns

    Location             Delay type                Incr(ns)  Path(ns)    Netlist Resource(s)
  -------------------------------------------------------------------    -------------------
                         (clock sys_clk rise edge)    0.000     0.000 r  
    Y18                                               0.000     0.000 r  sys_clk (IN)
                         net (fo=0)                   0.000     0.000    sys_clk
    Y18                  IBUF (Prop_ibuf_I_O)         1.427     1.427 r  sys_clk_IBUF_inst/O
                         net (fo=1, routed)           1.693     3.120    sys_clk_IBUF
    BUFGCTRL_X0Y0        BUFG (Prop_bufg_I_O)         0.081     3.201 r  sys_clk_IBUF_BUFG_inst/O
                         net (fo=734, routed)         1.425     4.626    sd_card_audio_m0/audio_buf/U0/inst_fifo_gen/gconvfifo.rf/grf.rf/rstblk/wr_clk
    SLICE_X3Y92          FDPE                                         r  sd_card_audio_m0/audio_buf/U0/inst_fifo_gen/gconvfifo.rf/grf.rf/rstblk/ngwrdrst.grst.g7serrst.gnsckt_wrst.gic_rst.sckt_wr_rst_ic_reg/C
  -------------------------------------------------------------------    -------------------
    SLICE_X3Y92          FDPE (Prop_fdpe_C_Q)         0.379     5.005 f  sd_card_audio_m0/audio_buf/U0/inst_fifo_gen/gconvfifo.rf/grf.rf/rstblk/ngwrdrst.grst.g7serrst.gnsckt_wrst.gic_rst.sckt_wr_rst_ic_reg/Q
                         net (fo=43, routed)          1.004     6.009    sd_card_audio_m0/audio_buf/U0/inst_fifo_gen/gconvfifo.rf/grf.rf/gntv_or_sync_fifo.gl0.wr/wpntr/AR[0]
    SLICE_X8Y93          FDCE                                         f  sd_card_audio_m0/audio_buf/U0/inst_fifo_gen/gconvfifo.rf/grf.rf/gntv_or_sync_fifo.gl0.wr/wpntr/gic0.gc0.count_d1_reg[9]/CLR
  -------------------------------------------------------------------    -------------------

                         (clock sys_clk rise edge)   20.000    20.000 r  
    Y18                                               0.000    20.000 r  sys_clk (IN)
                         net (fo=0)                   0.000    20.000    sys_clk
    Y18                  IBUF (Prop_ibuf_I_O)         1.361    21.361 r  sys_clk_IBUF_inst/O
                         net (fo=1, routed)           1.604    22.965    sys_clk_IBUF
    BUFGCTRL_X0Y0        BUFG (Prop_bufg_I_O)         0.077    23.042 r  sys_clk_IBUF_BUFG_inst/O
                         net (fo=734, routed)         1.248    24.290    sd_card_audio_m0/audio_buf/U0/inst_fifo_gen/gconvfifo.rf/grf.rf/gntv_or_sync_fifo.gl0.wr/wpntr/wr_clk
    SLICE_X8Y93          FDCE                                         r  sd_card_audio_m0/audio_buf/U0/inst_fifo_gen/gconvfifo.rf/grf.rf/gntv_or_sync_fifo.gl0.wr/wpntr/gic0.gc0.count_d1_reg[9]/C
                         clock pessimism              0.225    24.515    
                         clock uncertainty           -0.035    24.480    
    SLICE_X8Y93          FDCE (Recov_fdce_C_CLR)     -0.258    24.222    sd_card_audio_m0/audio_buf/U0/inst_fifo_gen/gconvfifo.rf/grf.rf/gntv_or_sync_fifo.gl0.wr/wpntr/gic0.gc0.count_d1_reg[9]
  -------------------------------------------------------------------
                         required time                         24.222    
                         arrival time                          -6.009    
  -------------------------------------------------------------------
                         slack                                 18.212    

Slack (MET) :             18.212ns  (required time - arrival time)
  Source:                 sd_card_audio_m0/audio_buf/U0/inst_fifo_gen/gconvfifo.rf/grf.rf/rstblk/ngwrdrst.grst.g7serrst.gnsckt_wrst.gic_rst.sckt_wr_rst_ic_reg/C
                            (rising edge-triggered cell FDPE clocked by sys_clk  {rise@0.000ns fall@10.000ns period=20.000ns})
  Destination:            sd_card_audio_m0/audio_buf/U0/inst_fifo_gen/gconvfifo.rf/grf.rf/gntv_or_sync_fifo.gl0.wr/wpntr/gic0.gc0.count_d2_reg[9]/CLR
                            (recovery check against rising-edge clock sys_clk  {rise@0.000ns fall@10.000ns period=20.000ns})
  Path Group:             **async_default**
  Path Type:              Recovery (Max at Slow Process Corner)
  Requirement:            20.000ns  (sys_clk rise@20.000ns - sys_clk rise@0.000ns)
  Data Path Delay:        1.383ns  (logic 0.379ns (27.400%)  route 1.004ns (72.600%))
  Logic Levels:           0  
  Clock Path Skew:        -0.111ns (DCD - SCD + CPR)
    Destination Clock Delay (DCD):    4.290ns = ( 24.290 - 20.000 ) 
    Source Clock Delay      (SCD):    4.626ns
    Clock Pessimism Removal (CPR):    0.225ns
  Clock Uncertainty:      0.035ns  ((TSJ^2 + TIJ^2)^1/2 + DJ) / 2 + PE
    Total System Jitter     (TSJ):    0.071ns
    Total Input Jitter      (TIJ):    0.000ns
    Discrete Jitter          (DJ):    0.000ns
    Phase Error              (PE):    0.000ns

    Location             Delay type                Incr(ns)  Path(ns)    Netlist Resource(s)
  -------------------------------------------------------------------    -------------------
                         (clock sys_clk rise edge)    0.000     0.000 r  
    Y18                                               0.000     0.000 r  sys_clk (IN)
                         net (fo=0)                   0.000     0.000    sys_clk
    Y18                  IBUF (Prop_ibuf_I_O)         1.427     1.427 r  sys_clk_IBUF_inst/O
                         net (fo=1, routed)           1.693     3.120    sys_clk_IBUF
    BUFGCTRL_X0Y0        BUFG (Prop_bufg_I_O)         0.081     3.201 r  sys_clk_IBUF_BUFG_inst/O
                         net (fo=734, routed)         1.425     4.626    sd_card_audio_m0/audio_buf/U0/inst_fifo_gen/gconvfifo.rf/grf.rf/rstblk/wr_clk
    SLICE_X3Y92          FDPE                                         r  sd_card_audio_m0/audio_buf/U0/inst_fifo_gen/gconvfifo.rf/grf.rf/rstblk/ngwrdrst.grst.g7serrst.gnsckt_wrst.gic_rst.sckt_wr_rst_ic_reg/C
  -------------------------------------------------------------------    -------------------
    SLICE_X3Y92          FDPE (Prop_fdpe_C_Q)         0.379     5.005 f  sd_card_audio_m0/audio_buf/U0/inst_fifo_gen/gconvfifo.rf/grf.rf/rstblk/ngwrdrst.grst.g7serrst.gnsckt_wrst.gic_rst.sckt_wr_rst_ic_reg/Q
                         net (fo=43, routed)          1.004     6.009    sd_card_audio_m0/audio_buf/U0/inst_fifo_gen/gconvfifo.rf/grf.rf/gntv_or_sync_fifo.gl0.wr/wpntr/AR[0]
    SLICE_X8Y93          FDCE                                         f  sd_card_audio_m0/audio_buf/U0/inst_fifo_gen/gconvfifo.rf/grf.rf/gntv_or_sync_fifo.gl0.wr/wpntr/gic0.gc0.count_d2_reg[9]/CLR
  -------------------------------------------------------------------    -------------------

                         (clock sys_clk rise edge)   20.000    20.000 r  
    Y18                                               0.000    20.000 r  sys_clk (IN)
                         net (fo=0)                   0.000    20.000    sys_clk
    Y18                  IBUF (Prop_ibuf_I_O)         1.361    21.361 r  sys_clk_IBUF_inst/O
                         net (fo=1, routed)           1.604    22.965    sys_clk_IBUF
    BUFGCTRL_X0Y0        BUFG (Prop_bufg_I_O)         0.077    23.042 r  sys_clk_IBUF_BUFG_inst/O
                         net (fo=734, routed)         1.248    24.290    sd_card_audio_m0/audio_buf/U0/inst_fifo_gen/gconvfifo.rf/grf.rf/gntv_or_sync_fifo.gl0.wr/wpntr/wr_clk
    SLICE_X8Y93          FDCE                                         r  sd_card_audio_m0/audio_buf/U0/inst_fifo_gen/gconvfifo.rf/grf.rf/gntv_or_sync_fifo.gl0.wr/wpntr/gic0.gc0.count_d2_reg[9]/C
                         clock pessimism              0.225    24.515    
                         clock uncertainty           -0.035    24.480    
    SLICE_X8Y93          FDCE (Recov_fdce_C_CLR)     -0.258    24.222    sd_card_audio_m0/audio_buf/U0/inst_fifo_gen/gconvfifo.rf/grf.rf/gntv_or_sync_fifo.gl0.wr/wpntr/gic0.gc0.count_d2_reg[9]
  -------------------------------------------------------------------
                         required time                         24.222    
                         arrival time                          -6.009    
  -------------------------------------------------------------------
                         slack                                 18.212    

Slack (MET) :             18.291ns  (required time - arrival time)
  Source:                 sd_card_audio_m0/audio_buf/U0/inst_fifo_gen/gconvfifo.rf/grf.rf/rstblk/ngwrdrst.grst.g7serrst.gnsckt_wrst.gic_rst.sckt_rd_rst_ic_reg/C
                            (rising edge-triggered cell FDPE clocked by sys_clk  {rise@0.000ns fall@10.000ns period=20.000ns})
  Destination:            sd_card_audio_m0/audio_buf/U0/inst_fifo_gen/gconvfifo.rf/grf.rf/gntv_or_sync_fifo.gl0.rd/rpntr/gc0.count_d1_reg[0]/CLR
                            (recovery check against rising-edge clock sys_clk  {rise@0.000ns fall@10.000ns period=20.000ns})
  Path Group:             **async_default**
  Path Type:              Recovery (Max at Slow Process Corner)
  Requirement:            20.000ns  (sys_clk rise@20.000ns - sys_clk rise@0.000ns)
  Data Path Delay:        1.315ns  (logic 0.379ns (28.823%)  route 0.936ns (71.177%))
  Logic Levels:           0  
  Clock Path Skew:        -0.028ns (DCD - SCD + CPR)
    Destination Clock Delay (DCD):    4.357ns = ( 24.357 - 20.000 ) 
    Source Clock Delay      (SCD):    4.626ns
    Clock Pessimism Removal (CPR):    0.241ns
  Clock Uncertainty:      0.035ns  ((TSJ^2 + TIJ^2)^1/2 + DJ) / 2 + PE
    Total System Jitter     (TSJ):    0.071ns
    Total Input Jitter      (TIJ):    0.000ns
    Discrete Jitter          (DJ):    0.000ns
    Phase Error              (PE):    0.000ns

    Location             Delay type                Incr(ns)  Path(ns)    Netlist Resource(s)
  -------------------------------------------------------------------    -------------------
                         (clock sys_clk rise edge)    0.000     0.000 r  
    Y18                                               0.000     0.000 r  sys_clk (IN)
                         net (fo=0)                   0.000     0.000    sys_clk
    Y18                  IBUF (Prop_ibuf_I_O)         1.427     1.427 r  sys_clk_IBUF_inst/O
                         net (fo=1, routed)           1.693     3.120    sys_clk_IBUF
    BUFGCTRL_X0Y0        BUFG (Prop_bufg_I_O)         0.081     3.201 r  sys_clk_IBUF_BUFG_inst/O
                         net (fo=734, routed)         1.425     4.626    sd_card_audio_m0/audio_buf/U0/inst_fifo_gen/gconvfifo.rf/grf.rf/rstblk/rd_clk
    SLICE_X7Y94          FDPE                                         r  sd_card_audio_m0/audio_buf/U0/inst_fifo_gen/gconvfifo.rf/grf.rf/rstblk/ngwrdrst.grst.g7serrst.gnsckt_wrst.gic_rst.sckt_rd_rst_ic_reg/C
  -------------------------------------------------------------------    -------------------
    SLICE_X7Y94          FDPE (Prop_fdpe_C_Q)         0.379     5.005 f  sd_card_audio_m0/audio_buf/U0/inst_fifo_gen/gconvfifo.rf/grf.rf/rstblk/ngwrdrst.grst.g7serrst.gnsckt_wrst.gic_rst.sckt_rd_rst_ic_reg/Q
                         net (fo=22, routed)          0.936     5.941    sd_card_audio_m0/audio_buf/U0/inst_fifo_gen/gconvfifo.rf/grf.rf/gntv_or_sync_fifo.gl0.rd/rpntr/AR[0]
    SLICE_X4Y96          FDCE                                         f  sd_card_audio_m0/audio_buf/U0/inst_fifo_gen/gconvfifo.rf/grf.rf/gntv_or_sync_fifo.gl0.rd/rpntr/gc0.count_d1_reg[0]/CLR
  -------------------------------------------------------------------    -------------------

                         (clock sys_clk rise edge)   20.000    20.000 r  
    Y18                                               0.000    20.000 r  sys_clk (IN)
                         net (fo=0)                   0.000    20.000    sys_clk
    Y18                  IBUF (Prop_ibuf_I_O)         1.361    21.361 r  sys_clk_IBUF_inst/O
                         net (fo=1, routed)           1.604    22.965    sys_clk_IBUF
    BUFGCTRL_X0Y0        BUFG (Prop_bufg_I_O)         0.077    23.042 r  sys_clk_IBUF_BUFG_inst/O
                         net (fo=734, routed)         1.315    24.357    sd_card_audio_m0/audio_buf/U0/inst_fifo_gen/gconvfifo.rf/grf.rf/gntv_or_sync_fifo.gl0.rd/rpntr/rd_clk
    SLICE_X4Y96          FDCE                                         r  sd_card_audio_m0/audio_buf/U0/inst_fifo_gen/gconvfifo.rf/grf.rf/gntv_or_sync_fifo.gl0.rd/rpntr/gc0.count_d1_reg[0]/C
                         clock pessimism              0.241    24.598    
                         clock uncertainty           -0.035    24.563    
    SLICE_X4Y96          FDCE (Recov_fdce_C_CLR)     -0.331    24.232    sd_card_audio_m0/audio_buf/U0/inst_fifo_gen/gconvfifo.rf/grf.rf/gntv_or_sync_fifo.gl0.rd/rpntr/gc0.count_d1_reg[0]
  -------------------------------------------------------------------
                         required time                         24.232    
                         arrival time                          -5.941    
  -------------------------------------------------------------------
                         slack                                 18.291    

Slack (MET) :             18.291ns  (required time - arrival time)
  Source:                 sd_card_audio_m0/audio_buf/U0/inst_fifo_gen/gconvfifo.rf/grf.rf/rstblk/ngwrdrst.grst.g7serrst.gnsckt_wrst.gic_rst.sckt_rd_rst_ic_reg/C
                            (rising edge-triggered cell FDPE clocked by sys_clk  {rise@0.000ns fall@10.000ns period=20.000ns})
  Destination:            sd_card_audio_m0/audio_buf/U0/inst_fifo_gen/gconvfifo.rf/grf.rf/gntv_or_sync_fifo.gl0.rd/rpntr/gc0.count_d1_reg[1]/CLR
                            (recovery check against rising-edge clock sys_clk  {rise@0.000ns fall@10.000ns period=20.000ns})
  Path Group:             **async_default**
  Path Type:              Recovery (Max at Slow Process Corner)
  Requirement:            20.000ns  (sys_clk rise@20.000ns - sys_clk rise@0.000ns)
  Data Path Delay:        1.315ns  (logic 0.379ns (28.823%)  route 0.936ns (71.177%))
  Logic Levels:           0  
  Clock Path Skew:        -0.028ns (DCD - SCD + CPR)
    Destination Clock Delay (DCD):    4.357ns = ( 24.357 - 20.000 ) 
    Source Clock Delay      (SCD):    4.626ns
    Clock Pessimism Removal (CPR):    0.241ns
  Clock Uncertainty:      0.035ns  ((TSJ^2 + TIJ^2)^1/2 + DJ) / 2 + PE
    Total System Jitter     (TSJ):    0.071ns
    Total Input Jitter      (TIJ):    0.000ns
    Discrete Jitter          (DJ):    0.000ns
    Phase Error              (PE):    0.000ns

    Location             Delay type                Incr(ns)  Path(ns)    Netlist Resource(s)
  -------------------------------------------------------------------    -------------------
                         (clock sys_clk rise edge)    0.000     0.000 r  
    Y18                                               0.000     0.000 r  sys_clk (IN)
                         net (fo=0)                   0.000     0.000    sys_clk
    Y18                  IBUF (Prop_ibuf_I_O)         1.427     1.427 r  sys_clk_IBUF_inst/O
                         net (fo=1, routed)           1.693     3.120    sys_clk_IBUF
    BUFGCTRL_X0Y0        BUFG (Prop_bufg_I_O)         0.081     3.201 r  sys_clk_IBUF_BUFG_inst/O
                         net (fo=734, routed)         1.425     4.626    sd_card_audio_m0/audio_buf/U0/inst_fifo_gen/gconvfifo.rf/grf.rf/rstblk/rd_clk
    SLICE_X7Y94          FDPE                                         r  sd_card_audio_m0/audio_buf/U0/inst_fifo_gen/gconvfifo.rf/grf.rf/rstblk/ngwrdrst.grst.g7serrst.gnsckt_wrst.gic_rst.sckt_rd_rst_ic_reg/C
  -------------------------------------------------------------------    -------------------
    SLICE_X7Y94          FDPE (Prop_fdpe_C_Q)         0.379     5.005 f  sd_card_audio_m0/audio_buf/U0/inst_fifo_gen/gconvfifo.rf/grf.rf/rstblk/ngwrdrst.grst.g7serrst.gnsckt_wrst.gic_rst.sckt_rd_rst_ic_reg/Q
                         net (fo=22, routed)          0.936     5.941    sd_card_audio_m0/audio_buf/U0/inst_fifo_gen/gconvfifo.rf/grf.rf/gntv_or_sync_fifo.gl0.rd/rpntr/AR[0]
    SLICE_X4Y96          FDCE                                         f  sd_card_audio_m0/audio_buf/U0/inst_fifo_gen/gconvfifo.rf/grf.rf/gntv_or_sync_fifo.gl0.rd/rpntr/gc0.count_d1_reg[1]/CLR
  -------------------------------------------------------------------    -------------------

                         (clock sys_clk rise edge)   20.000    20.000 r  
    Y18                                               0.000    20.000 r  sys_clk (IN)
                         net (fo=0)                   0.000    20.000    sys_clk
    Y18                  IBUF (Prop_ibuf_I_O)         1.361    21.361 r  sys_clk_IBUF_inst/O
                         net (fo=1, routed)           1.604    22.965    sys_clk_IBUF
    BUFGCTRL_X0Y0        BUFG (Prop_bufg_I_O)         0.077    23.042 r  sys_clk_IBUF_BUFG_inst/O
                         net (fo=734, routed)         1.315    24.357    sd_card_audio_m0/audio_buf/U0/inst_fifo_gen/gconvfifo.rf/grf.rf/gntv_or_sync_fifo.gl0.rd/rpntr/rd_clk
    SLICE_X4Y96          FDCE                                         r  sd_card_audio_m0/audio_buf/U0/inst_fifo_gen/gconvfifo.rf/grf.rf/gntv_or_sync_fifo.gl0.rd/rpntr/gc0.count_d1_reg[1]/C
                         clock pessimism              0.241    24.598    
                         clock uncertainty           -0.035    24.563    
    SLICE_X4Y96          FDCE (Recov_fdce_C_CLR)     -0.331    24.232    sd_card_audio_m0/audio_buf/U0/inst_fifo_gen/gconvfifo.rf/grf.rf/gntv_or_sync_fifo.gl0.rd/rpntr/gc0.count_d1_reg[1]
  -------------------------------------------------------------------
                         required time                         24.232    
                         arrival time                          -5.941    
  -------------------------------------------------------------------
                         slack                                 18.291    

Slack (MET) :             18.291ns  (required time - arrival time)
  Source:                 sd_card_audio_m0/audio_buf/U0/inst_fifo_gen/gconvfifo.rf/grf.rf/rstblk/ngwrdrst.grst.g7serrst.gnsckt_wrst.gic_rst.sckt_rd_rst_ic_reg/C
                            (rising edge-triggered cell FDPE clocked by sys_clk  {rise@0.000ns fall@10.000ns period=20.000ns})
  Destination:            sd_card_audio_m0/audio_buf/U0/inst_fifo_gen/gconvfifo.rf/grf.rf/gntv_or_sync_fifo.gl0.rd/rpntr/gc0.count_d1_reg[2]/CLR
                            (recovery check against rising-edge clock sys_clk  {rise@0.000ns fall@10.000ns period=20.000ns})
  Path Group:             **async_default**
  Path Type:              Recovery (Max at Slow Process Corner)
  Requirement:            20.000ns  (sys_clk rise@20.000ns - sys_clk rise@0.000ns)
  Data Path Delay:        1.315ns  (logic 0.379ns (28.823%)  route 0.936ns (71.177%))
  Logic Levels:           0  
  Clock Path Skew:        -0.028ns (DCD - SCD + CPR)
    Destination Clock Delay (DCD):    4.357ns = ( 24.357 - 20.000 ) 
    Source Clock Delay      (SCD):    4.626ns
    Clock Pessimism Removal (CPR):    0.241ns
  Clock Uncertainty:      0.035ns  ((TSJ^2 + TIJ^2)^1/2 + DJ) / 2 + PE
    Total System Jitter     (TSJ):    0.071ns
    Total Input Jitter      (TIJ):    0.000ns
    Discrete Jitter          (DJ):    0.000ns
    Phase Error              (PE):    0.000ns

    Location             Delay type                Incr(ns)  Path(ns)    Netlist Resource(s)
  -------------------------------------------------------------------    -------------------
                         (clock sys_clk rise edge)    0.000     0.000 r  
    Y18                                               0.000     0.000 r  sys_clk (IN)
                         net (fo=0)                   0.000     0.000    sys_clk
    Y18                  IBUF (Prop_ibuf_I_O)         1.427     1.427 r  sys_clk_IBUF_inst/O
                         net (fo=1, routed)           1.693     3.120    sys_clk_IBUF
    BUFGCTRL_X0Y0        BUFG (Prop_bufg_I_O)         0.081     3.201 r  sys_clk_IBUF_BUFG_inst/O
                         net (fo=734, routed)         1.425     4.626    sd_card_audio_m0/audio_buf/U0/inst_fifo_gen/gconvfifo.rf/grf.rf/rstblk/rd_clk
    SLICE_X7Y94          FDPE                                         r  sd_card_audio_m0/audio_buf/U0/inst_fifo_gen/gconvfifo.rf/grf.rf/rstblk/ngwrdrst.grst.g7serrst.gnsckt_wrst.gic_rst.sckt_rd_rst_ic_reg/C
  -------------------------------------------------------------------    -------------------
    SLICE_X7Y94          FDPE (Prop_fdpe_C_Q)         0.379     5.005 f  sd_card_audio_m0/audio_buf/U0/inst_fifo_gen/gconvfifo.rf/grf.rf/rstblk/ngwrdrst.grst.g7serrst.gnsckt_wrst.gic_rst.sckt_rd_rst_ic_reg/Q
                         net (fo=22, routed)          0.936     5.941    sd_card_audio_m0/audio_buf/U0/inst_fifo_gen/gconvfifo.rf/grf.rf/gntv_or_sync_fifo.gl0.rd/rpntr/AR[0]
    SLICE_X4Y96          FDCE                                         f  sd_card_audio_m0/audio_buf/U0/inst_fifo_gen/gconvfifo.rf/grf.rf/gntv_or_sync_fifo.gl0.rd/rpntr/gc0.count_d1_reg[2]/CLR
  -------------------------------------------------------------------    -------------------

                         (clock sys_clk rise edge)   20.000    20.000 r  
    Y18                                               0.000    20.000 r  sys_clk (IN)
                         net (fo=0)                   0.000    20.000    sys_clk
    Y18                  IBUF (Prop_ibuf_I_O)         1.361    21.361 r  sys_clk_IBUF_inst/O
                         net (fo=1, routed)           1.604    22.965    sys_clk_IBUF
    BUFGCTRL_X0Y0        BUFG (Prop_bufg_I_O)         0.077    23.042 r  sys_clk_IBUF_BUFG_inst/O
                         net (fo=734, routed)         1.315    24.357    sd_card_audio_m0/audio_buf/U0/inst_fifo_gen/gconvfifo.rf/grf.rf/gntv_or_sync_fifo.gl0.rd/rpntr/rd_clk
    SLICE_X4Y96          FDCE                                         r  sd_card_audio_m0/audio_buf/U0/inst_fifo_gen/gconvfifo.rf/grf.rf/gntv_or_sync_fifo.gl0.rd/rpntr/gc0.count_d1_reg[2]/C
                         clock pessimism              0.241    24.598    
                         clock uncertainty           -0.035    24.563    
    SLICE_X4Y96          FDCE (Recov_fdce_C_CLR)     -0.331    24.232    sd_card_audio_m0/audio_buf/U0/inst_fifo_gen/gconvfifo.rf/grf.rf/gntv_or_sync_fifo.gl0.rd/rpntr/gc0.count_d1_reg[2]
  -------------------------------------------------------------------
                         required time                         24.232    
                         arrival time                          -5.941    
  -------------------------------------------------------------------
                         slack                                 18.291    

Slack (MET) :             18.291ns  (required time - arrival time)
  Source:                 sd_card_audio_m0/audio_buf/U0/inst_fifo_gen/gconvfifo.rf/grf.rf/rstblk/ngwrdrst.grst.g7serrst.gnsckt_wrst.gic_rst.sckt_rd_rst_ic_reg/C
                            (rising edge-triggered cell FDPE clocked by sys_clk  {rise@0.000ns fall@10.000ns period=20.000ns})
  Destination:            sd_card_audio_m0/audio_buf/U0/inst_fifo_gen/gconvfifo.rf/grf.rf/gntv_or_sync_fifo.gl0.rd/rpntr/gc0.count_d1_reg[3]/CLR
                            (recovery check against rising-edge clock sys_clk  {rise@0.000ns fall@10.000ns period=20.000ns})
  Path Group:             **async_default**
  Path Type:              Recovery (Max at Slow Process Corner)
  Requirement:            20.000ns  (sys_clk rise@20.000ns - sys_clk rise@0.000ns)
  Data Path Delay:        1.315ns  (logic 0.379ns (28.823%)  route 0.936ns (71.177%))
  Logic Levels:           0  
  Clock Path Skew:        -0.028ns (DCD - SCD + CPR)
    Destination Clock Delay (DCD):    4.357ns = ( 24.357 - 20.000 ) 
    Source Clock Delay      (SCD):    4.626ns
    Clock Pessimism Removal (CPR):    0.241ns
  Clock Uncertainty:      0.035ns  ((TSJ^2 + TIJ^2)^1/2 + DJ) / 2 + PE
    Total System Jitter     (TSJ):    0.071ns
    Total Input Jitter      (TIJ):    0.000ns
    Discrete Jitter          (DJ):    0.000ns
    Phase Error              (PE):    0.000ns

    Location             Delay type                Incr(ns)  Path(ns)    Netlist Resource(s)
  -------------------------------------------------------------------    -------------------
                         (clock sys_clk rise edge)    0.000     0.000 r  
    Y18                                               0.000     0.000 r  sys_clk (IN)
                         net (fo=0)                   0.000     0.000    sys_clk
    Y18                  IBUF (Prop_ibuf_I_O)         1.427     1.427 r  sys_clk_IBUF_inst/O
                         net (fo=1, routed)           1.693     3.120    sys_clk_IBUF
    BUFGCTRL_X0Y0        BUFG (Prop_bufg_I_O)         0.081     3.201 r  sys_clk_IBUF_BUFG_inst/O
                         net (fo=734, routed)         1.425     4.626    sd_card_audio_m0/audio_buf/U0/inst_fifo_gen/gconvfifo.rf/grf.rf/rstblk/rd_clk
    SLICE_X7Y94          FDPE                                         r  sd_card_audio_m0/audio_buf/U0/inst_fifo_gen/gconvfifo.rf/grf.rf/rstblk/ngwrdrst.grst.g7serrst.gnsckt_wrst.gic_rst.sckt_rd_rst_ic_reg/C
  -------------------------------------------------------------------    -------------------
    SLICE_X7Y94          FDPE (Prop_fdpe_C_Q)         0.379     5.005 f  sd_card_audio_m0/audio_buf/U0/inst_fifo_gen/gconvfifo.rf/grf.rf/rstblk/ngwrdrst.grst.g7serrst.gnsckt_wrst.gic_rst.sckt_rd_rst_ic_reg/Q
                         net (fo=22, routed)          0.936     5.941    sd_card_audio_m0/audio_buf/U0/inst_fifo_gen/gconvfifo.rf/grf.rf/gntv_or_sync_fifo.gl0.rd/rpntr/AR[0]
    SLICE_X4Y96          FDCE                                         f  sd_card_audio_m0/audio_buf/U0/inst_fifo_gen/gconvfifo.rf/grf.rf/gntv_or_sync_fifo.gl0.rd/rpntr/gc0.count_d1_reg[3]/CLR
  -------------------------------------------------------------------    -------------------

                         (clock sys_clk rise edge)   20.000    20.000 r  
    Y18                                               0.000    20.000 r  sys_clk (IN)
                         net (fo=0)                   0.000    20.000    sys_clk
    Y18                  IBUF (Prop_ibuf_I_O)         1.361    21.361 r  sys_clk_IBUF_inst/O
                         net (fo=1, routed)           1.604    22.965    sys_clk_IBUF
    BUFGCTRL_X0Y0        BUFG (Prop_bufg_I_O)         0.077    23.042 r  sys_clk_IBUF_BUFG_inst/O
                         net (fo=734, routed)         1.315    24.357    sd_card_audio_m0/audio_buf/U0/inst_fifo_gen/gconvfifo.rf/grf.rf/gntv_or_sync_fifo.gl0.rd/rpntr/rd_clk
    SLICE_X4Y96          FDCE                                         r  sd_card_audio_m0/audio_buf/U0/inst_fifo_gen/gconvfifo.rf/grf.rf/gntv_or_sync_fifo.gl0.rd/rpntr/gc0.count_d1_reg[3]/C
                         clock pessimism              0.241    24.598    
                         clock uncertainty           -0.035    24.563    
    SLICE_X4Y96          FDCE (Recov_fdce_C_CLR)     -0.331    24.232    sd_card_audio_m0/audio_buf/U0/inst_fifo_gen/gconvfifo.rf/grf.rf/gntv_or_sync_fifo.gl0.rd/rpntr/gc0.count_d1_reg[3]
  -------------------------------------------------------------------
                         required time                         24.232    
                         arrival time                          -5.941    
  -------------------------------------------------------------------
                         slack                                 18.291    

Slack (MET) :             18.291ns  (required time - arrival time)
  Source:                 sd_card_audio_m0/audio_buf/U0/inst_fifo_gen/gconvfifo.rf/grf.rf/rstblk/ngwrdrst.grst.g7serrst.gnsckt_wrst.gic_rst.sckt_rd_rst_ic_reg/C
                            (rising edge-triggered cell FDPE clocked by sys_clk  {rise@0.000ns fall@10.000ns period=20.000ns})
  Destination:            sd_card_audio_m0/audio_buf/U0/inst_fifo_gen/gconvfifo.rf/grf.rf/gntv_or_sync_fifo.gl0.rd/rpntr/gc0.count_reg[3]/CLR
                            (recovery check against rising-edge clock sys_clk  {rise@0.000ns fall@10.000ns period=20.000ns})
  Path Group:             **async_default**
  Path Type:              Recovery (Max at Slow Process Corner)
  Requirement:            20.000ns  (sys_clk rise@20.000ns - sys_clk rise@0.000ns)
  Data Path Delay:        1.315ns  (logic 0.379ns (28.823%)  route 0.936ns (71.177%))
  Logic Levels:           0  
  Clock Path Skew:        -0.028ns (DCD - SCD + CPR)
    Destination Clock Delay (DCD):    4.357ns = ( 24.357 - 20.000 ) 
    Source Clock Delay      (SCD):    4.626ns
    Clock Pessimism Removal (CPR):    0.241ns
  Clock Uncertainty:      0.035ns  ((TSJ^2 + TIJ^2)^1/2 + DJ) / 2 + PE
    Total System Jitter     (TSJ):    0.071ns
    Total Input Jitter      (TIJ):    0.000ns
    Discrete Jitter          (DJ):    0.000ns
    Phase Error              (PE):    0.000ns

    Location             Delay type                Incr(ns)  Path(ns)    Netlist Resource(s)
  -------------------------------------------------------------------    -------------------
                         (clock sys_clk rise edge)    0.000     0.000 r  
    Y18                                               0.000     0.000 r  sys_clk (IN)
                         net (fo=0)                   0.000     0.000    sys_clk
    Y18                  IBUF (Prop_ibuf_I_O)         1.427     1.427 r  sys_clk_IBUF_inst/O
                         net (fo=1, routed)           1.693     3.120    sys_clk_IBUF
    BUFGCTRL_X0Y0        BUFG (Prop_bufg_I_O)         0.081     3.201 r  sys_clk_IBUF_BUFG_inst/O
                         net (fo=734, routed)         1.425     4.626    sd_card_audio_m0/audio_buf/U0/inst_fifo_gen/gconvfifo.rf/grf.rf/rstblk/rd_clk
    SLICE_X7Y94          FDPE                                         r  sd_card_audio_m0/audio_buf/U0/inst_fifo_gen/gconvfifo.rf/grf.rf/rstblk/ngwrdrst.grst.g7serrst.gnsckt_wrst.gic_rst.sckt_rd_rst_ic_reg/C
  -------------------------------------------------------------------    -------------------
    SLICE_X7Y94          FDPE (Prop_fdpe_C_Q)         0.379     5.005 f  sd_card_audio_m0/audio_buf/U0/inst_fifo_gen/gconvfifo.rf/grf.rf/rstblk/ngwrdrst.grst.g7serrst.gnsckt_wrst.gic_rst.sckt_rd_rst_ic_reg/Q
                         net (fo=22, routed)          0.936     5.941    sd_card_audio_m0/audio_buf/U0/inst_fifo_gen/gconvfifo.rf/grf.rf/gntv_or_sync_fifo.gl0.rd/rpntr/AR[0]
    SLICE_X4Y96          FDCE                                         f  sd_card_audio_m0/audio_buf/U0/inst_fifo_gen/gconvfifo.rf/grf.rf/gntv_or_sync_fifo.gl0.rd/rpntr/gc0.count_reg[3]/CLR
  -------------------------------------------------------------------    -------------------

                         (clock sys_clk rise edge)   20.000    20.000 r  
    Y18                                               0.000    20.000 r  sys_clk (IN)
                         net (fo=0)                   0.000    20.000    sys_clk
    Y18                  IBUF (Prop_ibuf_I_O)         1.361    21.361 r  sys_clk_IBUF_inst/O
                         net (fo=1, routed)           1.604    22.965    sys_clk_IBUF
    BUFGCTRL_X0Y0        BUFG (Prop_bufg_I_O)         0.077    23.042 r  sys_clk_IBUF_BUFG_inst/O
                         net (fo=734, routed)         1.315    24.357    sd_card_audio_m0/audio_buf/U0/inst_fifo_gen/gconvfifo.rf/grf.rf/gntv_or_sync_fifo.gl0.rd/rpntr/rd_clk
    SLICE_X4Y96          FDCE                                         r  sd_card_audio_m0/audio_buf/U0/inst_fifo_gen/gconvfifo.rf/grf.rf/gntv_or_sync_fifo.gl0.rd/rpntr/gc0.count_reg[3]/C
                         clock pessimism              0.241    24.598    
                         clock uncertainty           -0.035    24.563    
    SLICE_X4Y96          FDCE (Recov_fdce_C_CLR)     -0.331    24.232    sd_card_audio_m0/audio_buf/U0/inst_fifo_gen/gconvfifo.rf/grf.rf/gntv_or_sync_fifo.gl0.rd/rpntr/gc0.count_reg[3]
  -------------------------------------------------------------------
                         required time                         24.232    
                         arrival time                          -5.941    
  -------------------------------------------------------------------
                         slack                                 18.291    

Slack (MET) :             18.291ns  (required time - arrival time)
  Source:                 sd_card_audio_m0/audio_buf/U0/inst_fifo_gen/gconvfifo.rf/grf.rf/rstblk/ngwrdrst.grst.g7serrst.gnsckt_wrst.gic_rst.sckt_rd_rst_ic_reg/C
                            (rising edge-triggered cell FDPE clocked by sys_clk  {rise@0.000ns fall@10.000ns period=20.000ns})
  Destination:            sd_card_audio_m0/audio_buf/U0/inst_fifo_gen/gconvfifo.rf/grf.rf/gntv_or_sync_fifo.gl0.rd/rpntr/gc0.count_reg[4]/CLR
                            (recovery check against rising-edge clock sys_clk  {rise@0.000ns fall@10.000ns period=20.000ns})
  Path Group:             **async_default**
  Path Type:              Recovery (Max at Slow Process Corner)
  Requirement:            20.000ns  (sys_clk rise@20.000ns - sys_clk rise@0.000ns)
  Data Path Delay:        1.315ns  (logic 0.379ns (28.823%)  route 0.936ns (71.177%))
  Logic Levels:           0  
  Clock Path Skew:        -0.028ns (DCD - SCD + CPR)
    Destination Clock Delay (DCD):    4.357ns = ( 24.357 - 20.000 ) 
    Source Clock Delay      (SCD):    4.626ns
    Clock Pessimism Removal (CPR):    0.241ns
  Clock Uncertainty:      0.035ns  ((TSJ^2 + TIJ^2)^1/2 + DJ) / 2 + PE
    Total System Jitter     (TSJ):    0.071ns
    Total Input Jitter      (TIJ):    0.000ns
    Discrete Jitter          (DJ):    0.000ns
    Phase Error              (PE):    0.000ns

    Location             Delay type                Incr(ns)  Path(ns)    Netlist Resource(s)
  -------------------------------------------------------------------    -------------------
                         (clock sys_clk rise edge)    0.000     0.000 r  
    Y18                                               0.000     0.000 r  sys_clk (IN)
                         net (fo=0)                   0.000     0.000    sys_clk
    Y18                  IBUF (Prop_ibuf_I_O)         1.427     1.427 r  sys_clk_IBUF_inst/O
                         net (fo=1, routed)           1.693     3.120    sys_clk_IBUF
    BUFGCTRL_X0Y0        BUFG (Prop_bufg_I_O)         0.081     3.201 r  sys_clk_IBUF_BUFG_inst/O
                         net (fo=734, routed)         1.425     4.626    sd_card_audio_m0/audio_buf/U0/inst_fifo_gen/gconvfifo.rf/grf.rf/rstblk/rd_clk
    SLICE_X7Y94          FDPE                                         r  sd_card_audio_m0/audio_buf/U0/inst_fifo_gen/gconvfifo.rf/grf.rf/rstblk/ngwrdrst.grst.g7serrst.gnsckt_wrst.gic_rst.sckt_rd_rst_ic_reg/C
  -------------------------------------------------------------------    -------------------
    SLICE_X7Y94          FDPE (Prop_fdpe_C_Q)         0.379     5.005 f  sd_card_audio_m0/audio_buf/U0/inst_fifo_gen/gconvfifo.rf/grf.rf/rstblk/ngwrdrst.grst.g7serrst.gnsckt_wrst.gic_rst.sckt_rd_rst_ic_reg/Q
                         net (fo=22, routed)          0.936     5.941    sd_card_audio_m0/audio_buf/U0/inst_fifo_gen/gconvfifo.rf/grf.rf/gntv_or_sync_fifo.gl0.rd/rpntr/AR[0]
    SLICE_X4Y96          FDCE                                         f  sd_card_audio_m0/audio_buf/U0/inst_fifo_gen/gconvfifo.rf/grf.rf/gntv_or_sync_fifo.gl0.rd/rpntr/gc0.count_reg[4]/CLR
  -------------------------------------------------------------------    -------------------

                         (clock sys_clk rise edge)   20.000    20.000 r  
    Y18                                               0.000    20.000 r  sys_clk (IN)
                         net (fo=0)                   0.000    20.000    sys_clk
    Y18                  IBUF (Prop_ibuf_I_O)         1.361    21.361 r  sys_clk_IBUF_inst/O
                         net (fo=1, routed)           1.604    22.965    sys_clk_IBUF
    BUFGCTRL_X0Y0        BUFG (Prop_bufg_I_O)         0.077    23.042 r  sys_clk_IBUF_BUFG_inst/O
                         net (fo=734, routed)         1.315    24.357    sd_card_audio_m0/audio_buf/U0/inst_fifo_gen/gconvfifo.rf/grf.rf/gntv_or_sync_fifo.gl0.rd/rpntr/rd_clk
    SLICE_X4Y96          FDCE                                         r  sd_card_audio_m0/audio_buf/U0/inst_fifo_gen/gconvfifo.rf/grf.rf/gntv_or_sync_fifo.gl0.rd/rpntr/gc0.count_reg[4]/C
                         clock pessimism              0.241    24.598    
                         clock uncertainty           -0.035    24.563    
    SLICE_X4Y96          FDCE (Recov_fdce_C_CLR)     -0.331    24.232    sd_card_audio_m0/audio_buf/U0/inst_fifo_gen/gconvfifo.rf/grf.rf/gntv_or_sync_fifo.gl0.rd/rpntr/gc0.count_reg[4]
  -------------------------------------------------------------------
                         required time                         24.232    
                         arrival time                          -5.941    
  -------------------------------------------------------------------
                         slack                                 18.291    

Slack (MET) :             18.291ns  (required time - arrival time)
  Source:                 sd_card_audio_m0/audio_buf/U0/inst_fifo_gen/gconvfifo.rf/grf.rf/rstblk/ngwrdrst.grst.g7serrst.gnsckt_wrst.gic_rst.sckt_rd_rst_ic_reg/C
                            (rising edge-triggered cell FDPE clocked by sys_clk  {rise@0.000ns fall@10.000ns period=20.000ns})
  Destination:            sd_card_audio_m0/audio_buf/U0/inst_fifo_gen/gconvfifo.rf/grf.rf/gntv_or_sync_fifo.gl0.rd/rpntr/gc0.count_reg[5]/CLR
                            (recovery check against rising-edge clock sys_clk  {rise@0.000ns fall@10.000ns period=20.000ns})
  Path Group:             **async_default**
  Path Type:              Recovery (Max at Slow Process Corner)
  Requirement:            20.000ns  (sys_clk rise@20.000ns - sys_clk rise@0.000ns)
  Data Path Delay:        1.315ns  (logic 0.379ns (28.823%)  route 0.936ns (71.177%))
  Logic Levels:           0  
  Clock Path Skew:        -0.028ns (DCD - SCD + CPR)
    Destination Clock Delay (DCD):    4.357ns = ( 24.357 - 20.000 ) 
    Source Clock Delay      (SCD):    4.626ns
    Clock Pessimism Removal (CPR):    0.241ns
  Clock Uncertainty:      0.035ns  ((TSJ^2 + TIJ^2)^1/2 + DJ) / 2 + PE
    Total System Jitter     (TSJ):    0.071ns
    Total Input Jitter      (TIJ):    0.000ns
    Discrete Jitter          (DJ):    0.000ns
    Phase Error              (PE):    0.000ns

    Location             Delay type                Incr(ns)  Path(ns)    Netlist Resource(s)
  -------------------------------------------------------------------    -------------------
                         (clock sys_clk rise edge)    0.000     0.000 r  
    Y18                                               0.000     0.000 r  sys_clk (IN)
                         net (fo=0)                   0.000     0.000    sys_clk
    Y18                  IBUF (Prop_ibuf_I_O)         1.427     1.427 r  sys_clk_IBUF_inst/O
                         net (fo=1, routed)           1.693     3.120    sys_clk_IBUF
    BUFGCTRL_X0Y0        BUFG (Prop_bufg_I_O)         0.081     3.201 r  sys_clk_IBUF_BUFG_inst/O
                         net (fo=734, routed)         1.425     4.626    sd_card_audio_m0/audio_buf/U0/inst_fifo_gen/gconvfifo.rf/grf.rf/rstblk/rd_clk
    SLICE_X7Y94          FDPE                                         r  sd_card_audio_m0/audio_buf/U0/inst_fifo_gen/gconvfifo.rf/grf.rf/rstblk/ngwrdrst.grst.g7serrst.gnsckt_wrst.gic_rst.sckt_rd_rst_ic_reg/C
  -------------------------------------------------------------------    -------------------
    SLICE_X7Y94          FDPE (Prop_fdpe_C_Q)         0.379     5.005 f  sd_card_audio_m0/audio_buf/U0/inst_fifo_gen/gconvfifo.rf/grf.rf/rstblk/ngwrdrst.grst.g7serrst.gnsckt_wrst.gic_rst.sckt_rd_rst_ic_reg/Q
                         net (fo=22, routed)          0.936     5.941    sd_card_audio_m0/audio_buf/U0/inst_fifo_gen/gconvfifo.rf/grf.rf/gntv_or_sync_fifo.gl0.rd/rpntr/AR[0]
    SLICE_X4Y96          FDCE                                         f  sd_card_audio_m0/audio_buf/U0/inst_fifo_gen/gconvfifo.rf/grf.rf/gntv_or_sync_fifo.gl0.rd/rpntr/gc0.count_reg[5]/CLR
  -------------------------------------------------------------------    -------------------

                         (clock sys_clk rise edge)   20.000    20.000 r  
    Y18                                               0.000    20.000 r  sys_clk (IN)
                         net (fo=0)                   0.000    20.000    sys_clk
    Y18                  IBUF (Prop_ibuf_I_O)         1.361    21.361 r  sys_clk_IBUF_inst/O
                         net (fo=1, routed)           1.604    22.965    sys_clk_IBUF
    BUFGCTRL_X0Y0        BUFG (Prop_bufg_I_O)         0.077    23.042 r  sys_clk_IBUF_BUFG_inst/O
                         net (fo=734, routed)         1.315    24.357    sd_card_audio_m0/audio_buf/U0/inst_fifo_gen/gconvfifo.rf/grf.rf/gntv_or_sync_fifo.gl0.rd/rpntr/rd_clk
    SLICE_X4Y96          FDCE                                         r  sd_card_audio_m0/audio_buf/U0/inst_fifo_gen/gconvfifo.rf/grf.rf/gntv_or_sync_fifo.gl0.rd/rpntr/gc0.count_reg[5]/C
                         clock pessimism              0.241    24.598    
                         clock uncertainty           -0.035    24.563    
    SLICE_X4Y96          FDCE (Recov_fdce_C_CLR)     -0.331    24.232    sd_card_audio_m0/audio_buf/U0/inst_fifo_gen/gconvfifo.rf/grf.rf/gntv_or_sync_fifo.gl0.rd/rpntr/gc0.count_reg[5]
  -------------------------------------------------------------------
                         required time                         24.232    
                         arrival time                          -5.941    
  -------------------------------------------------------------------
                         slack                                 18.291    

Slack (MET) :             18.302ns  (required time - arrival time)
  Source:                 sd_card_audio_m0/audio_buf/U0/inst_fifo_gen/gconvfifo.rf/grf.rf/rstblk/ngwrdrst.grst.g7serrst.gnsckt_wrst.gic_rst.sckt_rd_rst_ic_reg/C
                            (rising edge-triggered cell FDPE clocked by sys_clk  {rise@0.000ns fall@10.000ns period=20.000ns})
  Destination:            sd_card_audio_m0/audio_buf/U0/inst_fifo_gen/gconvfifo.rf/grf.rf/gntv_or_sync_fifo.gl0.rd/rpntr/gc0.count_reg[6]/CLR
                            (recovery check against rising-edge clock sys_clk  {rise@0.000ns fall@10.000ns period=20.000ns})
  Path Group:             **async_default**
  Path Type:              Recovery (Max at Slow Process Corner)
  Requirement:            20.000ns  (sys_clk rise@20.000ns - sys_clk rise@0.000ns)
  Data Path Delay:        1.289ns  (logic 0.379ns (29.407%)  route 0.910ns (70.593%))
  Logic Levels:           0  
  Clock Path Skew:        -0.043ns (DCD - SCD + CPR)
    Destination Clock Delay (DCD):    4.358ns = ( 24.358 - 20.000 ) 
    Source Clock Delay      (SCD):    4.626ns
    Clock Pessimism Removal (CPR):    0.225ns
  Clock Uncertainty:      0.035ns  ((TSJ^2 + TIJ^2)^1/2 + DJ) / 2 + PE
    Total System Jitter     (TSJ):    0.071ns
    Total Input Jitter      (TIJ):    0.000ns
    Discrete Jitter          (DJ):    0.000ns
    Phase Error              (PE):    0.000ns

    Location             Delay type                Incr(ns)  Path(ns)    Netlist Resource(s)
  -------------------------------------------------------------------    -------------------
                         (clock sys_clk rise edge)    0.000     0.000 r  
    Y18                                               0.000     0.000 r  sys_clk (IN)
                         net (fo=0)                   0.000     0.000    sys_clk
    Y18                  IBUF (Prop_ibuf_I_O)         1.427     1.427 r  sys_clk_IBUF_inst/O
                         net (fo=1, routed)           1.693     3.120    sys_clk_IBUF
    BUFGCTRL_X0Y0        BUFG (Prop_bufg_I_O)         0.081     3.201 r  sys_clk_IBUF_BUFG_inst/O
                         net (fo=734, routed)         1.425     4.626    sd_card_audio_m0/audio_buf/U0/inst_fifo_gen/gconvfifo.rf/grf.rf/rstblk/rd_clk
    SLICE_X7Y94          FDPE                                         r  sd_card_audio_m0/audio_buf/U0/inst_fifo_gen/gconvfifo.rf/grf.rf/rstblk/ngwrdrst.grst.g7serrst.gnsckt_wrst.gic_rst.sckt_rd_rst_ic_reg/C
  -------------------------------------------------------------------    -------------------
    SLICE_X7Y94          FDPE (Prop_fdpe_C_Q)         0.379     5.005 f  sd_card_audio_m0/audio_buf/U0/inst_fifo_gen/gconvfifo.rf/grf.rf/rstblk/ngwrdrst.grst.g7serrst.gnsckt_wrst.gic_rst.sckt_rd_rst_ic_reg/Q
                         net (fo=22, routed)          0.910     5.915    sd_card_audio_m0/audio_buf/U0/inst_fifo_gen/gconvfifo.rf/grf.rf/gntv_or_sync_fifo.gl0.rd/rpntr/AR[0]
    SLICE_X1Y96          FDCE                                         f  sd_card_audio_m0/audio_buf/U0/inst_fifo_gen/gconvfifo.rf/grf.rf/gntv_or_sync_fifo.gl0.rd/rpntr/gc0.count_reg[6]/CLR
  -------------------------------------------------------------------    -------------------

                         (clock sys_clk rise edge)   20.000    20.000 r  
    Y18                                               0.000    20.000 r  sys_clk (IN)
                         net (fo=0)                   0.000    20.000    sys_clk
    Y18                  IBUF (Prop_ibuf_I_O)         1.361    21.361 r  sys_clk_IBUF_inst/O
                         net (fo=1, routed)           1.604    22.965    sys_clk_IBUF
    BUFGCTRL_X0Y0        BUFG (Prop_bufg_I_O)         0.077    23.042 r  sys_clk_IBUF_BUFG_inst/O
                         net (fo=734, routed)         1.316    24.358    sd_card_audio_m0/audio_buf/U0/inst_fifo_gen/gconvfifo.rf/grf.rf/gntv_or_sync_fifo.gl0.rd/rpntr/rd_clk
    SLICE_X1Y96          FDCE                                         r  sd_card_audio_m0/audio_buf/U0/inst_fifo_gen/gconvfifo.rf/grf.rf/gntv_or_sync_fifo.gl0.rd/rpntr/gc0.count_reg[6]/C
                         clock pessimism              0.225    24.583    
                         clock uncertainty           -0.035    24.548    
    SLICE_X1Y96          FDCE (Recov_fdce_C_CLR)     -0.331    24.217    sd_card_audio_m0/audio_buf/U0/inst_fifo_gen/gconvfifo.rf/grf.rf/gntv_or_sync_fifo.gl0.rd/rpntr/gc0.count_reg[6]
  -------------------------------------------------------------------
                         required time                         24.217    
                         arrival time                          -5.915    
  -------------------------------------------------------------------
                         slack                                 18.302    





Min Delay Paths
--------------------------------------------------------------------------------------
Slack (MET) :             0.376ns  (arrival time - required time)
  Source:                 sd_card_audio_m0/audio_buf/U0/inst_fifo_gen/gconvfifo.rf/grf.rf/rstblk/ngwrdrst.grst.g7serrst.gnsckt_wrst.gic_rst.sckt_wr_rst_ic_reg/C
                            (rising edge-triggered cell FDPE clocked by sys_clk  {rise@0.000ns fall@10.000ns period=20.000ns})
  Destination:            sd_card_audio_m0/audio_buf/U0/inst_fifo_gen/gconvfifo.rf/grf.rf/gntv_or_sync_fifo.gl0.wr/wpntr/gic0.gc0.count_d1_reg[5]/CLR
                            (removal check against rising-edge clock sys_clk  {rise@0.000ns fall@10.000ns period=20.000ns})
  Path Group:             **async_default**
  Path Type:              Removal (Min at Fast Process Corner)
  Requirement:            0.000ns  (sys_clk rise@0.000ns - sys_clk rise@0.000ns)
  Data Path Delay:        0.344ns  (logic 0.141ns (41.045%)  route 0.203ns (58.955%))
  Logic Levels:           0  
  Clock Path Skew:        0.035ns (DCD - SCD - CPR)
    Destination Clock Delay (DCD):    2.030ns
    Source Clock Delay      (SCD):    1.515ns
    Clock Pessimism Removal (CPR):    0.479ns

    Location             Delay type                Incr(ns)  Path(ns)    Netlist Resource(s)
  -------------------------------------------------------------------    -------------------
                         (clock sys_clk rise edge)    0.000     0.000 r  
    Y18                                               0.000     0.000 r  sys_clk (IN)
                         net (fo=0)                   0.000     0.000    sys_clk
    Y18                  IBUF (Prop_ibuf_I_O)         0.264     0.264 r  sys_clk_IBUF_inst/O
                         net (fo=1, routed)           0.634     0.898    sys_clk_IBUF
    BUFGCTRL_X0Y0        BUFG (Prop_bufg_I_O)         0.026     0.924 r  sys_clk_IBUF_BUFG_inst/O
                         net (fo=734, routed)         0.592     1.515    sd_card_audio_m0/audio_buf/U0/inst_fifo_gen/gconvfifo.rf/grf.rf/rstblk/wr_clk
    SLICE_X3Y92          FDPE                                         r  sd_card_audio_m0/audio_buf/U0/inst_fifo_gen/gconvfifo.rf/grf.rf/rstblk/ngwrdrst.grst.g7serrst.gnsckt_wrst.gic_rst.sckt_wr_rst_ic_reg/C
  -------------------------------------------------------------------    -------------------
    SLICE_X3Y92          FDPE (Prop_fdpe_C_Q)         0.141     1.656 f  sd_card_audio_m0/audio_buf/U0/inst_fifo_gen/gconvfifo.rf/grf.rf/rstblk/ngwrdrst.grst.g7serrst.gnsckt_wrst.gic_rst.sckt_wr_rst_ic_reg/Q
                         net (fo=43, routed)          0.203     1.859    sd_card_audio_m0/audio_buf/U0/inst_fifo_gen/gconvfifo.rf/grf.rf/gntv_or_sync_fifo.gl0.wr/wpntr/AR[0]
    SLICE_X6Y91          FDCE                                         f  sd_card_audio_m0/audio_buf/U0/inst_fifo_gen/gconvfifo.rf/grf.rf/gntv_or_sync_fifo.gl0.wr/wpntr/gic0.gc0.count_d1_reg[5]/CLR
  -------------------------------------------------------------------    -------------------

                         (clock sys_clk rise edge)    0.000     0.000 r  
    Y18                                               0.000     0.000 r  sys_clk (IN)
                         net (fo=0)                   0.000     0.000    sys_clk
    Y18                  IBUF (Prop_ibuf_I_O)         0.452     0.452 r  sys_clk_IBUF_inst/O
                         net (fo=1, routed)           0.689     1.140    sys_clk_IBUF
    BUFGCTRL_X0Y0        BUFG (Prop_bufg_I_O)         0.029     1.169 r  sys_clk_IBUF_BUFG_inst/O
                         net (fo=734, routed)         0.860     2.030    sd_card_audio_m0/audio_buf/U0/inst_fifo_gen/gconvfifo.rf/grf.rf/gntv_or_sync_fifo.gl0.wr/wpntr/wr_clk
    SLICE_X6Y91          FDCE                                         r  sd_card_audio_m0/audio_buf/U0/inst_fifo_gen/gconvfifo.rf/grf.rf/gntv_or_sync_fifo.gl0.wr/wpntr/gic0.gc0.count_d1_reg[5]/C
                         clock pessimism             -0.479     1.550    
    SLICE_X6Y91          FDCE (Remov_fdce_C_CLR)     -0.067     1.483    sd_card_audio_m0/audio_buf/U0/inst_fifo_gen/gconvfifo.rf/grf.rf/gntv_or_sync_fifo.gl0.wr/wpntr/gic0.gc0.count_d1_reg[5]
  -------------------------------------------------------------------
                         required time                         -1.483    
                         arrival time                           1.859    
  -------------------------------------------------------------------
                         slack                                  0.376    

Slack (MET) :             0.376ns  (arrival time - required time)
  Source:                 sd_card_audio_m0/audio_buf/U0/inst_fifo_gen/gconvfifo.rf/grf.rf/rstblk/ngwrdrst.grst.g7serrst.gnsckt_wrst.gic_rst.sckt_wr_rst_ic_reg/C
                            (rising edge-triggered cell FDPE clocked by sys_clk  {rise@0.000ns fall@10.000ns period=20.000ns})
  Destination:            sd_card_audio_m0/audio_buf/U0/inst_fifo_gen/gconvfifo.rf/grf.rf/gntv_or_sync_fifo.gl0.wr/wpntr/gic0.gc0.count_d1_reg[6]/CLR
                            (removal check against rising-edge clock sys_clk  {rise@0.000ns fall@10.000ns period=20.000ns})
  Path Group:             **async_default**
  Path Type:              Removal (Min at Fast Process Corner)
  Requirement:            0.000ns  (sys_clk rise@0.000ns - sys_clk rise@0.000ns)
  Data Path Delay:        0.344ns  (logic 0.141ns (41.045%)  route 0.203ns (58.955%))
  Logic Levels:           0  
  Clock Path Skew:        0.035ns (DCD - SCD - CPR)
    Destination Clock Delay (DCD):    2.030ns
    Source Clock Delay      (SCD):    1.515ns
    Clock Pessimism Removal (CPR):    0.479ns

    Location             Delay type                Incr(ns)  Path(ns)    Netlist Resource(s)
  -------------------------------------------------------------------    -------------------
                         (clock sys_clk rise edge)    0.000     0.000 r  
    Y18                                               0.000     0.000 r  sys_clk (IN)
                         net (fo=0)                   0.000     0.000    sys_clk
    Y18                  IBUF (Prop_ibuf_I_O)         0.264     0.264 r  sys_clk_IBUF_inst/O
                         net (fo=1, routed)           0.634     0.898    sys_clk_IBUF
    BUFGCTRL_X0Y0        BUFG (Prop_bufg_I_O)         0.026     0.924 r  sys_clk_IBUF_BUFG_inst/O
                         net (fo=734, routed)         0.592     1.515    sd_card_audio_m0/audio_buf/U0/inst_fifo_gen/gconvfifo.rf/grf.rf/rstblk/wr_clk
    SLICE_X3Y92          FDPE                                         r  sd_card_audio_m0/audio_buf/U0/inst_fifo_gen/gconvfifo.rf/grf.rf/rstblk/ngwrdrst.grst.g7serrst.gnsckt_wrst.gic_rst.sckt_wr_rst_ic_reg/C
  -------------------------------------------------------------------    -------------------
    SLICE_X3Y92          FDPE (Prop_fdpe_C_Q)         0.141     1.656 f  sd_card_audio_m0/audio_buf/U0/inst_fifo_gen/gconvfifo.rf/grf.rf/rstblk/ngwrdrst.grst.g7serrst.gnsckt_wrst.gic_rst.sckt_wr_rst_ic_reg/Q
                         net (fo=43, routed)          0.203     1.859    sd_card_audio_m0/audio_buf/U0/inst_fifo_gen/gconvfifo.rf/grf.rf/gntv_or_sync_fifo.gl0.wr/wpntr/AR[0]
    SLICE_X6Y91          FDCE                                         f  sd_card_audio_m0/audio_buf/U0/inst_fifo_gen/gconvfifo.rf/grf.rf/gntv_or_sync_fifo.gl0.wr/wpntr/gic0.gc0.count_d1_reg[6]/CLR
  -------------------------------------------------------------------    -------------------

                         (clock sys_clk rise edge)    0.000     0.000 r  
    Y18                                               0.000     0.000 r  sys_clk (IN)
                         net (fo=0)                   0.000     0.000    sys_clk
    Y18                  IBUF (Prop_ibuf_I_O)         0.452     0.452 r  sys_clk_IBUF_inst/O
                         net (fo=1, routed)           0.689     1.140    sys_clk_IBUF
    BUFGCTRL_X0Y0        BUFG (Prop_bufg_I_O)         0.029     1.169 r  sys_clk_IBUF_BUFG_inst/O
                         net (fo=734, routed)         0.860     2.030    sd_card_audio_m0/audio_buf/U0/inst_fifo_gen/gconvfifo.rf/grf.rf/gntv_or_sync_fifo.gl0.wr/wpntr/wr_clk
    SLICE_X6Y91          FDCE                                         r  sd_card_audio_m0/audio_buf/U0/inst_fifo_gen/gconvfifo.rf/grf.rf/gntv_or_sync_fifo.gl0.wr/wpntr/gic0.gc0.count_d1_reg[6]/C
                         clock pessimism             -0.479     1.550    
    SLICE_X6Y91          FDCE (Remov_fdce_C_CLR)     -0.067     1.483    sd_card_audio_m0/audio_buf/U0/inst_fifo_gen/gconvfifo.rf/grf.rf/gntv_or_sync_fifo.gl0.wr/wpntr/gic0.gc0.count_d1_reg[6]
  -------------------------------------------------------------------
                         required time                         -1.483    
                         arrival time                           1.859    
  -------------------------------------------------------------------
                         slack                                  0.376    

Slack (MET) :             0.376ns  (arrival time - required time)
  Source:                 sd_card_audio_m0/audio_buf/U0/inst_fifo_gen/gconvfifo.rf/grf.rf/rstblk/ngwrdrst.grst.g7serrst.gnsckt_wrst.gic_rst.sckt_wr_rst_ic_reg/C
                            (rising edge-triggered cell FDPE clocked by sys_clk  {rise@0.000ns fall@10.000ns period=20.000ns})
  Destination:            sd_card_audio_m0/audio_buf/U0/inst_fifo_gen/gconvfifo.rf/grf.rf/gntv_or_sync_fifo.gl0.wr/wpntr/gic0.gc0.count_d1_reg[7]/CLR
                            (removal check against rising-edge clock sys_clk  {rise@0.000ns fall@10.000ns period=20.000ns})
  Path Group:             **async_default**
  Path Type:              Removal (Min at Fast Process Corner)
  Requirement:            0.000ns  (sys_clk rise@0.000ns - sys_clk rise@0.000ns)
  Data Path Delay:        0.344ns  (logic 0.141ns (41.045%)  route 0.203ns (58.955%))
  Logic Levels:           0  
  Clock Path Skew:        0.035ns (DCD - SCD - CPR)
    Destination Clock Delay (DCD):    2.030ns
    Source Clock Delay      (SCD):    1.515ns
    Clock Pessimism Removal (CPR):    0.479ns

    Location             Delay type                Incr(ns)  Path(ns)    Netlist Resource(s)
  -------------------------------------------------------------------    -------------------
                         (clock sys_clk rise edge)    0.000     0.000 r  
    Y18                                               0.000     0.000 r  sys_clk (IN)
                         net (fo=0)                   0.000     0.000    sys_clk
    Y18                  IBUF (Prop_ibuf_I_O)         0.264     0.264 r  sys_clk_IBUF_inst/O
                         net (fo=1, routed)           0.634     0.898    sys_clk_IBUF
    BUFGCTRL_X0Y0        BUFG (Prop_bufg_I_O)         0.026     0.924 r  sys_clk_IBUF_BUFG_inst/O
                         net (fo=734, routed)         0.592     1.515    sd_card_audio_m0/audio_buf/U0/inst_fifo_gen/gconvfifo.rf/grf.rf/rstblk/wr_clk
    SLICE_X3Y92          FDPE                                         r  sd_card_audio_m0/audio_buf/U0/inst_fifo_gen/gconvfifo.rf/grf.rf/rstblk/ngwrdrst.grst.g7serrst.gnsckt_wrst.gic_rst.sckt_wr_rst_ic_reg/C
  -------------------------------------------------------------------    -------------------
    SLICE_X3Y92          FDPE (Prop_fdpe_C_Q)         0.141     1.656 f  sd_card_audio_m0/audio_buf/U0/inst_fifo_gen/gconvfifo.rf/grf.rf/rstblk/ngwrdrst.grst.g7serrst.gnsckt_wrst.gic_rst.sckt_wr_rst_ic_reg/Q
                         net (fo=43, routed)          0.203     1.859    sd_card_audio_m0/audio_buf/U0/inst_fifo_gen/gconvfifo.rf/grf.rf/gntv_or_sync_fifo.gl0.wr/wpntr/AR[0]
    SLICE_X6Y91          FDCE                                         f  sd_card_audio_m0/audio_buf/U0/inst_fifo_gen/gconvfifo.rf/grf.rf/gntv_or_sync_fifo.gl0.wr/wpntr/gic0.gc0.count_d1_reg[7]/CLR
  -------------------------------------------------------------------    -------------------

                         (clock sys_clk rise edge)    0.000     0.000 r  
    Y18                                               0.000     0.000 r  sys_clk (IN)
                         net (fo=0)                   0.000     0.000    sys_clk
    Y18                  IBUF (Prop_ibuf_I_O)         0.452     0.452 r  sys_clk_IBUF_inst/O
                         net (fo=1, routed)           0.689     1.140    sys_clk_IBUF
    BUFGCTRL_X0Y0        BUFG (Prop_bufg_I_O)         0.029     1.169 r  sys_clk_IBUF_BUFG_inst/O
                         net (fo=734, routed)         0.860     2.030    sd_card_audio_m0/audio_buf/U0/inst_fifo_gen/gconvfifo.rf/grf.rf/gntv_or_sync_fifo.gl0.wr/wpntr/wr_clk
    SLICE_X6Y91          FDCE                                         r  sd_card_audio_m0/audio_buf/U0/inst_fifo_gen/gconvfifo.rf/grf.rf/gntv_or_sync_fifo.gl0.wr/wpntr/gic0.gc0.count_d1_reg[7]/C
                         clock pessimism             -0.479     1.550    
    SLICE_X6Y91          FDCE (Remov_fdce_C_CLR)     -0.067     1.483    sd_card_audio_m0/audio_buf/U0/inst_fifo_gen/gconvfifo.rf/grf.rf/gntv_or_sync_fifo.gl0.wr/wpntr/gic0.gc0.count_d1_reg[7]
  -------------------------------------------------------------------
                         required time                         -1.483    
                         arrival time                           1.859    
  -------------------------------------------------------------------
                         slack                                  0.376    

Slack (MET) :             0.376ns  (arrival time - required time)
  Source:                 sd_card_audio_m0/audio_buf/U0/inst_fifo_gen/gconvfifo.rf/grf.rf/rstblk/ngwrdrst.grst.g7serrst.gnsckt_wrst.gic_rst.sckt_wr_rst_ic_reg/C
                            (rising edge-triggered cell FDPE clocked by sys_clk  {rise@0.000ns fall@10.000ns period=20.000ns})
  Destination:            sd_card_audio_m0/audio_buf/U0/inst_fifo_gen/gconvfifo.rf/grf.rf/gntv_or_sync_fifo.gl0.wr/wpntr/gic0.gc0.count_reg[6]/CLR
                            (removal check against rising-edge clock sys_clk  {rise@0.000ns fall@10.000ns period=20.000ns})
  Path Group:             **async_default**
  Path Type:              Removal (Min at Fast Process Corner)
  Requirement:            0.000ns  (sys_clk rise@0.000ns - sys_clk rise@0.000ns)
  Data Path Delay:        0.344ns  (logic 0.141ns (41.045%)  route 0.203ns (58.955%))
  Logic Levels:           0  
  Clock Path Skew:        0.035ns (DCD - SCD - CPR)
    Destination Clock Delay (DCD):    2.030ns
    Source Clock Delay      (SCD):    1.515ns
    Clock Pessimism Removal (CPR):    0.479ns

    Location             Delay type                Incr(ns)  Path(ns)    Netlist Resource(s)
  -------------------------------------------------------------------    -------------------
                         (clock sys_clk rise edge)    0.000     0.000 r  
    Y18                                               0.000     0.000 r  sys_clk (IN)
                         net (fo=0)                   0.000     0.000    sys_clk
    Y18                  IBUF (Prop_ibuf_I_O)         0.264     0.264 r  sys_clk_IBUF_inst/O
                         net (fo=1, routed)           0.634     0.898    sys_clk_IBUF
    BUFGCTRL_X0Y0        BUFG (Prop_bufg_I_O)         0.026     0.924 r  sys_clk_IBUF_BUFG_inst/O
                         net (fo=734, routed)         0.592     1.515    sd_card_audio_m0/audio_buf/U0/inst_fifo_gen/gconvfifo.rf/grf.rf/rstblk/wr_clk
    SLICE_X3Y92          FDPE                                         r  sd_card_audio_m0/audio_buf/U0/inst_fifo_gen/gconvfifo.rf/grf.rf/rstblk/ngwrdrst.grst.g7serrst.gnsckt_wrst.gic_rst.sckt_wr_rst_ic_reg/C
  -------------------------------------------------------------------    -------------------
    SLICE_X3Y92          FDPE (Prop_fdpe_C_Q)         0.141     1.656 f  sd_card_audio_m0/audio_buf/U0/inst_fifo_gen/gconvfifo.rf/grf.rf/rstblk/ngwrdrst.grst.g7serrst.gnsckt_wrst.gic_rst.sckt_wr_rst_ic_reg/Q
                         net (fo=43, routed)          0.203     1.859    sd_card_audio_m0/audio_buf/U0/inst_fifo_gen/gconvfifo.rf/grf.rf/gntv_or_sync_fifo.gl0.wr/wpntr/AR[0]
    SLICE_X6Y91          FDCE                                         f  sd_card_audio_m0/audio_buf/U0/inst_fifo_gen/gconvfifo.rf/grf.rf/gntv_or_sync_fifo.gl0.wr/wpntr/gic0.gc0.count_reg[6]/CLR
  -------------------------------------------------------------------    -------------------

                         (clock sys_clk rise edge)    0.000     0.000 r  
    Y18                                               0.000     0.000 r  sys_clk (IN)
                         net (fo=0)                   0.000     0.000    sys_clk
    Y18                  IBUF (Prop_ibuf_I_O)         0.452     0.452 r  sys_clk_IBUF_inst/O
                         net (fo=1, routed)           0.689     1.140    sys_clk_IBUF
    BUFGCTRL_X0Y0        BUFG (Prop_bufg_I_O)         0.029     1.169 r  sys_clk_IBUF_BUFG_inst/O
                         net (fo=734, routed)         0.860     2.030    sd_card_audio_m0/audio_buf/U0/inst_fifo_gen/gconvfifo.rf/grf.rf/gntv_or_sync_fifo.gl0.wr/wpntr/wr_clk
    SLICE_X6Y91          FDCE                                         r  sd_card_audio_m0/audio_buf/U0/inst_fifo_gen/gconvfifo.rf/grf.rf/gntv_or_sync_fifo.gl0.wr/wpntr/gic0.gc0.count_reg[6]/C
                         clock pessimism             -0.479     1.550    
    SLICE_X6Y91          FDCE (Remov_fdce_C_CLR)     -0.067     1.483    sd_card_audio_m0/audio_buf/U0/inst_fifo_gen/gconvfifo.rf/grf.rf/gntv_or_sync_fifo.gl0.wr/wpntr/gic0.gc0.count_reg[6]
  -------------------------------------------------------------------
                         required time                         -1.483    
                         arrival time                           1.859    
  -------------------------------------------------------------------
                         slack                                  0.376    

Slack (MET) :             0.376ns  (arrival time - required time)
  Source:                 sd_card_audio_m0/audio_buf/U0/inst_fifo_gen/gconvfifo.rf/grf.rf/rstblk/ngwrdrst.grst.g7serrst.gnsckt_wrst.gic_rst.sckt_wr_rst_ic_reg/C
                            (rising edge-triggered cell FDPE clocked by sys_clk  {rise@0.000ns fall@10.000ns period=20.000ns})
  Destination:            sd_card_audio_m0/audio_buf/U0/inst_fifo_gen/gconvfifo.rf/grf.rf/gntv_or_sync_fifo.gl0.wr/wpntr/gic0.gc0.count_reg[7]/CLR
                            (removal check against rising-edge clock sys_clk  {rise@0.000ns fall@10.000ns period=20.000ns})
  Path Group:             **async_default**
  Path Type:              Removal (Min at Fast Process Corner)
  Requirement:            0.000ns  (sys_clk rise@0.000ns - sys_clk rise@0.000ns)
  Data Path Delay:        0.344ns  (logic 0.141ns (41.045%)  route 0.203ns (58.955%))
  Logic Levels:           0  
  Clock Path Skew:        0.035ns (DCD - SCD - CPR)
    Destination Clock Delay (DCD):    2.030ns
    Source Clock Delay      (SCD):    1.515ns
    Clock Pessimism Removal (CPR):    0.479ns

    Location             Delay type                Incr(ns)  Path(ns)    Netlist Resource(s)
  -------------------------------------------------------------------    -------------------
                         (clock sys_clk rise edge)    0.000     0.000 r  
    Y18                                               0.000     0.000 r  sys_clk (IN)
                         net (fo=0)                   0.000     0.000    sys_clk
    Y18                  IBUF (Prop_ibuf_I_O)         0.264     0.264 r  sys_clk_IBUF_inst/O
                         net (fo=1, routed)           0.634     0.898    sys_clk_IBUF
    BUFGCTRL_X0Y0        BUFG (Prop_bufg_I_O)         0.026     0.924 r  sys_clk_IBUF_BUFG_inst/O
                         net (fo=734, routed)         0.592     1.515    sd_card_audio_m0/audio_buf/U0/inst_fifo_gen/gconvfifo.rf/grf.rf/rstblk/wr_clk
    SLICE_X3Y92          FDPE                                         r  sd_card_audio_m0/audio_buf/U0/inst_fifo_gen/gconvfifo.rf/grf.rf/rstblk/ngwrdrst.grst.g7serrst.gnsckt_wrst.gic_rst.sckt_wr_rst_ic_reg/C
  -------------------------------------------------------------------    -------------------
    SLICE_X3Y92          FDPE (Prop_fdpe_C_Q)         0.141     1.656 f  sd_card_audio_m0/audio_buf/U0/inst_fifo_gen/gconvfifo.rf/grf.rf/rstblk/ngwrdrst.grst.g7serrst.gnsckt_wrst.gic_rst.sckt_wr_rst_ic_reg/Q
                         net (fo=43, routed)          0.203     1.859    sd_card_audio_m0/audio_buf/U0/inst_fifo_gen/gconvfifo.rf/grf.rf/gntv_or_sync_fifo.gl0.wr/wpntr/AR[0]
    SLICE_X6Y91          FDCE                                         f  sd_card_audio_m0/audio_buf/U0/inst_fifo_gen/gconvfifo.rf/grf.rf/gntv_or_sync_fifo.gl0.wr/wpntr/gic0.gc0.count_reg[7]/CLR
  -------------------------------------------------------------------    -------------------

                         (clock sys_clk rise edge)    0.000     0.000 r  
    Y18                                               0.000     0.000 r  sys_clk (IN)
                         net (fo=0)                   0.000     0.000    sys_clk
    Y18                  IBUF (Prop_ibuf_I_O)         0.452     0.452 r  sys_clk_IBUF_inst/O
                         net (fo=1, routed)           0.689     1.140    sys_clk_IBUF
    BUFGCTRL_X0Y0        BUFG (Prop_bufg_I_O)         0.029     1.169 r  sys_clk_IBUF_BUFG_inst/O
                         net (fo=734, routed)         0.860     2.030    sd_card_audio_m0/audio_buf/U0/inst_fifo_gen/gconvfifo.rf/grf.rf/gntv_or_sync_fifo.gl0.wr/wpntr/wr_clk
    SLICE_X6Y91          FDCE                                         r  sd_card_audio_m0/audio_buf/U0/inst_fifo_gen/gconvfifo.rf/grf.rf/gntv_or_sync_fifo.gl0.wr/wpntr/gic0.gc0.count_reg[7]/C
                         clock pessimism             -0.479     1.550    
    SLICE_X6Y91          FDCE (Remov_fdce_C_CLR)     -0.067     1.483    sd_card_audio_m0/audio_buf/U0/inst_fifo_gen/gconvfifo.rf/grf.rf/gntv_or_sync_fifo.gl0.wr/wpntr/gic0.gc0.count_reg[7]
  -------------------------------------------------------------------
                         required time                         -1.483    
                         arrival time                           1.859    
  -------------------------------------------------------------------
                         slack                                  0.376    

Slack (MET) :             0.376ns  (arrival time - required time)
  Source:                 sd_card_audio_m0/audio_buf/U0/inst_fifo_gen/gconvfifo.rf/grf.rf/rstblk/ngwrdrst.grst.g7serrst.gnsckt_wrst.gic_rst.sckt_wr_rst_ic_reg/C
                            (rising edge-triggered cell FDPE clocked by sys_clk  {rise@0.000ns fall@10.000ns period=20.000ns})
  Destination:            sd_card_audio_m0/audio_buf/U0/inst_fifo_gen/gconvfifo.rf/grf.rf/gntv_or_sync_fifo.gl0.wr/wpntr/gic0.gc0.count_reg[8]/CLR
                            (removal check against rising-edge clock sys_clk  {rise@0.000ns fall@10.000ns period=20.000ns})
  Path Group:             **async_default**
  Path Type:              Removal (Min at Fast Process Corner)
  Requirement:            0.000ns  (sys_clk rise@0.000ns - sys_clk rise@0.000ns)
  Data Path Delay:        0.344ns  (logic 0.141ns (41.045%)  route 0.203ns (58.955%))
  Logic Levels:           0  
  Clock Path Skew:        0.035ns (DCD - SCD - CPR)
    Destination Clock Delay (DCD):    2.030ns
    Source Clock Delay      (SCD):    1.515ns
    Clock Pessimism Removal (CPR):    0.479ns

    Location             Delay type                Incr(ns)  Path(ns)    Netlist Resource(s)
  -------------------------------------------------------------------    -------------------
                         (clock sys_clk rise edge)    0.000     0.000 r  
    Y18                                               0.000     0.000 r  sys_clk (IN)
                         net (fo=0)                   0.000     0.000    sys_clk
    Y18                  IBUF (Prop_ibuf_I_O)         0.264     0.264 r  sys_clk_IBUF_inst/O
                         net (fo=1, routed)           0.634     0.898    sys_clk_IBUF
    BUFGCTRL_X0Y0        BUFG (Prop_bufg_I_O)         0.026     0.924 r  sys_clk_IBUF_BUFG_inst/O
                         net (fo=734, routed)         0.592     1.515    sd_card_audio_m0/audio_buf/U0/inst_fifo_gen/gconvfifo.rf/grf.rf/rstblk/wr_clk
    SLICE_X3Y92          FDPE                                         r  sd_card_audio_m0/audio_buf/U0/inst_fifo_gen/gconvfifo.rf/grf.rf/rstblk/ngwrdrst.grst.g7serrst.gnsckt_wrst.gic_rst.sckt_wr_rst_ic_reg/C
  -------------------------------------------------------------------    -------------------
    SLICE_X3Y92          FDPE (Prop_fdpe_C_Q)         0.141     1.656 f  sd_card_audio_m0/audio_buf/U0/inst_fifo_gen/gconvfifo.rf/grf.rf/rstblk/ngwrdrst.grst.g7serrst.gnsckt_wrst.gic_rst.sckt_wr_rst_ic_reg/Q
                         net (fo=43, routed)          0.203     1.859    sd_card_audio_m0/audio_buf/U0/inst_fifo_gen/gconvfifo.rf/grf.rf/gntv_or_sync_fifo.gl0.wr/wpntr/AR[0]
    SLICE_X6Y91          FDCE                                         f  sd_card_audio_m0/audio_buf/U0/inst_fifo_gen/gconvfifo.rf/grf.rf/gntv_or_sync_fifo.gl0.wr/wpntr/gic0.gc0.count_reg[8]/CLR
  -------------------------------------------------------------------    -------------------

                         (clock sys_clk rise edge)    0.000     0.000 r  
    Y18                                               0.000     0.000 r  sys_clk (IN)
                         net (fo=0)                   0.000     0.000    sys_clk
    Y18                  IBUF (Prop_ibuf_I_O)         0.452     0.452 r  sys_clk_IBUF_inst/O
                         net (fo=1, routed)           0.689     1.140    sys_clk_IBUF
    BUFGCTRL_X0Y0        BUFG (Prop_bufg_I_O)         0.029     1.169 r  sys_clk_IBUF_BUFG_inst/O
                         net (fo=734, routed)         0.860     2.030    sd_card_audio_m0/audio_buf/U0/inst_fifo_gen/gconvfifo.rf/grf.rf/gntv_or_sync_fifo.gl0.wr/wpntr/wr_clk
    SLICE_X6Y91          FDCE                                         r  sd_card_audio_m0/audio_buf/U0/inst_fifo_gen/gconvfifo.rf/grf.rf/gntv_or_sync_fifo.gl0.wr/wpntr/gic0.gc0.count_reg[8]/C
                         clock pessimism             -0.479     1.550    
    SLICE_X6Y91          FDCE (Remov_fdce_C_CLR)     -0.067     1.483    sd_card_audio_m0/audio_buf/U0/inst_fifo_gen/gconvfifo.rf/grf.rf/gntv_or_sync_fifo.gl0.wr/wpntr/gic0.gc0.count_reg[8]
  -------------------------------------------------------------------
                         required time                         -1.483    
                         arrival time                           1.859    
  -------------------------------------------------------------------
                         slack                                  0.376    

Slack (MET) :             0.376ns  (arrival time - required time)
  Source:                 sd_card_audio_m0/audio_buf/U0/inst_fifo_gen/gconvfifo.rf/grf.rf/rstblk/ngwrdrst.grst.g7serrst.gnsckt_wrst.gic_rst.sckt_wr_rst_ic_reg/C
                            (rising edge-triggered cell FDPE clocked by sys_clk  {rise@0.000ns fall@10.000ns period=20.000ns})
  Destination:            sd_card_audio_m0/audio_buf/U0/inst_fifo_gen/gconvfifo.rf/grf.rf/gntv_or_sync_fifo.gl0.wr/wpntr/gic0.gc0.count_reg[9]/CLR
                            (removal check against rising-edge clock sys_clk  {rise@0.000ns fall@10.000ns period=20.000ns})
  Path Group:             **async_default**
  Path Type:              Removal (Min at Fast Process Corner)
  Requirement:            0.000ns  (sys_clk rise@0.000ns - sys_clk rise@0.000ns)
  Data Path Delay:        0.344ns  (logic 0.141ns (41.045%)  route 0.203ns (58.955%))
  Logic Levels:           0  
  Clock Path Skew:        0.035ns (DCD - SCD - CPR)
    Destination Clock Delay (DCD):    2.030ns
    Source Clock Delay      (SCD):    1.515ns
    Clock Pessimism Removal (CPR):    0.479ns

    Location             Delay type                Incr(ns)  Path(ns)    Netlist Resource(s)
  -------------------------------------------------------------------    -------------------
                         (clock sys_clk rise edge)    0.000     0.000 r  
    Y18                                               0.000     0.000 r  sys_clk (IN)
                         net (fo=0)                   0.000     0.000    sys_clk
    Y18                  IBUF (Prop_ibuf_I_O)         0.264     0.264 r  sys_clk_IBUF_inst/O
                         net (fo=1, routed)           0.634     0.898    sys_clk_IBUF
    BUFGCTRL_X0Y0        BUFG (Prop_bufg_I_O)         0.026     0.924 r  sys_clk_IBUF_BUFG_inst/O
                         net (fo=734, routed)         0.592     1.515    sd_card_audio_m0/audio_buf/U0/inst_fifo_gen/gconvfifo.rf/grf.rf/rstblk/wr_clk
    SLICE_X3Y92          FDPE                                         r  sd_card_audio_m0/audio_buf/U0/inst_fifo_gen/gconvfifo.rf/grf.rf/rstblk/ngwrdrst.grst.g7serrst.gnsckt_wrst.gic_rst.sckt_wr_rst_ic_reg/C
  -------------------------------------------------------------------    -------------------
    SLICE_X3Y92          FDPE (Prop_fdpe_C_Q)         0.141     1.656 f  sd_card_audio_m0/audio_buf/U0/inst_fifo_gen/gconvfifo.rf/grf.rf/rstblk/ngwrdrst.grst.g7serrst.gnsckt_wrst.gic_rst.sckt_wr_rst_ic_reg/Q
                         net (fo=43, routed)          0.203     1.859    sd_card_audio_m0/audio_buf/U0/inst_fifo_gen/gconvfifo.rf/grf.rf/gntv_or_sync_fifo.gl0.wr/wpntr/AR[0]
    SLICE_X6Y91          FDCE                                         f  sd_card_audio_m0/audio_buf/U0/inst_fifo_gen/gconvfifo.rf/grf.rf/gntv_or_sync_fifo.gl0.wr/wpntr/gic0.gc0.count_reg[9]/CLR
  -------------------------------------------------------------------    -------------------

                         (clock sys_clk rise edge)    0.000     0.000 r  
    Y18                                               0.000     0.000 r  sys_clk (IN)
                         net (fo=0)                   0.000     0.000    sys_clk
    Y18                  IBUF (Prop_ibuf_I_O)         0.452     0.452 r  sys_clk_IBUF_inst/O
                         net (fo=1, routed)           0.689     1.140    sys_clk_IBUF
    BUFGCTRL_X0Y0        BUFG (Prop_bufg_I_O)         0.029     1.169 r  sys_clk_IBUF_BUFG_inst/O
                         net (fo=734, routed)         0.860     2.030    sd_card_audio_m0/audio_buf/U0/inst_fifo_gen/gconvfifo.rf/grf.rf/gntv_or_sync_fifo.gl0.wr/wpntr/wr_clk
    SLICE_X6Y91          FDCE                                         r  sd_card_audio_m0/audio_buf/U0/inst_fifo_gen/gconvfifo.rf/grf.rf/gntv_or_sync_fifo.gl0.wr/wpntr/gic0.gc0.count_reg[9]/C
                         clock pessimism             -0.479     1.550    
    SLICE_X6Y91          FDCE (Remov_fdce_C_CLR)     -0.067     1.483    sd_card_audio_m0/audio_buf/U0/inst_fifo_gen/gconvfifo.rf/grf.rf/gntv_or_sync_fifo.gl0.wr/wpntr/gic0.gc0.count_reg[9]
  -------------------------------------------------------------------
                         required time                         -1.483    
                         arrival time                           1.859    
  -------------------------------------------------------------------
                         slack                                  0.376    

Slack (MET) :             0.376ns  (arrival time - required time)
  Source:                 sd_card_audio_m0/audio_buf/U0/inst_fifo_gen/gconvfifo.rf/grf.rf/rstblk/ngwrdrst.grst.g7serrst.gnsckt_wrst.gic_rst.sckt_wr_rst_ic_reg/C
                            (rising edge-triggered cell FDPE clocked by sys_clk  {rise@0.000ns fall@10.000ns period=20.000ns})
  Destination:            sd_card_audio_m0/audio_buf/U0/inst_fifo_gen/gconvfifo.rf/grf.rf/gntv_or_sync_fifo.gl0.wr/wpntr/gic0.gc0.count_d2_reg[5]/CLR
                            (removal check against rising-edge clock sys_clk  {rise@0.000ns fall@10.000ns period=20.000ns})
  Path Group:             **async_default**
  Path Type:              Removal (Min at Fast Process Corner)
  Requirement:            0.000ns  (sys_clk rise@0.000ns - sys_clk rise@0.000ns)
  Data Path Delay:        0.319ns  (logic 0.141ns (44.249%)  route 0.178ns (55.751%))
  Logic Levels:           0  
  Clock Path Skew:        0.035ns (DCD - SCD - CPR)
    Destination Clock Delay (DCD):    2.030ns
    Source Clock Delay      (SCD):    1.515ns
    Clock Pessimism Removal (CPR):    0.479ns

    Location             Delay type                Incr(ns)  Path(ns)    Netlist Resource(s)
  -------------------------------------------------------------------    -------------------
                         (clock sys_clk rise edge)    0.000     0.000 r  
    Y18                                               0.000     0.000 r  sys_clk (IN)
                         net (fo=0)                   0.000     0.000    sys_clk
    Y18                  IBUF (Prop_ibuf_I_O)         0.264     0.264 r  sys_clk_IBUF_inst/O
                         net (fo=1, routed)           0.634     0.898    sys_clk_IBUF
    BUFGCTRL_X0Y0        BUFG (Prop_bufg_I_O)         0.026     0.924 r  sys_clk_IBUF_BUFG_inst/O
                         net (fo=734, routed)         0.592     1.515    sd_card_audio_m0/audio_buf/U0/inst_fifo_gen/gconvfifo.rf/grf.rf/rstblk/wr_clk
    SLICE_X3Y92          FDPE                                         r  sd_card_audio_m0/audio_buf/U0/inst_fifo_gen/gconvfifo.rf/grf.rf/rstblk/ngwrdrst.grst.g7serrst.gnsckt_wrst.gic_rst.sckt_wr_rst_ic_reg/C
  -------------------------------------------------------------------    -------------------
    SLICE_X3Y92          FDPE (Prop_fdpe_C_Q)         0.141     1.656 f  sd_card_audio_m0/audio_buf/U0/inst_fifo_gen/gconvfifo.rf/grf.rf/rstblk/ngwrdrst.grst.g7serrst.gnsckt_wrst.gic_rst.sckt_wr_rst_ic_reg/Q
                         net (fo=43, routed)          0.178     1.834    sd_card_audio_m0/audio_buf/U0/inst_fifo_gen/gconvfifo.rf/grf.rf/gntv_or_sync_fifo.gl0.wr/wpntr/AR[0]
    SLICE_X4Y92          FDCE                                         f  sd_card_audio_m0/audio_buf/U0/inst_fifo_gen/gconvfifo.rf/grf.rf/gntv_or_sync_fifo.gl0.wr/wpntr/gic0.gc0.count_d2_reg[5]/CLR
  -------------------------------------------------------------------    -------------------

                         (clock sys_clk rise edge)    0.000     0.000 r  
    Y18                                               0.000     0.000 r  sys_clk (IN)
                         net (fo=0)                   0.000     0.000    sys_clk
    Y18                  IBUF (Prop_ibuf_I_O)         0.452     0.452 r  sys_clk_IBUF_inst/O
                         net (fo=1, routed)           0.689     1.140    sys_clk_IBUF
    BUFGCTRL_X0Y0        BUFG (Prop_bufg_I_O)         0.029     1.169 r  sys_clk_IBUF_BUFG_inst/O
                         net (fo=734, routed)         0.860     2.030    sd_card_audio_m0/audio_buf/U0/inst_fifo_gen/gconvfifo.rf/grf.rf/gntv_or_sync_fifo.gl0.wr/wpntr/wr_clk
    SLICE_X4Y92          FDCE                                         r  sd_card_audio_m0/audio_buf/U0/inst_fifo_gen/gconvfifo.rf/grf.rf/gntv_or_sync_fifo.gl0.wr/wpntr/gic0.gc0.count_d2_reg[5]/C
                         clock pessimism             -0.479     1.550    
    SLICE_X4Y92          FDCE (Remov_fdce_C_CLR)     -0.092     1.458    sd_card_audio_m0/audio_buf/U0/inst_fifo_gen/gconvfifo.rf/grf.rf/gntv_or_sync_fifo.gl0.wr/wpntr/gic0.gc0.count_d2_reg[5]
  -------------------------------------------------------------------
                         required time                         -1.458    
                         arrival time                           1.834    
  -------------------------------------------------------------------
                         slack                                  0.376    

Slack (MET) :             0.376ns  (arrival time - required time)
  Source:                 sd_card_audio_m0/audio_buf/U0/inst_fifo_gen/gconvfifo.rf/grf.rf/rstblk/ngwrdrst.grst.g7serrst.gnsckt_wrst.gic_rst.sckt_wr_rst_ic_reg/C
                            (rising edge-triggered cell FDPE clocked by sys_clk  {rise@0.000ns fall@10.000ns period=20.000ns})
  Destination:            sd_card_audio_m0/audio_buf/U0/inst_fifo_gen/gconvfifo.rf/grf.rf/gntv_or_sync_fifo.gl0.wr/wpntr/gic0.gc0.count_reg[0]/CLR
                            (removal check against rising-edge clock sys_clk  {rise@0.000ns fall@10.000ns period=20.000ns})
  Path Group:             **async_default**
  Path Type:              Removal (Min at Fast Process Corner)
  Requirement:            0.000ns  (sys_clk rise@0.000ns - sys_clk rise@0.000ns)
  Data Path Delay:        0.319ns  (logic 0.141ns (44.249%)  route 0.178ns (55.751%))
  Logic Levels:           0  
  Clock Path Skew:        0.035ns (DCD - SCD - CPR)
    Destination Clock Delay (DCD):    2.030ns
    Source Clock Delay      (SCD):    1.515ns
    Clock Pessimism Removal (CPR):    0.479ns

    Location             Delay type                Incr(ns)  Path(ns)    Netlist Resource(s)
  -------------------------------------------------------------------    -------------------
                         (clock sys_clk rise edge)    0.000     0.000 r  
    Y18                                               0.000     0.000 r  sys_clk (IN)
                         net (fo=0)                   0.000     0.000    sys_clk
    Y18                  IBUF (Prop_ibuf_I_O)         0.264     0.264 r  sys_clk_IBUF_inst/O
                         net (fo=1, routed)           0.634     0.898    sys_clk_IBUF
    BUFGCTRL_X0Y0        BUFG (Prop_bufg_I_O)         0.026     0.924 r  sys_clk_IBUF_BUFG_inst/O
                         net (fo=734, routed)         0.592     1.515    sd_card_audio_m0/audio_buf/U0/inst_fifo_gen/gconvfifo.rf/grf.rf/rstblk/wr_clk
    SLICE_X3Y92          FDPE                                         r  sd_card_audio_m0/audio_buf/U0/inst_fifo_gen/gconvfifo.rf/grf.rf/rstblk/ngwrdrst.grst.g7serrst.gnsckt_wrst.gic_rst.sckt_wr_rst_ic_reg/C
  -------------------------------------------------------------------    -------------------
    SLICE_X3Y92          FDPE (Prop_fdpe_C_Q)         0.141     1.656 f  sd_card_audio_m0/audio_buf/U0/inst_fifo_gen/gconvfifo.rf/grf.rf/rstblk/ngwrdrst.grst.g7serrst.gnsckt_wrst.gic_rst.sckt_wr_rst_ic_reg/Q
                         net (fo=43, routed)          0.178     1.834    sd_card_audio_m0/audio_buf/U0/inst_fifo_gen/gconvfifo.rf/grf.rf/gntv_or_sync_fifo.gl0.wr/wpntr/AR[0]
    SLICE_X4Y92          FDCE                                         f  sd_card_audio_m0/audio_buf/U0/inst_fifo_gen/gconvfifo.rf/grf.rf/gntv_or_sync_fifo.gl0.wr/wpntr/gic0.gc0.count_reg[0]/CLR
  -------------------------------------------------------------------    -------------------

                         (clock sys_clk rise edge)    0.000     0.000 r  
    Y18                                               0.000     0.000 r  sys_clk (IN)
                         net (fo=0)                   0.000     0.000    sys_clk
    Y18                  IBUF (Prop_ibuf_I_O)         0.452     0.452 r  sys_clk_IBUF_inst/O
                         net (fo=1, routed)           0.689     1.140    sys_clk_IBUF
    BUFGCTRL_X0Y0        BUFG (Prop_bufg_I_O)         0.029     1.169 r  sys_clk_IBUF_BUFG_inst/O
                         net (fo=734, routed)         0.860     2.030    sd_card_audio_m0/audio_buf/U0/inst_fifo_gen/gconvfifo.rf/grf.rf/gntv_or_sync_fifo.gl0.wr/wpntr/wr_clk
    SLICE_X4Y92          FDCE                                         r  sd_card_audio_m0/audio_buf/U0/inst_fifo_gen/gconvfifo.rf/grf.rf/gntv_or_sync_fifo.gl0.wr/wpntr/gic0.gc0.count_reg[0]/C
                         clock pessimism             -0.479     1.550    
    SLICE_X4Y92          FDCE (Remov_fdce_C_CLR)     -0.092     1.458    sd_card_audio_m0/audio_buf/U0/inst_fifo_gen/gconvfifo.rf/grf.rf/gntv_or_sync_fifo.gl0.wr/wpntr/gic0.gc0.count_reg[0]
  -------------------------------------------------------------------
                         required time                         -1.458    
                         arrival time                           1.834    
  -------------------------------------------------------------------
                         slack                                  0.376    

Slack (MET) :             0.376ns  (arrival time - required time)
  Source:                 sd_card_audio_m0/audio_buf/U0/inst_fifo_gen/gconvfifo.rf/grf.rf/rstblk/ngwrdrst.grst.g7serrst.gnsckt_wrst.gic_rst.sckt_wr_rst_ic_reg/C
                            (rising edge-triggered cell FDPE clocked by sys_clk  {rise@0.000ns fall@10.000ns period=20.000ns})
  Destination:            sd_card_audio_m0/audio_buf/U0/inst_fifo_gen/gconvfifo.rf/grf.rf/gntv_or_sync_fifo.gl0.wr/wpntr/gic0.gc0.count_reg[2]/CLR
                            (removal check against rising-edge clock sys_clk  {rise@0.000ns fall@10.000ns period=20.000ns})
  Path Group:             **async_default**
  Path Type:              Removal (Min at Fast Process Corner)
  Requirement:            0.000ns  (sys_clk rise@0.000ns - sys_clk rise@0.000ns)
  Data Path Delay:        0.319ns  (logic 0.141ns (44.249%)  route 0.178ns (55.751%))
  Logic Levels:           0  
  Clock Path Skew:        0.035ns (DCD - SCD - CPR)
    Destination Clock Delay (DCD):    2.030ns
    Source Clock Delay      (SCD):    1.515ns
    Clock Pessimism Removal (CPR):    0.479ns

    Location             Delay type                Incr(ns)  Path(ns)    Netlist Resource(s)
  -------------------------------------------------------------------    -------------------
                         (clock sys_clk rise edge)    0.000     0.000 r  
    Y18                                               0.000     0.000 r  sys_clk (IN)
                         net (fo=0)                   0.000     0.000    sys_clk
    Y18                  IBUF (Prop_ibuf_I_O)         0.264     0.264 r  sys_clk_IBUF_inst/O
                         net (fo=1, routed)           0.634     0.898    sys_clk_IBUF
    BUFGCTRL_X0Y0        BUFG (Prop_bufg_I_O)         0.026     0.924 r  sys_clk_IBUF_BUFG_inst/O
                         net (fo=734, routed)         0.592     1.515    sd_card_audio_m0/audio_buf/U0/inst_fifo_gen/gconvfifo.rf/grf.rf/rstblk/wr_clk
    SLICE_X3Y92          FDPE                                         r  sd_card_audio_m0/audio_buf/U0/inst_fifo_gen/gconvfifo.rf/grf.rf/rstblk/ngwrdrst.grst.g7serrst.gnsckt_wrst.gic_rst.sckt_wr_rst_ic_reg/C
  -------------------------------------------------------------------    -------------------
    SLICE_X3Y92          FDPE (Prop_fdpe_C_Q)         0.141     1.656 f  sd_card_audio_m0/audio_buf/U0/inst_fifo_gen/gconvfifo.rf/grf.rf/rstblk/ngwrdrst.grst.g7serrst.gnsckt_wrst.gic_rst.sckt_wr_rst_ic_reg/Q
                         net (fo=43, routed)          0.178     1.834    sd_card_audio_m0/audio_buf/U0/inst_fifo_gen/gconvfifo.rf/grf.rf/gntv_or_sync_fifo.gl0.wr/wpntr/AR[0]
    SLICE_X4Y92          FDCE                                         f  sd_card_audio_m0/audio_buf/U0/inst_fifo_gen/gconvfifo.rf/grf.rf/gntv_or_sync_fifo.gl0.wr/wpntr/gic0.gc0.count_reg[2]/CLR
  -------------------------------------------------------------------    -------------------

                         (clock sys_clk rise edge)    0.000     0.000 r  
    Y18                                               0.000     0.000 r  sys_clk (IN)
                         net (fo=0)                   0.000     0.000    sys_clk
    Y18                  IBUF (Prop_ibuf_I_O)         0.452     0.452 r  sys_clk_IBUF_inst/O
                         net (fo=1, routed)           0.689     1.140    sys_clk_IBUF
    BUFGCTRL_X0Y0        BUFG (Prop_bufg_I_O)         0.029     1.169 r  sys_clk_IBUF_BUFG_inst/O
                         net (fo=734, routed)         0.860     2.030    sd_card_audio_m0/audio_buf/U0/inst_fifo_gen/gconvfifo.rf/grf.rf/gntv_or_sync_fifo.gl0.wr/wpntr/wr_clk
    SLICE_X4Y92          FDCE                                         r  sd_card_audio_m0/audio_buf/U0/inst_fifo_gen/gconvfifo.rf/grf.rf/gntv_or_sync_fifo.gl0.wr/wpntr/gic0.gc0.count_reg[2]/C
                         clock pessimism             -0.479     1.550    
    SLICE_X4Y92          FDCE (Remov_fdce_C_CLR)     -0.092     1.458    sd_card_audio_m0/audio_buf/U0/inst_fifo_gen/gconvfifo.rf/grf.rf/gntv_or_sync_fifo.gl0.wr/wpntr/gic0.gc0.count_reg[2]
  -------------------------------------------------------------------
                         required time                         -1.458    
                         arrival time                           1.834    
  -------------------------------------------------------------------
                         slack                                  0.376    





