Copyright 1986-2019 Xilinx, Inc. All Rights Reserved.
--------------------------------------------------------------------------------------------------------------------------------------------------------------------------------
| Tool Version : Vivado v.2019.1 (win64) Build 2552052 Fri May 24 14:49:42 MDT 2019
| Date         : Tue Jul 30 16:19:46 2019
| Host         : PC-201805041311 running 64-bit major release  (build 9200)
| Command      : report_timing_summary -max_paths 10 -file top_timing_summary_routed.rpt -pb top_timing_summary_routed.pb -rpx top_timing_summary_routed.rpx -warn_on_violation
| Design       : top
| Device       : 7a35t-fgg484
| Speed File   : -2  PRODUCTION 1.23 2018-06-13
--------------------------------------------------------------------------------------------------------------------------------------------------------------------------------

Timing Summary Report

------------------------------------------------------------------------------------------------
| Timer Settings
| --------------
------------------------------------------------------------------------------------------------

  Enable Multi Corner Analysis               :  Yes
  Enable Pessimism Removal                   :  Yes
  Pessimism Removal Resolution               :  Nearest Common Node
  Enable Input Delay Default Clock           :  No
  Enable Preset / Clear Arcs                 :  No
  Disable Flight Delays                      :  No
  Ignore I/O Paths                           :  No
  Timing Early Launch at Borrowing Latches   :  No
  Borrow Time for Max Delay Exceptions       :  Yes

  Corner  Analyze    Analyze    
  Name    Max Paths  Min Paths  
  ------  ---------  ---------  
  Slow    Yes        Yes        
  Fast    Yes        Yes        



check_timing report

Table of Contents
-----------------
1. checking no_clock
2. checking constant_clock
3. checking pulse_width_clock
4. checking unconstrained_internal_endpoints
5. checking no_input_delay
6. checking no_output_delay
7. checking multiple_clock
8. checking generated_clocks
9. checking loops
10. checking partial_input_delay
11. checking partial_output_delay
12. checking latch_loops

1. checking no_clock
--------------------
 There are 603 register/latch pins with no clock driven by root clock pin: TMDS_clk_hdmi_in_p (HIGH)


2. checking constant_clock
--------------------------
 There are 0 register/latch pins with constant_clock.


3. checking pulse_width_clock
-----------------------------
 There are 0 register/latch pins which need pulse_width check


4. checking unconstrained_internal_endpoints
--------------------------------------------
 There are 1177 pins that are not constrained for maximum delay. (HIGH)

 There are 6 pins that are not constrained for maximum delay due to constant clock. (MEDIUM)


5. checking no_input_delay
--------------------------
 There are 6 input ports with no input delay specified. (HIGH)

 There are 0 input ports with no input delay but user has a false path constraint.


6. checking no_output_delay
---------------------------
 There are 6 ports with no output delay specified. (HIGH)

 There are 0 ports with no output delay but user has a false path constraint

 There are 0 ports with no output delay but with a timing clock defined on it or propagating through it


7. checking multiple_clock
--------------------------
 There are 0 register/latch pins with multiple clocks.


8. checking generated_clocks
----------------------------
 There are 0 generated clocks that are not connected to a clock source.


9. checking loops
-----------------
 There are 0 combinational loops in the design.


10. checking partial_input_delay
--------------------------------
 There are 0 input ports with partial input delay specified.


11. checking partial_output_delay
---------------------------------
 There are 0 ports with partial output delay specified.


12. checking latch_loops
------------------------
 There are 0 combinational latch loops in the design through latch input



------------------------------------------------------------------------------------------------
| Design Timing Summary
| ---------------------
------------------------------------------------------------------------------------------------

    WNS(ns)      TNS(ns)  TNS Failing Endpoints  TNS Total Endpoints      WHS(ns)      THS(ns)  THS Failing Endpoints  THS Total Endpoints     WPWS(ns)     TPWS(ns)  TPWS Failing Endpoints  TPWS Total Endpoints  
    -------      -------  ---------------------  -------------------      -------      -------  ---------------------  -------------------     --------     --------  ----------------------  --------------------  
      1.648        0.000                      0                  354        0.121        0.000                      0                  354        0.264        0.000                       0                   171  


All user specified timing constraints are met.


------------------------------------------------------------------------------------------------
| Clock Summary
| -------------
------------------------------------------------------------------------------------------------

Clock               Waveform(ns)         Period(ns)      Frequency(MHz)
-----               ------------         ----------      --------------
sys_clk             {0.000 10.000}       20.000          50.000          
  clk_out1_clk_ref  {0.000 2.500}        5.000           200.000         
  clkfbout_clk_ref  {0.000 10.000}       20.000          50.000          


------------------------------------------------------------------------------------------------
| Intra Clock Table
| -----------------
------------------------------------------------------------------------------------------------

Clock                   WNS(ns)      TNS(ns)  TNS Failing Endpoints  TNS Total Endpoints      WHS(ns)      THS(ns)  THS Failing Endpoints  THS Total Endpoints     WPWS(ns)     TPWS(ns)  TPWS Failing Endpoints  TPWS Total Endpoints  
-----                   -------      -------  ---------------------  -------------------      -------      -------  ---------------------  -------------------     --------     --------  ----------------------  --------------------  
sys_clk                                                                                                                                                               7.000        0.000                       0                     1  
  clk_out1_clk_ref        1.648        0.000                      0                  351        0.121        0.000                      0                  351        0.264        0.000                       0                   167  
  clkfbout_clk_ref                                                                                                                                                   18.408        0.000                       0                     3  


------------------------------------------------------------------------------------------------
| Inter Clock Table
| -----------------
------------------------------------------------------------------------------------------------

From Clock    To Clock          WNS(ns)      TNS(ns)  TNS Failing Endpoints  TNS Total Endpoints      WHS(ns)      THS(ns)  THS Failing Endpoints  THS Total Endpoints  
----------    --------          -------      -------  ---------------------  -------------------      -------      -------  ---------------------  -------------------  


------------------------------------------------------------------------------------------------
| Other Path Groups Table
| -----------------------
------------------------------------------------------------------------------------------------

Path Group         From Clock         To Clock               WNS(ns)      TNS(ns)  TNS Failing Endpoints  TNS Total Endpoints      WHS(ns)      THS(ns)  THS Failing Endpoints  THS Total Endpoints  
----------         ----------         --------               -------      -------  ---------------------  -------------------      -------      -------  ---------------------  -------------------  
**async_default**  clk_out1_clk_ref   clk_out1_clk_ref         3.408        0.000                      0                    3        0.561        0.000                      0                    3  


------------------------------------------------------------------------------------------------
| Timing Details
| --------------
------------------------------------------------------------------------------------------------


---------------------------------------------------------------------------------------------------
From Clock:  sys_clk
  To Clock:  sys_clk

Setup :           NA  Failing Endpoints,  Worst Slack           NA  ,  Total Violation           NA
Hold  :           NA  Failing Endpoints,  Worst Slack           NA  ,  Total Violation           NA
PW    :            0  Failing Endpoints,  Worst Slack        7.000ns,  Total Violation        0.000ns
---------------------------------------------------------------------------------------------------


Pulse Width Checks
--------------------------------------------------------------------------------------
Clock Name:         sys_clk
Waveform(ns):       { 0.000 10.000 }
Period(ns):         20.000
Sources:            { sys_clk }

Check Type        Corner  Lib Pin            Reference Pin  Required(ns)  Actual(ns)  Slack(ns)  Location         Pin
Min Period        n/a     MMCME2_ADV/CLKIN1  n/a            1.249         20.000      18.751     MMCME2_ADV_X0Y0  clk_refm0/inst/mmcm_adv_inst/CLKIN1
Max Period        n/a     MMCME2_ADV/CLKIN1  n/a            100.000       20.000      80.000     MMCME2_ADV_X0Y0  clk_refm0/inst/mmcm_adv_inst/CLKIN1
Low Pulse Width   Slow    MMCME2_ADV/CLKIN1  n/a            3.000         10.000      7.000      MMCME2_ADV_X0Y0  clk_refm0/inst/mmcm_adv_inst/CLKIN1
Low Pulse Width   Fast    MMCME2_ADV/CLKIN1  n/a            3.000         10.000      7.000      MMCME2_ADV_X0Y0  clk_refm0/inst/mmcm_adv_inst/CLKIN1
High Pulse Width  Slow    MMCME2_ADV/CLKIN1  n/a            3.000         10.000      7.000      MMCME2_ADV_X0Y0  clk_refm0/inst/mmcm_adv_inst/CLKIN1
High Pulse Width  Fast    MMCME2_ADV/CLKIN1  n/a            3.000         10.000      7.000      MMCME2_ADV_X0Y0  clk_refm0/inst/mmcm_adv_inst/CLKIN1



---------------------------------------------------------------------------------------------------
From Clock:  clk_out1_clk_ref
  To Clock:  clk_out1_clk_ref

Setup :            0  Failing Endpoints,  Worst Slack        1.648ns,  Total Violation        0.000ns
Hold  :            0  Failing Endpoints,  Worst Slack        0.121ns,  Total Violation        0.000ns
PW    :            0  Failing Endpoints,  Worst Slack        0.264ns,  Total Violation        0.000ns
---------------------------------------------------------------------------------------------------


Max Delay Paths
--------------------------------------------------------------------------------------
Slack (MET) :             1.648ns  (required time - arrival time)
  Source:                 dvi2rgb_m0/GenerateDDC.DDC_EEPROM/I2C_SlaveController/dSda_reg/C
                            (rising edge-triggered cell FDRE clocked by clk_out1_clk_ref  {rise@0.000ns fall@2.500ns period=5.000ns})
  Destination:            dvi2rgb_m0/GenerateDDC.DDC_EEPROM/I2C_SlaveController/dataByte_reg[1]/CE
                            (rising edge-triggered cell FDRE clocked by clk_out1_clk_ref  {rise@0.000ns fall@2.500ns period=5.000ns})
  Path Group:             clk_out1_clk_ref
  Path Type:              Setup (Max at Slow Process Corner)
  Requirement:            5.000ns  (clk_out1_clk_ref rise@5.000ns - clk_out1_clk_ref rise@0.000ns)
  Data Path Delay:        3.060ns  (logic 0.797ns (26.047%)  route 2.263ns (73.953%))
  Logic Levels:           3  (LUT3=1 LUT6=2)
  Clock Path Skew:        -0.045ns (DCD - SCD + CPR)
    Destination Clock Delay (DCD):    -0.947ns = ( 4.053 - 5.000 ) 
    Source Clock Delay      (SCD):    -0.501ns
    Clock Pessimism Removal (CPR):    0.402ns
  Clock Uncertainty:      0.079ns  ((TSJ^2 + DJ^2)^1/2) / 2 + PE
    Total System Jitter     (TSJ):    0.071ns
    Discrete Jitter          (DJ):    0.142ns
    Phase Error              (PE):    0.000ns

    Location             Delay type                Incr(ns)  Path(ns)    Netlist Resource(s)
  -------------------------------------------------------------------    -------------------
                         (clock clk_out1_clk_ref rise edge)
                                                      0.000     0.000 r  
    Y18                                               0.000     0.000 r  sys_clk (IN)
                         net (fo=0)                   0.000     0.000    clk_refm0/inst/clk_in1
    Y18                  IBUF (Prop_ibuf_I_O)         1.427     1.427 r  clk_refm0/inst/clkin1_ibufg/O
                         net (fo=1, routed)           1.065     2.492    clk_refm0/inst/clk_in1_clk_ref
    MMCME2_ADV_X0Y0      MMCME2_ADV (Prop_mmcme2_adv_CLKIN1_CLKOUT0)
                                                     -5.924    -3.433 r  clk_refm0/inst/mmcm_adv_inst/CLKOUT0
                         net (fo=1, routed)           1.425    -2.008    clk_refm0/inst/clk_out1_clk_ref
    BUFGCTRL_X0Y0        BUFG (Prop_bufg_I_O)         0.081    -1.927 r  clk_refm0/inst/clkout1_buf/O
                         net (fo=165, routed)         1.426    -0.501    dvi2rgb_m0/GenerateDDC.DDC_EEPROM/I2C_SlaveController/CLK
    SLICE_X63Y56         FDRE                                         r  dvi2rgb_m0/GenerateDDC.DDC_EEPROM/I2C_SlaveController/dSda_reg/C
  -------------------------------------------------------------------    -------------------
    SLICE_X63Y56         FDRE (Prop_fdre_C_Q)         0.348    -0.153 f  dvi2rgb_m0/GenerateDDC.DDC_EEPROM/I2C_SlaveController/dSda_reg/Q
                         net (fo=14, routed)          0.971     0.819    dvi2rgb_m0/GenerateDDC.DDC_EEPROM/I2C_SlaveController/dSda
    SLICE_X60Y59         LUT3 (Prop_lut3_I1_O)        0.239     1.058 f  dvi2rgb_m0/GenerateDDC.DDC_EEPROM/I2C_SlaveController/FSM_gray_state[0]_i_6/O
                         net (fo=2, routed)           0.476     1.534    dvi2rgb_m0/GenerateDDC.DDC_EEPROM/I2C_SlaveController/FSM_gray_state[0]_i_6_n_0
    SLICE_X59Y59         LUT6 (Prop_lut6_I3_O)        0.105     1.639 f  dvi2rgb_m0/GenerateDDC.DDC_EEPROM/I2C_SlaveController/dataByte[7]_i_3/O
                         net (fo=12, routed)          0.365     2.004    dvi2rgb_m0/GenerateDDC.DDC_EEPROM/I2C_SlaveController/dataByte[7]_i_3_n_0
    SLICE_X61Y58         LUT6 (Prop_lut6_I5_O)        0.105     2.109 r  dvi2rgb_m0/GenerateDDC.DDC_EEPROM/I2C_SlaveController/dataByte[7]_i_1/O
                         net (fo=8, routed)           0.451     2.559    dvi2rgb_m0/GenerateDDC.DDC_EEPROM/I2C_SlaveController/dataByte[7]_i_1_n_0
    SLICE_X61Y58         FDRE                                         r  dvi2rgb_m0/GenerateDDC.DDC_EEPROM/I2C_SlaveController/dataByte_reg[1]/CE
  -------------------------------------------------------------------    -------------------

                         (clock clk_out1_clk_ref rise edge)
                                                      5.000     5.000 r  
    Y18                                               0.000     5.000 r  sys_clk (IN)
                         net (fo=0)                   0.000     5.000    clk_refm0/inst/clk_in1
    Y18                  IBUF (Prop_ibuf_I_O)         1.361     6.361 r  clk_refm0/inst/clkin1_ibufg/O
                         net (fo=1, routed)           1.004     7.364    clk_refm0/inst/clk_in1_clk_ref
    MMCME2_ADV_X0Y0      MMCME2_ADV (Prop_mmcme2_adv_CLKIN1_CLKOUT0)
                                                     -6.061     1.303 r  clk_refm0/inst/mmcm_adv_inst/CLKOUT0
                         net (fo=1, routed)           1.357     2.661    clk_refm0/inst/clk_out1_clk_ref
    BUFGCTRL_X0Y0        BUFG (Prop_bufg_I_O)         0.077     2.738 r  clk_refm0/inst/clkout1_buf/O
                         net (fo=165, routed)         1.315     4.053    dvi2rgb_m0/GenerateDDC.DDC_EEPROM/I2C_SlaveController/CLK
    SLICE_X61Y58         FDRE                                         r  dvi2rgb_m0/GenerateDDC.DDC_EEPROM/I2C_SlaveController/dataByte_reg[1]/C
                         clock pessimism              0.402     4.454    
                         clock uncertainty           -0.079     4.375    
    SLICE_X61Y58         FDRE (Setup_fdre_C_CE)      -0.168     4.207    dvi2rgb_m0/GenerateDDC.DDC_EEPROM/I2C_SlaveController/dataByte_reg[1]
  -------------------------------------------------------------------
                         required time                          4.207    
                         arrival time                          -2.559    
  -------------------------------------------------------------------
                         slack                                  1.648    

Slack (MET) :             1.648ns  (required time - arrival time)
  Source:                 dvi2rgb_m0/GenerateDDC.DDC_EEPROM/I2C_SlaveController/dSda_reg/C
                            (rising edge-triggered cell FDRE clocked by clk_out1_clk_ref  {rise@0.000ns fall@2.500ns period=5.000ns})
  Destination:            dvi2rgb_m0/GenerateDDC.DDC_EEPROM/I2C_SlaveController/dataByte_reg[3]/CE
                            (rising edge-triggered cell FDRE clocked by clk_out1_clk_ref  {rise@0.000ns fall@2.500ns period=5.000ns})
  Path Group:             clk_out1_clk_ref
  Path Type:              Setup (Max at Slow Process Corner)
  Requirement:            5.000ns  (clk_out1_clk_ref rise@5.000ns - clk_out1_clk_ref rise@0.000ns)
  Data Path Delay:        3.060ns  (logic 0.797ns (26.047%)  route 2.263ns (73.953%))
  Logic Levels:           3  (LUT3=1 LUT6=2)
  Clock Path Skew:        -0.045ns (DCD - SCD + CPR)
    Destination Clock Delay (DCD):    -0.947ns = ( 4.053 - 5.000 ) 
    Source Clock Delay      (SCD):    -0.501ns
    Clock Pessimism Removal (CPR):    0.402ns
  Clock Uncertainty:      0.079ns  ((TSJ^2 + DJ^2)^1/2) / 2 + PE
    Total System Jitter     (TSJ):    0.071ns
    Discrete Jitter          (DJ):    0.142ns
    Phase Error              (PE):    0.000ns

    Location             Delay type                Incr(ns)  Path(ns)    Netlist Resource(s)
  -------------------------------------------------------------------    -------------------
                         (clock clk_out1_clk_ref rise edge)
                                                      0.000     0.000 r  
    Y18                                               0.000     0.000 r  sys_clk (IN)
                         net (fo=0)                   0.000     0.000    clk_refm0/inst/clk_in1
    Y18                  IBUF (Prop_ibuf_I_O)         1.427     1.427 r  clk_refm0/inst/clkin1_ibufg/O
                         net (fo=1, routed)           1.065     2.492    clk_refm0/inst/clk_in1_clk_ref
    MMCME2_ADV_X0Y0      MMCME2_ADV (Prop_mmcme2_adv_CLKIN1_CLKOUT0)
                                                     -5.924    -3.433 r  clk_refm0/inst/mmcm_adv_inst/CLKOUT0
                         net (fo=1, routed)           1.425    -2.008    clk_refm0/inst/clk_out1_clk_ref
    BUFGCTRL_X0Y0        BUFG (Prop_bufg_I_O)         0.081    -1.927 r  clk_refm0/inst/clkout1_buf/O
                         net (fo=165, routed)         1.426    -0.501    dvi2rgb_m0/GenerateDDC.DDC_EEPROM/I2C_SlaveController/CLK
    SLICE_X63Y56         FDRE                                         r  dvi2rgb_m0/GenerateDDC.DDC_EEPROM/I2C_SlaveController/dSda_reg/C
  -------------------------------------------------------------------    -------------------
    SLICE_X63Y56         FDRE (Prop_fdre_C_Q)         0.348    -0.153 f  dvi2rgb_m0/GenerateDDC.DDC_EEPROM/I2C_SlaveController/dSda_reg/Q
                         net (fo=14, routed)          0.971     0.819    dvi2rgb_m0/GenerateDDC.DDC_EEPROM/I2C_SlaveController/dSda
    SLICE_X60Y59         LUT3 (Prop_lut3_I1_O)        0.239     1.058 f  dvi2rgb_m0/GenerateDDC.DDC_EEPROM/I2C_SlaveController/FSM_gray_state[0]_i_6/O
                         net (fo=2, routed)           0.476     1.534    dvi2rgb_m0/GenerateDDC.DDC_EEPROM/I2C_SlaveController/FSM_gray_state[0]_i_6_n_0
    SLICE_X59Y59         LUT6 (Prop_lut6_I3_O)        0.105     1.639 f  dvi2rgb_m0/GenerateDDC.DDC_EEPROM/I2C_SlaveController/dataByte[7]_i_3/O
                         net (fo=12, routed)          0.365     2.004    dvi2rgb_m0/GenerateDDC.DDC_EEPROM/I2C_SlaveController/dataByte[7]_i_3_n_0
    SLICE_X61Y58         LUT6 (Prop_lut6_I5_O)        0.105     2.109 r  dvi2rgb_m0/GenerateDDC.DDC_EEPROM/I2C_SlaveController/dataByte[7]_i_1/O
                         net (fo=8, routed)           0.451     2.559    dvi2rgb_m0/GenerateDDC.DDC_EEPROM/I2C_SlaveController/dataByte[7]_i_1_n_0
    SLICE_X61Y58         FDRE                                         r  dvi2rgb_m0/GenerateDDC.DDC_EEPROM/I2C_SlaveController/dataByte_reg[3]/CE
  -------------------------------------------------------------------    -------------------

                         (clock clk_out1_clk_ref rise edge)
                                                      5.000     5.000 r  
    Y18                                               0.000     5.000 r  sys_clk (IN)
                         net (fo=0)                   0.000     5.000    clk_refm0/inst/clk_in1
    Y18                  IBUF (Prop_ibuf_I_O)         1.361     6.361 r  clk_refm0/inst/clkin1_ibufg/O
                         net (fo=1, routed)           1.004     7.364    clk_refm0/inst/clk_in1_clk_ref
    MMCME2_ADV_X0Y0      MMCME2_ADV (Prop_mmcme2_adv_CLKIN1_CLKOUT0)
                                                     -6.061     1.303 r  clk_refm0/inst/mmcm_adv_inst/CLKOUT0
                         net (fo=1, routed)           1.357     2.661    clk_refm0/inst/clk_out1_clk_ref
    BUFGCTRL_X0Y0        BUFG (Prop_bufg_I_O)         0.077     2.738 r  clk_refm0/inst/clkout1_buf/O
                         net (fo=165, routed)         1.315     4.053    dvi2rgb_m0/GenerateDDC.DDC_EEPROM/I2C_SlaveController/CLK
    SLICE_X61Y58         FDRE                                         r  dvi2rgb_m0/GenerateDDC.DDC_EEPROM/I2C_SlaveController/dataByte_reg[3]/C
                         clock pessimism              0.402     4.454    
                         clock uncertainty           -0.079     4.375    
    SLICE_X61Y58         FDRE (Setup_fdre_C_CE)      -0.168     4.207    dvi2rgb_m0/GenerateDDC.DDC_EEPROM/I2C_SlaveController/dataByte_reg[3]
  -------------------------------------------------------------------
                         required time                          4.207    
                         arrival time                          -2.559    
  -------------------------------------------------------------------
                         slack                                  1.648    

Slack (MET) :             1.797ns  (required time - arrival time)
  Source:                 dvi2rgb_m0/GenerateDDC.DDC_EEPROM/I2C_SlaveController/dataByte_reg[0]/C
                            (rising edge-triggered cell FDRE clocked by clk_out1_clk_ref  {rise@0.000ns fall@2.500ns period=5.000ns})
  Destination:            dvi2rgb_m0/GenerateDDC.DDC_EEPROM/I2C_SlaveController/FSM_gray_state_reg[1]/D
                            (rising edge-triggered cell FDRE clocked by clk_out1_clk_ref  {rise@0.000ns fall@2.500ns period=5.000ns})
  Path Group:             clk_out1_clk_ref
  Path Type:              Setup (Max at Slow Process Corner)
  Requirement:            5.000ns  (clk_out1_clk_ref rise@5.000ns - clk_out1_clk_ref rise@0.000ns)
  Data Path Delay:        3.113ns  (logic 0.920ns (29.554%)  route 2.193ns (70.446%))
  Logic Levels:           3  (LUT3=1 LUT6=2)
  Clock Path Skew:        -0.041ns (DCD - SCD + CPR)
    Destination Clock Delay (DCD):    -0.946ns = ( 4.054 - 5.000 ) 
    Source Clock Delay      (SCD):    -0.504ns
    Clock Pessimism Removal (CPR):    0.402ns
  Clock Uncertainty:      0.079ns  ((TSJ^2 + DJ^2)^1/2) / 2 + PE
    Total System Jitter     (TSJ):    0.071ns
    Discrete Jitter          (DJ):    0.142ns
    Phase Error              (PE):    0.000ns

    Location             Delay type                Incr(ns)  Path(ns)    Netlist Resource(s)
  -------------------------------------------------------------------    -------------------
                         (clock clk_out1_clk_ref rise edge)
                                                      0.000     0.000 r  
    Y18                                               0.000     0.000 r  sys_clk (IN)
                         net (fo=0)                   0.000     0.000    clk_refm0/inst/clk_in1
    Y18                  IBUF (Prop_ibuf_I_O)         1.427     1.427 r  clk_refm0/inst/clkin1_ibufg/O
                         net (fo=1, routed)           1.065     2.492    clk_refm0/inst/clk_in1_clk_ref
    MMCME2_ADV_X0Y0      MMCME2_ADV (Prop_mmcme2_adv_CLKIN1_CLKOUT0)
                                                     -5.924    -3.433 r  clk_refm0/inst/mmcm_adv_inst/CLKOUT0
                         net (fo=1, routed)           1.425    -2.008    clk_refm0/inst/clk_out1_clk_ref
    BUFGCTRL_X0Y0        BUFG (Prop_bufg_I_O)         0.081    -1.927 r  clk_refm0/inst/clkout1_buf/O
                         net (fo=165, routed)         1.423    -0.504    dvi2rgb_m0/GenerateDDC.DDC_EEPROM/I2C_SlaveController/CLK
    SLICE_X60Y58         FDRE                                         r  dvi2rgb_m0/GenerateDDC.DDC_EEPROM/I2C_SlaveController/dataByte_reg[0]/C
  -------------------------------------------------------------------    -------------------
    SLICE_X60Y58         FDRE (Prop_fdre_C_Q)         0.433    -0.071 f  dvi2rgb_m0/GenerateDDC.DDC_EEPROM/I2C_SlaveController/dataByte_reg[0]/Q
                         net (fo=5, routed)           0.948     0.877    dvi2rgb_m0/GenerateDDC.DDC_EEPROM/I2C_SlaveController/sI2C_DataIn[0]
    SLICE_X59Y59         LUT3 (Prop_lut3_I1_O)        0.115     0.992 f  dvi2rgb_m0/GenerateDDC.DDC_EEPROM/I2C_SlaveController/FSM_gray_state[1]_i_5/O
                         net (fo=1, routed)           0.606     1.598    dvi2rgb_m0/GenerateDDC.DDC_EEPROM/I2C_SlaveController/FSM_gray_state[1]_i_5_n_0
    SLICE_X60Y59         LUT6 (Prop_lut6_I3_O)        0.267     1.865 r  dvi2rgb_m0/GenerateDDC.DDC_EEPROM/I2C_SlaveController/FSM_gray_state[1]_i_2/O
                         net (fo=1, routed)           0.639     2.504    dvi2rgb_m0/GenerateDDC.DDC_EEPROM/I2C_SlaveController/FSM_gray_state[1]_i_2_n_0
    SLICE_X62Y59         LUT6 (Prop_lut6_I0_O)        0.105     2.609 r  dvi2rgb_m0/GenerateDDC.DDC_EEPROM/I2C_SlaveController/FSM_gray_state[1]_i_1/O
                         net (fo=1, routed)           0.000     2.609    dvi2rgb_m0/GenerateDDC.DDC_EEPROM/I2C_SlaveController/FSM_gray_state[1]_i_1_n_0
    SLICE_X62Y59         FDRE                                         r  dvi2rgb_m0/GenerateDDC.DDC_EEPROM/I2C_SlaveController/FSM_gray_state_reg[1]/D
  -------------------------------------------------------------------    -------------------

                         (clock clk_out1_clk_ref rise edge)
                                                      5.000     5.000 r  
    Y18                                               0.000     5.000 r  sys_clk (IN)
                         net (fo=0)                   0.000     5.000    clk_refm0/inst/clk_in1
    Y18                  IBUF (Prop_ibuf_I_O)         1.361     6.361 r  clk_refm0/inst/clkin1_ibufg/O
                         net (fo=1, routed)           1.004     7.364    clk_refm0/inst/clk_in1_clk_ref
    MMCME2_ADV_X0Y0      MMCME2_ADV (Prop_mmcme2_adv_CLKIN1_CLKOUT0)
                                                     -6.061     1.303 r  clk_refm0/inst/mmcm_adv_inst/CLKOUT0
                         net (fo=1, routed)           1.357     2.661    clk_refm0/inst/clk_out1_clk_ref
    BUFGCTRL_X0Y0        BUFG (Prop_bufg_I_O)         0.077     2.738 r  clk_refm0/inst/clkout1_buf/O
                         net (fo=165, routed)         1.316     4.054    dvi2rgb_m0/GenerateDDC.DDC_EEPROM/I2C_SlaveController/CLK
    SLICE_X62Y59         FDRE                                         r  dvi2rgb_m0/GenerateDDC.DDC_EEPROM/I2C_SlaveController/FSM_gray_state_reg[1]/C
                         clock pessimism              0.402     4.455    
                         clock uncertainty           -0.079     4.376    
    SLICE_X62Y59         FDRE (Setup_fdre_C_D)        0.030     4.406    dvi2rgb_m0/GenerateDDC.DDC_EEPROM/I2C_SlaveController/FSM_gray_state_reg[1]
  -------------------------------------------------------------------
                         required time                          4.406    
                         arrival time                          -2.609    
  -------------------------------------------------------------------
                         slack                                  1.797    

Slack (MET) :             1.811ns  (required time - arrival time)
  Source:                 dvi2rgb_m0/GenerateDDC.DDC_EEPROM/I2C_SlaveController/dSda_reg/C
                            (rising edge-triggered cell FDRE clocked by clk_out1_clk_ref  {rise@0.000ns fall@2.500ns period=5.000ns})
  Destination:            dvi2rgb_m0/GenerateDDC.DDC_EEPROM/I2C_SlaveController/dataByte_reg[2]/CE
                            (rising edge-triggered cell FDRE clocked by clk_out1_clk_ref  {rise@0.000ns fall@2.500ns period=5.000ns})
  Path Group:             clk_out1_clk_ref
  Path Type:              Setup (Max at Slow Process Corner)
  Requirement:            5.000ns  (clk_out1_clk_ref rise@5.000ns - clk_out1_clk_ref rise@0.000ns)
  Data Path Delay:        2.897ns  (logic 0.797ns (27.515%)  route 2.100ns (72.485%))
  Logic Levels:           3  (LUT3=1 LUT6=2)
  Clock Path Skew:        -0.045ns (DCD - SCD + CPR)
    Destination Clock Delay (DCD):    -0.947ns = ( 4.053 - 5.000 ) 
    Source Clock Delay      (SCD):    -0.501ns
    Clock Pessimism Removal (CPR):    0.402ns
  Clock Uncertainty:      0.079ns  ((TSJ^2 + DJ^2)^1/2) / 2 + PE
    Total System Jitter     (TSJ):    0.071ns
    Discrete Jitter          (DJ):    0.142ns
    Phase Error              (PE):    0.000ns

    Location             Delay type                Incr(ns)  Path(ns)    Netlist Resource(s)
  -------------------------------------------------------------------    -------------------
                         (clock clk_out1_clk_ref rise edge)
                                                      0.000     0.000 r  
    Y18                                               0.000     0.000 r  sys_clk (IN)
                         net (fo=0)                   0.000     0.000    clk_refm0/inst/clk_in1
    Y18                  IBUF (Prop_ibuf_I_O)         1.427     1.427 r  clk_refm0/inst/clkin1_ibufg/O
                         net (fo=1, routed)           1.065     2.492    clk_refm0/inst/clk_in1_clk_ref
    MMCME2_ADV_X0Y0      MMCME2_ADV (Prop_mmcme2_adv_CLKIN1_CLKOUT0)
                                                     -5.924    -3.433 r  clk_refm0/inst/mmcm_adv_inst/CLKOUT0
                         net (fo=1, routed)           1.425    -2.008    clk_refm0/inst/clk_out1_clk_ref
    BUFGCTRL_X0Y0        BUFG (Prop_bufg_I_O)         0.081    -1.927 r  clk_refm0/inst/clkout1_buf/O
                         net (fo=165, routed)         1.426    -0.501    dvi2rgb_m0/GenerateDDC.DDC_EEPROM/I2C_SlaveController/CLK
    SLICE_X63Y56         FDRE                                         r  dvi2rgb_m0/GenerateDDC.DDC_EEPROM/I2C_SlaveController/dSda_reg/C
  -------------------------------------------------------------------    -------------------
    SLICE_X63Y56         FDRE (Prop_fdre_C_Q)         0.348    -0.153 f  dvi2rgb_m0/GenerateDDC.DDC_EEPROM/I2C_SlaveController/dSda_reg/Q
                         net (fo=14, routed)          0.971     0.819    dvi2rgb_m0/GenerateDDC.DDC_EEPROM/I2C_SlaveController/dSda
    SLICE_X60Y59         LUT3 (Prop_lut3_I1_O)        0.239     1.058 f  dvi2rgb_m0/GenerateDDC.DDC_EEPROM/I2C_SlaveController/FSM_gray_state[0]_i_6/O
                         net (fo=2, routed)           0.476     1.534    dvi2rgb_m0/GenerateDDC.DDC_EEPROM/I2C_SlaveController/FSM_gray_state[0]_i_6_n_0
    SLICE_X59Y59         LUT6 (Prop_lut6_I3_O)        0.105     1.639 f  dvi2rgb_m0/GenerateDDC.DDC_EEPROM/I2C_SlaveController/dataByte[7]_i_3/O
                         net (fo=12, routed)          0.365     2.004    dvi2rgb_m0/GenerateDDC.DDC_EEPROM/I2C_SlaveController/dataByte[7]_i_3_n_0
    SLICE_X61Y58         LUT6 (Prop_lut6_I5_O)        0.105     2.109 r  dvi2rgb_m0/GenerateDDC.DDC_EEPROM/I2C_SlaveController/dataByte[7]_i_1/O
                         net (fo=8, routed)           0.288     2.396    dvi2rgb_m0/GenerateDDC.DDC_EEPROM/I2C_SlaveController/dataByte[7]_i_1_n_0
    SLICE_X59Y59         FDRE                                         r  dvi2rgb_m0/GenerateDDC.DDC_EEPROM/I2C_SlaveController/dataByte_reg[2]/CE
  -------------------------------------------------------------------    -------------------

                         (clock clk_out1_clk_ref rise edge)
                                                      5.000     5.000 r  
    Y18                                               0.000     5.000 r  sys_clk (IN)
                         net (fo=0)                   0.000     5.000    clk_refm0/inst/clk_in1
    Y18                  IBUF (Prop_ibuf_I_O)         1.361     6.361 r  clk_refm0/inst/clkin1_ibufg/O
                         net (fo=1, routed)           1.004     7.364    clk_refm0/inst/clk_in1_clk_ref
    MMCME2_ADV_X0Y0      MMCME2_ADV (Prop_mmcme2_adv_CLKIN1_CLKOUT0)
                                                     -6.061     1.303 r  clk_refm0/inst/mmcm_adv_inst/CLKOUT0
                         net (fo=1, routed)           1.357     2.661    clk_refm0/inst/clk_out1_clk_ref
    BUFGCTRL_X0Y0        BUFG (Prop_bufg_I_O)         0.077     2.738 r  clk_refm0/inst/clkout1_buf/O
                         net (fo=165, routed)         1.315     4.053    dvi2rgb_m0/GenerateDDC.DDC_EEPROM/I2C_SlaveController/CLK
    SLICE_X59Y59         FDRE                                         r  dvi2rgb_m0/GenerateDDC.DDC_EEPROM/I2C_SlaveController/dataByte_reg[2]/C
                         clock pessimism              0.402     4.454    
                         clock uncertainty           -0.079     4.375    
    SLICE_X59Y59         FDRE (Setup_fdre_C_CE)      -0.168     4.207    dvi2rgb_m0/GenerateDDC.DDC_EEPROM/I2C_SlaveController/dataByte_reg[2]
  -------------------------------------------------------------------
                         required time                          4.207    
                         arrival time                          -2.396    
  -------------------------------------------------------------------
                         slack                                  1.811    

Slack (MET) :             1.822ns  (required time - arrival time)
  Source:                 dvi2rgb_m0/GenerateDDC.DDC_EEPROM/I2C_SlaveController/dSda_reg/C
                            (rising edge-triggered cell FDRE clocked by clk_out1_clk_ref  {rise@0.000ns fall@2.500ns period=5.000ns})
  Destination:            dvi2rgb_m0/GenerateDDC.DDC_EEPROM/I2C_SlaveController/dataByte_reg[0]/CE
                            (rising edge-triggered cell FDRE clocked by clk_out1_clk_ref  {rise@0.000ns fall@2.500ns period=5.000ns})
  Path Group:             clk_out1_clk_ref
  Path Type:              Setup (Max at Slow Process Corner)
  Requirement:            5.000ns  (clk_out1_clk_ref rise@5.000ns - clk_out1_clk_ref rise@0.000ns)
  Data Path Delay:        2.917ns  (logic 0.797ns (27.321%)  route 2.120ns (72.679%))
  Logic Levels:           3  (LUT3=1 LUT6=2)
  Clock Path Skew:        -0.045ns (DCD - SCD + CPR)
    Destination Clock Delay (DCD):    -0.947ns = ( 4.053 - 5.000 ) 
    Source Clock Delay      (SCD):    -0.501ns
    Clock Pessimism Removal (CPR):    0.402ns
  Clock Uncertainty:      0.079ns  ((TSJ^2 + DJ^2)^1/2) / 2 + PE
    Total System Jitter     (TSJ):    0.071ns
    Discrete Jitter          (DJ):    0.142ns
    Phase Error              (PE):    0.000ns

    Location             Delay type                Incr(ns)  Path(ns)    Netlist Resource(s)
  -------------------------------------------------------------------    -------------------
                         (clock clk_out1_clk_ref rise edge)
                                                      0.000     0.000 r  
    Y18                                               0.000     0.000 r  sys_clk (IN)
                         net (fo=0)                   0.000     0.000    clk_refm0/inst/clk_in1
    Y18                  IBUF (Prop_ibuf_I_O)         1.427     1.427 r  clk_refm0/inst/clkin1_ibufg/O
                         net (fo=1, routed)           1.065     2.492    clk_refm0/inst/clk_in1_clk_ref
    MMCME2_ADV_X0Y0      MMCME2_ADV (Prop_mmcme2_adv_CLKIN1_CLKOUT0)
                                                     -5.924    -3.433 r  clk_refm0/inst/mmcm_adv_inst/CLKOUT0
                         net (fo=1, routed)           1.425    -2.008    clk_refm0/inst/clk_out1_clk_ref
    BUFGCTRL_X0Y0        BUFG (Prop_bufg_I_O)         0.081    -1.927 r  clk_refm0/inst/clkout1_buf/O
                         net (fo=165, routed)         1.426    -0.501    dvi2rgb_m0/GenerateDDC.DDC_EEPROM/I2C_SlaveController/CLK
    SLICE_X63Y56         FDRE                                         r  dvi2rgb_m0/GenerateDDC.DDC_EEPROM/I2C_SlaveController/dSda_reg/C
  -------------------------------------------------------------------    -------------------
    SLICE_X63Y56         FDRE (Prop_fdre_C_Q)         0.348    -0.153 f  dvi2rgb_m0/GenerateDDC.DDC_EEPROM/I2C_SlaveController/dSda_reg/Q
                         net (fo=14, routed)          0.971     0.819    dvi2rgb_m0/GenerateDDC.DDC_EEPROM/I2C_SlaveController/dSda
    SLICE_X60Y59         LUT3 (Prop_lut3_I1_O)        0.239     1.058 f  dvi2rgb_m0/GenerateDDC.DDC_EEPROM/I2C_SlaveController/FSM_gray_state[0]_i_6/O
                         net (fo=2, routed)           0.476     1.534    dvi2rgb_m0/GenerateDDC.DDC_EEPROM/I2C_SlaveController/FSM_gray_state[0]_i_6_n_0
    SLICE_X59Y59         LUT6 (Prop_lut6_I3_O)        0.105     1.639 f  dvi2rgb_m0/GenerateDDC.DDC_EEPROM/I2C_SlaveController/dataByte[7]_i_3/O
                         net (fo=12, routed)          0.365     2.004    dvi2rgb_m0/GenerateDDC.DDC_EEPROM/I2C_SlaveController/dataByte[7]_i_3_n_0
    SLICE_X61Y58         LUT6 (Prop_lut6_I5_O)        0.105     2.109 r  dvi2rgb_m0/GenerateDDC.DDC_EEPROM/I2C_SlaveController/dataByte[7]_i_1/O
                         net (fo=8, routed)           0.308     2.417    dvi2rgb_m0/GenerateDDC.DDC_EEPROM/I2C_SlaveController/dataByte[7]_i_1_n_0
    SLICE_X60Y58         FDRE                                         r  dvi2rgb_m0/GenerateDDC.DDC_EEPROM/I2C_SlaveController/dataByte_reg[0]/CE
  -------------------------------------------------------------------    -------------------

                         (clock clk_out1_clk_ref rise edge)
                                                      5.000     5.000 r  
    Y18                                               0.000     5.000 r  sys_clk (IN)
                         net (fo=0)                   0.000     5.000    clk_refm0/inst/clk_in1
    Y18                  IBUF (Prop_ibuf_I_O)         1.361     6.361 r  clk_refm0/inst/clkin1_ibufg/O
                         net (fo=1, routed)           1.004     7.364    clk_refm0/inst/clk_in1_clk_ref
    MMCME2_ADV_X0Y0      MMCME2_ADV (Prop_mmcme2_adv_CLKIN1_CLKOUT0)
                                                     -6.061     1.303 r  clk_refm0/inst/mmcm_adv_inst/CLKOUT0
                         net (fo=1, routed)           1.357     2.661    clk_refm0/inst/clk_out1_clk_ref
    BUFGCTRL_X0Y0        BUFG (Prop_bufg_I_O)         0.077     2.738 r  clk_refm0/inst/clkout1_buf/O
                         net (fo=165, routed)         1.315     4.053    dvi2rgb_m0/GenerateDDC.DDC_EEPROM/I2C_SlaveController/CLK
    SLICE_X60Y58         FDRE                                         r  dvi2rgb_m0/GenerateDDC.DDC_EEPROM/I2C_SlaveController/dataByte_reg[0]/C
                         clock pessimism              0.402     4.454    
                         clock uncertainty           -0.079     4.375    
    SLICE_X60Y58         FDRE (Setup_fdre_C_CE)      -0.136     4.239    dvi2rgb_m0/GenerateDDC.DDC_EEPROM/I2C_SlaveController/dataByte_reg[0]
  -------------------------------------------------------------------
                         required time                          4.239    
                         arrival time                          -2.417    
  -------------------------------------------------------------------
                         slack                                  1.822    

Slack (MET) :             1.844ns  (required time - arrival time)
  Source:                 dvi2rgb_m0/GenerateDDC.DDC_EEPROM/I2C_SlaveController/dSda_reg/C
                            (rising edge-triggered cell FDRE clocked by clk_out1_clk_ref  {rise@0.000ns fall@2.500ns period=5.000ns})
  Destination:            dvi2rgb_m0/GenerateDDC.DDC_EEPROM/I2C_SlaveController/dataByte_reg[4]/CE
                            (rising edge-triggered cell FDRE clocked by clk_out1_clk_ref  {rise@0.000ns fall@2.500ns period=5.000ns})
  Path Group:             clk_out1_clk_ref
  Path Type:              Setup (Max at Slow Process Corner)
  Requirement:            5.000ns  (clk_out1_clk_ref rise@5.000ns - clk_out1_clk_ref rise@0.000ns)
  Data Path Delay:        2.895ns  (logic 0.797ns (27.534%)  route 2.098ns (72.466%))
  Logic Levels:           3  (LUT3=1 LUT6=2)
  Clock Path Skew:        -0.046ns (DCD - SCD + CPR)
    Destination Clock Delay (DCD):    -0.948ns = ( 4.052 - 5.000 ) 
    Source Clock Delay      (SCD):    -0.501ns
    Clock Pessimism Removal (CPR):    0.402ns
  Clock Uncertainty:      0.079ns  ((TSJ^2 + DJ^2)^1/2) / 2 + PE
    Total System Jitter     (TSJ):    0.071ns
    Discrete Jitter          (DJ):    0.142ns
    Phase Error              (PE):    0.000ns

    Location             Delay type                Incr(ns)  Path(ns)    Netlist Resource(s)
  -------------------------------------------------------------------    -------------------
                         (clock clk_out1_clk_ref rise edge)
                                                      0.000     0.000 r  
    Y18                                               0.000     0.000 r  sys_clk (IN)
                         net (fo=0)                   0.000     0.000    clk_refm0/inst/clk_in1
    Y18                  IBUF (Prop_ibuf_I_O)         1.427     1.427 r  clk_refm0/inst/clkin1_ibufg/O
                         net (fo=1, routed)           1.065     2.492    clk_refm0/inst/clk_in1_clk_ref
    MMCME2_ADV_X0Y0      MMCME2_ADV (Prop_mmcme2_adv_CLKIN1_CLKOUT0)
                                                     -5.924    -3.433 r  clk_refm0/inst/mmcm_adv_inst/CLKOUT0
                         net (fo=1, routed)           1.425    -2.008    clk_refm0/inst/clk_out1_clk_ref
    BUFGCTRL_X0Y0        BUFG (Prop_bufg_I_O)         0.081    -1.927 r  clk_refm0/inst/clkout1_buf/O
                         net (fo=165, routed)         1.426    -0.501    dvi2rgb_m0/GenerateDDC.DDC_EEPROM/I2C_SlaveController/CLK
    SLICE_X63Y56         FDRE                                         r  dvi2rgb_m0/GenerateDDC.DDC_EEPROM/I2C_SlaveController/dSda_reg/C
  -------------------------------------------------------------------    -------------------
    SLICE_X63Y56         FDRE (Prop_fdre_C_Q)         0.348    -0.153 f  dvi2rgb_m0/GenerateDDC.DDC_EEPROM/I2C_SlaveController/dSda_reg/Q
                         net (fo=14, routed)          0.971     0.819    dvi2rgb_m0/GenerateDDC.DDC_EEPROM/I2C_SlaveController/dSda
    SLICE_X60Y59         LUT3 (Prop_lut3_I1_O)        0.239     1.058 f  dvi2rgb_m0/GenerateDDC.DDC_EEPROM/I2C_SlaveController/FSM_gray_state[0]_i_6/O
                         net (fo=2, routed)           0.476     1.534    dvi2rgb_m0/GenerateDDC.DDC_EEPROM/I2C_SlaveController/FSM_gray_state[0]_i_6_n_0
    SLICE_X59Y59         LUT6 (Prop_lut6_I3_O)        0.105     1.639 f  dvi2rgb_m0/GenerateDDC.DDC_EEPROM/I2C_SlaveController/dataByte[7]_i_3/O
                         net (fo=12, routed)          0.365     2.004    dvi2rgb_m0/GenerateDDC.DDC_EEPROM/I2C_SlaveController/dataByte[7]_i_3_n_0
    SLICE_X61Y58         LUT6 (Prop_lut6_I5_O)        0.105     2.109 r  dvi2rgb_m0/GenerateDDC.DDC_EEPROM/I2C_SlaveController/dataByte[7]_i_1/O
                         net (fo=8, routed)           0.286     2.394    dvi2rgb_m0/GenerateDDC.DDC_EEPROM/I2C_SlaveController/dataByte[7]_i_1_n_0
    SLICE_X60Y60         FDRE                                         r  dvi2rgb_m0/GenerateDDC.DDC_EEPROM/I2C_SlaveController/dataByte_reg[4]/CE
  -------------------------------------------------------------------    -------------------

                         (clock clk_out1_clk_ref rise edge)
                                                      5.000     5.000 r  
    Y18                                               0.000     5.000 r  sys_clk (IN)
                         net (fo=0)                   0.000     5.000    clk_refm0/inst/clk_in1
    Y18                  IBUF (Prop_ibuf_I_O)         1.361     6.361 r  clk_refm0/inst/clkin1_ibufg/O
                         net (fo=1, routed)           1.004     7.364    clk_refm0/inst/clk_in1_clk_ref
    MMCME2_ADV_X0Y0      MMCME2_ADV (Prop_mmcme2_adv_CLKIN1_CLKOUT0)
                                                     -6.061     1.303 r  clk_refm0/inst/mmcm_adv_inst/CLKOUT0
                         net (fo=1, routed)           1.357     2.661    clk_refm0/inst/clk_out1_clk_ref
    BUFGCTRL_X0Y0        BUFG (Prop_bufg_I_O)         0.077     2.738 r  clk_refm0/inst/clkout1_buf/O
                         net (fo=165, routed)         1.314     4.052    dvi2rgb_m0/GenerateDDC.DDC_EEPROM/I2C_SlaveController/CLK
    SLICE_X60Y60         FDRE                                         r  dvi2rgb_m0/GenerateDDC.DDC_EEPROM/I2C_SlaveController/dataByte_reg[4]/C
                         clock pessimism              0.402     4.453    
                         clock uncertainty           -0.079     4.374    
    SLICE_X60Y60         FDRE (Setup_fdre_C_CE)      -0.136     4.238    dvi2rgb_m0/GenerateDDC.DDC_EEPROM/I2C_SlaveController/dataByte_reg[4]
  -------------------------------------------------------------------
                         required time                          4.238    
                         arrival time                          -2.394    
  -------------------------------------------------------------------
                         slack                                  1.844    

Slack (MET) :             1.844ns  (required time - arrival time)
  Source:                 dvi2rgb_m0/GenerateDDC.DDC_EEPROM/I2C_SlaveController/dSda_reg/C
                            (rising edge-triggered cell FDRE clocked by clk_out1_clk_ref  {rise@0.000ns fall@2.500ns period=5.000ns})
  Destination:            dvi2rgb_m0/GenerateDDC.DDC_EEPROM/I2C_SlaveController/dataByte_reg[5]/CE
                            (rising edge-triggered cell FDRE clocked by clk_out1_clk_ref  {rise@0.000ns fall@2.500ns period=5.000ns})
  Path Group:             clk_out1_clk_ref
  Path Type:              Setup (Max at Slow Process Corner)
  Requirement:            5.000ns  (clk_out1_clk_ref rise@5.000ns - clk_out1_clk_ref rise@0.000ns)
  Data Path Delay:        2.895ns  (logic 0.797ns (27.534%)  route 2.098ns (72.466%))
  Logic Levels:           3  (LUT3=1 LUT6=2)
  Clock Path Skew:        -0.046ns (DCD - SCD + CPR)
    Destination Clock Delay (DCD):    -0.948ns = ( 4.052 - 5.000 ) 
    Source Clock Delay      (SCD):    -0.501ns
    Clock Pessimism Removal (CPR):    0.402ns
  Clock Uncertainty:      0.079ns  ((TSJ^2 + DJ^2)^1/2) / 2 + PE
    Total System Jitter     (TSJ):    0.071ns
    Discrete Jitter          (DJ):    0.142ns
    Phase Error              (PE):    0.000ns

    Location             Delay type                Incr(ns)  Path(ns)    Netlist Resource(s)
  -------------------------------------------------------------------    -------------------
                         (clock clk_out1_clk_ref rise edge)
                                                      0.000     0.000 r  
    Y18                                               0.000     0.000 r  sys_clk (IN)
                         net (fo=0)                   0.000     0.000    clk_refm0/inst/clk_in1
    Y18                  IBUF (Prop_ibuf_I_O)         1.427     1.427 r  clk_refm0/inst/clkin1_ibufg/O
                         net (fo=1, routed)           1.065     2.492    clk_refm0/inst/clk_in1_clk_ref
    MMCME2_ADV_X0Y0      MMCME2_ADV (Prop_mmcme2_adv_CLKIN1_CLKOUT0)
                                                     -5.924    -3.433 r  clk_refm0/inst/mmcm_adv_inst/CLKOUT0
                         net (fo=1, routed)           1.425    -2.008    clk_refm0/inst/clk_out1_clk_ref
    BUFGCTRL_X0Y0        BUFG (Prop_bufg_I_O)         0.081    -1.927 r  clk_refm0/inst/clkout1_buf/O
                         net (fo=165, routed)         1.426    -0.501    dvi2rgb_m0/GenerateDDC.DDC_EEPROM/I2C_SlaveController/CLK
    SLICE_X63Y56         FDRE                                         r  dvi2rgb_m0/GenerateDDC.DDC_EEPROM/I2C_SlaveController/dSda_reg/C
  -------------------------------------------------------------------    -------------------
    SLICE_X63Y56         FDRE (Prop_fdre_C_Q)         0.348    -0.153 f  dvi2rgb_m0/GenerateDDC.DDC_EEPROM/I2C_SlaveController/dSda_reg/Q
                         net (fo=14, routed)          0.971     0.819    dvi2rgb_m0/GenerateDDC.DDC_EEPROM/I2C_SlaveController/dSda
    SLICE_X60Y59         LUT3 (Prop_lut3_I1_O)        0.239     1.058 f  dvi2rgb_m0/GenerateDDC.DDC_EEPROM/I2C_SlaveController/FSM_gray_state[0]_i_6/O
                         net (fo=2, routed)           0.476     1.534    dvi2rgb_m0/GenerateDDC.DDC_EEPROM/I2C_SlaveController/FSM_gray_state[0]_i_6_n_0
    SLICE_X59Y59         LUT6 (Prop_lut6_I3_O)        0.105     1.639 f  dvi2rgb_m0/GenerateDDC.DDC_EEPROM/I2C_SlaveController/dataByte[7]_i_3/O
                         net (fo=12, routed)          0.365     2.004    dvi2rgb_m0/GenerateDDC.DDC_EEPROM/I2C_SlaveController/dataByte[7]_i_3_n_0
    SLICE_X61Y58         LUT6 (Prop_lut6_I5_O)        0.105     2.109 r  dvi2rgb_m0/GenerateDDC.DDC_EEPROM/I2C_SlaveController/dataByte[7]_i_1/O
                         net (fo=8, routed)           0.286     2.394    dvi2rgb_m0/GenerateDDC.DDC_EEPROM/I2C_SlaveController/dataByte[7]_i_1_n_0
    SLICE_X60Y60         FDRE                                         r  dvi2rgb_m0/GenerateDDC.DDC_EEPROM/I2C_SlaveController/dataByte_reg[5]/CE
  -------------------------------------------------------------------    -------------------

                         (clock clk_out1_clk_ref rise edge)
                                                      5.000     5.000 r  
    Y18                                               0.000     5.000 r  sys_clk (IN)
                         net (fo=0)                   0.000     5.000    clk_refm0/inst/clk_in1
    Y18                  IBUF (Prop_ibuf_I_O)         1.361     6.361 r  clk_refm0/inst/clkin1_ibufg/O
                         net (fo=1, routed)           1.004     7.364    clk_refm0/inst/clk_in1_clk_ref
    MMCME2_ADV_X0Y0      MMCME2_ADV (Prop_mmcme2_adv_CLKIN1_CLKOUT0)
                                                     -6.061     1.303 r  clk_refm0/inst/mmcm_adv_inst/CLKOUT0
                         net (fo=1, routed)           1.357     2.661    clk_refm0/inst/clk_out1_clk_ref
    BUFGCTRL_X0Y0        BUFG (Prop_bufg_I_O)         0.077     2.738 r  clk_refm0/inst/clkout1_buf/O
                         net (fo=165, routed)         1.314     4.052    dvi2rgb_m0/GenerateDDC.DDC_EEPROM/I2C_SlaveController/CLK
    SLICE_X60Y60         FDRE                                         r  dvi2rgb_m0/GenerateDDC.DDC_EEPROM/I2C_SlaveController/dataByte_reg[5]/C
                         clock pessimism              0.402     4.453    
                         clock uncertainty           -0.079     4.374    
    SLICE_X60Y60         FDRE (Setup_fdre_C_CE)      -0.136     4.238    dvi2rgb_m0/GenerateDDC.DDC_EEPROM/I2C_SlaveController/dataByte_reg[5]
  -------------------------------------------------------------------
                         required time                          4.238    
                         arrival time                          -2.394    
  -------------------------------------------------------------------
                         slack                                  1.844    

Slack (MET) :             1.844ns  (required time - arrival time)
  Source:                 dvi2rgb_m0/GenerateDDC.DDC_EEPROM/I2C_SlaveController/dSda_reg/C
                            (rising edge-triggered cell FDRE clocked by clk_out1_clk_ref  {rise@0.000ns fall@2.500ns period=5.000ns})
  Destination:            dvi2rgb_m0/GenerateDDC.DDC_EEPROM/I2C_SlaveController/dataByte_reg[6]/CE
                            (rising edge-triggered cell FDRE clocked by clk_out1_clk_ref  {rise@0.000ns fall@2.500ns period=5.000ns})
  Path Group:             clk_out1_clk_ref
  Path Type:              Setup (Max at Slow Process Corner)
  Requirement:            5.000ns  (clk_out1_clk_ref rise@5.000ns - clk_out1_clk_ref rise@0.000ns)
  Data Path Delay:        2.895ns  (logic 0.797ns (27.534%)  route 2.098ns (72.466%))
  Logic Levels:           3  (LUT3=1 LUT6=2)
  Clock Path Skew:        -0.046ns (DCD - SCD + CPR)
    Destination Clock Delay (DCD):    -0.948ns = ( 4.052 - 5.000 ) 
    Source Clock Delay      (SCD):    -0.501ns
    Clock Pessimism Removal (CPR):    0.402ns
  Clock Uncertainty:      0.079ns  ((TSJ^2 + DJ^2)^1/2) / 2 + PE
    Total System Jitter     (TSJ):    0.071ns
    Discrete Jitter          (DJ):    0.142ns
    Phase Error              (PE):    0.000ns

    Location             Delay type                Incr(ns)  Path(ns)    Netlist Resource(s)
  -------------------------------------------------------------------    -------------------
                         (clock clk_out1_clk_ref rise edge)
                                                      0.000     0.000 r  
    Y18                                               0.000     0.000 r  sys_clk (IN)
                         net (fo=0)                   0.000     0.000    clk_refm0/inst/clk_in1
    Y18                  IBUF (Prop_ibuf_I_O)         1.427     1.427 r  clk_refm0/inst/clkin1_ibufg/O
                         net (fo=1, routed)           1.065     2.492    clk_refm0/inst/clk_in1_clk_ref
    MMCME2_ADV_X0Y0      MMCME2_ADV (Prop_mmcme2_adv_CLKIN1_CLKOUT0)
                                                     -5.924    -3.433 r  clk_refm0/inst/mmcm_adv_inst/CLKOUT0
                         net (fo=1, routed)           1.425    -2.008    clk_refm0/inst/clk_out1_clk_ref
    BUFGCTRL_X0Y0        BUFG (Prop_bufg_I_O)         0.081    -1.927 r  clk_refm0/inst/clkout1_buf/O
                         net (fo=165, routed)         1.426    -0.501    dvi2rgb_m0/GenerateDDC.DDC_EEPROM/I2C_SlaveController/CLK
    SLICE_X63Y56         FDRE                                         r  dvi2rgb_m0/GenerateDDC.DDC_EEPROM/I2C_SlaveController/dSda_reg/C
  -------------------------------------------------------------------    -------------------
    SLICE_X63Y56         FDRE (Prop_fdre_C_Q)         0.348    -0.153 f  dvi2rgb_m0/GenerateDDC.DDC_EEPROM/I2C_SlaveController/dSda_reg/Q
                         net (fo=14, routed)          0.971     0.819    dvi2rgb_m0/GenerateDDC.DDC_EEPROM/I2C_SlaveController/dSda
    SLICE_X60Y59         LUT3 (Prop_lut3_I1_O)        0.239     1.058 f  dvi2rgb_m0/GenerateDDC.DDC_EEPROM/I2C_SlaveController/FSM_gray_state[0]_i_6/O
                         net (fo=2, routed)           0.476     1.534    dvi2rgb_m0/GenerateDDC.DDC_EEPROM/I2C_SlaveController/FSM_gray_state[0]_i_6_n_0
    SLICE_X59Y59         LUT6 (Prop_lut6_I3_O)        0.105     1.639 f  dvi2rgb_m0/GenerateDDC.DDC_EEPROM/I2C_SlaveController/dataByte[7]_i_3/O
                         net (fo=12, routed)          0.365     2.004    dvi2rgb_m0/GenerateDDC.DDC_EEPROM/I2C_SlaveController/dataByte[7]_i_3_n_0
    SLICE_X61Y58         LUT6 (Prop_lut6_I5_O)        0.105     2.109 r  dvi2rgb_m0/GenerateDDC.DDC_EEPROM/I2C_SlaveController/dataByte[7]_i_1/O
                         net (fo=8, routed)           0.286     2.394    dvi2rgb_m0/GenerateDDC.DDC_EEPROM/I2C_SlaveController/dataByte[7]_i_1_n_0
    SLICE_X60Y60         FDRE                                         r  dvi2rgb_m0/GenerateDDC.DDC_EEPROM/I2C_SlaveController/dataByte_reg[6]/CE
  -------------------------------------------------------------------    -------------------

                         (clock clk_out1_clk_ref rise edge)
                                                      5.000     5.000 r  
    Y18                                               0.000     5.000 r  sys_clk (IN)
                         net (fo=0)                   0.000     5.000    clk_refm0/inst/clk_in1
    Y18                  IBUF (Prop_ibuf_I_O)         1.361     6.361 r  clk_refm0/inst/clkin1_ibufg/O
                         net (fo=1, routed)           1.004     7.364    clk_refm0/inst/clk_in1_clk_ref
    MMCME2_ADV_X0Y0      MMCME2_ADV (Prop_mmcme2_adv_CLKIN1_CLKOUT0)
                                                     -6.061     1.303 r  clk_refm0/inst/mmcm_adv_inst/CLKOUT0
                         net (fo=1, routed)           1.357     2.661    clk_refm0/inst/clk_out1_clk_ref
    BUFGCTRL_X0Y0        BUFG (Prop_bufg_I_O)         0.077     2.738 r  clk_refm0/inst/clkout1_buf/O
                         net (fo=165, routed)         1.314     4.052    dvi2rgb_m0/GenerateDDC.DDC_EEPROM/I2C_SlaveController/CLK
    SLICE_X60Y60         FDRE                                         r  dvi2rgb_m0/GenerateDDC.DDC_EEPROM/I2C_SlaveController/dataByte_reg[6]/C
                         clock pessimism              0.402     4.453    
                         clock uncertainty           -0.079     4.374    
    SLICE_X60Y60         FDRE (Setup_fdre_C_CE)      -0.136     4.238    dvi2rgb_m0/GenerateDDC.DDC_EEPROM/I2C_SlaveController/dataByte_reg[6]
  -------------------------------------------------------------------
                         required time                          4.238    
                         arrival time                          -2.394    
  -------------------------------------------------------------------
                         slack                                  1.844    

Slack (MET) :             1.844ns  (required time - arrival time)
  Source:                 dvi2rgb_m0/GenerateDDC.DDC_EEPROM/I2C_SlaveController/dSda_reg/C
                            (rising edge-triggered cell FDRE clocked by clk_out1_clk_ref  {rise@0.000ns fall@2.500ns period=5.000ns})
  Destination:            dvi2rgb_m0/GenerateDDC.DDC_EEPROM/I2C_SlaveController/dataByte_reg[7]/CE
                            (rising edge-triggered cell FDRE clocked by clk_out1_clk_ref  {rise@0.000ns fall@2.500ns period=5.000ns})
  Path Group:             clk_out1_clk_ref
  Path Type:              Setup (Max at Slow Process Corner)
  Requirement:            5.000ns  (clk_out1_clk_ref rise@5.000ns - clk_out1_clk_ref rise@0.000ns)
  Data Path Delay:        2.895ns  (logic 0.797ns (27.534%)  route 2.098ns (72.466%))
  Logic Levels:           3  (LUT3=1 LUT6=2)
  Clock Path Skew:        -0.046ns (DCD - SCD + CPR)
    Destination Clock Delay (DCD):    -0.948ns = ( 4.052 - 5.000 ) 
    Source Clock Delay      (SCD):    -0.501ns
    Clock Pessimism Removal (CPR):    0.402ns
  Clock Uncertainty:      0.079ns  ((TSJ^2 + DJ^2)^1/2) / 2 + PE
    Total System Jitter     (TSJ):    0.071ns
    Discrete Jitter          (DJ):    0.142ns
    Phase Error              (PE):    0.000ns

    Location             Delay type                Incr(ns)  Path(ns)    Netlist Resource(s)
  -------------------------------------------------------------------    -------------------
                         (clock clk_out1_clk_ref rise edge)
                                                      0.000     0.000 r  
    Y18                                               0.000     0.000 r  sys_clk (IN)
                         net (fo=0)                   0.000     0.000    clk_refm0/inst/clk_in1
    Y18                  IBUF (Prop_ibuf_I_O)         1.427     1.427 r  clk_refm0/inst/clkin1_ibufg/O
                         net (fo=1, routed)           1.065     2.492    clk_refm0/inst/clk_in1_clk_ref
    MMCME2_ADV_X0Y0      MMCME2_ADV (Prop_mmcme2_adv_CLKIN1_CLKOUT0)
                                                     -5.924    -3.433 r  clk_refm0/inst/mmcm_adv_inst/CLKOUT0
                         net (fo=1, routed)           1.425    -2.008    clk_refm0/inst/clk_out1_clk_ref
    BUFGCTRL_X0Y0        BUFG (Prop_bufg_I_O)         0.081    -1.927 r  clk_refm0/inst/clkout1_buf/O
                         net (fo=165, routed)         1.426    -0.501    dvi2rgb_m0/GenerateDDC.DDC_EEPROM/I2C_SlaveController/CLK
    SLICE_X63Y56         FDRE                                         r  dvi2rgb_m0/GenerateDDC.DDC_EEPROM/I2C_SlaveController/dSda_reg/C
  -------------------------------------------------------------------    -------------------
    SLICE_X63Y56         FDRE (Prop_fdre_C_Q)         0.348    -0.153 f  dvi2rgb_m0/GenerateDDC.DDC_EEPROM/I2C_SlaveController/dSda_reg/Q
                         net (fo=14, routed)          0.971     0.819    dvi2rgb_m0/GenerateDDC.DDC_EEPROM/I2C_SlaveController/dSda
    SLICE_X60Y59         LUT3 (Prop_lut3_I1_O)        0.239     1.058 f  dvi2rgb_m0/GenerateDDC.DDC_EEPROM/I2C_SlaveController/FSM_gray_state[0]_i_6/O
                         net (fo=2, routed)           0.476     1.534    dvi2rgb_m0/GenerateDDC.DDC_EEPROM/I2C_SlaveController/FSM_gray_state[0]_i_6_n_0
    SLICE_X59Y59         LUT6 (Prop_lut6_I3_O)        0.105     1.639 f  dvi2rgb_m0/GenerateDDC.DDC_EEPROM/I2C_SlaveController/dataByte[7]_i_3/O
                         net (fo=12, routed)          0.365     2.004    dvi2rgb_m0/GenerateDDC.DDC_EEPROM/I2C_SlaveController/dataByte[7]_i_3_n_0
    SLICE_X61Y58         LUT6 (Prop_lut6_I5_O)        0.105     2.109 r  dvi2rgb_m0/GenerateDDC.DDC_EEPROM/I2C_SlaveController/dataByte[7]_i_1/O
                         net (fo=8, routed)           0.286     2.394    dvi2rgb_m0/GenerateDDC.DDC_EEPROM/I2C_SlaveController/dataByte[7]_i_1_n_0
    SLICE_X60Y60         FDRE                                         r  dvi2rgb_m0/GenerateDDC.DDC_EEPROM/I2C_SlaveController/dataByte_reg[7]/CE
  -------------------------------------------------------------------    -------------------

                         (clock clk_out1_clk_ref rise edge)
                                                      5.000     5.000 r  
    Y18                                               0.000     5.000 r  sys_clk (IN)
                         net (fo=0)                   0.000     5.000    clk_refm0/inst/clk_in1
    Y18                  IBUF (Prop_ibuf_I_O)         1.361     6.361 r  clk_refm0/inst/clkin1_ibufg/O
                         net (fo=1, routed)           1.004     7.364    clk_refm0/inst/clk_in1_clk_ref
    MMCME2_ADV_X0Y0      MMCME2_ADV (Prop_mmcme2_adv_CLKIN1_CLKOUT0)
                                                     -6.061     1.303 r  clk_refm0/inst/mmcm_adv_inst/CLKOUT0
                         net (fo=1, routed)           1.357     2.661    clk_refm0/inst/clk_out1_clk_ref
    BUFGCTRL_X0Y0        BUFG (Prop_bufg_I_O)         0.077     2.738 r  clk_refm0/inst/clkout1_buf/O
                         net (fo=165, routed)         1.314     4.052    dvi2rgb_m0/GenerateDDC.DDC_EEPROM/I2C_SlaveController/CLK
    SLICE_X60Y60         FDRE                                         r  dvi2rgb_m0/GenerateDDC.DDC_EEPROM/I2C_SlaveController/dataByte_reg[7]/C
                         clock pessimism              0.402     4.453    
                         clock uncertainty           -0.079     4.374    
    SLICE_X60Y60         FDRE (Setup_fdre_C_CE)      -0.136     4.238    dvi2rgb_m0/GenerateDDC.DDC_EEPROM/I2C_SlaveController/dataByte_reg[7]
  -------------------------------------------------------------------
                         required time                          4.238    
                         arrival time                          -2.394    
  -------------------------------------------------------------------
                         slack                                  1.844    

Slack (MET) :             1.987ns  (required time - arrival time)
  Source:                 dvi2rgb_m0/GenerateDDC.DDC_EEPROM/I2C_SlaveController/dSda_reg/C
                            (rising edge-triggered cell FDRE clocked by clk_out1_clk_ref  {rise@0.000ns fall@2.500ns period=5.000ns})
  Destination:            dvi2rgb_m0/GenerateDDC.DDC_EEPROM/I2C_SlaveController/dataByte_reg[0]/D
                            (rising edge-triggered cell FDRE clocked by clk_out1_clk_ref  {rise@0.000ns fall@2.500ns period=5.000ns})
  Path Group:             clk_out1_clk_ref
  Path Type:              Setup (Max at Slow Process Corner)
  Requirement:            5.000ns  (clk_out1_clk_ref rise@5.000ns - clk_out1_clk_ref rise@0.000ns)
  Data Path Delay:        2.977ns  (logic 0.810ns (27.208%)  route 2.167ns (72.792%))
  Logic Levels:           3  (LUT3=2 LUT6=1)
  Clock Path Skew:        -0.045ns (DCD - SCD + CPR)
    Destination Clock Delay (DCD):    -0.947ns = ( 4.053 - 5.000 ) 
    Source Clock Delay      (SCD):    -0.501ns
    Clock Pessimism Removal (CPR):    0.402ns
  Clock Uncertainty:      0.079ns  ((TSJ^2 + DJ^2)^1/2) / 2 + PE
    Total System Jitter     (TSJ):    0.071ns
    Discrete Jitter          (DJ):    0.142ns
    Phase Error              (PE):    0.000ns

    Location             Delay type                Incr(ns)  Path(ns)    Netlist Resource(s)
  -------------------------------------------------------------------    -------------------
                         (clock clk_out1_clk_ref rise edge)
                                                      0.000     0.000 r  
    Y18                                               0.000     0.000 r  sys_clk (IN)
                         net (fo=0)                   0.000     0.000    clk_refm0/inst/clk_in1
    Y18                  IBUF (Prop_ibuf_I_O)         1.427     1.427 r  clk_refm0/inst/clkin1_ibufg/O
                         net (fo=1, routed)           1.065     2.492    clk_refm0/inst/clk_in1_clk_ref
    MMCME2_ADV_X0Y0      MMCME2_ADV (Prop_mmcme2_adv_CLKIN1_CLKOUT0)
                                                     -5.924    -3.433 r  clk_refm0/inst/mmcm_adv_inst/CLKOUT0
                         net (fo=1, routed)           1.425    -2.008    clk_refm0/inst/clk_out1_clk_ref
    BUFGCTRL_X0Y0        BUFG (Prop_bufg_I_O)         0.081    -1.927 r  clk_refm0/inst/clkout1_buf/O
                         net (fo=165, routed)         1.426    -0.501    dvi2rgb_m0/GenerateDDC.DDC_EEPROM/I2C_SlaveController/CLK
    SLICE_X63Y56         FDRE                                         r  dvi2rgb_m0/GenerateDDC.DDC_EEPROM/I2C_SlaveController/dSda_reg/C
  -------------------------------------------------------------------    -------------------
    SLICE_X63Y56         FDRE (Prop_fdre_C_Q)         0.348    -0.153 r  dvi2rgb_m0/GenerateDDC.DDC_EEPROM/I2C_SlaveController/dSda_reg/Q
                         net (fo=14, routed)          0.971     0.819    dvi2rgb_m0/GenerateDDC.DDC_EEPROM/I2C_SlaveController/dSda
    SLICE_X60Y59         LUT3 (Prop_lut3_I1_O)        0.239     1.058 r  dvi2rgb_m0/GenerateDDC.DDC_EEPROM/I2C_SlaveController/FSM_gray_state[0]_i_6/O
                         net (fo=2, routed)           0.476     1.534    dvi2rgb_m0/GenerateDDC.DDC_EEPROM/I2C_SlaveController/FSM_gray_state[0]_i_6_n_0
    SLICE_X59Y59         LUT6 (Prop_lut6_I3_O)        0.105     1.639 r  dvi2rgb_m0/GenerateDDC.DDC_EEPROM/I2C_SlaveController/dataByte[7]_i_3/O
                         net (fo=12, routed)          0.720     2.359    dvi2rgb_m0/GenerateDDC.DDC_EEPROM/I2C_SlaveController/dataByte[7]_i_3_n_0
    SLICE_X60Y58         LUT3 (Prop_lut3_I1_O)        0.118     2.477 r  dvi2rgb_m0/GenerateDDC.DDC_EEPROM/I2C_SlaveController/dataByte[0]_i_1/O
                         net (fo=1, routed)           0.000     2.477    dvi2rgb_m0/GenerateDDC.DDC_EEPROM/I2C_SlaveController/dataByte[0]_i_1_n_0
    SLICE_X60Y58         FDRE                                         r  dvi2rgb_m0/GenerateDDC.DDC_EEPROM/I2C_SlaveController/dataByte_reg[0]/D
  -------------------------------------------------------------------    -------------------

                         (clock clk_out1_clk_ref rise edge)
                                                      5.000     5.000 r  
    Y18                                               0.000     5.000 r  sys_clk (IN)
                         net (fo=0)                   0.000     5.000    clk_refm0/inst/clk_in1
    Y18                  IBUF (Prop_ibuf_I_O)         1.361     6.361 r  clk_refm0/inst/clkin1_ibufg/O
                         net (fo=1, routed)           1.004     7.364    clk_refm0/inst/clk_in1_clk_ref
    MMCME2_ADV_X0Y0      MMCME2_ADV (Prop_mmcme2_adv_CLKIN1_CLKOUT0)
                                                     -6.061     1.303 r  clk_refm0/inst/mmcm_adv_inst/CLKOUT0
                         net (fo=1, routed)           1.357     2.661    clk_refm0/inst/clk_out1_clk_ref
    BUFGCTRL_X0Y0        BUFG (Prop_bufg_I_O)         0.077     2.738 r  clk_refm0/inst/clkout1_buf/O
                         net (fo=165, routed)         1.315     4.053    dvi2rgb_m0/GenerateDDC.DDC_EEPROM/I2C_SlaveController/CLK
    SLICE_X60Y58         FDRE                                         r  dvi2rgb_m0/GenerateDDC.DDC_EEPROM/I2C_SlaveController/dataByte_reg[0]/C
                         clock pessimism              0.402     4.454    
                         clock uncertainty           -0.079     4.375    
    SLICE_X60Y58         FDRE (Setup_fdre_C_D)        0.088     4.463    dvi2rgb_m0/GenerateDDC.DDC_EEPROM/I2C_SlaveController/dataByte_reg[0]
  -------------------------------------------------------------------
                         required time                          4.463    
                         arrival time                          -2.477    
  -------------------------------------------------------------------
                         slack                                  1.987    





Min Delay Paths
--------------------------------------------------------------------------------------
Slack (MET) :             0.121ns  (arrival time - required time)
  Source:                 dvi2rgb_m0/GenerateDDC.DDC_EEPROM/I2C_SlaveController/SyncSCL/oSyncStages_reg[0]/C
                            (rising edge-triggered cell FDRE clocked by clk_out1_clk_ref  {rise@0.000ns fall@2.500ns period=5.000ns})
  Destination:            dvi2rgb_m0/GenerateDDC.DDC_EEPROM/I2C_SlaveController/SyncSCL/oSyncStages_reg[1]/D
                            (rising edge-triggered cell FDRE clocked by clk_out1_clk_ref  {rise@0.000ns fall@2.500ns period=5.000ns})
  Path Group:             clk_out1_clk_ref
  Path Type:              Hold (Min at Fast Process Corner)
  Requirement:            0.000ns  (clk_out1_clk_ref rise@0.000ns - clk_out1_clk_ref rise@0.000ns)
  Data Path Delay:        0.196ns  (logic 0.141ns (71.838%)  route 0.055ns (28.162%))
  Logic Levels:           0  
  Clock Path Skew:        0.000ns (DCD - SCD - CPR)
    Destination Clock Delay (DCD):    -0.787ns
    Source Clock Delay      (SCD):    -0.551ns
    Clock Pessimism Removal (CPR):    -0.236ns

    Location             Delay type                Incr(ns)  Path(ns)    Netlist Resource(s)
  -------------------------------------------------------------------    -------------------
                         (clock clk_out1_clk_ref rise edge)
                                                      0.000     0.000 r  
    Y18                                               0.000     0.000 r  sys_clk (IN)
                         net (fo=0)                   0.000     0.000    clk_refm0/inst/clk_in1
    Y18                  IBUF (Prop_ibuf_I_O)         0.264     0.264 r  clk_refm0/inst/clkin1_ibufg/O
                         net (fo=1, routed)           0.440     0.704    clk_refm0/inst/clk_in1_clk_ref
    MMCME2_ADV_X0Y0      MMCME2_ADV (Prop_mmcme2_adv_CLKIN1_CLKOUT0)
                                                     -2.362    -1.659 r  clk_refm0/inst/mmcm_adv_inst/CLKOUT0
                         net (fo=1, routed)           0.489    -1.170    clk_refm0/inst/clk_out1_clk_ref
    BUFGCTRL_X0Y0        BUFG (Prop_bufg_I_O)         0.026    -1.144 r  clk_refm0/inst/clkout1_buf/O
                         net (fo=165, routed)         0.593    -0.551    dvi2rgb_m0/GenerateDDC.DDC_EEPROM/I2C_SlaveController/SyncSCL/CLK
    SLICE_X63Y53         FDRE                                         r  dvi2rgb_m0/GenerateDDC.DDC_EEPROM/I2C_SlaveController/SyncSCL/oSyncStages_reg[0]/C
  -------------------------------------------------------------------    -------------------
    SLICE_X63Y53         FDRE (Prop_fdre_C_Q)         0.141    -0.410 r  dvi2rgb_m0/GenerateDDC.DDC_EEPROM/I2C_SlaveController/SyncSCL/oSyncStages_reg[0]/Q
                         net (fo=1, routed)           0.055    -0.355    dvi2rgb_m0/GenerateDDC.DDC_EEPROM/I2C_SlaveController/SyncSCL/oSyncStages[0]
    SLICE_X63Y53         FDRE                                         r  dvi2rgb_m0/GenerateDDC.DDC_EEPROM/I2C_SlaveController/SyncSCL/oSyncStages_reg[1]/D
  -------------------------------------------------------------------    -------------------

                         (clock clk_out1_clk_ref rise edge)
                                                      0.000     0.000 r  
    Y18                                               0.000     0.000 r  sys_clk (IN)
                         net (fo=0)                   0.000     0.000    clk_refm0/inst/clk_in1
    Y18                  IBUF (Prop_ibuf_I_O)         0.452     0.452 r  clk_refm0/inst/clkin1_ibufg/O
                         net (fo=1, routed)           0.480     0.932    clk_refm0/inst/clk_in1_clk_ref
    MMCME2_ADV_X0Y0      MMCME2_ADV (Prop_mmcme2_adv_CLKIN1_CLKOUT0)
                                                     -3.145    -2.214 r  clk_refm0/inst/mmcm_adv_inst/CLKOUT0
                         net (fo=1, routed)           0.534    -1.680    clk_refm0/inst/clk_out1_clk_ref
    BUFGCTRL_X0Y0        BUFG (Prop_bufg_I_O)         0.029    -1.651 r  clk_refm0/inst/clkout1_buf/O
                         net (fo=165, routed)         0.863    -0.787    dvi2rgb_m0/GenerateDDC.DDC_EEPROM/I2C_SlaveController/SyncSCL/CLK
    SLICE_X63Y53         FDRE                                         r  dvi2rgb_m0/GenerateDDC.DDC_EEPROM/I2C_SlaveController/SyncSCL/oSyncStages_reg[1]/C
                         clock pessimism              0.236    -0.551    
    SLICE_X63Y53         FDRE (Hold_fdre_C_D)         0.075    -0.476    dvi2rgb_m0/GenerateDDC.DDC_EEPROM/I2C_SlaveController/SyncSCL/oSyncStages_reg[1]
  -------------------------------------------------------------------
                         required time                          0.476    
                         arrival time                          -0.355    
  -------------------------------------------------------------------
                         slack                                  0.121    

Slack (MET) :             0.121ns  (arrival time - required time)
  Source:                 dvi2rgb_m0/GenerateDDC.DDC_EEPROM/I2C_SlaveController/SyncSDA/oSyncStages_reg[0]/C
                            (rising edge-triggered cell FDRE clocked by clk_out1_clk_ref  {rise@0.000ns fall@2.500ns period=5.000ns})
  Destination:            dvi2rgb_m0/GenerateDDC.DDC_EEPROM/I2C_SlaveController/SyncSDA/oSyncStages_reg[1]/D
                            (rising edge-triggered cell FDRE clocked by clk_out1_clk_ref  {rise@0.000ns fall@2.500ns period=5.000ns})
  Path Group:             clk_out1_clk_ref
  Path Type:              Hold (Min at Fast Process Corner)
  Requirement:            0.000ns  (clk_out1_clk_ref rise@0.000ns - clk_out1_clk_ref rise@0.000ns)
  Data Path Delay:        0.196ns  (logic 0.141ns (71.838%)  route 0.055ns (28.162%))
  Logic Levels:           0  
  Clock Path Skew:        0.000ns (DCD - SCD - CPR)
    Destination Clock Delay (DCD):    -0.787ns
    Source Clock Delay      (SCD):    -0.551ns
    Clock Pessimism Removal (CPR):    -0.236ns

    Location             Delay type                Incr(ns)  Path(ns)    Netlist Resource(s)
  -------------------------------------------------------------------    -------------------
                         (clock clk_out1_clk_ref rise edge)
                                                      0.000     0.000 r  
    Y18                                               0.000     0.000 r  sys_clk (IN)
                         net (fo=0)                   0.000     0.000    clk_refm0/inst/clk_in1
    Y18                  IBUF (Prop_ibuf_I_O)         0.264     0.264 r  clk_refm0/inst/clkin1_ibufg/O
                         net (fo=1, routed)           0.440     0.704    clk_refm0/inst/clk_in1_clk_ref
    MMCME2_ADV_X0Y0      MMCME2_ADV (Prop_mmcme2_adv_CLKIN1_CLKOUT0)
                                                     -2.362    -1.659 r  clk_refm0/inst/mmcm_adv_inst/CLKOUT0
                         net (fo=1, routed)           0.489    -1.170    clk_refm0/inst/clk_out1_clk_ref
    BUFGCTRL_X0Y0        BUFG (Prop_bufg_I_O)         0.026    -1.144 r  clk_refm0/inst/clkout1_buf/O
                         net (fo=165, routed)         0.593    -0.551    dvi2rgb_m0/GenerateDDC.DDC_EEPROM/I2C_SlaveController/SyncSDA/CLK
    SLICE_X63Y55         FDRE                                         r  dvi2rgb_m0/GenerateDDC.DDC_EEPROM/I2C_SlaveController/SyncSDA/oSyncStages_reg[0]/C
  -------------------------------------------------------------------    -------------------
    SLICE_X63Y55         FDRE (Prop_fdre_C_Q)         0.141    -0.410 r  dvi2rgb_m0/GenerateDDC.DDC_EEPROM/I2C_SlaveController/SyncSDA/oSyncStages_reg[0]/Q
                         net (fo=1, routed)           0.055    -0.355    dvi2rgb_m0/GenerateDDC.DDC_EEPROM/I2C_SlaveController/SyncSDA/oSyncStages[0]
    SLICE_X63Y55         FDRE                                         r  dvi2rgb_m0/GenerateDDC.DDC_EEPROM/I2C_SlaveController/SyncSDA/oSyncStages_reg[1]/D
  -------------------------------------------------------------------    -------------------

                         (clock clk_out1_clk_ref rise edge)
                                                      0.000     0.000 r  
    Y18                                               0.000     0.000 r  sys_clk (IN)
                         net (fo=0)                   0.000     0.000    clk_refm0/inst/clk_in1
    Y18                  IBUF (Prop_ibuf_I_O)         0.452     0.452 r  clk_refm0/inst/clkin1_ibufg/O
                         net (fo=1, routed)           0.480     0.932    clk_refm0/inst/clk_in1_clk_ref
    MMCME2_ADV_X0Y0      MMCME2_ADV (Prop_mmcme2_adv_CLKIN1_CLKOUT0)
                                                     -3.145    -2.214 r  clk_refm0/inst/mmcm_adv_inst/CLKOUT0
                         net (fo=1, routed)           0.534    -1.680    clk_refm0/inst/clk_out1_clk_ref
    BUFGCTRL_X0Y0        BUFG (Prop_bufg_I_O)         0.029    -1.651 r  clk_refm0/inst/clkout1_buf/O
                         net (fo=165, routed)         0.863    -0.787    dvi2rgb_m0/GenerateDDC.DDC_EEPROM/I2C_SlaveController/SyncSDA/CLK
    SLICE_X63Y55         FDRE                                         r  dvi2rgb_m0/GenerateDDC.DDC_EEPROM/I2C_SlaveController/SyncSDA/oSyncStages_reg[1]/C
                         clock pessimism              0.236    -0.551    
    SLICE_X63Y55         FDRE (Hold_fdre_C_D)         0.075    -0.476    dvi2rgb_m0/GenerateDDC.DDC_EEPROM/I2C_SlaveController/SyncSDA/oSyncStages_reg[1]
  -------------------------------------------------------------------
                         required time                          0.476    
                         arrival time                          -0.355    
  -------------------------------------------------------------------
                         slack                                  0.121    

Slack (MET) :             0.121ns  (arrival time - required time)
  Source:                 dvi2rgb_m0/TMDS_ClockingX/MMCM_LockSync/oSyncStages_reg[0]/C
                            (rising edge-triggered cell FDRE clocked by clk_out1_clk_ref  {rise@0.000ns fall@2.500ns period=5.000ns})
  Destination:            dvi2rgb_m0/TMDS_ClockingX/MMCM_LockSync/oSyncStages_reg[1]/D
                            (rising edge-triggered cell FDRE clocked by clk_out1_clk_ref  {rise@0.000ns fall@2.500ns period=5.000ns})
  Path Group:             clk_out1_clk_ref
  Path Type:              Hold (Min at Fast Process Corner)
  Requirement:            0.000ns  (clk_out1_clk_ref rise@0.000ns - clk_out1_clk_ref rise@0.000ns)
  Data Path Delay:        0.196ns  (logic 0.141ns (71.838%)  route 0.055ns (28.162%))
  Logic Levels:           0  
  Clock Path Skew:        0.000ns (DCD - SCD - CPR)
    Destination Clock Delay (DCD):    -0.803ns
    Source Clock Delay      (SCD):    -0.564ns
    Clock Pessimism Removal (CPR):    -0.239ns

    Location             Delay type                Incr(ns)  Path(ns)    Netlist Resource(s)
  -------------------------------------------------------------------    -------------------
                         (clock clk_out1_clk_ref rise edge)
                                                      0.000     0.000 r  
    Y18                                               0.000     0.000 r  sys_clk (IN)
                         net (fo=0)                   0.000     0.000    clk_refm0/inst/clk_in1
    Y18                  IBUF (Prop_ibuf_I_O)         0.264     0.264 r  clk_refm0/inst/clkin1_ibufg/O
                         net (fo=1, routed)           0.440     0.704    clk_refm0/inst/clk_in1_clk_ref
    MMCME2_ADV_X0Y0      MMCME2_ADV (Prop_mmcme2_adv_CLKIN1_CLKOUT0)
                                                     -2.362    -1.659 r  clk_refm0/inst/mmcm_adv_inst/CLKOUT0
                         net (fo=1, routed)           0.489    -1.170    clk_refm0/inst/clk_out1_clk_ref
    BUFGCTRL_X0Y0        BUFG (Prop_bufg_I_O)         0.026    -1.144 r  clk_refm0/inst/clkout1_buf/O
                         net (fo=165, routed)         0.580    -0.564    dvi2rgb_m0/TMDS_ClockingX/MMCM_LockSync/CLK
    SLICE_X65Y74         FDRE                                         r  dvi2rgb_m0/TMDS_ClockingX/MMCM_LockSync/oSyncStages_reg[0]/C
  -------------------------------------------------------------------    -------------------
    SLICE_X65Y74         FDRE (Prop_fdre_C_Q)         0.141    -0.423 r  dvi2rgb_m0/TMDS_ClockingX/MMCM_LockSync/oSyncStages_reg[0]/Q
                         net (fo=1, routed)           0.055    -0.368    dvi2rgb_m0/TMDS_ClockingX/MMCM_LockSync/oSyncStages[0]
    SLICE_X65Y74         FDRE                                         r  dvi2rgb_m0/TMDS_ClockingX/MMCM_LockSync/oSyncStages_reg[1]/D
  -------------------------------------------------------------------    -------------------

                         (clock clk_out1_clk_ref rise edge)
                                                      0.000     0.000 r  
    Y18                                               0.000     0.000 r  sys_clk (IN)
                         net (fo=0)                   0.000     0.000    clk_refm0/inst/clk_in1
    Y18                  IBUF (Prop_ibuf_I_O)         0.452     0.452 r  clk_refm0/inst/clkin1_ibufg/O
                         net (fo=1, routed)           0.480     0.932    clk_refm0/inst/clk_in1_clk_ref
    MMCME2_ADV_X0Y0      MMCME2_ADV (Prop_mmcme2_adv_CLKIN1_CLKOUT0)
                                                     -3.145    -2.214 r  clk_refm0/inst/mmcm_adv_inst/CLKOUT0
                         net (fo=1, routed)           0.534    -1.680    clk_refm0/inst/clk_out1_clk_ref
    BUFGCTRL_X0Y0        BUFG (Prop_bufg_I_O)         0.029    -1.651 r  clk_refm0/inst/clkout1_buf/O
                         net (fo=165, routed)         0.847    -0.803    dvi2rgb_m0/TMDS_ClockingX/MMCM_LockSync/CLK
    SLICE_X65Y74         FDRE                                         r  dvi2rgb_m0/TMDS_ClockingX/MMCM_LockSync/oSyncStages_reg[1]/C
                         clock pessimism              0.239    -0.564    
    SLICE_X65Y74         FDRE (Hold_fdre_C_D)         0.075    -0.489    dvi2rgb_m0/TMDS_ClockingX/MMCM_LockSync/oSyncStages_reg[1]
  -------------------------------------------------------------------
                         required time                          0.489    
                         arrival time                          -0.368    
  -------------------------------------------------------------------
                         slack                                  0.121    

Slack (MET) :             0.121ns  (arrival time - required time)
  Source:                 dvi2rgb_m0/DataDecoders[0].DecoderX/SyncBaseRst/SyncAsyncx/oSyncStages_reg[0]/C
                            (rising edge-triggered cell FDPE clocked by clk_out1_clk_ref  {rise@0.000ns fall@2.500ns period=5.000ns})
  Destination:            dvi2rgb_m0/DataDecoders[0].DecoderX/SyncBaseRst/SyncAsyncx/oSyncStages_reg[1]/D
                            (rising edge-triggered cell FDPE clocked by clk_out1_clk_ref  {rise@0.000ns fall@2.500ns period=5.000ns})
  Path Group:             clk_out1_clk_ref
  Path Type:              Hold (Min at Fast Process Corner)
  Requirement:            0.000ns  (clk_out1_clk_ref rise@0.000ns - clk_out1_clk_ref rise@0.000ns)
  Data Path Delay:        0.196ns  (logic 0.141ns (71.838%)  route 0.055ns (28.162%))
  Logic Levels:           0  
  Clock Path Skew:        0.000ns (DCD - SCD - CPR)
    Destination Clock Delay (DCD):    -0.798ns
    Source Clock Delay      (SCD):    -0.559ns
    Clock Pessimism Removal (CPR):    -0.239ns

    Location             Delay type                Incr(ns)  Path(ns)    Netlist Resource(s)
  -------------------------------------------------------------------    -------------------
                         (clock clk_out1_clk_ref rise edge)
                                                      0.000     0.000 r  
    Y18                                               0.000     0.000 r  sys_clk (IN)
                         net (fo=0)                   0.000     0.000    clk_refm0/inst/clk_in1
    Y18                  IBUF (Prop_ibuf_I_O)         0.264     0.264 r  clk_refm0/inst/clkin1_ibufg/O
                         net (fo=1, routed)           0.440     0.704    clk_refm0/inst/clk_in1_clk_ref
    MMCME2_ADV_X0Y0      MMCME2_ADV (Prop_mmcme2_adv_CLKIN1_CLKOUT0)
                                                     -2.362    -1.659 r  clk_refm0/inst/mmcm_adv_inst/CLKOUT0
                         net (fo=1, routed)           0.489    -1.170    clk_refm0/inst/clk_out1_clk_ref
    BUFGCTRL_X0Y0        BUFG (Prop_bufg_I_O)         0.026    -1.144 r  clk_refm0/inst/clkout1_buf/O
                         net (fo=165, routed)         0.585    -0.559    dvi2rgb_m0/DataDecoders[0].DecoderX/SyncBaseRst/SyncAsyncx/CLK
    SLICE_X59Y68         FDPE                                         r  dvi2rgb_m0/DataDecoders[0].DecoderX/SyncBaseRst/SyncAsyncx/oSyncStages_reg[0]/C
  -------------------------------------------------------------------    -------------------
    SLICE_X59Y68         FDPE (Prop_fdpe_C_Q)         0.141    -0.418 r  dvi2rgb_m0/DataDecoders[0].DecoderX/SyncBaseRst/SyncAsyncx/oSyncStages_reg[0]/Q
                         net (fo=1, routed)           0.055    -0.363    dvi2rgb_m0/DataDecoders[0].DecoderX/SyncBaseRst/SyncAsyncx/oSyncStages[0]
    SLICE_X59Y68         FDPE                                         r  dvi2rgb_m0/DataDecoders[0].DecoderX/SyncBaseRst/SyncAsyncx/oSyncStages_reg[1]/D
  -------------------------------------------------------------------    -------------------

                         (clock clk_out1_clk_ref rise edge)
                                                      0.000     0.000 r  
    Y18                                               0.000     0.000 r  sys_clk (IN)
                         net (fo=0)                   0.000     0.000    clk_refm0/inst/clk_in1
    Y18                  IBUF (Prop_ibuf_I_O)         0.452     0.452 r  clk_refm0/inst/clkin1_ibufg/O
                         net (fo=1, routed)           0.480     0.932    clk_refm0/inst/clk_in1_clk_ref
    MMCME2_ADV_X0Y0      MMCME2_ADV (Prop_mmcme2_adv_CLKIN1_CLKOUT0)
                                                     -3.145    -2.214 r  clk_refm0/inst/mmcm_adv_inst/CLKOUT0
                         net (fo=1, routed)           0.534    -1.680    clk_refm0/inst/clk_out1_clk_ref
    BUFGCTRL_X0Y0        BUFG (Prop_bufg_I_O)         0.029    -1.651 r  clk_refm0/inst/clkout1_buf/O
                         net (fo=165, routed)         0.853    -0.798    dvi2rgb_m0/DataDecoders[0].DecoderX/SyncBaseRst/SyncAsyncx/CLK
    SLICE_X59Y68         FDPE                                         r  dvi2rgb_m0/DataDecoders[0].DecoderX/SyncBaseRst/SyncAsyncx/oSyncStages_reg[1]/C
                         clock pessimism              0.239    -0.559    
    SLICE_X59Y68         FDPE (Hold_fdpe_C_D)         0.075    -0.484    dvi2rgb_m0/DataDecoders[0].DecoderX/SyncBaseRst/SyncAsyncx/oSyncStages_reg[1]
  -------------------------------------------------------------------
                         required time                          0.484    
                         arrival time                          -0.363    
  -------------------------------------------------------------------
                         slack                                  0.121    

Slack (MET) :             0.136ns  (arrival time - required time)
  Source:                 dvi2rgb_m0/GenerateDDC.DDC_EEPROM/I2C_SlaveController/GlitchF_SDA/Filter.sOut_reg/C
                            (rising edge-triggered cell FDRE clocked by clk_out1_clk_ref  {rise@0.000ns fall@2.500ns period=5.000ns})
  Destination:            dvi2rgb_m0/GenerateDDC.DDC_EEPROM/I2C_SlaveController/dSda_reg/D
                            (rising edge-triggered cell FDRE clocked by clk_out1_clk_ref  {rise@0.000ns fall@2.500ns period=5.000ns})
  Path Group:             clk_out1_clk_ref
  Path Type:              Hold (Min at Fast Process Corner)
  Requirement:            0.000ns  (clk_out1_clk_ref rise@0.000ns - clk_out1_clk_ref rise@0.000ns)
  Data Path Delay:        0.207ns  (logic 0.141ns (68.208%)  route 0.066ns (31.792%))
  Logic Levels:           0  
  Clock Path Skew:        0.000ns (DCD - SCD - CPR)
    Destination Clock Delay (DCD):    -0.787ns
    Source Clock Delay      (SCD):    -0.551ns
    Clock Pessimism Removal (CPR):    -0.236ns

    Location             Delay type                Incr(ns)  Path(ns)    Netlist Resource(s)
  -------------------------------------------------------------------    -------------------
                         (clock clk_out1_clk_ref rise edge)
                                                      0.000     0.000 r  
    Y18                                               0.000     0.000 r  sys_clk (IN)
                         net (fo=0)                   0.000     0.000    clk_refm0/inst/clk_in1
    Y18                  IBUF (Prop_ibuf_I_O)         0.264     0.264 r  clk_refm0/inst/clkin1_ibufg/O
                         net (fo=1, routed)           0.440     0.704    clk_refm0/inst/clk_in1_clk_ref
    MMCME2_ADV_X0Y0      MMCME2_ADV (Prop_mmcme2_adv_CLKIN1_CLKOUT0)
                                                     -2.362    -1.659 r  clk_refm0/inst/mmcm_adv_inst/CLKOUT0
                         net (fo=1, routed)           0.489    -1.170    clk_refm0/inst/clk_out1_clk_ref
    BUFGCTRL_X0Y0        BUFG (Prop_bufg_I_O)         0.026    -1.144 r  clk_refm0/inst/clkout1_buf/O
                         net (fo=165, routed)         0.593    -0.551    dvi2rgb_m0/GenerateDDC.DDC_EEPROM/I2C_SlaveController/GlitchF_SDA/CLK
    SLICE_X63Y56         FDRE                                         r  dvi2rgb_m0/GenerateDDC.DDC_EEPROM/I2C_SlaveController/GlitchF_SDA/Filter.sOut_reg/C
  -------------------------------------------------------------------    -------------------
    SLICE_X63Y56         FDRE (Prop_fdre_C_Q)         0.141    -0.410 r  dvi2rgb_m0/GenerateDDC.DDC_EEPROM/I2C_SlaveController/GlitchF_SDA/Filter.sOut_reg/Q
                         net (fo=2, routed)           0.066    -0.344    dvi2rgb_m0/GenerateDDC.DDC_EEPROM/I2C_SlaveController/sOut
    SLICE_X63Y56         FDRE                                         r  dvi2rgb_m0/GenerateDDC.DDC_EEPROM/I2C_SlaveController/dSda_reg/D
  -------------------------------------------------------------------    -------------------

                         (clock clk_out1_clk_ref rise edge)
                                                      0.000     0.000 r  
    Y18                                               0.000     0.000 r  sys_clk (IN)
                         net (fo=0)                   0.000     0.000    clk_refm0/inst/clk_in1
    Y18                  IBUF (Prop_ibuf_I_O)         0.452     0.452 r  clk_refm0/inst/clkin1_ibufg/O
                         net (fo=1, routed)           0.480     0.932    clk_refm0/inst/clk_in1_clk_ref
    MMCME2_ADV_X0Y0      MMCME2_ADV (Prop_mmcme2_adv_CLKIN1_CLKOUT0)
                                                     -3.145    -2.214 r  clk_refm0/inst/mmcm_adv_inst/CLKOUT0
                         net (fo=1, routed)           0.534    -1.680    clk_refm0/inst/clk_out1_clk_ref
    BUFGCTRL_X0Y0        BUFG (Prop_bufg_I_O)         0.029    -1.651 r  clk_refm0/inst/clkout1_buf/O
                         net (fo=165, routed)         0.863    -0.787    dvi2rgb_m0/GenerateDDC.DDC_EEPROM/I2C_SlaveController/CLK
    SLICE_X63Y56         FDRE                                         r  dvi2rgb_m0/GenerateDDC.DDC_EEPROM/I2C_SlaveController/dSda_reg/C
                         clock pessimism              0.236    -0.551    
    SLICE_X63Y56         FDRE (Hold_fdre_C_D)         0.071    -0.480    dvi2rgb_m0/GenerateDDC.DDC_EEPROM/I2C_SlaveController/dSda_reg
  -------------------------------------------------------------------
                         required time                          0.480    
                         arrival time                          -0.344    
  -------------------------------------------------------------------
                         slack                                  0.136    

Slack (MET) :             0.159ns  (arrival time - required time)
  Source:                 dvi2rgb_m0/TMDS_ClockingX/LockLostReset/SyncAsyncx/oSyncStages_reg[0]/C
                            (rising edge-triggered cell FDPE clocked by clk_out1_clk_ref  {rise@0.000ns fall@2.500ns period=5.000ns})
  Destination:            dvi2rgb_m0/TMDS_ClockingX/LockLostReset/SyncAsyncx/oSyncStages_reg[1]/D
                            (rising edge-triggered cell FDPE clocked by clk_out1_clk_ref  {rise@0.000ns fall@2.500ns period=5.000ns})
  Path Group:             clk_out1_clk_ref
  Path Type:              Hold (Min at Fast Process Corner)
  Requirement:            0.000ns  (clk_out1_clk_ref rise@0.000ns - clk_out1_clk_ref rise@0.000ns)
  Data Path Delay:        0.219ns  (logic 0.164ns (74.792%)  route 0.055ns (25.208%))
  Logic Levels:           0  
  Clock Path Skew:        0.000ns (DCD - SCD - CPR)
    Destination Clock Delay (DCD):    -0.803ns
    Source Clock Delay      (SCD):    -0.564ns
    Clock Pessimism Removal (CPR):    -0.239ns

    Location             Delay type                Incr(ns)  Path(ns)    Netlist Resource(s)
  -------------------------------------------------------------------    -------------------
                         (clock clk_out1_clk_ref rise edge)
                                                      0.000     0.000 r  
    Y18                                               0.000     0.000 r  sys_clk (IN)
                         net (fo=0)                   0.000     0.000    clk_refm0/inst/clk_in1
    Y18                  IBUF (Prop_ibuf_I_O)         0.264     0.264 r  clk_refm0/inst/clkin1_ibufg/O
                         net (fo=1, routed)           0.440     0.704    clk_refm0/inst/clk_in1_clk_ref
    MMCME2_ADV_X0Y0      MMCME2_ADV (Prop_mmcme2_adv_CLKIN1_CLKOUT0)
                                                     -2.362    -1.659 r  clk_refm0/inst/mmcm_adv_inst/CLKOUT0
                         net (fo=1, routed)           0.489    -1.170    clk_refm0/inst/clk_out1_clk_ref
    BUFGCTRL_X0Y0        BUFG (Prop_bufg_I_O)         0.026    -1.144 r  clk_refm0/inst/clkout1_buf/O
                         net (fo=165, routed)         0.580    -0.564    dvi2rgb_m0/TMDS_ClockingX/LockLostReset/SyncAsyncx/CLK
    SLICE_X64Y75         FDPE                                         r  dvi2rgb_m0/TMDS_ClockingX/LockLostReset/SyncAsyncx/oSyncStages_reg[0]/C
  -------------------------------------------------------------------    -------------------
    SLICE_X64Y75         FDPE (Prop_fdpe_C_Q)         0.164    -0.400 r  dvi2rgb_m0/TMDS_ClockingX/LockLostReset/SyncAsyncx/oSyncStages_reg[0]/Q
                         net (fo=1, routed)           0.055    -0.345    dvi2rgb_m0/TMDS_ClockingX/LockLostReset/SyncAsyncx/oSyncStages[0]
    SLICE_X64Y75         FDPE                                         r  dvi2rgb_m0/TMDS_ClockingX/LockLostReset/SyncAsyncx/oSyncStages_reg[1]/D
  -------------------------------------------------------------------    -------------------

                         (clock clk_out1_clk_ref rise edge)
                                                      0.000     0.000 r  
    Y18                                               0.000     0.000 r  sys_clk (IN)
                         net (fo=0)                   0.000     0.000    clk_refm0/inst/clk_in1
    Y18                  IBUF (Prop_ibuf_I_O)         0.452     0.452 r  clk_refm0/inst/clkin1_ibufg/O
                         net (fo=1, routed)           0.480     0.932    clk_refm0/inst/clk_in1_clk_ref
    MMCME2_ADV_X0Y0      MMCME2_ADV (Prop_mmcme2_adv_CLKIN1_CLKOUT0)
                                                     -3.145    -2.214 r  clk_refm0/inst/mmcm_adv_inst/CLKOUT0
                         net (fo=1, routed)           0.534    -1.680    clk_refm0/inst/clk_out1_clk_ref
    BUFGCTRL_X0Y0        BUFG (Prop_bufg_I_O)         0.029    -1.651 r  clk_refm0/inst/clkout1_buf/O
                         net (fo=165, routed)         0.847    -0.803    dvi2rgb_m0/TMDS_ClockingX/LockLostReset/SyncAsyncx/CLK
    SLICE_X64Y75         FDPE                                         r  dvi2rgb_m0/TMDS_ClockingX/LockLostReset/SyncAsyncx/oSyncStages_reg[1]/C
                         clock pessimism              0.239    -0.564    
    SLICE_X64Y75         FDPE (Hold_fdpe_C_D)         0.060    -0.504    dvi2rgb_m0/TMDS_ClockingX/LockLostReset/SyncAsyncx/oSyncStages_reg[1]
  -------------------------------------------------------------------
                         required time                          0.504    
                         arrival time                          -0.345    
  -------------------------------------------------------------------
                         slack                                  0.159    

Slack (MET) :             0.159ns  (arrival time - required time)
  Source:                 dvi2rgb_m0/TMDS_ClockingX/RdyLostReset/SyncAsyncx/oSyncStages_reg[0]/C
                            (rising edge-triggered cell FDPE clocked by clk_out1_clk_ref  {rise@0.000ns fall@2.500ns period=5.000ns})
  Destination:            dvi2rgb_m0/TMDS_ClockingX/RdyLostReset/SyncAsyncx/oSyncStages_reg[1]/D
                            (rising edge-triggered cell FDPE clocked by clk_out1_clk_ref  {rise@0.000ns fall@2.500ns period=5.000ns})
  Path Group:             clk_out1_clk_ref
  Path Type:              Hold (Min at Fast Process Corner)
  Requirement:            0.000ns  (clk_out1_clk_ref rise@0.000ns - clk_out1_clk_ref rise@0.000ns)
  Data Path Delay:        0.219ns  (logic 0.164ns (74.792%)  route 0.055ns (25.208%))
  Logic Levels:           0  
  Clock Path Skew:        0.000ns (DCD - SCD - CPR)
    Destination Clock Delay (DCD):    -0.802ns
    Source Clock Delay      (SCD):    -0.563ns
    Clock Pessimism Removal (CPR):    -0.239ns

    Location             Delay type                Incr(ns)  Path(ns)    Netlist Resource(s)
  -------------------------------------------------------------------    -------------------
                         (clock clk_out1_clk_ref rise edge)
                                                      0.000     0.000 r  
    Y18                                               0.000     0.000 r  sys_clk (IN)
                         net (fo=0)                   0.000     0.000    clk_refm0/inst/clk_in1
    Y18                  IBUF (Prop_ibuf_I_O)         0.264     0.264 r  clk_refm0/inst/clkin1_ibufg/O
                         net (fo=1, routed)           0.440     0.704    clk_refm0/inst/clk_in1_clk_ref
    MMCME2_ADV_X0Y0      MMCME2_ADV (Prop_mmcme2_adv_CLKIN1_CLKOUT0)
                                                     -2.362    -1.659 r  clk_refm0/inst/mmcm_adv_inst/CLKOUT0
                         net (fo=1, routed)           0.489    -1.170    clk_refm0/inst/clk_out1_clk_ref
    BUFGCTRL_X0Y0        BUFG (Prop_bufg_I_O)         0.026    -1.144 r  clk_refm0/inst/clkout1_buf/O
                         net (fo=165, routed)         0.581    -0.563    dvi2rgb_m0/TMDS_ClockingX/RdyLostReset/SyncAsyncx/CLK
    SLICE_X64Y76         FDPE                                         r  dvi2rgb_m0/TMDS_ClockingX/RdyLostReset/SyncAsyncx/oSyncStages_reg[0]/C
  -------------------------------------------------------------------    -------------------
    SLICE_X64Y76         FDPE (Prop_fdpe_C_Q)         0.164    -0.399 r  dvi2rgb_m0/TMDS_ClockingX/RdyLostReset/SyncAsyncx/oSyncStages_reg[0]/Q
                         net (fo=1, routed)           0.055    -0.344    dvi2rgb_m0/TMDS_ClockingX/RdyLostReset/SyncAsyncx/oSyncStages[0]
    SLICE_X64Y76         FDPE                                         r  dvi2rgb_m0/TMDS_ClockingX/RdyLostReset/SyncAsyncx/oSyncStages_reg[1]/D
  -------------------------------------------------------------------    -------------------

                         (clock clk_out1_clk_ref rise edge)
                                                      0.000     0.000 r  
    Y18                                               0.000     0.000 r  sys_clk (IN)
                         net (fo=0)                   0.000     0.000    clk_refm0/inst/clk_in1
    Y18                  IBUF (Prop_ibuf_I_O)         0.452     0.452 r  clk_refm0/inst/clkin1_ibufg/O
                         net (fo=1, routed)           0.480     0.932    clk_refm0/inst/clk_in1_clk_ref
    MMCME2_ADV_X0Y0      MMCME2_ADV (Prop_mmcme2_adv_CLKIN1_CLKOUT0)
                                                     -3.145    -2.214 r  clk_refm0/inst/mmcm_adv_inst/CLKOUT0
                         net (fo=1, routed)           0.534    -1.680    clk_refm0/inst/clk_out1_clk_ref
    BUFGCTRL_X0Y0        BUFG (Prop_bufg_I_O)         0.029    -1.651 r  clk_refm0/inst/clkout1_buf/O
                         net (fo=165, routed)         0.848    -0.802    dvi2rgb_m0/TMDS_ClockingX/RdyLostReset/SyncAsyncx/CLK
    SLICE_X64Y76         FDPE                                         r  dvi2rgb_m0/TMDS_ClockingX/RdyLostReset/SyncAsyncx/oSyncStages_reg[1]/C
                         clock pessimism              0.239    -0.563    
    SLICE_X64Y76         FDPE (Hold_fdpe_C_D)         0.060    -0.503    dvi2rgb_m0/TMDS_ClockingX/RdyLostReset/SyncAsyncx/oSyncStages_reg[1]
  -------------------------------------------------------------------
                         required time                          0.503    
                         arrival time                          -0.344    
  -------------------------------------------------------------------
                         slack                                  0.159    

Slack (MET) :             0.181ns  (arrival time - required time)
  Source:                 dvi2rgb_m0/GenerateDDC.DDC_EEPROM/I2C_SlaveController/GlitchF_SCL/Filter.sOut_reg/C
                            (rising edge-triggered cell FDRE clocked by clk_out1_clk_ref  {rise@0.000ns fall@2.500ns period=5.000ns})
  Destination:            dvi2rgb_m0/GenerateDDC.DDC_EEPROM/I2C_SlaveController/dScl_reg/D
                            (rising edge-triggered cell FDRE clocked by clk_out1_clk_ref  {rise@0.000ns fall@2.500ns period=5.000ns})
  Path Group:             clk_out1_clk_ref
  Path Type:              Hold (Min at Fast Process Corner)
  Requirement:            0.000ns  (clk_out1_clk_ref rise@0.000ns - clk_out1_clk_ref rise@0.000ns)
  Data Path Delay:        0.266ns  (logic 0.141ns (52.972%)  route 0.125ns (47.028%))
  Logic Levels:           0  
  Clock Path Skew:        0.015ns (DCD - SCD - CPR)
    Destination Clock Delay (DCD):    -0.788ns
    Source Clock Delay      (SCD):    -0.551ns
    Clock Pessimism Removal (CPR):    -0.252ns

    Location             Delay type                Incr(ns)  Path(ns)    Netlist Resource(s)
  -------------------------------------------------------------------    -------------------
                         (clock clk_out1_clk_ref rise edge)
                                                      0.000     0.000 r  
    Y18                                               0.000     0.000 r  sys_clk (IN)
                         net (fo=0)                   0.000     0.000    clk_refm0/inst/clk_in1
    Y18                  IBUF (Prop_ibuf_I_O)         0.264     0.264 r  clk_refm0/inst/clkin1_ibufg/O
                         net (fo=1, routed)           0.440     0.704    clk_refm0/inst/clk_in1_clk_ref
    MMCME2_ADV_X0Y0      MMCME2_ADV (Prop_mmcme2_adv_CLKIN1_CLKOUT0)
                                                     -2.362    -1.659 r  clk_refm0/inst/mmcm_adv_inst/CLKOUT0
                         net (fo=1, routed)           0.489    -1.170    clk_refm0/inst/clk_out1_clk_ref
    BUFGCTRL_X0Y0        BUFG (Prop_bufg_I_O)         0.026    -1.144 r  clk_refm0/inst/clkout1_buf/O
                         net (fo=165, routed)         0.593    -0.551    dvi2rgb_m0/GenerateDDC.DDC_EEPROM/I2C_SlaveController/GlitchF_SCL/CLK
    SLICE_X63Y56         FDRE                                         r  dvi2rgb_m0/GenerateDDC.DDC_EEPROM/I2C_SlaveController/GlitchF_SCL/Filter.sOut_reg/C
  -------------------------------------------------------------------    -------------------
    SLICE_X63Y56         FDRE (Prop_fdre_C_Q)         0.141    -0.410 r  dvi2rgb_m0/GenerateDDC.DDC_EEPROM/I2C_SlaveController/GlitchF_SCL/Filter.sOut_reg/Q
                         net (fo=2, routed)           0.125    -0.285    dvi2rgb_m0/GenerateDDC.DDC_EEPROM/I2C_SlaveController/GlitchF_SCL_n_1
    SLICE_X63Y58         FDRE                                         r  dvi2rgb_m0/GenerateDDC.DDC_EEPROM/I2C_SlaveController/dScl_reg/D
  -------------------------------------------------------------------    -------------------

                         (clock clk_out1_clk_ref rise edge)
                                                      0.000     0.000 r  
    Y18                                               0.000     0.000 r  sys_clk (IN)
                         net (fo=0)                   0.000     0.000    clk_refm0/inst/clk_in1
    Y18                  IBUF (Prop_ibuf_I_O)         0.452     0.452 r  clk_refm0/inst/clkin1_ibufg/O
                         net (fo=1, routed)           0.480     0.932    clk_refm0/inst/clk_in1_clk_ref
    MMCME2_ADV_X0Y0      MMCME2_ADV (Prop_mmcme2_adv_CLKIN1_CLKOUT0)
                                                     -3.145    -2.214 r  clk_refm0/inst/mmcm_adv_inst/CLKOUT0
                         net (fo=1, routed)           0.534    -1.680    clk_refm0/inst/clk_out1_clk_ref
    BUFGCTRL_X0Y0        BUFG (Prop_bufg_I_O)         0.029    -1.651 r  clk_refm0/inst/clkout1_buf/O
                         net (fo=165, routed)         0.862    -0.788    dvi2rgb_m0/GenerateDDC.DDC_EEPROM/I2C_SlaveController/CLK
    SLICE_X63Y58         FDRE                                         r  dvi2rgb_m0/GenerateDDC.DDC_EEPROM/I2C_SlaveController/dScl_reg/C
                         clock pessimism              0.252    -0.536    
    SLICE_X63Y58         FDRE (Hold_fdre_C_D)         0.070    -0.466    dvi2rgb_m0/GenerateDDC.DDC_EEPROM/I2C_SlaveController/dScl_reg
  -------------------------------------------------------------------
                         required time                          0.466    
                         arrival time                          -0.285    
  -------------------------------------------------------------------
                         slack                                  0.181    

Slack (MET) :             0.188ns  (arrival time - required time)
  Source:                 dvi2rgb_m0/TMDS_ClockingX/rMMCM_Reset_q_reg[1]/C
                            (rising edge-triggered cell FDPE clocked by clk_out1_clk_ref  {rise@0.000ns fall@2.500ns period=5.000ns})
  Destination:            dvi2rgb_m0/TMDS_ClockingX/rMMCM_Reset_q_reg[0]/D
                            (rising edge-triggered cell FDPE clocked by clk_out1_clk_ref  {rise@0.000ns fall@2.500ns period=5.000ns})
  Path Group:             clk_out1_clk_ref
  Path Type:              Hold (Min at Fast Process Corner)
  Requirement:            0.000ns  (clk_out1_clk_ref rise@0.000ns - clk_out1_clk_ref rise@0.000ns)
  Data Path Delay:        0.279ns  (logic 0.227ns (81.240%)  route 0.052ns (18.760%))
  Logic Levels:           1  (LUT2=1)
  Clock Path Skew:        0.000ns (DCD - SCD - CPR)
    Destination Clock Delay (DCD):    -0.803ns
    Source Clock Delay      (SCD):    -0.564ns
    Clock Pessimism Removal (CPR):    -0.239ns

    Location             Delay type                Incr(ns)  Path(ns)    Netlist Resource(s)
  -------------------------------------------------------------------    -------------------
                         (clock clk_out1_clk_ref rise edge)
                                                      0.000     0.000 r  
    Y18                                               0.000     0.000 r  sys_clk (IN)
                         net (fo=0)                   0.000     0.000    clk_refm0/inst/clk_in1
    Y18                  IBUF (Prop_ibuf_I_O)         0.264     0.264 r  clk_refm0/inst/clkin1_ibufg/O
                         net (fo=1, routed)           0.440     0.704    clk_refm0/inst/clk_in1_clk_ref
    MMCME2_ADV_X0Y0      MMCME2_ADV (Prop_mmcme2_adv_CLKIN1_CLKOUT0)
                                                     -2.362    -1.659 r  clk_refm0/inst/mmcm_adv_inst/CLKOUT0
                         net (fo=1, routed)           0.489    -1.170    clk_refm0/inst/clk_out1_clk_ref
    BUFGCTRL_X0Y0        BUFG (Prop_bufg_I_O)         0.026    -1.144 r  clk_refm0/inst/clkout1_buf/O
                         net (fo=165, routed)         0.580    -0.564    dvi2rgb_m0/TMDS_ClockingX/CLK
    SLICE_X65Y75         FDPE                                         r  dvi2rgb_m0/TMDS_ClockingX/rMMCM_Reset_q_reg[1]/C
  -------------------------------------------------------------------    -------------------
    SLICE_X65Y75         FDPE (Prop_fdpe_C_Q)         0.128    -0.436 r  dvi2rgb_m0/TMDS_ClockingX/rMMCM_Reset_q_reg[1]/Q
                         net (fo=1, routed)           0.052    -0.384    dvi2rgb_m0/TMDS_ClockingX/rMMCM_Reset_q[1]
    SLICE_X65Y75         LUT2 (Prop_lut2_I1_O)        0.099    -0.285 r  dvi2rgb_m0/TMDS_ClockingX/rMMCM_Reset_q[0]_i_1/O
                         net (fo=1, routed)           0.000    -0.285    dvi2rgb_m0/TMDS_ClockingX/rMMCM_Reset_q[0]_i_1_n_0
    SLICE_X65Y75         FDPE                                         r  dvi2rgb_m0/TMDS_ClockingX/rMMCM_Reset_q_reg[0]/D
  -------------------------------------------------------------------    -------------------

                         (clock clk_out1_clk_ref rise edge)
                                                      0.000     0.000 r  
    Y18                                               0.000     0.000 r  sys_clk (IN)
                         net (fo=0)                   0.000     0.000    clk_refm0/inst/clk_in1
    Y18                  IBUF (Prop_ibuf_I_O)         0.452     0.452 r  clk_refm0/inst/clkin1_ibufg/O
                         net (fo=1, routed)           0.480     0.932    clk_refm0/inst/clk_in1_clk_ref
    MMCME2_ADV_X0Y0      MMCME2_ADV (Prop_mmcme2_adv_CLKIN1_CLKOUT0)
                                                     -3.145    -2.214 r  clk_refm0/inst/mmcm_adv_inst/CLKOUT0
                         net (fo=1, routed)           0.534    -1.680    clk_refm0/inst/clk_out1_clk_ref
    BUFGCTRL_X0Y0        BUFG (Prop_bufg_I_O)         0.029    -1.651 r  clk_refm0/inst/clkout1_buf/O
                         net (fo=165, routed)         0.847    -0.803    dvi2rgb_m0/TMDS_ClockingX/CLK
    SLICE_X65Y75         FDPE                                         r  dvi2rgb_m0/TMDS_ClockingX/rMMCM_Reset_q_reg[0]/C
                         clock pessimism              0.239    -0.564    
    SLICE_X65Y75         FDPE (Hold_fdpe_C_D)         0.091    -0.473    dvi2rgb_m0/TMDS_ClockingX/rMMCM_Reset_q_reg[0]
  -------------------------------------------------------------------
                         required time                          0.473    
                         arrival time                          -0.285    
  -------------------------------------------------------------------
                         slack                                  0.188    

Slack (MET) :             0.209ns  (arrival time - required time)
  Source:                 dvi2rgb_m0/TMDS_ClockingX/rMMCM_Locked_q_reg[1]/C
                            (rising edge-triggered cell FDRE clocked by clk_out1_clk_ref  {rise@0.000ns fall@2.500ns period=5.000ns})
  Destination:            dvi2rgb_m0/TMDS_ClockingX/rMMCM_LckdRisingFlag_reg/D
                            (rising edge-triggered cell FDRE clocked by clk_out1_clk_ref  {rise@0.000ns fall@2.500ns period=5.000ns})
  Path Group:             clk_out1_clk_ref
  Path Type:              Hold (Min at Fast Process Corner)
  Requirement:            0.000ns  (clk_out1_clk_ref rise@0.000ns - clk_out1_clk_ref rise@0.000ns)
  Data Path Delay:        0.314ns  (logic 0.209ns (66.654%)  route 0.105ns (33.346%))
  Logic Levels:           1  (LUT2=1)
  Clock Path Skew:        0.013ns (DCD - SCD - CPR)
    Destination Clock Delay (DCD):    -0.803ns
    Source Clock Delay      (SCD):    -0.564ns
    Clock Pessimism Removal (CPR):    -0.252ns

    Location             Delay type                Incr(ns)  Path(ns)    Netlist Resource(s)
  -------------------------------------------------------------------    -------------------
                         (clock clk_out1_clk_ref rise edge)
                                                      0.000     0.000 r  
    Y18                                               0.000     0.000 r  sys_clk (IN)
                         net (fo=0)                   0.000     0.000    clk_refm0/inst/clk_in1
    Y18                  IBUF (Prop_ibuf_I_O)         0.264     0.264 r  clk_refm0/inst/clkin1_ibufg/O
                         net (fo=1, routed)           0.440     0.704    clk_refm0/inst/clk_in1_clk_ref
    MMCME2_ADV_X0Y0      MMCME2_ADV (Prop_mmcme2_adv_CLKIN1_CLKOUT0)
                                                     -2.362    -1.659 r  clk_refm0/inst/mmcm_adv_inst/CLKOUT0
                         net (fo=1, routed)           0.489    -1.170    clk_refm0/inst/clk_out1_clk_ref
    BUFGCTRL_X0Y0        BUFG (Prop_bufg_I_O)         0.026    -1.144 r  clk_refm0/inst/clkout1_buf/O
                         net (fo=165, routed)         0.580    -0.564    dvi2rgb_m0/TMDS_ClockingX/CLK
    SLICE_X64Y74         FDRE                                         r  dvi2rgb_m0/TMDS_ClockingX/rMMCM_Locked_q_reg[1]/C
  -------------------------------------------------------------------    -------------------
    SLICE_X64Y74         FDRE (Prop_fdre_C_Q)         0.164    -0.400 f  dvi2rgb_m0/TMDS_ClockingX/rMMCM_Locked_q_reg[1]/Q
                         net (fo=3, routed)           0.105    -0.296    dvi2rgb_m0/TMDS_ClockingX/MMCM_LockSync/Q[0]
    SLICE_X65Y74         LUT2 (Prop_lut2_I1_O)        0.045    -0.251 r  dvi2rgb_m0/TMDS_ClockingX/MMCM_LockSync/rMMCM_LckdRisingFlag_i_1/O
                         net (fo=1, routed)           0.000    -0.251    dvi2rgb_m0/TMDS_ClockingX/rMMCM_LckdRisingFlag0
    SLICE_X65Y74         FDRE                                         r  dvi2rgb_m0/TMDS_ClockingX/rMMCM_LckdRisingFlag_reg/D
  -------------------------------------------------------------------    -------------------

                         (clock clk_out1_clk_ref rise edge)
                                                      0.000     0.000 r  
    Y18                                               0.000     0.000 r  sys_clk (IN)
                         net (fo=0)                   0.000     0.000    clk_refm0/inst/clk_in1
    Y18                  IBUF (Prop_ibuf_I_O)         0.452     0.452 r  clk_refm0/inst/clkin1_ibufg/O
                         net (fo=1, routed)           0.480     0.932    clk_refm0/inst/clk_in1_clk_ref
    MMCME2_ADV_X0Y0      MMCME2_ADV (Prop_mmcme2_adv_CLKIN1_CLKOUT0)
                                                     -3.145    -2.214 r  clk_refm0/inst/mmcm_adv_inst/CLKOUT0
                         net (fo=1, routed)           0.534    -1.680    clk_refm0/inst/clk_out1_clk_ref
    BUFGCTRL_X0Y0        BUFG (Prop_bufg_I_O)         0.029    -1.651 r  clk_refm0/inst/clkout1_buf/O
                         net (fo=165, routed)         0.847    -0.803    dvi2rgb_m0/TMDS_ClockingX/CLK
    SLICE_X65Y74         FDRE                                         r  dvi2rgb_m0/TMDS_ClockingX/rMMCM_LckdRisingFlag_reg/C
                         clock pessimism              0.252    -0.551    
    SLICE_X65Y74         FDRE (Hold_fdre_C_D)         0.092    -0.459    dvi2rgb_m0/TMDS_ClockingX/rMMCM_LckdRisingFlag_reg
  -------------------------------------------------------------------
                         required time                          0.459    
                         arrival time                          -0.251    
  -------------------------------------------------------------------
                         slack                                  0.209    





Pulse Width Checks
--------------------------------------------------------------------------------------
Clock Name:         clk_out1_clk_ref
Waveform(ns):       { 0.000 2.500 }
Period(ns):         5.000
Sources:            { clk_refm0/inst/mmcm_adv_inst/CLKOUT0 }

Check Type        Corner  Lib Pin             Reference Pin  Required(ns)  Actual(ns)  Slack(ns)  Location         Pin
Min Period        n/a     IDELAYCTRL/REFCLK   n/a            2.438         5.000       2.562      IDELAYCTRL_X1Y1  dvi2rgb_m0/TMDS_ClockingX/IDelayCtrlX/REFCLK
Min Period        n/a     BUFG/I              n/a            1.592         5.000       3.408      BUFGCTRL_X0Y0    clk_refm0/inst/clkout1_buf/I
Min Period        n/a     MMCME2_ADV/CLKOUT0  n/a            1.249         5.000       3.751      MMCME2_ADV_X0Y0  clk_refm0/inst/mmcm_adv_inst/CLKOUT0
Min Period        n/a     FDRE/C              n/a            1.000         5.000       4.000      SLICE_X60Y70     dvi2rgb_m0/DataDecoders[0].DecoderX/rTimeoutCnt_reg[13]/C
Min Period        n/a     FDRE/C              n/a            1.000         5.000       4.000      SLICE_X60Y70     dvi2rgb_m0/DataDecoders[0].DecoderX/rTimeoutCnt_reg[14]/C
Min Period        n/a     FDRE/C              n/a            1.000         5.000       4.000      SLICE_X60Y70     dvi2rgb_m0/DataDecoders[0].DecoderX/rTimeoutCnt_reg[15]/C
Min Period        n/a     FDRE/C              n/a            1.000         5.000       4.000      SLICE_X60Y71     dvi2rgb_m0/DataDecoders[0].DecoderX/rTimeoutCnt_reg[16]/C
Min Period        n/a     FDRE/C              n/a            1.000         5.000       4.000      SLICE_X60Y71     dvi2rgb_m0/DataDecoders[0].DecoderX/rTimeoutCnt_reg[17]/C
Min Period        n/a     FDRE/C              n/a            1.000         5.000       4.000      SLICE_X60Y71     dvi2rgb_m0/DataDecoders[0].DecoderX/rTimeoutCnt_reg[18]/C
Min Period        n/a     FDRE/C              n/a            1.000         5.000       4.000      SLICE_X60Y71     dvi2rgb_m0/DataDecoders[0].DecoderX/rTimeoutCnt_reg[19]/C
Max Period        n/a     IDELAYCTRL/REFCLK   n/a            5.264         5.000       0.264      IDELAYCTRL_X1Y1  dvi2rgb_m0/TMDS_ClockingX/IDelayCtrlX/REFCLK
Max Period        n/a     MMCME2_ADV/CLKOUT0  n/a            213.360       5.000       208.360    MMCME2_ADV_X0Y0  clk_refm0/inst/mmcm_adv_inst/CLKOUT0
Low Pulse Width   Slow    FDRE/C              n/a            0.500         2.500       2.000      SLICE_X60Y67     dvi2rgb_m0/DataDecoders[0].DecoderX/rTimeoutCnt_reg[1]/C
Low Pulse Width   Slow    FDRE/C              n/a            0.500         2.500       2.000      SLICE_X59Y58     dvi2rgb_m0/GenerateDDC.DDC_EEPROM/FSM_onehot_sState_reg[0]/C
Low Pulse Width   Slow    FDRE/C              n/a            0.500         2.500       2.000      SLICE_X59Y58     dvi2rgb_m0/GenerateDDC.DDC_EEPROM/FSM_onehot_sState_reg[1]/C
Low Pulse Width   Slow    FDRE/C              n/a            0.500         2.500       2.000      SLICE_X59Y58     dvi2rgb_m0/GenerateDDC.DDC_EEPROM/FSM_onehot_sState_reg[2]/C
Low Pulse Width   Slow    FDRE/C              n/a            0.500         2.500       2.000      SLICE_X59Y58     dvi2rgb_m0/GenerateDDC.DDC_EEPROM/FSM_onehot_sState_reg[3]/C
Low Pulse Width   Slow    FDRE/C              n/a            0.500         2.500       2.000      SLICE_X61Y59     dvi2rgb_m0/GenerateDDC.DDC_EEPROM/sAddr_reg_rep[1]/C
Low Pulse Width   Slow    FDRE/C              n/a            0.500         2.500       2.000      SLICE_X60Y67     dvi2rgb_m0/DataDecoders[0].DecoderX/rTimeoutCnt_reg[2]/C
Low Pulse Width   Slow    FDRE/C              n/a            0.500         2.500       2.000      SLICE_X60Y67     dvi2rgb_m0/DataDecoders[0].DecoderX/rTimeoutCnt_reg[3]/C
Low Pulse Width   Slow    FDRE/C              n/a            0.500         2.500       2.000      SLICE_X60Y68     dvi2rgb_m0/DataDecoders[0].DecoderX/rTimeoutCnt_reg[4]/C
Low Pulse Width   Slow    FDRE/C              n/a            0.500         2.500       2.000      SLICE_X60Y68     dvi2rgb_m0/DataDecoders[0].DecoderX/rTimeoutCnt_reg[5]/C
High Pulse Width  Slow    FDRE/C              n/a            0.500         2.500       2.000      SLICE_X60Y70     dvi2rgb_m0/DataDecoders[0].DecoderX/rTimeoutCnt_reg[13]/C
High Pulse Width  Slow    FDRE/C              n/a            0.500         2.500       2.000      SLICE_X60Y70     dvi2rgb_m0/DataDecoders[0].DecoderX/rTimeoutCnt_reg[14]/C
High Pulse Width  Slow    FDRE/C              n/a            0.500         2.500       2.000      SLICE_X60Y70     dvi2rgb_m0/DataDecoders[0].DecoderX/rTimeoutCnt_reg[15]/C
High Pulse Width  Slow    FDRE/C              n/a            0.500         2.500       2.000      SLICE_X60Y71     dvi2rgb_m0/DataDecoders[0].DecoderX/rTimeoutCnt_reg[16]/C
High Pulse Width  Fast    FDRE/C              n/a            0.500         2.500       2.000      SLICE_X60Y71     dvi2rgb_m0/DataDecoders[0].DecoderX/rTimeoutCnt_reg[16]/C
High Pulse Width  Slow    FDRE/C              n/a            0.500         2.500       2.000      SLICE_X60Y71     dvi2rgb_m0/DataDecoders[0].DecoderX/rTimeoutCnt_reg[17]/C
High Pulse Width  Fast    FDRE/C              n/a            0.500         2.500       2.000      SLICE_X60Y71     dvi2rgb_m0/DataDecoders[0].DecoderX/rTimeoutCnt_reg[17]/C
High Pulse Width  Slow    FDRE/C              n/a            0.500         2.500       2.000      SLICE_X60Y71     dvi2rgb_m0/DataDecoders[0].DecoderX/rTimeoutCnt_reg[18]/C
High Pulse Width  Fast    FDRE/C              n/a            0.500         2.500       2.000      SLICE_X60Y71     dvi2rgb_m0/DataDecoders[0].DecoderX/rTimeoutCnt_reg[18]/C
High Pulse Width  Slow    FDRE/C              n/a            0.500         2.500       2.000      SLICE_X60Y71     dvi2rgb_m0/DataDecoders[0].DecoderX/rTimeoutCnt_reg[19]/C



---------------------------------------------------------------------------------------------------
From Clock:  clkfbout_clk_ref
  To Clock:  clkfbout_clk_ref

Setup :           NA  Failing Endpoints,  Worst Slack           NA  ,  Total Violation           NA
Hold  :           NA  Failing Endpoints,  Worst Slack           NA  ,  Total Violation           NA
PW    :            0  Failing Endpoints,  Worst Slack       18.408ns,  Total Violation        0.000ns
---------------------------------------------------------------------------------------------------


Pulse Width Checks
--------------------------------------------------------------------------------------
Clock Name:         clkfbout_clk_ref
Waveform(ns):       { 0.000 10.000 }
Period(ns):         20.000
Sources:            { clk_refm0/inst/mmcm_adv_inst/CLKFBOUT }

Check Type  Corner  Lib Pin              Reference Pin  Required(ns)  Actual(ns)  Slack(ns)  Location         Pin
Min Period  n/a     BUFG/I               n/a            1.592         20.000      18.408     BUFGCTRL_X0Y3    clk_refm0/inst/clkf_buf/I
Min Period  n/a     MMCME2_ADV/CLKFBOUT  n/a            1.249         20.000      18.751     MMCME2_ADV_X0Y0  clk_refm0/inst/mmcm_adv_inst/CLKFBOUT
Min Period  n/a     MMCME2_ADV/CLKFBIN   n/a            1.249         20.000      18.751     MMCME2_ADV_X0Y0  clk_refm0/inst/mmcm_adv_inst/CLKFBIN
Max Period  n/a     MMCME2_ADV/CLKFBIN   n/a            100.000       20.000      80.000     MMCME2_ADV_X0Y0  clk_refm0/inst/mmcm_adv_inst/CLKFBIN
Max Period  n/a     MMCME2_ADV/CLKFBOUT  n/a            213.360       20.000      193.360    MMCME2_ADV_X0Y0  clk_refm0/inst/mmcm_adv_inst/CLKFBOUT



---------------------------------------------------------------------------------------------------
Path Group:  **async_default**
From Clock:  clk_out1_clk_ref
  To Clock:  clk_out1_clk_ref

Setup :            0  Failing Endpoints,  Worst Slack        3.408ns,  Total Violation        0.000ns
Hold  :            0  Failing Endpoints,  Worst Slack        0.561ns,  Total Violation        0.000ns
---------------------------------------------------------------------------------------------------


Max Delay Paths
--------------------------------------------------------------------------------------
Slack (MET) :             3.408ns  (required time - arrival time)
  Source:                 dvi2rgb_m0/TMDS_ClockingX/LockLostReset/SyncAsyncx/oSyncStages_reg[1]/C
                            (rising edge-triggered cell FDPE clocked by clk_out1_clk_ref  {rise@0.000ns fall@2.500ns period=5.000ns})
  Destination:            dvi2rgb_m0/TMDS_ClockingX/rMMCM_Reset_q_reg[0]/PRE
                            (recovery check against rising-edge clock clk_out1_clk_ref  {rise@0.000ns fall@2.500ns period=5.000ns})
  Path Group:             **async_default**
  Path Type:              Recovery (Max at Slow Process Corner)
  Requirement:            5.000ns  (clk_out1_clk_ref rise@5.000ns - clk_out1_clk_ref rise@0.000ns)
  Data Path Delay:        1.069ns  (logic 0.398ns (37.216%)  route 0.671ns (62.784%))
  Logic Levels:           0  
  Clock Path Skew:        -0.024ns (DCD - SCD + CPR)
    Destination Clock Delay (DCD):    -0.960ns = ( 4.040 - 5.000 ) 
    Source Clock Delay      (SCD):    -0.519ns
    Clock Pessimism Removal (CPR):    0.418ns
  Clock Uncertainty:      0.079ns  ((TSJ^2 + DJ^2)^1/2) / 2 + PE
    Total System Jitter     (TSJ):    0.071ns
    Discrete Jitter          (DJ):    0.142ns
    Phase Error              (PE):    0.000ns

    Location             Delay type                Incr(ns)  Path(ns)    Netlist Resource(s)
  -------------------------------------------------------------------    -------------------
                         (clock clk_out1_clk_ref rise edge)
                                                      0.000     0.000 r  
    Y18                                               0.000     0.000 r  sys_clk (IN)
                         net (fo=0)                   0.000     0.000    clk_refm0/inst/clk_in1
    Y18                  IBUF (Prop_ibuf_I_O)         1.427     1.427 r  clk_refm0/inst/clkin1_ibufg/O
                         net (fo=1, routed)           1.065     2.492    clk_refm0/inst/clk_in1_clk_ref
    MMCME2_ADV_X0Y0      MMCME2_ADV (Prop_mmcme2_adv_CLKIN1_CLKOUT0)
                                                     -5.924    -3.433 r  clk_refm0/inst/mmcm_adv_inst/CLKOUT0
                         net (fo=1, routed)           1.425    -2.008    clk_refm0/inst/clk_out1_clk_ref
    BUFGCTRL_X0Y0        BUFG (Prop_bufg_I_O)         0.081    -1.927 r  clk_refm0/inst/clkout1_buf/O
                         net (fo=165, routed)         1.408    -0.519    dvi2rgb_m0/TMDS_ClockingX/LockLostReset/SyncAsyncx/CLK
    SLICE_X64Y75         FDPE                                         r  dvi2rgb_m0/TMDS_ClockingX/LockLostReset/SyncAsyncx/oSyncStages_reg[1]/C
  -------------------------------------------------------------------    -------------------
    SLICE_X64Y75         FDPE (Prop_fdpe_C_Q)         0.398    -0.121 f  dvi2rgb_m0/TMDS_ClockingX/LockLostReset/SyncAsyncx/oSyncStages_reg[1]/Q
                         net (fo=8, routed)           0.671     0.551    dvi2rgb_m0/TMDS_ClockingX/rLockLostRst
    SLICE_X65Y75         FDPE                                         f  dvi2rgb_m0/TMDS_ClockingX/rMMCM_Reset_q_reg[0]/PRE
  -------------------------------------------------------------------    -------------------

                         (clock clk_out1_clk_ref rise edge)
                                                      5.000     5.000 r  
    Y18                                               0.000     5.000 r  sys_clk (IN)
                         net (fo=0)                   0.000     5.000    clk_refm0/inst/clk_in1
    Y18                  IBUF (Prop_ibuf_I_O)         1.361     6.361 r  clk_refm0/inst/clkin1_ibufg/O
                         net (fo=1, routed)           1.004     7.364    clk_refm0/inst/clk_in1_clk_ref
    MMCME2_ADV_X0Y0      MMCME2_ADV (Prop_mmcme2_adv_CLKIN1_CLKOUT0)
                                                     -6.061     1.303 r  clk_refm0/inst/mmcm_adv_inst/CLKOUT0
                         net (fo=1, routed)           1.357     2.661    clk_refm0/inst/clk_out1_clk_ref
    BUFGCTRL_X0Y0        BUFG (Prop_bufg_I_O)         0.077     2.738 r  clk_refm0/inst/clkout1_buf/O
                         net (fo=165, routed)         1.302     4.040    dvi2rgb_m0/TMDS_ClockingX/CLK
    SLICE_X65Y75         FDPE                                         r  dvi2rgb_m0/TMDS_ClockingX/rMMCM_Reset_q_reg[0]/C
                         clock pessimism              0.418     4.457    
                         clock uncertainty           -0.079     4.378    
    SLICE_X65Y75         FDPE (Recov_fdpe_C_PRE)     -0.419     3.959    dvi2rgb_m0/TMDS_ClockingX/rMMCM_Reset_q_reg[0]
  -------------------------------------------------------------------
                         required time                          3.959    
                         arrival time                          -0.551    
  -------------------------------------------------------------------
                         slack                                  3.408    

Slack (MET) :             3.408ns  (required time - arrival time)
  Source:                 dvi2rgb_m0/TMDS_ClockingX/LockLostReset/SyncAsyncx/oSyncStages_reg[1]/C
                            (rising edge-triggered cell FDPE clocked by clk_out1_clk_ref  {rise@0.000ns fall@2.500ns period=5.000ns})
  Destination:            dvi2rgb_m0/TMDS_ClockingX/rMMCM_Reset_q_reg[1]/PRE
                            (recovery check against rising-edge clock clk_out1_clk_ref  {rise@0.000ns fall@2.500ns period=5.000ns})
  Path Group:             **async_default**
  Path Type:              Recovery (Max at Slow Process Corner)
  Requirement:            5.000ns  (clk_out1_clk_ref rise@5.000ns - clk_out1_clk_ref rise@0.000ns)
  Data Path Delay:        1.069ns  (logic 0.398ns (37.216%)  route 0.671ns (62.784%))
  Logic Levels:           0  
  Clock Path Skew:        -0.024ns (DCD - SCD + CPR)
    Destination Clock Delay (DCD):    -0.960ns = ( 4.040 - 5.000 ) 
    Source Clock Delay      (SCD):    -0.519ns
    Clock Pessimism Removal (CPR):    0.418ns
  Clock Uncertainty:      0.079ns  ((TSJ^2 + DJ^2)^1/2) / 2 + PE
    Total System Jitter     (TSJ):    0.071ns
    Discrete Jitter          (DJ):    0.142ns
    Phase Error              (PE):    0.000ns

    Location             Delay type                Incr(ns)  Path(ns)    Netlist Resource(s)
  -------------------------------------------------------------------    -------------------
                         (clock clk_out1_clk_ref rise edge)
                                                      0.000     0.000 r  
    Y18                                               0.000     0.000 r  sys_clk (IN)
                         net (fo=0)                   0.000     0.000    clk_refm0/inst/clk_in1
    Y18                  IBUF (Prop_ibuf_I_O)         1.427     1.427 r  clk_refm0/inst/clkin1_ibufg/O
                         net (fo=1, routed)           1.065     2.492    clk_refm0/inst/clk_in1_clk_ref
    MMCME2_ADV_X0Y0      MMCME2_ADV (Prop_mmcme2_adv_CLKIN1_CLKOUT0)
                                                     -5.924    -3.433 r  clk_refm0/inst/mmcm_adv_inst/CLKOUT0
                         net (fo=1, routed)           1.425    -2.008    clk_refm0/inst/clk_out1_clk_ref
    BUFGCTRL_X0Y0        BUFG (Prop_bufg_I_O)         0.081    -1.927 r  clk_refm0/inst/clkout1_buf/O
                         net (fo=165, routed)         1.408    -0.519    dvi2rgb_m0/TMDS_ClockingX/LockLostReset/SyncAsyncx/CLK
    SLICE_X64Y75         FDPE                                         r  dvi2rgb_m0/TMDS_ClockingX/LockLostReset/SyncAsyncx/oSyncStages_reg[1]/C
  -------------------------------------------------------------------    -------------------
    SLICE_X64Y75         FDPE (Prop_fdpe_C_Q)         0.398    -0.121 f  dvi2rgb_m0/TMDS_ClockingX/LockLostReset/SyncAsyncx/oSyncStages_reg[1]/Q
                         net (fo=8, routed)           0.671     0.551    dvi2rgb_m0/TMDS_ClockingX/rLockLostRst
    SLICE_X65Y75         FDPE                                         f  dvi2rgb_m0/TMDS_ClockingX/rMMCM_Reset_q_reg[1]/PRE
  -------------------------------------------------------------------    -------------------

                         (clock clk_out1_clk_ref rise edge)
                                                      5.000     5.000 r  
    Y18                                               0.000     5.000 r  sys_clk (IN)
                         net (fo=0)                   0.000     5.000    clk_refm0/inst/clk_in1
    Y18                  IBUF (Prop_ibuf_I_O)         1.361     6.361 r  clk_refm0/inst/clkin1_ibufg/O
                         net (fo=1, routed)           1.004     7.364    clk_refm0/inst/clk_in1_clk_ref
    MMCME2_ADV_X0Y0      MMCME2_ADV (Prop_mmcme2_adv_CLKIN1_CLKOUT0)
                                                     -6.061     1.303 r  clk_refm0/inst/mmcm_adv_inst/CLKOUT0
                         net (fo=1, routed)           1.357     2.661    clk_refm0/inst/clk_out1_clk_ref
    BUFGCTRL_X0Y0        BUFG (Prop_bufg_I_O)         0.077     2.738 r  clk_refm0/inst/clkout1_buf/O
                         net (fo=165, routed)         1.302     4.040    dvi2rgb_m0/TMDS_ClockingX/CLK
    SLICE_X65Y75         FDPE                                         r  dvi2rgb_m0/TMDS_ClockingX/rMMCM_Reset_q_reg[1]/C
                         clock pessimism              0.418     4.457    
                         clock uncertainty           -0.079     4.378    
    SLICE_X65Y75         FDPE (Recov_fdpe_C_PRE)     -0.419     3.959    dvi2rgb_m0/TMDS_ClockingX/rMMCM_Reset_q_reg[1]
  -------------------------------------------------------------------
                         required time                          3.959    
                         arrival time                          -0.551    
  -------------------------------------------------------------------
                         slack                                  3.408    

Slack (MET) :             3.495ns  (required time - arrival time)
  Source:                 dvi2rgb_m0/TMDS_ClockingX/RdyLostReset/SyncAsyncx/oSyncStages_reg[1]/C
                            (rising edge-triggered cell FDPE clocked by clk_out1_clk_ref  {rise@0.000ns fall@2.500ns period=5.000ns})
  Destination:            dvi2rgb_m0/TMDS_ClockingX/aLocked_reg/CLR
                            (recovery check against rising-edge clock clk_out1_clk_ref  {rise@0.000ns fall@2.500ns period=5.000ns})
  Path Group:             **async_default**
  Path Type:              Recovery (Max at Slow Process Corner)
  Requirement:            5.000ns  (clk_out1_clk_ref rise@5.000ns - clk_out1_clk_ref rise@0.000ns)
  Data Path Delay:        0.943ns  (logic 0.398ns (42.193%)  route 0.545ns (57.807%))
  Logic Levels:           0  
  Clock Path Skew:        -0.024ns (DCD - SCD + CPR)
    Destination Clock Delay (DCD):    -0.959ns = ( 4.041 - 5.000 ) 
    Source Clock Delay      (SCD):    -0.518ns
    Clock Pessimism Removal (CPR):    0.418ns
  Clock Uncertainty:      0.079ns  ((TSJ^2 + DJ^2)^1/2) / 2 + PE
    Total System Jitter     (TSJ):    0.071ns
    Discrete Jitter          (DJ):    0.142ns
    Phase Error              (PE):    0.000ns

    Location             Delay type                Incr(ns)  Path(ns)    Netlist Resource(s)
  -------------------------------------------------------------------    -------------------
                         (clock clk_out1_clk_ref rise edge)
                                                      0.000     0.000 r  
    Y18                                               0.000     0.000 r  sys_clk (IN)
                         net (fo=0)                   0.000     0.000    clk_refm0/inst/clk_in1
    Y18                  IBUF (Prop_ibuf_I_O)         1.427     1.427 r  clk_refm0/inst/clkin1_ibufg/O
                         net (fo=1, routed)           1.065     2.492    clk_refm0/inst/clk_in1_clk_ref
    MMCME2_ADV_X0Y0      MMCME2_ADV (Prop_mmcme2_adv_CLKIN1_CLKOUT0)
                                                     -5.924    -3.433 r  clk_refm0/inst/mmcm_adv_inst/CLKOUT0
                         net (fo=1, routed)           1.425    -2.008    clk_refm0/inst/clk_out1_clk_ref
    BUFGCTRL_X0Y0        BUFG (Prop_bufg_I_O)         0.081    -1.927 r  clk_refm0/inst/clkout1_buf/O
                         net (fo=165, routed)         1.409    -0.518    dvi2rgb_m0/TMDS_ClockingX/RdyLostReset/SyncAsyncx/CLK
    SLICE_X64Y76         FDPE                                         r  dvi2rgb_m0/TMDS_ClockingX/RdyLostReset/SyncAsyncx/oSyncStages_reg[1]/C
  -------------------------------------------------------------------    -------------------
    SLICE_X64Y76         FDPE (Prop_fdpe_C_Q)         0.398    -0.120 f  dvi2rgb_m0/TMDS_ClockingX/RdyLostReset/SyncAsyncx/oSyncStages_reg[1]/Q
                         net (fo=1, routed)           0.545     0.426    dvi2rgb_m0/TMDS_ClockingX/rRdyRst
    SLICE_X65Y76         FDCE                                         f  dvi2rgb_m0/TMDS_ClockingX/aLocked_reg/CLR
  -------------------------------------------------------------------    -------------------

                         (clock clk_out1_clk_ref rise edge)
                                                      5.000     5.000 r  
    Y18                                               0.000     5.000 r  sys_clk (IN)
                         net (fo=0)                   0.000     5.000    clk_refm0/inst/clk_in1
    Y18                  IBUF (Prop_ibuf_I_O)         1.361     6.361 r  clk_refm0/inst/clkin1_ibufg/O
                         net (fo=1, routed)           1.004     7.364    clk_refm0/inst/clk_in1_clk_ref
    MMCME2_ADV_X0Y0      MMCME2_ADV (Prop_mmcme2_adv_CLKIN1_CLKOUT0)
                                                     -6.061     1.303 r  clk_refm0/inst/mmcm_adv_inst/CLKOUT0
                         net (fo=1, routed)           1.357     2.661    clk_refm0/inst/clk_out1_clk_ref
    BUFGCTRL_X0Y0        BUFG (Prop_bufg_I_O)         0.077     2.738 r  clk_refm0/inst/clkout1_buf/O
                         net (fo=165, routed)         1.303     4.041    dvi2rgb_m0/TMDS_ClockingX/CLK
    SLICE_X65Y76         FDCE                                         r  dvi2rgb_m0/TMDS_ClockingX/aLocked_reg/C
                         clock pessimism              0.418     4.458    
                         clock uncertainty           -0.079     4.379    
    SLICE_X65Y76         FDCE (Recov_fdce_C_CLR)     -0.458     3.921    dvi2rgb_m0/TMDS_ClockingX/aLocked_reg
  -------------------------------------------------------------------
                         required time                          3.921    
                         arrival time                          -0.426    
  -------------------------------------------------------------------
                         slack                                  3.495    





Min Delay Paths
--------------------------------------------------------------------------------------
Slack (MET) :             0.561ns  (arrival time - required time)
  Source:                 dvi2rgb_m0/TMDS_ClockingX/RdyLostReset/SyncAsyncx/oSyncStages_reg[1]/C
                            (rising edge-triggered cell FDPE clocked by clk_out1_clk_ref  {rise@0.000ns fall@2.500ns period=5.000ns})
  Destination:            dvi2rgb_m0/TMDS_ClockingX/aLocked_reg/CLR
                            (removal check against rising-edge clock clk_out1_clk_ref  {rise@0.000ns fall@2.500ns period=5.000ns})
  Path Group:             **async_default**
  Path Type:              Removal (Min at Fast Process Corner)
  Requirement:            0.000ns  (clk_out1_clk_ref rise@0.000ns - clk_out1_clk_ref rise@0.000ns)
  Data Path Delay:        0.429ns  (logic 0.148ns (34.477%)  route 0.281ns (65.523%))
  Logic Levels:           0  
  Clock Path Skew:        0.013ns (DCD - SCD - CPR)
    Destination Clock Delay (DCD):    -0.802ns
    Source Clock Delay      (SCD):    -0.563ns
    Clock Pessimism Removal (CPR):    -0.252ns

    Location             Delay type                Incr(ns)  Path(ns)    Netlist Resource(s)
  -------------------------------------------------------------------    -------------------
                         (clock clk_out1_clk_ref rise edge)
                                                      0.000     0.000 r  
    Y18                                               0.000     0.000 r  sys_clk (IN)
                         net (fo=0)                   0.000     0.000    clk_refm0/inst/clk_in1
    Y18                  IBUF (Prop_ibuf_I_O)         0.264     0.264 r  clk_refm0/inst/clkin1_ibufg/O
                         net (fo=1, routed)           0.440     0.704    clk_refm0/inst/clk_in1_clk_ref
    MMCME2_ADV_X0Y0      MMCME2_ADV (Prop_mmcme2_adv_CLKIN1_CLKOUT0)
                                                     -2.362    -1.659 r  clk_refm0/inst/mmcm_adv_inst/CLKOUT0
                         net (fo=1, routed)           0.489    -1.170    clk_refm0/inst/clk_out1_clk_ref
    BUFGCTRL_X0Y0        BUFG (Prop_bufg_I_O)         0.026    -1.144 r  clk_refm0/inst/clkout1_buf/O
                         net (fo=165, routed)         0.581    -0.563    dvi2rgb_m0/TMDS_ClockingX/RdyLostReset/SyncAsyncx/CLK
    SLICE_X64Y76         FDPE                                         r  dvi2rgb_m0/TMDS_ClockingX/RdyLostReset/SyncAsyncx/oSyncStages_reg[1]/C
  -------------------------------------------------------------------    -------------------
    SLICE_X64Y76         FDPE (Prop_fdpe_C_Q)         0.148    -0.415 f  dvi2rgb_m0/TMDS_ClockingX/RdyLostReset/SyncAsyncx/oSyncStages_reg[1]/Q
                         net (fo=1, routed)           0.281    -0.134    dvi2rgb_m0/TMDS_ClockingX/rRdyRst
    SLICE_X65Y76         FDCE                                         f  dvi2rgb_m0/TMDS_ClockingX/aLocked_reg/CLR
  -------------------------------------------------------------------    -------------------

                         (clock clk_out1_clk_ref rise edge)
                                                      0.000     0.000 r  
    Y18                                               0.000     0.000 r  sys_clk (IN)
                         net (fo=0)                   0.000     0.000    clk_refm0/inst/clk_in1
    Y18                  IBUF (Prop_ibuf_I_O)         0.452     0.452 r  clk_refm0/inst/clkin1_ibufg/O
                         net (fo=1, routed)           0.480     0.932    clk_refm0/inst/clk_in1_clk_ref
    MMCME2_ADV_X0Y0      MMCME2_ADV (Prop_mmcme2_adv_CLKIN1_CLKOUT0)
                                                     -3.145    -2.214 r  clk_refm0/inst/mmcm_adv_inst/CLKOUT0
                         net (fo=1, routed)           0.534    -1.680    clk_refm0/inst/clk_out1_clk_ref
    BUFGCTRL_X0Y0        BUFG (Prop_bufg_I_O)         0.029    -1.651 r  clk_refm0/inst/clkout1_buf/O
                         net (fo=165, routed)         0.848    -0.802    dvi2rgb_m0/TMDS_ClockingX/CLK
    SLICE_X65Y76         FDCE                                         r  dvi2rgb_m0/TMDS_ClockingX/aLocked_reg/C
                         clock pessimism              0.252    -0.550    
    SLICE_X65Y76         FDCE (Remov_fdce_C_CLR)     -0.145    -0.695    dvi2rgb_m0/TMDS_ClockingX/aLocked_reg
  -------------------------------------------------------------------
                         required time                          0.695    
                         arrival time                          -0.134    
  -------------------------------------------------------------------
                         slack                                  0.561    

Slack (MET) :             0.664ns  (arrival time - required time)
  Source:                 dvi2rgb_m0/TMDS_ClockingX/LockLostReset/SyncAsyncx/oSyncStages_reg[1]/C
                            (rising edge-triggered cell FDPE clocked by clk_out1_clk_ref  {rise@0.000ns fall@2.500ns period=5.000ns})
  Destination:            dvi2rgb_m0/TMDS_ClockingX/rMMCM_Reset_q_reg[0]/PRE
                            (removal check against rising-edge clock clk_out1_clk_ref  {rise@0.000ns fall@2.500ns period=5.000ns})
  Path Group:             **async_default**
  Path Type:              Removal (Min at Fast Process Corner)
  Requirement:            0.000ns  (clk_out1_clk_ref rise@0.000ns - clk_out1_clk_ref rise@0.000ns)
  Data Path Delay:        0.529ns  (logic 0.148ns (27.954%)  route 0.381ns (72.046%))
  Logic Levels:           0  
  Clock Path Skew:        0.013ns (DCD - SCD - CPR)
    Destination Clock Delay (DCD):    -0.803ns
    Source Clock Delay      (SCD):    -0.564ns
    Clock Pessimism Removal (CPR):    -0.252ns

    Location             Delay type                Incr(ns)  Path(ns)    Netlist Resource(s)
  -------------------------------------------------------------------    -------------------
                         (clock clk_out1_clk_ref rise edge)
                                                      0.000     0.000 r  
    Y18                                               0.000     0.000 r  sys_clk (IN)
                         net (fo=0)                   0.000     0.000    clk_refm0/inst/clk_in1
    Y18                  IBUF (Prop_ibuf_I_O)         0.264     0.264 r  clk_refm0/inst/clkin1_ibufg/O
                         net (fo=1, routed)           0.440     0.704    clk_refm0/inst/clk_in1_clk_ref
    MMCME2_ADV_X0Y0      MMCME2_ADV (Prop_mmcme2_adv_CLKIN1_CLKOUT0)
                                                     -2.362    -1.659 r  clk_refm0/inst/mmcm_adv_inst/CLKOUT0
                         net (fo=1, routed)           0.489    -1.170    clk_refm0/inst/clk_out1_clk_ref
    BUFGCTRL_X0Y0        BUFG (Prop_bufg_I_O)         0.026    -1.144 r  clk_refm0/inst/clkout1_buf/O
                         net (fo=165, routed)         0.580    -0.564    dvi2rgb_m0/TMDS_ClockingX/LockLostReset/SyncAsyncx/CLK
    SLICE_X64Y75         FDPE                                         r  dvi2rgb_m0/TMDS_ClockingX/LockLostReset/SyncAsyncx/oSyncStages_reg[1]/C
  -------------------------------------------------------------------    -------------------
    SLICE_X64Y75         FDPE (Prop_fdpe_C_Q)         0.148    -0.416 f  dvi2rgb_m0/TMDS_ClockingX/LockLostReset/SyncAsyncx/oSyncStages_reg[1]/Q
                         net (fo=8, routed)           0.381    -0.035    dvi2rgb_m0/TMDS_ClockingX/rLockLostRst
    SLICE_X65Y75         FDPE                                         f  dvi2rgb_m0/TMDS_ClockingX/rMMCM_Reset_q_reg[0]/PRE
  -------------------------------------------------------------------    -------------------

                         (clock clk_out1_clk_ref rise edge)
                                                      0.000     0.000 r  
    Y18                                               0.000     0.000 r  sys_clk (IN)
                         net (fo=0)                   0.000     0.000    clk_refm0/inst/clk_in1
    Y18                  IBUF (Prop_ibuf_I_O)         0.452     0.452 r  clk_refm0/inst/clkin1_ibufg/O
                         net (fo=1, routed)           0.480     0.932    clk_refm0/inst/clk_in1_clk_ref
    MMCME2_ADV_X0Y0      MMCME2_ADV (Prop_mmcme2_adv_CLKIN1_CLKOUT0)
                                                     -3.145    -2.214 r  clk_refm0/inst/mmcm_adv_inst/CLKOUT0
                         net (fo=1, routed)           0.534    -1.680    clk_refm0/inst/clk_out1_clk_ref
    BUFGCTRL_X0Y0        BUFG (Prop_bufg_I_O)         0.029    -1.651 r  clk_refm0/inst/clkout1_buf/O
                         net (fo=165, routed)         0.847    -0.803    dvi2rgb_m0/TMDS_ClockingX/CLK
    SLICE_X65Y75         FDPE                                         r  dvi2rgb_m0/TMDS_ClockingX/rMMCM_Reset_q_reg[0]/C
                         clock pessimism              0.252    -0.551    
    SLICE_X65Y75         FDPE (Remov_fdpe_C_PRE)     -0.148    -0.699    dvi2rgb_m0/TMDS_ClockingX/rMMCM_Reset_q_reg[0]
  -------------------------------------------------------------------
                         required time                          0.699    
                         arrival time                          -0.035    
  -------------------------------------------------------------------
                         slack                                  0.664    

Slack (MET) :             0.664ns  (arrival time - required time)
  Source:                 dvi2rgb_m0/TMDS_ClockingX/LockLostReset/SyncAsyncx/oSyncStages_reg[1]/C
                            (rising edge-triggered cell FDPE clocked by clk_out1_clk_ref  {rise@0.000ns fall@2.500ns period=5.000ns})
  Destination:            dvi2rgb_m0/TMDS_ClockingX/rMMCM_Reset_q_reg[1]/PRE
                            (removal check against rising-edge clock clk_out1_clk_ref  {rise@0.000ns fall@2.500ns period=5.000ns})
  Path Group:             **async_default**
  Path Type:              Removal (Min at Fast Process Corner)
  Requirement:            0.000ns  (clk_out1_clk_ref rise@0.000ns - clk_out1_clk_ref rise@0.000ns)
  Data Path Delay:        0.529ns  (logic 0.148ns (27.954%)  route 0.381ns (72.046%))
  Logic Levels:           0  
  Clock Path Skew:        0.013ns (DCD - SCD - CPR)
    Destination Clock Delay (DCD):    -0.803ns
    Source Clock Delay      (SCD):    -0.564ns
    Clock Pessimism Removal (CPR):    -0.252ns

    Location             Delay type                Incr(ns)  Path(ns)    Netlist Resource(s)
  -------------------------------------------------------------------    -------------------
                         (clock clk_out1_clk_ref rise edge)
                                                      0.000     0.000 r  
    Y18                                               0.000     0.000 r  sys_clk (IN)
                         net (fo=0)                   0.000     0.000    clk_refm0/inst/clk_in1
    Y18                  IBUF (Prop_ibuf_I_O)         0.264     0.264 r  clk_refm0/inst/clkin1_ibufg/O
                         net (fo=1, routed)           0.440     0.704    clk_refm0/inst/clk_in1_clk_ref
    MMCME2_ADV_X0Y0      MMCME2_ADV (Prop_mmcme2_adv_CLKIN1_CLKOUT0)
                                                     -2.362    -1.659 r  clk_refm0/inst/mmcm_adv_inst/CLKOUT0
                         net (fo=1, routed)           0.489    -1.170    clk_refm0/inst/clk_out1_clk_ref
    BUFGCTRL_X0Y0        BUFG (Prop_bufg_I_O)         0.026    -1.144 r  clk_refm0/inst/clkout1_buf/O
                         net (fo=165, routed)         0.580    -0.564    dvi2rgb_m0/TMDS_ClockingX/LockLostReset/SyncAsyncx/CLK
    SLICE_X64Y75         FDPE                                         r  dvi2rgb_m0/TMDS_ClockingX/LockLostReset/SyncAsyncx/oSyncStages_reg[1]/C
  -------------------------------------------------------------------    -------------------
    SLICE_X64Y75         FDPE (Prop_fdpe_C_Q)         0.148    -0.416 f  dvi2rgb_m0/TMDS_ClockingX/LockLostReset/SyncAsyncx/oSyncStages_reg[1]/Q
                         net (fo=8, routed)           0.381    -0.035    dvi2rgb_m0/TMDS_ClockingX/rLockLostRst
    SLICE_X65Y75         FDPE                                         f  dvi2rgb_m0/TMDS_ClockingX/rMMCM_Reset_q_reg[1]/PRE
  -------------------------------------------------------------------    -------------------

                         (clock clk_out1_clk_ref rise edge)
                                                      0.000     0.000 r  
    Y18                                               0.000     0.000 r  sys_clk (IN)
                         net (fo=0)                   0.000     0.000    clk_refm0/inst/clk_in1
    Y18                  IBUF (Prop_ibuf_I_O)         0.452     0.452 r  clk_refm0/inst/clkin1_ibufg/O
                         net (fo=1, routed)           0.480     0.932    clk_refm0/inst/clk_in1_clk_ref
    MMCME2_ADV_X0Y0      MMCME2_ADV (Prop_mmcme2_adv_CLKIN1_CLKOUT0)
                                                     -3.145    -2.214 r  clk_refm0/inst/mmcm_adv_inst/CLKOUT0
                         net (fo=1, routed)           0.534    -1.680    clk_refm0/inst/clk_out1_clk_ref
    BUFGCTRL_X0Y0        BUFG (Prop_bufg_I_O)         0.029    -1.651 r  clk_refm0/inst/clkout1_buf/O
                         net (fo=165, routed)         0.847    -0.803    dvi2rgb_m0/TMDS_ClockingX/CLK
    SLICE_X65Y75         FDPE                                         r  dvi2rgb_m0/TMDS_ClockingX/rMMCM_Reset_q_reg[1]/C
                         clock pessimism              0.252    -0.551    
    SLICE_X65Y75         FDPE (Remov_fdpe_C_PRE)     -0.148    -0.699    dvi2rgb_m0/TMDS_ClockingX/rMMCM_Reset_q_reg[1]
  -------------------------------------------------------------------
                         required time                          0.699    
                         arrival time                          -0.035    
  -------------------------------------------------------------------
                         slack                                  0.664    





