Copyright 1986-2019 Xilinx, Inc. All Rights Reserved.
--------------------------------------------------------------------------------------------------------------------------------------------------------------------------------
| Tool Version : Vivado v.2019.1 (win64) Build 2552052 Fri May 24 14:49:42 MDT 2019
| Date         : Tue Aug  6 09:29:26 2019
| Host         : PC-201805041311 running 64-bit major release  (build 9200)
| Command      : report_timing_summary -max_paths 10 -file top_timing_summary_routed.rpt -pb top_timing_summary_routed.pb -rpx top_timing_summary_routed.rpx -warn_on_violation
| Design       : top
| Device       : 7a35t-fgg484
| Speed File   : -2  PRODUCTION 1.23 2018-06-13
--------------------------------------------------------------------------------------------------------------------------------------------------------------------------------

Timing Summary Report

------------------------------------------------------------------------------------------------
| Timer Settings
| --------------
------------------------------------------------------------------------------------------------

  Enable Multi Corner Analysis               :  Yes
  Enable Pessimism Removal                   :  Yes
  Pessimism Removal Resolution               :  Nearest Common Node
  Enable Input Delay Default Clock           :  No
  Enable Preset / Clear Arcs                 :  No
  Disable Flight Delays                      :  No
  Ignore I/O Paths                           :  No
  Timing Early Launch at Borrowing Latches   :  No
  Borrow Time for Max Delay Exceptions       :  Yes

  Corner  Analyze    Analyze    
  Name    Max Paths  Min Paths  
  ------  ---------  ---------  
  Slow    Yes        Yes        
  Fast    Yes        Yes        



check_timing report

Table of Contents
-----------------
1. checking no_clock
2. checking constant_clock
3. checking pulse_width_clock
4. checking unconstrained_internal_endpoints
5. checking no_input_delay
6. checking no_output_delay
7. checking multiple_clock
8. checking generated_clocks
9. checking loops
10. checking partial_input_delay
11. checking partial_output_delay
12. checking latch_loops

1. checking no_clock
--------------------
 There are 0 register/latch pins with no clock.


2. checking constant_clock
--------------------------
 There are 0 register/latch pins with constant_clock.


3. checking pulse_width_clock
-----------------------------
 There are 0 register/latch pins which need pulse_width check


4. checking unconstrained_internal_endpoints
--------------------------------------------
 There are 0 pins that are not constrained for maximum delay.

 There are 0 pins that are not constrained for maximum delay due to constant clock.


5. checking no_input_delay
--------------------------
 There is 1 input port with no input delay specified. (HIGH)

 There are 0 input ports with no input delay but user has a false path constraint.


6. checking no_output_delay
---------------------------
 There are 27 ports with no output delay specified. (HIGH)

 There are 0 ports with no output delay but user has a false path constraint

 There are 0 ports with no output delay but with a timing clock defined on it or propagating through it


7. checking multiple_clock
--------------------------
 There are 0 register/latch pins with multiple clocks.


8. checking generated_clocks
----------------------------
 There are 0 generated clocks that are not connected to a clock source.


9. checking loops
-----------------
 There are 0 combinational loops in the design.


10. checking partial_input_delay
--------------------------------
 There are 0 input ports with partial input delay specified.


11. checking partial_output_delay
---------------------------------
 There are 0 ports with partial output delay specified.


12. checking latch_loops
------------------------
 There are 0 combinational latch loops in the design through latch input



------------------------------------------------------------------------------------------------
| Design Timing Summary
| ---------------------
------------------------------------------------------------------------------------------------

    WNS(ns)      TNS(ns)  TNS Failing Endpoints  TNS Total Endpoints      WHS(ns)      THS(ns)  THS Failing Endpoints  THS Total Endpoints     WPWS(ns)     TPWS(ns)  TPWS Failing Endpoints  TPWS Total Endpoints  
    -------      -------  ---------------------  -------------------      -------      -------  ---------------------  -------------------     --------     --------  ----------------------  --------------------  
    105.373        0.000                      0                  232        0.150        0.000                      0                  232        7.000        0.000                       0                   137  


All user specified timing constraints are met.


------------------------------------------------------------------------------------------------
| Clock Summary
| -------------
------------------------------------------------------------------------------------------------

Clock                 Waveform(ns)         Period(ns)      Frequency(MHz)
-----                 ------------         ----------      --------------
sys_clk               {0.000 10.000}       20.000          50.000          
  clk_out1_video_pll  {0.000 55.556}       111.111         9.000           
  clkfbout_video_pll  {0.000 10.000}       20.000          50.000          


------------------------------------------------------------------------------------------------
| Intra Clock Table
| -----------------
------------------------------------------------------------------------------------------------

Clock                     WNS(ns)      TNS(ns)  TNS Failing Endpoints  TNS Total Endpoints      WHS(ns)      THS(ns)  THS Failing Endpoints  THS Total Endpoints     WPWS(ns)     TPWS(ns)  TPWS Failing Endpoints  TPWS Total Endpoints  
-----                     -------      -------  ---------------------  -------------------      -------      -------  ---------------------  -------------------     --------     --------  ----------------------  --------------------  
sys_clk                                                                                                                                                                 7.000        0.000                       0                     1  
  clk_out1_video_pll      105.373        0.000                      0                  232        0.150        0.000                      0                  232       55.056        0.000                       0                   133  
  clkfbout_video_pll                                                                                                                                                   18.408        0.000                       0                     3  


------------------------------------------------------------------------------------------------
| Inter Clock Table
| -----------------
------------------------------------------------------------------------------------------------

From Clock    To Clock          WNS(ns)      TNS(ns)  TNS Failing Endpoints  TNS Total Endpoints      WHS(ns)      THS(ns)  THS Failing Endpoints  THS Total Endpoints  
----------    --------          -------      -------  ---------------------  -------------------      -------      -------  ---------------------  -------------------  


------------------------------------------------------------------------------------------------
| Other Path Groups Table
| -----------------------
------------------------------------------------------------------------------------------------

Path Group    From Clock    To Clock          WNS(ns)      TNS(ns)  TNS Failing Endpoints  TNS Total Endpoints      WHS(ns)      THS(ns)  THS Failing Endpoints  THS Total Endpoints  
----------    ----------    --------          -------      -------  ---------------------  -------------------      -------      -------  ---------------------  -------------------  


------------------------------------------------------------------------------------------------
| Timing Details
| --------------
------------------------------------------------------------------------------------------------


---------------------------------------------------------------------------------------------------
From Clock:  sys_clk
  To Clock:  sys_clk

Setup :           NA  Failing Endpoints,  Worst Slack           NA  ,  Total Violation           NA
Hold  :           NA  Failing Endpoints,  Worst Slack           NA  ,  Total Violation           NA
PW    :            0  Failing Endpoints,  Worst Slack        7.000ns,  Total Violation        0.000ns
---------------------------------------------------------------------------------------------------


Pulse Width Checks
--------------------------------------------------------------------------------------
Clock Name:         sys_clk
Waveform(ns):       { 0.000 10.000 }
Period(ns):         20.000
Sources:            { sys_clk }

Check Type        Corner  Lib Pin            Reference Pin  Required(ns)  Actual(ns)  Slack(ns)  Location         Pin
Min Period        n/a     MMCME2_ADV/CLKIN1  n/a            1.249         20.000      18.751     MMCME2_ADV_X0Y0  video_pll_m0/inst/mmcm_adv_inst/CLKIN1
Max Period        n/a     MMCME2_ADV/CLKIN1  n/a            100.000       20.000      80.000     MMCME2_ADV_X0Y0  video_pll_m0/inst/mmcm_adv_inst/CLKIN1
Low Pulse Width   Slow    MMCME2_ADV/CLKIN1  n/a            3.000         10.000      7.000      MMCME2_ADV_X0Y0  video_pll_m0/inst/mmcm_adv_inst/CLKIN1
Low Pulse Width   Fast    MMCME2_ADV/CLKIN1  n/a            3.000         10.000      7.000      MMCME2_ADV_X0Y0  video_pll_m0/inst/mmcm_adv_inst/CLKIN1
High Pulse Width  Slow    MMCME2_ADV/CLKIN1  n/a            3.000         10.000      7.000      MMCME2_ADV_X0Y0  video_pll_m0/inst/mmcm_adv_inst/CLKIN1
High Pulse Width  Fast    MMCME2_ADV/CLKIN1  n/a            3.000         10.000      7.000      MMCME2_ADV_X0Y0  video_pll_m0/inst/mmcm_adv_inst/CLKIN1



---------------------------------------------------------------------------------------------------
From Clock:  clk_out1_video_pll
  To Clock:  clk_out1_video_pll

Setup :            0  Failing Endpoints,  Worst Slack      105.373ns,  Total Violation        0.000ns
Hold  :            0  Failing Endpoints,  Worst Slack        0.150ns,  Total Violation        0.000ns
PW    :            0  Failing Endpoints,  Worst Slack       55.056ns,  Total Violation        0.000ns
---------------------------------------------------------------------------------------------------


Max Delay Paths
--------------------------------------------------------------------------------------
Slack (MET) :             105.373ns  (required time - arrival time)
  Source:                 osd_display_m0/osd_rom_m0/U0/inst_blk_mem_gen/gnbram.gnativebmg.native_blk_mem_gen/valid.cstr/ramloop[0].ram.r/prim_init.ram/DEVICE_7SERIES.NO_BMM_INFO.SP.SIMPLE_PRIM18.ram/CLKARDCLK
                            (rising edge-triggered cell RAMB18E1 clocked by clk_out1_video_pll  {rise@0.000ns fall@55.556ns period=111.111ns})
  Destination:            osd_display_m0/v_data_reg[23]/S
                            (rising edge-triggered cell FDSE clocked by clk_out1_video_pll  {rise@0.000ns fall@55.556ns period=111.111ns})
  Path Group:             clk_out1_video_pll
  Path Type:              Setup (Max at Slow Process Corner)
  Requirement:            111.111ns  (clk_out1_video_pll rise@111.111ns - clk_out1_video_pll rise@0.000ns)
  Data Path Delay:        5.251ns  (logic 2.335ns (44.467%)  route 2.916ns (55.533%))
  Logic Levels:           2  (LUT4=1 LUT6=1)
  Clock Path Skew:        -0.008ns (DCD - SCD + CPR)
    Destination Clock Delay (DCD):    -0.934ns = ( 110.178 - 111.111 ) 
    Source Clock Delay      (SCD):    -0.524ns
    Clock Pessimism Removal (CPR):    0.402ns
  Clock Uncertainty:      0.127ns  ((TSJ^2 + DJ^2)^1/2) / 2 + PE
    Total System Jitter     (TSJ):    0.071ns
    Discrete Jitter          (DJ):    0.244ns
    Phase Error              (PE):    0.000ns

    Location             Delay type                Incr(ns)  Path(ns)    Netlist Resource(s)
  -------------------------------------------------------------------    -------------------
                         (clock clk_out1_video_pll rise edge)
                                                      0.000     0.000 r  
    Y18                                               0.000     0.000 r  sys_clk (IN)
                         net (fo=0)                   0.000     0.000    sys_clk
    Y18                  IBUF (Prop_ibuf_I_O)         1.427     1.427 r  sys_clk_IBUF_inst/O
                         net (fo=1, routed)           1.065     2.492    video_pll_m0/inst/clk_in1
    MMCME2_ADV_X0Y0      MMCME2_ADV (Prop_mmcme2_adv_CLKIN1_CLKOUT0)
                                                     -5.924    -3.433 r  video_pll_m0/inst/mmcm_adv_inst/CLKOUT0
                         net (fo=1, routed)           1.425    -2.008    video_pll_m0/inst/clk_out1_video_pll
    BUFGCTRL_X0Y0        BUFG (Prop_bufg_I_O)         0.081    -1.927 r  video_pll_m0/inst/clkout1_buf/O
                         net (fo=132, routed)         1.402    -0.524    osd_display_m0/osd_rom_m0/U0/inst_blk_mem_gen/gnbram.gnativebmg.native_blk_mem_gen/valid.cstr/ramloop[0].ram.r/prim_init.ram/clka
    RAMB18_X0Y12         RAMB18E1                                     r  osd_display_m0/osd_rom_m0/U0/inst_blk_mem_gen/gnbram.gnativebmg.native_blk_mem_gen/valid.cstr/ramloop[0].ram.r/prim_init.ram/DEVICE_7SERIES.NO_BMM_INFO.SP.SIMPLE_PRIM18.ram/CLKARDCLK
  -------------------------------------------------------------------    -------------------
    RAMB18_X0Y12         RAMB18E1 (Prop_ramb18e1_CLKARDCLK_DOADO[5])
                                                      2.125     1.601 r  osd_display_m0/osd_rom_m0/U0/inst_blk_mem_gen/gnbram.gnativebmg.native_blk_mem_gen/valid.cstr/ramloop[0].ram.r/prim_init.ram/DEVICE_7SERIES.NO_BMM_INFO.SP.SIMPLE_PRIM18.ram/DOADO[5]
                         net (fo=1, routed)           0.910     2.511    osd_display_m0/q[5]
    SLICE_X7Y31          LUT6 (Prop_lut6_I3_O)        0.105     2.616 f  osd_display_m0/v_data[23]_i_2/O
                         net (fo=1, routed)           0.513     3.129    osd_display_m0/v_data[23]_i_2_n_0
    SLICE_X7Y31          LUT4 (Prop_lut4_I0_O)        0.105     3.234 r  osd_display_m0/v_data[23]_i_1/O
                         net (fo=24, routed)          1.493     4.727    osd_display_m0/v_data
    SLICE_X0Y40          FDSE                                         r  osd_display_m0/v_data_reg[23]/S
  -------------------------------------------------------------------    -------------------

                         (clock clk_out1_video_pll rise edge)
                                                    111.111   111.111 r  
    Y18                                               0.000   111.111 r  sys_clk (IN)
                         net (fo=0)                   0.000   111.111    sys_clk
    Y18                  IBUF (Prop_ibuf_I_O)         1.361   112.472 r  sys_clk_IBUF_inst/O
                         net (fo=1, routed)           1.004   113.476    video_pll_m0/inst/clk_in1
    MMCME2_ADV_X0Y0      MMCME2_ADV (Prop_mmcme2_adv_CLKIN1_CLKOUT0)
                                                     -6.061   107.414 r  video_pll_m0/inst/mmcm_adv_inst/CLKOUT0
                         net (fo=1, routed)           1.357   108.772    video_pll_m0/inst/clk_out1_video_pll
    BUFGCTRL_X0Y0        BUFG (Prop_bufg_I_O)         0.077   108.849 r  video_pll_m0/inst/clkout1_buf/O
                         net (fo=132, routed)         1.329   110.178    osd_display_m0/clk_out1
    SLICE_X0Y40          FDSE                                         r  osd_display_m0/v_data_reg[23]/C
                         clock pessimism              0.402   110.579    
                         clock uncertainty           -0.127   110.452    
    SLICE_X0Y40          FDSE (Setup_fdse_C_S)       -0.352   110.100    osd_display_m0/v_data_reg[23]
  -------------------------------------------------------------------
                         required time                        110.100    
                         arrival time                          -4.727    
  -------------------------------------------------------------------
                         slack                                105.373    

Slack (MET) :             105.373ns  (required time - arrival time)
  Source:                 osd_display_m0/osd_rom_m0/U0/inst_blk_mem_gen/gnbram.gnativebmg.native_blk_mem_gen/valid.cstr/ramloop[0].ram.r/prim_init.ram/DEVICE_7SERIES.NO_BMM_INFO.SP.SIMPLE_PRIM18.ram/CLKARDCLK
                            (rising edge-triggered cell RAMB18E1 clocked by clk_out1_video_pll  {rise@0.000ns fall@55.556ns period=111.111ns})
  Destination:            osd_display_m0/v_data_reg[23]_lopt_replica_7/S
                            (rising edge-triggered cell FDSE clocked by clk_out1_video_pll  {rise@0.000ns fall@55.556ns period=111.111ns})
  Path Group:             clk_out1_video_pll
  Path Type:              Setup (Max at Slow Process Corner)
  Requirement:            111.111ns  (clk_out1_video_pll rise@111.111ns - clk_out1_video_pll rise@0.000ns)
  Data Path Delay:        5.251ns  (logic 2.335ns (44.467%)  route 2.916ns (55.533%))
  Logic Levels:           2  (LUT4=1 LUT6=1)
  Clock Path Skew:        -0.008ns (DCD - SCD + CPR)
    Destination Clock Delay (DCD):    -0.934ns = ( 110.178 - 111.111 ) 
    Source Clock Delay      (SCD):    -0.524ns
    Clock Pessimism Removal (CPR):    0.402ns
  Clock Uncertainty:      0.127ns  ((TSJ^2 + DJ^2)^1/2) / 2 + PE
    Total System Jitter     (TSJ):    0.071ns
    Discrete Jitter          (DJ):    0.244ns
    Phase Error              (PE):    0.000ns

    Location             Delay type                Incr(ns)  Path(ns)    Netlist Resource(s)
  -------------------------------------------------------------------    -------------------
                         (clock clk_out1_video_pll rise edge)
                                                      0.000     0.000 r  
    Y18                                               0.000     0.000 r  sys_clk (IN)
                         net (fo=0)                   0.000     0.000    sys_clk
    Y18                  IBUF (Prop_ibuf_I_O)         1.427     1.427 r  sys_clk_IBUF_inst/O
                         net (fo=1, routed)           1.065     2.492    video_pll_m0/inst/clk_in1
    MMCME2_ADV_X0Y0      MMCME2_ADV (Prop_mmcme2_adv_CLKIN1_CLKOUT0)
                                                     -5.924    -3.433 r  video_pll_m0/inst/mmcm_adv_inst/CLKOUT0
                         net (fo=1, routed)           1.425    -2.008    video_pll_m0/inst/clk_out1_video_pll
    BUFGCTRL_X0Y0        BUFG (Prop_bufg_I_O)         0.081    -1.927 r  video_pll_m0/inst/clkout1_buf/O
                         net (fo=132, routed)         1.402    -0.524    osd_display_m0/osd_rom_m0/U0/inst_blk_mem_gen/gnbram.gnativebmg.native_blk_mem_gen/valid.cstr/ramloop[0].ram.r/prim_init.ram/clka
    RAMB18_X0Y12         RAMB18E1                                     r  osd_display_m0/osd_rom_m0/U0/inst_blk_mem_gen/gnbram.gnativebmg.native_blk_mem_gen/valid.cstr/ramloop[0].ram.r/prim_init.ram/DEVICE_7SERIES.NO_BMM_INFO.SP.SIMPLE_PRIM18.ram/CLKARDCLK
  -------------------------------------------------------------------    -------------------
    RAMB18_X0Y12         RAMB18E1 (Prop_ramb18e1_CLKARDCLK_DOADO[5])
                                                      2.125     1.601 r  osd_display_m0/osd_rom_m0/U0/inst_blk_mem_gen/gnbram.gnativebmg.native_blk_mem_gen/valid.cstr/ramloop[0].ram.r/prim_init.ram/DEVICE_7SERIES.NO_BMM_INFO.SP.SIMPLE_PRIM18.ram/DOADO[5]
                         net (fo=1, routed)           0.910     2.511    osd_display_m0/q[5]
    SLICE_X7Y31          LUT6 (Prop_lut6_I3_O)        0.105     2.616 f  osd_display_m0/v_data[23]_i_2/O
                         net (fo=1, routed)           0.513     3.129    osd_display_m0/v_data[23]_i_2_n_0
    SLICE_X7Y31          LUT4 (Prop_lut4_I0_O)        0.105     3.234 r  osd_display_m0/v_data[23]_i_1/O
                         net (fo=24, routed)          1.493     4.727    osd_display_m0/v_data
    SLICE_X0Y40          FDSE                                         r  osd_display_m0/v_data_reg[23]_lopt_replica_7/S
  -------------------------------------------------------------------    -------------------

                         (clock clk_out1_video_pll rise edge)
                                                    111.111   111.111 r  
    Y18                                               0.000   111.111 r  sys_clk (IN)
                         net (fo=0)                   0.000   111.111    sys_clk
    Y18                  IBUF (Prop_ibuf_I_O)         1.361   112.472 r  sys_clk_IBUF_inst/O
                         net (fo=1, routed)           1.004   113.476    video_pll_m0/inst/clk_in1
    MMCME2_ADV_X0Y0      MMCME2_ADV (Prop_mmcme2_adv_CLKIN1_CLKOUT0)
                                                     -6.061   107.414 r  video_pll_m0/inst/mmcm_adv_inst/CLKOUT0
                         net (fo=1, routed)           1.357   108.772    video_pll_m0/inst/clk_out1_video_pll
    BUFGCTRL_X0Y0        BUFG (Prop_bufg_I_O)         0.077   108.849 r  video_pll_m0/inst/clkout1_buf/O
                         net (fo=132, routed)         1.329   110.178    osd_display_m0/clk_out1
    SLICE_X0Y40          FDSE                                         r  osd_display_m0/v_data_reg[23]_lopt_replica_7/C
                         clock pessimism              0.402   110.579    
                         clock uncertainty           -0.127   110.452    
    SLICE_X0Y40          FDSE (Setup_fdse_C_S)       -0.352   110.100    osd_display_m0/v_data_reg[23]_lopt_replica_7
  -------------------------------------------------------------------
                         required time                        110.100    
                         arrival time                          -4.727    
  -------------------------------------------------------------------
                         slack                                105.373    

Slack (MET) :             105.481ns  (required time - arrival time)
  Source:                 osd_display_m0/osd_rom_m0/U0/inst_blk_mem_gen/gnbram.gnativebmg.native_blk_mem_gen/valid.cstr/ramloop[0].ram.r/prim_init.ram/DEVICE_7SERIES.NO_BMM_INFO.SP.SIMPLE_PRIM18.ram/CLKARDCLK
                            (rising edge-triggered cell RAMB18E1 clocked by clk_out1_video_pll  {rise@0.000ns fall@55.556ns period=111.111ns})
  Destination:            osd_display_m0/v_data_reg[23]_lopt_replica_3/S
                            (rising edge-triggered cell FDSE clocked by clk_out1_video_pll  {rise@0.000ns fall@55.556ns period=111.111ns})
  Path Group:             clk_out1_video_pll
  Path Type:              Setup (Max at Slow Process Corner)
  Requirement:            111.111ns  (clk_out1_video_pll rise@111.111ns - clk_out1_video_pll rise@0.000ns)
  Data Path Delay:        5.143ns  (logic 2.335ns (45.404%)  route 2.808ns (54.596%))
  Logic Levels:           2  (LUT4=1 LUT6=1)
  Clock Path Skew:        -0.009ns (DCD - SCD + CPR)
    Destination Clock Delay (DCD):    -0.935ns = ( 110.177 - 111.111 ) 
    Source Clock Delay      (SCD):    -0.524ns
    Clock Pessimism Removal (CPR):    0.402ns
  Clock Uncertainty:      0.127ns  ((TSJ^2 + DJ^2)^1/2) / 2 + PE
    Total System Jitter     (TSJ):    0.071ns
    Discrete Jitter          (DJ):    0.244ns
    Phase Error              (PE):    0.000ns

    Location             Delay type                Incr(ns)  Path(ns)    Netlist Resource(s)
  -------------------------------------------------------------------    -------------------
                         (clock clk_out1_video_pll rise edge)
                                                      0.000     0.000 r  
    Y18                                               0.000     0.000 r  sys_clk (IN)
                         net (fo=0)                   0.000     0.000    sys_clk
    Y18                  IBUF (Prop_ibuf_I_O)         1.427     1.427 r  sys_clk_IBUF_inst/O
                         net (fo=1, routed)           1.065     2.492    video_pll_m0/inst/clk_in1
    MMCME2_ADV_X0Y0      MMCME2_ADV (Prop_mmcme2_adv_CLKIN1_CLKOUT0)
                                                     -5.924    -3.433 r  video_pll_m0/inst/mmcm_adv_inst/CLKOUT0
                         net (fo=1, routed)           1.425    -2.008    video_pll_m0/inst/clk_out1_video_pll
    BUFGCTRL_X0Y0        BUFG (Prop_bufg_I_O)         0.081    -1.927 r  video_pll_m0/inst/clkout1_buf/O
                         net (fo=132, routed)         1.402    -0.524    osd_display_m0/osd_rom_m0/U0/inst_blk_mem_gen/gnbram.gnativebmg.native_blk_mem_gen/valid.cstr/ramloop[0].ram.r/prim_init.ram/clka
    RAMB18_X0Y12         RAMB18E1                                     r  osd_display_m0/osd_rom_m0/U0/inst_blk_mem_gen/gnbram.gnativebmg.native_blk_mem_gen/valid.cstr/ramloop[0].ram.r/prim_init.ram/DEVICE_7SERIES.NO_BMM_INFO.SP.SIMPLE_PRIM18.ram/CLKARDCLK
  -------------------------------------------------------------------    -------------------
    RAMB18_X0Y12         RAMB18E1 (Prop_ramb18e1_CLKARDCLK_DOADO[5])
                                                      2.125     1.601 r  osd_display_m0/osd_rom_m0/U0/inst_blk_mem_gen/gnbram.gnativebmg.native_blk_mem_gen/valid.cstr/ramloop[0].ram.r/prim_init.ram/DEVICE_7SERIES.NO_BMM_INFO.SP.SIMPLE_PRIM18.ram/DOADO[5]
                         net (fo=1, routed)           0.910     2.511    osd_display_m0/q[5]
    SLICE_X7Y31          LUT6 (Prop_lut6_I3_O)        0.105     2.616 f  osd_display_m0/v_data[23]_i_2/O
                         net (fo=1, routed)           0.513     3.129    osd_display_m0/v_data[23]_i_2_n_0
    SLICE_X7Y31          LUT4 (Prop_lut4_I0_O)        0.105     3.234 r  osd_display_m0/v_data[23]_i_1/O
                         net (fo=24, routed)          1.384     4.618    osd_display_m0/v_data
    SLICE_X0Y39          FDSE                                         r  osd_display_m0/v_data_reg[23]_lopt_replica_3/S
  -------------------------------------------------------------------    -------------------

                         (clock clk_out1_video_pll rise edge)
                                                    111.111   111.111 r  
    Y18                                               0.000   111.111 r  sys_clk (IN)
                         net (fo=0)                   0.000   111.111    sys_clk
    Y18                  IBUF (Prop_ibuf_I_O)         1.361   112.472 r  sys_clk_IBUF_inst/O
                         net (fo=1, routed)           1.004   113.476    video_pll_m0/inst/clk_in1
    MMCME2_ADV_X0Y0      MMCME2_ADV (Prop_mmcme2_adv_CLKIN1_CLKOUT0)
                                                     -6.061   107.414 r  video_pll_m0/inst/mmcm_adv_inst/CLKOUT0
                         net (fo=1, routed)           1.357   108.772    video_pll_m0/inst/clk_out1_video_pll
    BUFGCTRL_X0Y0        BUFG (Prop_bufg_I_O)         0.077   108.849 r  video_pll_m0/inst/clkout1_buf/O
                         net (fo=132, routed)         1.328   110.177    osd_display_m0/clk_out1
    SLICE_X0Y39          FDSE                                         r  osd_display_m0/v_data_reg[23]_lopt_replica_3/C
                         clock pessimism              0.402   110.578    
                         clock uncertainty           -0.127   110.451    
    SLICE_X0Y39          FDSE (Setup_fdse_C_S)       -0.352   110.099    osd_display_m0/v_data_reg[23]_lopt_replica_3
  -------------------------------------------------------------------
                         required time                        110.099    
                         arrival time                          -4.618    
  -------------------------------------------------------------------
                         slack                                105.481    

Slack (MET) :             105.481ns  (required time - arrival time)
  Source:                 osd_display_m0/osd_rom_m0/U0/inst_blk_mem_gen/gnbram.gnativebmg.native_blk_mem_gen/valid.cstr/ramloop[0].ram.r/prim_init.ram/DEVICE_7SERIES.NO_BMM_INFO.SP.SIMPLE_PRIM18.ram/CLKARDCLK
                            (rising edge-triggered cell RAMB18E1 clocked by clk_out1_video_pll  {rise@0.000ns fall@55.556ns period=111.111ns})
  Destination:            osd_display_m0/v_data_reg[23]_lopt_replica_4/S
                            (rising edge-triggered cell FDSE clocked by clk_out1_video_pll  {rise@0.000ns fall@55.556ns period=111.111ns})
  Path Group:             clk_out1_video_pll
  Path Type:              Setup (Max at Slow Process Corner)
  Requirement:            111.111ns  (clk_out1_video_pll rise@111.111ns - clk_out1_video_pll rise@0.000ns)
  Data Path Delay:        5.143ns  (logic 2.335ns (45.404%)  route 2.808ns (54.596%))
  Logic Levels:           2  (LUT4=1 LUT6=1)
  Clock Path Skew:        -0.009ns (DCD - SCD + CPR)
    Destination Clock Delay (DCD):    -0.935ns = ( 110.177 - 111.111 ) 
    Source Clock Delay      (SCD):    -0.524ns
    Clock Pessimism Removal (CPR):    0.402ns
  Clock Uncertainty:      0.127ns  ((TSJ^2 + DJ^2)^1/2) / 2 + PE
    Total System Jitter     (TSJ):    0.071ns
    Discrete Jitter          (DJ):    0.244ns
    Phase Error              (PE):    0.000ns

    Location             Delay type                Incr(ns)  Path(ns)    Netlist Resource(s)
  -------------------------------------------------------------------    -------------------
                         (clock clk_out1_video_pll rise edge)
                                                      0.000     0.000 r  
    Y18                                               0.000     0.000 r  sys_clk (IN)
                         net (fo=0)                   0.000     0.000    sys_clk
    Y18                  IBUF (Prop_ibuf_I_O)         1.427     1.427 r  sys_clk_IBUF_inst/O
                         net (fo=1, routed)           1.065     2.492    video_pll_m0/inst/clk_in1
    MMCME2_ADV_X0Y0      MMCME2_ADV (Prop_mmcme2_adv_CLKIN1_CLKOUT0)
                                                     -5.924    -3.433 r  video_pll_m0/inst/mmcm_adv_inst/CLKOUT0
                         net (fo=1, routed)           1.425    -2.008    video_pll_m0/inst/clk_out1_video_pll
    BUFGCTRL_X0Y0        BUFG (Prop_bufg_I_O)         0.081    -1.927 r  video_pll_m0/inst/clkout1_buf/O
                         net (fo=132, routed)         1.402    -0.524    osd_display_m0/osd_rom_m0/U0/inst_blk_mem_gen/gnbram.gnativebmg.native_blk_mem_gen/valid.cstr/ramloop[0].ram.r/prim_init.ram/clka
    RAMB18_X0Y12         RAMB18E1                                     r  osd_display_m0/osd_rom_m0/U0/inst_blk_mem_gen/gnbram.gnativebmg.native_blk_mem_gen/valid.cstr/ramloop[0].ram.r/prim_init.ram/DEVICE_7SERIES.NO_BMM_INFO.SP.SIMPLE_PRIM18.ram/CLKARDCLK
  -------------------------------------------------------------------    -------------------
    RAMB18_X0Y12         RAMB18E1 (Prop_ramb18e1_CLKARDCLK_DOADO[5])
                                                      2.125     1.601 r  osd_display_m0/osd_rom_m0/U0/inst_blk_mem_gen/gnbram.gnativebmg.native_blk_mem_gen/valid.cstr/ramloop[0].ram.r/prim_init.ram/DEVICE_7SERIES.NO_BMM_INFO.SP.SIMPLE_PRIM18.ram/DOADO[5]
                         net (fo=1, routed)           0.910     2.511    osd_display_m0/q[5]
    SLICE_X7Y31          LUT6 (Prop_lut6_I3_O)        0.105     2.616 f  osd_display_m0/v_data[23]_i_2/O
                         net (fo=1, routed)           0.513     3.129    osd_display_m0/v_data[23]_i_2_n_0
    SLICE_X7Y31          LUT4 (Prop_lut4_I0_O)        0.105     3.234 r  osd_display_m0/v_data[23]_i_1/O
                         net (fo=24, routed)          1.384     4.618    osd_display_m0/v_data
    SLICE_X0Y39          FDSE                                         r  osd_display_m0/v_data_reg[23]_lopt_replica_4/S
  -------------------------------------------------------------------    -------------------

                         (clock clk_out1_video_pll rise edge)
                                                    111.111   111.111 r  
    Y18                                               0.000   111.111 r  sys_clk (IN)
                         net (fo=0)                   0.000   111.111    sys_clk
    Y18                  IBUF (Prop_ibuf_I_O)         1.361   112.472 r  sys_clk_IBUF_inst/O
                         net (fo=1, routed)           1.004   113.476    video_pll_m0/inst/clk_in1
    MMCME2_ADV_X0Y0      MMCME2_ADV (Prop_mmcme2_adv_CLKIN1_CLKOUT0)
                                                     -6.061   107.414 r  video_pll_m0/inst/mmcm_adv_inst/CLKOUT0
                         net (fo=1, routed)           1.357   108.772    video_pll_m0/inst/clk_out1_video_pll
    BUFGCTRL_X0Y0        BUFG (Prop_bufg_I_O)         0.077   108.849 r  video_pll_m0/inst/clkout1_buf/O
                         net (fo=132, routed)         1.328   110.177    osd_display_m0/clk_out1
    SLICE_X0Y39          FDSE                                         r  osd_display_m0/v_data_reg[23]_lopt_replica_4/C
                         clock pessimism              0.402   110.578    
                         clock uncertainty           -0.127   110.451    
    SLICE_X0Y39          FDSE (Setup_fdse_C_S)       -0.352   110.099    osd_display_m0/v_data_reg[23]_lopt_replica_4
  -------------------------------------------------------------------
                         required time                        110.099    
                         arrival time                          -4.618    
  -------------------------------------------------------------------
                         slack                                105.481    

Slack (MET) :             105.591ns  (required time - arrival time)
  Source:                 osd_display_m0/osd_rom_m0/U0/inst_blk_mem_gen/gnbram.gnativebmg.native_blk_mem_gen/valid.cstr/ramloop[0].ram.r/prim_init.ram/DEVICE_7SERIES.NO_BMM_INFO.SP.SIMPLE_PRIM18.ram/CLKARDCLK
                            (rising edge-triggered cell RAMB18E1 clocked by clk_out1_video_pll  {rise@0.000ns fall@55.556ns period=111.111ns})
  Destination:            osd_display_m0/v_data_reg[23]_lopt_replica_5/S
                            (rising edge-triggered cell FDSE clocked by clk_out1_video_pll  {rise@0.000ns fall@55.556ns period=111.111ns})
  Path Group:             clk_out1_video_pll
  Path Type:              Setup (Max at Slow Process Corner)
  Requirement:            111.111ns  (clk_out1_video_pll rise@111.111ns - clk_out1_video_pll rise@0.000ns)
  Data Path Delay:        5.024ns  (logic 2.335ns (46.477%)  route 2.689ns (53.523%))
  Logic Levels:           2  (LUT4=1 LUT6=1)
  Clock Path Skew:        -0.017ns (DCD - SCD + CPR)
    Destination Clock Delay (DCD):    -0.943ns = ( 110.169 - 111.111 ) 
    Source Clock Delay      (SCD):    -0.524ns
    Clock Pessimism Removal (CPR):    0.402ns
  Clock Uncertainty:      0.127ns  ((TSJ^2 + DJ^2)^1/2) / 2 + PE
    Total System Jitter     (TSJ):    0.071ns
    Discrete Jitter          (DJ):    0.244ns
    Phase Error              (PE):    0.000ns

    Location             Delay type                Incr(ns)  Path(ns)    Netlist Resource(s)
  -------------------------------------------------------------------    -------------------
                         (clock clk_out1_video_pll rise edge)
                                                      0.000     0.000 r  
    Y18                                               0.000     0.000 r  sys_clk (IN)
                         net (fo=0)                   0.000     0.000    sys_clk
    Y18                  IBUF (Prop_ibuf_I_O)         1.427     1.427 r  sys_clk_IBUF_inst/O
                         net (fo=1, routed)           1.065     2.492    video_pll_m0/inst/clk_in1
    MMCME2_ADV_X0Y0      MMCME2_ADV (Prop_mmcme2_adv_CLKIN1_CLKOUT0)
                                                     -5.924    -3.433 r  video_pll_m0/inst/mmcm_adv_inst/CLKOUT0
                         net (fo=1, routed)           1.425    -2.008    video_pll_m0/inst/clk_out1_video_pll
    BUFGCTRL_X0Y0        BUFG (Prop_bufg_I_O)         0.081    -1.927 r  video_pll_m0/inst/clkout1_buf/O
                         net (fo=132, routed)         1.402    -0.524    osd_display_m0/osd_rom_m0/U0/inst_blk_mem_gen/gnbram.gnativebmg.native_blk_mem_gen/valid.cstr/ramloop[0].ram.r/prim_init.ram/clka
    RAMB18_X0Y12         RAMB18E1                                     r  osd_display_m0/osd_rom_m0/U0/inst_blk_mem_gen/gnbram.gnativebmg.native_blk_mem_gen/valid.cstr/ramloop[0].ram.r/prim_init.ram/DEVICE_7SERIES.NO_BMM_INFO.SP.SIMPLE_PRIM18.ram/CLKARDCLK
  -------------------------------------------------------------------    -------------------
    RAMB18_X0Y12         RAMB18E1 (Prop_ramb18e1_CLKARDCLK_DOADO[5])
                                                      2.125     1.601 r  osd_display_m0/osd_rom_m0/U0/inst_blk_mem_gen/gnbram.gnativebmg.native_blk_mem_gen/valid.cstr/ramloop[0].ram.r/prim_init.ram/DEVICE_7SERIES.NO_BMM_INFO.SP.SIMPLE_PRIM18.ram/DOADO[5]
                         net (fo=1, routed)           0.910     2.511    osd_display_m0/q[5]
    SLICE_X7Y31          LUT6 (Prop_lut6_I3_O)        0.105     2.616 f  osd_display_m0/v_data[23]_i_2/O
                         net (fo=1, routed)           0.513     3.129    osd_display_m0/v_data[23]_i_2_n_0
    SLICE_X7Y31          LUT4 (Prop_lut4_I0_O)        0.105     3.234 r  osd_display_m0/v_data[23]_i_1/O
                         net (fo=24, routed)          1.266     4.500    osd_display_m0/v_data
    SLICE_X0Y20          FDSE                                         r  osd_display_m0/v_data_reg[23]_lopt_replica_5/S
  -------------------------------------------------------------------    -------------------

                         (clock clk_out1_video_pll rise edge)
                                                    111.111   111.111 r  
    Y18                                               0.000   111.111 r  sys_clk (IN)
                         net (fo=0)                   0.000   111.111    sys_clk
    Y18                  IBUF (Prop_ibuf_I_O)         1.361   112.472 r  sys_clk_IBUF_inst/O
                         net (fo=1, routed)           1.004   113.476    video_pll_m0/inst/clk_in1
    MMCME2_ADV_X0Y0      MMCME2_ADV (Prop_mmcme2_adv_CLKIN1_CLKOUT0)
                                                     -6.061   107.414 r  video_pll_m0/inst/mmcm_adv_inst/CLKOUT0
                         net (fo=1, routed)           1.357   108.772    video_pll_m0/inst/clk_out1_video_pll
    BUFGCTRL_X0Y0        BUFG (Prop_bufg_I_O)         0.077   108.849 r  video_pll_m0/inst/clkout1_buf/O
                         net (fo=132, routed)         1.320   110.169    osd_display_m0/clk_out1
    SLICE_X0Y20          FDSE                                         r  osd_display_m0/v_data_reg[23]_lopt_replica_5/C
                         clock pessimism              0.402   110.570    
                         clock uncertainty           -0.127   110.443    
    SLICE_X0Y20          FDSE (Setup_fdse_C_S)       -0.352   110.091    osd_display_m0/v_data_reg[23]_lopt_replica_5
  -------------------------------------------------------------------
                         required time                        110.091    
                         arrival time                          -4.500    
  -------------------------------------------------------------------
                         slack                                105.591    

Slack (MET) :             105.591ns  (required time - arrival time)
  Source:                 osd_display_m0/osd_rom_m0/U0/inst_blk_mem_gen/gnbram.gnativebmg.native_blk_mem_gen/valid.cstr/ramloop[0].ram.r/prim_init.ram/DEVICE_7SERIES.NO_BMM_INFO.SP.SIMPLE_PRIM18.ram/CLKARDCLK
                            (rising edge-triggered cell RAMB18E1 clocked by clk_out1_video_pll  {rise@0.000ns fall@55.556ns period=111.111ns})
  Destination:            osd_display_m0/v_data_reg[23]_lopt_replica_6/S
                            (rising edge-triggered cell FDSE clocked by clk_out1_video_pll  {rise@0.000ns fall@55.556ns period=111.111ns})
  Path Group:             clk_out1_video_pll
  Path Type:              Setup (Max at Slow Process Corner)
  Requirement:            111.111ns  (clk_out1_video_pll rise@111.111ns - clk_out1_video_pll rise@0.000ns)
  Data Path Delay:        5.024ns  (logic 2.335ns (46.477%)  route 2.689ns (53.523%))
  Logic Levels:           2  (LUT4=1 LUT6=1)
  Clock Path Skew:        -0.017ns (DCD - SCD + CPR)
    Destination Clock Delay (DCD):    -0.943ns = ( 110.169 - 111.111 ) 
    Source Clock Delay      (SCD):    -0.524ns
    Clock Pessimism Removal (CPR):    0.402ns
  Clock Uncertainty:      0.127ns  ((TSJ^2 + DJ^2)^1/2) / 2 + PE
    Total System Jitter     (TSJ):    0.071ns
    Discrete Jitter          (DJ):    0.244ns
    Phase Error              (PE):    0.000ns

    Location             Delay type                Incr(ns)  Path(ns)    Netlist Resource(s)
  -------------------------------------------------------------------    -------------------
                         (clock clk_out1_video_pll rise edge)
                                                      0.000     0.000 r  
    Y18                                               0.000     0.000 r  sys_clk (IN)
                         net (fo=0)                   0.000     0.000    sys_clk
    Y18                  IBUF (Prop_ibuf_I_O)         1.427     1.427 r  sys_clk_IBUF_inst/O
                         net (fo=1, routed)           1.065     2.492    video_pll_m0/inst/clk_in1
    MMCME2_ADV_X0Y0      MMCME2_ADV (Prop_mmcme2_adv_CLKIN1_CLKOUT0)
                                                     -5.924    -3.433 r  video_pll_m0/inst/mmcm_adv_inst/CLKOUT0
                         net (fo=1, routed)           1.425    -2.008    video_pll_m0/inst/clk_out1_video_pll
    BUFGCTRL_X0Y0        BUFG (Prop_bufg_I_O)         0.081    -1.927 r  video_pll_m0/inst/clkout1_buf/O
                         net (fo=132, routed)         1.402    -0.524    osd_display_m0/osd_rom_m0/U0/inst_blk_mem_gen/gnbram.gnativebmg.native_blk_mem_gen/valid.cstr/ramloop[0].ram.r/prim_init.ram/clka
    RAMB18_X0Y12         RAMB18E1                                     r  osd_display_m0/osd_rom_m0/U0/inst_blk_mem_gen/gnbram.gnativebmg.native_blk_mem_gen/valid.cstr/ramloop[0].ram.r/prim_init.ram/DEVICE_7SERIES.NO_BMM_INFO.SP.SIMPLE_PRIM18.ram/CLKARDCLK
  -------------------------------------------------------------------    -------------------
    RAMB18_X0Y12         RAMB18E1 (Prop_ramb18e1_CLKARDCLK_DOADO[5])
                                                      2.125     1.601 r  osd_display_m0/osd_rom_m0/U0/inst_blk_mem_gen/gnbram.gnativebmg.native_blk_mem_gen/valid.cstr/ramloop[0].ram.r/prim_init.ram/DEVICE_7SERIES.NO_BMM_INFO.SP.SIMPLE_PRIM18.ram/DOADO[5]
                         net (fo=1, routed)           0.910     2.511    osd_display_m0/q[5]
    SLICE_X7Y31          LUT6 (Prop_lut6_I3_O)        0.105     2.616 f  osd_display_m0/v_data[23]_i_2/O
                         net (fo=1, routed)           0.513     3.129    osd_display_m0/v_data[23]_i_2_n_0
    SLICE_X7Y31          LUT4 (Prop_lut4_I0_O)        0.105     3.234 r  osd_display_m0/v_data[23]_i_1/O
                         net (fo=24, routed)          1.266     4.500    osd_display_m0/v_data
    SLICE_X0Y20          FDSE                                         r  osd_display_m0/v_data_reg[23]_lopt_replica_6/S
  -------------------------------------------------------------------    -------------------

                         (clock clk_out1_video_pll rise edge)
                                                    111.111   111.111 r  
    Y18                                               0.000   111.111 r  sys_clk (IN)
                         net (fo=0)                   0.000   111.111    sys_clk
    Y18                  IBUF (Prop_ibuf_I_O)         1.361   112.472 r  sys_clk_IBUF_inst/O
                         net (fo=1, routed)           1.004   113.476    video_pll_m0/inst/clk_in1
    MMCME2_ADV_X0Y0      MMCME2_ADV (Prop_mmcme2_adv_CLKIN1_CLKOUT0)
                                                     -6.061   107.414 r  video_pll_m0/inst/mmcm_adv_inst/CLKOUT0
                         net (fo=1, routed)           1.357   108.772    video_pll_m0/inst/clk_out1_video_pll
    BUFGCTRL_X0Y0        BUFG (Prop_bufg_I_O)         0.077   108.849 r  video_pll_m0/inst/clkout1_buf/O
                         net (fo=132, routed)         1.320   110.169    osd_display_m0/clk_out1
    SLICE_X0Y20          FDSE                                         r  osd_display_m0/v_data_reg[23]_lopt_replica_6/C
                         clock pessimism              0.402   110.570    
                         clock uncertainty           -0.127   110.443    
    SLICE_X0Y20          FDSE (Setup_fdse_C_S)       -0.352   110.091    osd_display_m0/v_data_reg[23]_lopt_replica_6
  -------------------------------------------------------------------
                         required time                        110.091    
                         arrival time                          -4.500    
  -------------------------------------------------------------------
                         slack                                105.591    

Slack (MET) :             105.591ns  (required time - arrival time)
  Source:                 osd_display_m0/osd_rom_m0/U0/inst_blk_mem_gen/gnbram.gnativebmg.native_blk_mem_gen/valid.cstr/ramloop[0].ram.r/prim_init.ram/DEVICE_7SERIES.NO_BMM_INFO.SP.SIMPLE_PRIM18.ram/CLKARDCLK
                            (rising edge-triggered cell RAMB18E1 clocked by clk_out1_video_pll  {rise@0.000ns fall@55.556ns period=111.111ns})
  Destination:            osd_display_m0/v_data_reg[7]_lopt_replica_5/R
                            (rising edge-triggered cell FDRE clocked by clk_out1_video_pll  {rise@0.000ns fall@55.556ns period=111.111ns})
  Path Group:             clk_out1_video_pll
  Path Type:              Setup (Max at Slow Process Corner)
  Requirement:            111.111ns  (clk_out1_video_pll rise@111.111ns - clk_out1_video_pll rise@0.000ns)
  Data Path Delay:        5.024ns  (logic 2.335ns (46.477%)  route 2.689ns (53.523%))
  Logic Levels:           2  (LUT4=1 LUT6=1)
  Clock Path Skew:        -0.017ns (DCD - SCD + CPR)
    Destination Clock Delay (DCD):    -0.943ns = ( 110.169 - 111.111 ) 
    Source Clock Delay      (SCD):    -0.524ns
    Clock Pessimism Removal (CPR):    0.402ns
  Clock Uncertainty:      0.127ns  ((TSJ^2 + DJ^2)^1/2) / 2 + PE
    Total System Jitter     (TSJ):    0.071ns
    Discrete Jitter          (DJ):    0.244ns
    Phase Error              (PE):    0.000ns

    Location             Delay type                Incr(ns)  Path(ns)    Netlist Resource(s)
  -------------------------------------------------------------------    -------------------
                         (clock clk_out1_video_pll rise edge)
                                                      0.000     0.000 r  
    Y18                                               0.000     0.000 r  sys_clk (IN)
                         net (fo=0)                   0.000     0.000    sys_clk
    Y18                  IBUF (Prop_ibuf_I_O)         1.427     1.427 r  sys_clk_IBUF_inst/O
                         net (fo=1, routed)           1.065     2.492    video_pll_m0/inst/clk_in1
    MMCME2_ADV_X0Y0      MMCME2_ADV (Prop_mmcme2_adv_CLKIN1_CLKOUT0)
                                                     -5.924    -3.433 r  video_pll_m0/inst/mmcm_adv_inst/CLKOUT0
                         net (fo=1, routed)           1.425    -2.008    video_pll_m0/inst/clk_out1_video_pll
    BUFGCTRL_X0Y0        BUFG (Prop_bufg_I_O)         0.081    -1.927 r  video_pll_m0/inst/clkout1_buf/O
                         net (fo=132, routed)         1.402    -0.524    osd_display_m0/osd_rom_m0/U0/inst_blk_mem_gen/gnbram.gnativebmg.native_blk_mem_gen/valid.cstr/ramloop[0].ram.r/prim_init.ram/clka
    RAMB18_X0Y12         RAMB18E1                                     r  osd_display_m0/osd_rom_m0/U0/inst_blk_mem_gen/gnbram.gnativebmg.native_blk_mem_gen/valid.cstr/ramloop[0].ram.r/prim_init.ram/DEVICE_7SERIES.NO_BMM_INFO.SP.SIMPLE_PRIM18.ram/CLKARDCLK
  -------------------------------------------------------------------    -------------------
    RAMB18_X0Y12         RAMB18E1 (Prop_ramb18e1_CLKARDCLK_DOADO[5])
                                                      2.125     1.601 r  osd_display_m0/osd_rom_m0/U0/inst_blk_mem_gen/gnbram.gnativebmg.native_blk_mem_gen/valid.cstr/ramloop[0].ram.r/prim_init.ram/DEVICE_7SERIES.NO_BMM_INFO.SP.SIMPLE_PRIM18.ram/DOADO[5]
                         net (fo=1, routed)           0.910     2.511    osd_display_m0/q[5]
    SLICE_X7Y31          LUT6 (Prop_lut6_I3_O)        0.105     2.616 f  osd_display_m0/v_data[23]_i_2/O
                         net (fo=1, routed)           0.513     3.129    osd_display_m0/v_data[23]_i_2_n_0
    SLICE_X7Y31          LUT4 (Prop_lut4_I0_O)        0.105     3.234 r  osd_display_m0/v_data[23]_i_1/O
                         net (fo=24, routed)          1.266     4.500    osd_display_m0/v_data
    SLICE_X0Y20          FDRE                                         r  osd_display_m0/v_data_reg[7]_lopt_replica_5/R
  -------------------------------------------------------------------    -------------------

                         (clock clk_out1_video_pll rise edge)
                                                    111.111   111.111 r  
    Y18                                               0.000   111.111 r  sys_clk (IN)
                         net (fo=0)                   0.000   111.111    sys_clk
    Y18                  IBUF (Prop_ibuf_I_O)         1.361   112.472 r  sys_clk_IBUF_inst/O
                         net (fo=1, routed)           1.004   113.476    video_pll_m0/inst/clk_in1
    MMCME2_ADV_X0Y0      MMCME2_ADV (Prop_mmcme2_adv_CLKIN1_CLKOUT0)
                                                     -6.061   107.414 r  video_pll_m0/inst/mmcm_adv_inst/CLKOUT0
                         net (fo=1, routed)           1.357   108.772    video_pll_m0/inst/clk_out1_video_pll
    BUFGCTRL_X0Y0        BUFG (Prop_bufg_I_O)         0.077   108.849 r  video_pll_m0/inst/clkout1_buf/O
                         net (fo=132, routed)         1.320   110.169    osd_display_m0/clk_out1
    SLICE_X0Y20          FDRE                                         r  osd_display_m0/v_data_reg[7]_lopt_replica_5/C
                         clock pessimism              0.402   110.570    
                         clock uncertainty           -0.127   110.443    
    SLICE_X0Y20          FDRE (Setup_fdre_C_R)       -0.352   110.091    osd_display_m0/v_data_reg[7]_lopt_replica_5
  -------------------------------------------------------------------
                         required time                        110.091    
                         arrival time                          -4.500    
  -------------------------------------------------------------------
                         slack                                105.591    

Slack (MET) :             105.591ns  (required time - arrival time)
  Source:                 osd_display_m0/osd_rom_m0/U0/inst_blk_mem_gen/gnbram.gnativebmg.native_blk_mem_gen/valid.cstr/ramloop[0].ram.r/prim_init.ram/DEVICE_7SERIES.NO_BMM_INFO.SP.SIMPLE_PRIM18.ram/CLKARDCLK
                            (rising edge-triggered cell RAMB18E1 clocked by clk_out1_video_pll  {rise@0.000ns fall@55.556ns period=111.111ns})
  Destination:            osd_display_m0/v_data_reg[7]_lopt_replica_6/R
                            (rising edge-triggered cell FDRE clocked by clk_out1_video_pll  {rise@0.000ns fall@55.556ns period=111.111ns})
  Path Group:             clk_out1_video_pll
  Path Type:              Setup (Max at Slow Process Corner)
  Requirement:            111.111ns  (clk_out1_video_pll rise@111.111ns - clk_out1_video_pll rise@0.000ns)
  Data Path Delay:        5.024ns  (logic 2.335ns (46.477%)  route 2.689ns (53.523%))
  Logic Levels:           2  (LUT4=1 LUT6=1)
  Clock Path Skew:        -0.017ns (DCD - SCD + CPR)
    Destination Clock Delay (DCD):    -0.943ns = ( 110.169 - 111.111 ) 
    Source Clock Delay      (SCD):    -0.524ns
    Clock Pessimism Removal (CPR):    0.402ns
  Clock Uncertainty:      0.127ns  ((TSJ^2 + DJ^2)^1/2) / 2 + PE
    Total System Jitter     (TSJ):    0.071ns
    Discrete Jitter          (DJ):    0.244ns
    Phase Error              (PE):    0.000ns

    Location             Delay type                Incr(ns)  Path(ns)    Netlist Resource(s)
  -------------------------------------------------------------------    -------------------
                         (clock clk_out1_video_pll rise edge)
                                                      0.000     0.000 r  
    Y18                                               0.000     0.000 r  sys_clk (IN)
                         net (fo=0)                   0.000     0.000    sys_clk
    Y18                  IBUF (Prop_ibuf_I_O)         1.427     1.427 r  sys_clk_IBUF_inst/O
                         net (fo=1, routed)           1.065     2.492    video_pll_m0/inst/clk_in1
    MMCME2_ADV_X0Y0      MMCME2_ADV (Prop_mmcme2_adv_CLKIN1_CLKOUT0)
                                                     -5.924    -3.433 r  video_pll_m0/inst/mmcm_adv_inst/CLKOUT0
                         net (fo=1, routed)           1.425    -2.008    video_pll_m0/inst/clk_out1_video_pll
    BUFGCTRL_X0Y0        BUFG (Prop_bufg_I_O)         0.081    -1.927 r  video_pll_m0/inst/clkout1_buf/O
                         net (fo=132, routed)         1.402    -0.524    osd_display_m0/osd_rom_m0/U0/inst_blk_mem_gen/gnbram.gnativebmg.native_blk_mem_gen/valid.cstr/ramloop[0].ram.r/prim_init.ram/clka
    RAMB18_X0Y12         RAMB18E1                                     r  osd_display_m0/osd_rom_m0/U0/inst_blk_mem_gen/gnbram.gnativebmg.native_blk_mem_gen/valid.cstr/ramloop[0].ram.r/prim_init.ram/DEVICE_7SERIES.NO_BMM_INFO.SP.SIMPLE_PRIM18.ram/CLKARDCLK
  -------------------------------------------------------------------    -------------------
    RAMB18_X0Y12         RAMB18E1 (Prop_ramb18e1_CLKARDCLK_DOADO[5])
                                                      2.125     1.601 r  osd_display_m0/osd_rom_m0/U0/inst_blk_mem_gen/gnbram.gnativebmg.native_blk_mem_gen/valid.cstr/ramloop[0].ram.r/prim_init.ram/DEVICE_7SERIES.NO_BMM_INFO.SP.SIMPLE_PRIM18.ram/DOADO[5]
                         net (fo=1, routed)           0.910     2.511    osd_display_m0/q[5]
    SLICE_X7Y31          LUT6 (Prop_lut6_I3_O)        0.105     2.616 f  osd_display_m0/v_data[23]_i_2/O
                         net (fo=1, routed)           0.513     3.129    osd_display_m0/v_data[23]_i_2_n_0
    SLICE_X7Y31          LUT4 (Prop_lut4_I0_O)        0.105     3.234 r  osd_display_m0/v_data[23]_i_1/O
                         net (fo=24, routed)          1.266     4.500    osd_display_m0/v_data
    SLICE_X0Y20          FDRE                                         r  osd_display_m0/v_data_reg[7]_lopt_replica_6/R
  -------------------------------------------------------------------    -------------------

                         (clock clk_out1_video_pll rise edge)
                                                    111.111   111.111 r  
    Y18                                               0.000   111.111 r  sys_clk (IN)
                         net (fo=0)                   0.000   111.111    sys_clk
    Y18                  IBUF (Prop_ibuf_I_O)         1.361   112.472 r  sys_clk_IBUF_inst/O
                         net (fo=1, routed)           1.004   113.476    video_pll_m0/inst/clk_in1
    MMCME2_ADV_X0Y0      MMCME2_ADV (Prop_mmcme2_adv_CLKIN1_CLKOUT0)
                                                     -6.061   107.414 r  video_pll_m0/inst/mmcm_adv_inst/CLKOUT0
                         net (fo=1, routed)           1.357   108.772    video_pll_m0/inst/clk_out1_video_pll
    BUFGCTRL_X0Y0        BUFG (Prop_bufg_I_O)         0.077   108.849 r  video_pll_m0/inst/clkout1_buf/O
                         net (fo=132, routed)         1.320   110.169    osd_display_m0/clk_out1
    SLICE_X0Y20          FDRE                                         r  osd_display_m0/v_data_reg[7]_lopt_replica_6/C
                         clock pessimism              0.402   110.570    
                         clock uncertainty           -0.127   110.443    
    SLICE_X0Y20          FDRE (Setup_fdre_C_R)       -0.352   110.091    osd_display_m0/v_data_reg[7]_lopt_replica_6
  -------------------------------------------------------------------
                         required time                        110.091    
                         arrival time                          -4.500    
  -------------------------------------------------------------------
                         slack                                105.591    

Slack (MET) :             105.595ns  (required time - arrival time)
  Source:                 osd_display_m0/osd_rom_m0/U0/inst_blk_mem_gen/gnbram.gnativebmg.native_blk_mem_gen/valid.cstr/ramloop[0].ram.r/prim_init.ram/DEVICE_7SERIES.NO_BMM_INFO.SP.SIMPLE_PRIM18.ram/CLKARDCLK
                            (rising edge-triggered cell RAMB18E1 clocked by clk_out1_video_pll  {rise@0.000ns fall@55.556ns period=111.111ns})
  Destination:            osd_display_m0/v_data_reg[23]_lopt_replica/S
                            (rising edge-triggered cell FDSE clocked by clk_out1_video_pll  {rise@0.000ns fall@55.556ns period=111.111ns})
  Path Group:             clk_out1_video_pll
  Path Type:              Setup (Max at Slow Process Corner)
  Requirement:            111.111ns  (clk_out1_video_pll rise@111.111ns - clk_out1_video_pll rise@0.000ns)
  Data Path Delay:        5.020ns  (logic 2.335ns (46.512%)  route 2.685ns (53.488%))
  Logic Levels:           2  (LUT4=1 LUT6=1)
  Clock Path Skew:        -0.017ns (DCD - SCD + CPR)
    Destination Clock Delay (DCD):    -0.943ns = ( 110.169 - 111.111 ) 
    Source Clock Delay      (SCD):    -0.524ns
    Clock Pessimism Removal (CPR):    0.402ns
  Clock Uncertainty:      0.127ns  ((TSJ^2 + DJ^2)^1/2) / 2 + PE
    Total System Jitter     (TSJ):    0.071ns
    Discrete Jitter          (DJ):    0.244ns
    Phase Error              (PE):    0.000ns

    Location             Delay type                Incr(ns)  Path(ns)    Netlist Resource(s)
  -------------------------------------------------------------------    -------------------
                         (clock clk_out1_video_pll rise edge)
                                                      0.000     0.000 r  
    Y18                                               0.000     0.000 r  sys_clk (IN)
                         net (fo=0)                   0.000     0.000    sys_clk
    Y18                  IBUF (Prop_ibuf_I_O)         1.427     1.427 r  sys_clk_IBUF_inst/O
                         net (fo=1, routed)           1.065     2.492    video_pll_m0/inst/clk_in1
    MMCME2_ADV_X0Y0      MMCME2_ADV (Prop_mmcme2_adv_CLKIN1_CLKOUT0)
                                                     -5.924    -3.433 r  video_pll_m0/inst/mmcm_adv_inst/CLKOUT0
                         net (fo=1, routed)           1.425    -2.008    video_pll_m0/inst/clk_out1_video_pll
    BUFGCTRL_X0Y0        BUFG (Prop_bufg_I_O)         0.081    -1.927 r  video_pll_m0/inst/clkout1_buf/O
                         net (fo=132, routed)         1.402    -0.524    osd_display_m0/osd_rom_m0/U0/inst_blk_mem_gen/gnbram.gnativebmg.native_blk_mem_gen/valid.cstr/ramloop[0].ram.r/prim_init.ram/clka
    RAMB18_X0Y12         RAMB18E1                                     r  osd_display_m0/osd_rom_m0/U0/inst_blk_mem_gen/gnbram.gnativebmg.native_blk_mem_gen/valid.cstr/ramloop[0].ram.r/prim_init.ram/DEVICE_7SERIES.NO_BMM_INFO.SP.SIMPLE_PRIM18.ram/CLKARDCLK
  -------------------------------------------------------------------    -------------------
    RAMB18_X0Y12         RAMB18E1 (Prop_ramb18e1_CLKARDCLK_DOADO[5])
                                                      2.125     1.601 r  osd_display_m0/osd_rom_m0/U0/inst_blk_mem_gen/gnbram.gnativebmg.native_blk_mem_gen/valid.cstr/ramloop[0].ram.r/prim_init.ram/DEVICE_7SERIES.NO_BMM_INFO.SP.SIMPLE_PRIM18.ram/DOADO[5]
                         net (fo=1, routed)           0.910     2.511    osd_display_m0/q[5]
    SLICE_X7Y31          LUT6 (Prop_lut6_I3_O)        0.105     2.616 f  osd_display_m0/v_data[23]_i_2/O
                         net (fo=1, routed)           0.513     3.129    osd_display_m0/v_data[23]_i_2_n_0
    SLICE_X7Y31          LUT4 (Prop_lut4_I0_O)        0.105     3.234 r  osd_display_m0/v_data[23]_i_1/O
                         net (fo=24, routed)          1.262     4.496    osd_display_m0/v_data
    SLICE_X1Y20          FDSE                                         r  osd_display_m0/v_data_reg[23]_lopt_replica/S
  -------------------------------------------------------------------    -------------------

                         (clock clk_out1_video_pll rise edge)
                                                    111.111   111.111 r  
    Y18                                               0.000   111.111 r  sys_clk (IN)
                         net (fo=0)                   0.000   111.111    sys_clk
    Y18                  IBUF (Prop_ibuf_I_O)         1.361   112.472 r  sys_clk_IBUF_inst/O
                         net (fo=1, routed)           1.004   113.476    video_pll_m0/inst/clk_in1
    MMCME2_ADV_X0Y0      MMCME2_ADV (Prop_mmcme2_adv_CLKIN1_CLKOUT0)
                                                     -6.061   107.414 r  video_pll_m0/inst/mmcm_adv_inst/CLKOUT0
                         net (fo=1, routed)           1.357   108.772    video_pll_m0/inst/clk_out1_video_pll
    BUFGCTRL_X0Y0        BUFG (Prop_bufg_I_O)         0.077   108.849 r  video_pll_m0/inst/clkout1_buf/O
                         net (fo=132, routed)         1.320   110.169    osd_display_m0/clk_out1
    SLICE_X1Y20          FDSE                                         r  osd_display_m0/v_data_reg[23]_lopt_replica/C
                         clock pessimism              0.402   110.570    
                         clock uncertainty           -0.127   110.443    
    SLICE_X1Y20          FDSE (Setup_fdse_C_S)       -0.352   110.091    osd_display_m0/v_data_reg[23]_lopt_replica
  -------------------------------------------------------------------
                         required time                        110.091    
                         arrival time                          -4.496    
  -------------------------------------------------------------------
                         slack                                105.595    

Slack (MET) :             105.595ns  (required time - arrival time)
  Source:                 osd_display_m0/osd_rom_m0/U0/inst_blk_mem_gen/gnbram.gnativebmg.native_blk_mem_gen/valid.cstr/ramloop[0].ram.r/prim_init.ram/DEVICE_7SERIES.NO_BMM_INFO.SP.SIMPLE_PRIM18.ram/CLKARDCLK
                            (rising edge-triggered cell RAMB18E1 clocked by clk_out1_video_pll  {rise@0.000ns fall@55.556ns period=111.111ns})
  Destination:            osd_display_m0/v_data_reg[23]_lopt_replica_2/S
                            (rising edge-triggered cell FDSE clocked by clk_out1_video_pll  {rise@0.000ns fall@55.556ns period=111.111ns})
  Path Group:             clk_out1_video_pll
  Path Type:              Setup (Max at Slow Process Corner)
  Requirement:            111.111ns  (clk_out1_video_pll rise@111.111ns - clk_out1_video_pll rise@0.000ns)
  Data Path Delay:        5.020ns  (logic 2.335ns (46.512%)  route 2.685ns (53.488%))
  Logic Levels:           2  (LUT4=1 LUT6=1)
  Clock Path Skew:        -0.017ns (DCD - SCD + CPR)
    Destination Clock Delay (DCD):    -0.943ns = ( 110.169 - 111.111 ) 
    Source Clock Delay      (SCD):    -0.524ns
    Clock Pessimism Removal (CPR):    0.402ns
  Clock Uncertainty:      0.127ns  ((TSJ^2 + DJ^2)^1/2) / 2 + PE
    Total System Jitter     (TSJ):    0.071ns
    Discrete Jitter          (DJ):    0.244ns
    Phase Error              (PE):    0.000ns

    Location             Delay type                Incr(ns)  Path(ns)    Netlist Resource(s)
  -------------------------------------------------------------------    -------------------
                         (clock clk_out1_video_pll rise edge)
                                                      0.000     0.000 r  
    Y18                                               0.000     0.000 r  sys_clk (IN)
                         net (fo=0)                   0.000     0.000    sys_clk
    Y18                  IBUF (Prop_ibuf_I_O)         1.427     1.427 r  sys_clk_IBUF_inst/O
                         net (fo=1, routed)           1.065     2.492    video_pll_m0/inst/clk_in1
    MMCME2_ADV_X0Y0      MMCME2_ADV (Prop_mmcme2_adv_CLKIN1_CLKOUT0)
                                                     -5.924    -3.433 r  video_pll_m0/inst/mmcm_adv_inst/CLKOUT0
                         net (fo=1, routed)           1.425    -2.008    video_pll_m0/inst/clk_out1_video_pll
    BUFGCTRL_X0Y0        BUFG (Prop_bufg_I_O)         0.081    -1.927 r  video_pll_m0/inst/clkout1_buf/O
                         net (fo=132, routed)         1.402    -0.524    osd_display_m0/osd_rom_m0/U0/inst_blk_mem_gen/gnbram.gnativebmg.native_blk_mem_gen/valid.cstr/ramloop[0].ram.r/prim_init.ram/clka
    RAMB18_X0Y12         RAMB18E1                                     r  osd_display_m0/osd_rom_m0/U0/inst_blk_mem_gen/gnbram.gnativebmg.native_blk_mem_gen/valid.cstr/ramloop[0].ram.r/prim_init.ram/DEVICE_7SERIES.NO_BMM_INFO.SP.SIMPLE_PRIM18.ram/CLKARDCLK
  -------------------------------------------------------------------    -------------------
    RAMB18_X0Y12         RAMB18E1 (Prop_ramb18e1_CLKARDCLK_DOADO[5])
                                                      2.125     1.601 r  osd_display_m0/osd_rom_m0/U0/inst_blk_mem_gen/gnbram.gnativebmg.native_blk_mem_gen/valid.cstr/ramloop[0].ram.r/prim_init.ram/DEVICE_7SERIES.NO_BMM_INFO.SP.SIMPLE_PRIM18.ram/DOADO[5]
                         net (fo=1, routed)           0.910     2.511    osd_display_m0/q[5]
    SLICE_X7Y31          LUT6 (Prop_lut6_I3_O)        0.105     2.616 f  osd_display_m0/v_data[23]_i_2/O
                         net (fo=1, routed)           0.513     3.129    osd_display_m0/v_data[23]_i_2_n_0
    SLICE_X7Y31          LUT4 (Prop_lut4_I0_O)        0.105     3.234 r  osd_display_m0/v_data[23]_i_1/O
                         net (fo=24, routed)          1.262     4.496    osd_display_m0/v_data
    SLICE_X1Y20          FDSE                                         r  osd_display_m0/v_data_reg[23]_lopt_replica_2/S
  -------------------------------------------------------------------    -------------------

                         (clock clk_out1_video_pll rise edge)
                                                    111.111   111.111 r  
    Y18                                               0.000   111.111 r  sys_clk (IN)
                         net (fo=0)                   0.000   111.111    sys_clk
    Y18                  IBUF (Prop_ibuf_I_O)         1.361   112.472 r  sys_clk_IBUF_inst/O
                         net (fo=1, routed)           1.004   113.476    video_pll_m0/inst/clk_in1
    MMCME2_ADV_X0Y0      MMCME2_ADV (Prop_mmcme2_adv_CLKIN1_CLKOUT0)
                                                     -6.061   107.414 r  video_pll_m0/inst/mmcm_adv_inst/CLKOUT0
                         net (fo=1, routed)           1.357   108.772    video_pll_m0/inst/clk_out1_video_pll
    BUFGCTRL_X0Y0        BUFG (Prop_bufg_I_O)         0.077   108.849 r  video_pll_m0/inst/clkout1_buf/O
                         net (fo=132, routed)         1.320   110.169    osd_display_m0/clk_out1
    SLICE_X1Y20          FDSE                                         r  osd_display_m0/v_data_reg[23]_lopt_replica_2/C
                         clock pessimism              0.402   110.570    
                         clock uncertainty           -0.127   110.443    
    SLICE_X1Y20          FDSE (Setup_fdse_C_S)       -0.352   110.091    osd_display_m0/v_data_reg[23]_lopt_replica_2
  -------------------------------------------------------------------
                         required time                        110.091    
                         arrival time                          -4.496    
  -------------------------------------------------------------------
                         slack                                105.595    





Min Delay Paths
--------------------------------------------------------------------------------------
Slack (MET) :             0.150ns  (arrival time - required time)
  Source:                 osd_display_m0/timing_gen_xy_m0/y_cnt_reg[4]/C
                            (rising edge-triggered cell FDCE clocked by clk_out1_video_pll  {rise@0.000ns fall@55.556ns period=111.111ns})
  Destination:            osd_display_m0/region_active_reg/D
                            (rising edge-triggered cell FDRE clocked by clk_out1_video_pll  {rise@0.000ns fall@55.556ns period=111.111ns})
  Path Group:             clk_out1_video_pll
  Path Type:              Hold (Min at Fast Process Corner)
  Requirement:            0.000ns  (clk_out1_video_pll rise@0.000ns - clk_out1_video_pll rise@0.000ns)
  Data Path Delay:        0.283ns  (logic 0.186ns (65.749%)  route 0.097ns (34.251%))
  Logic Levels:           1  (LUT5=1)
  Clock Path Skew:        0.013ns (DCD - SCD - CPR)
    Destination Clock Delay (DCD):    -0.798ns
    Source Clock Delay      (SCD):    -0.560ns
    Clock Pessimism Removal (CPR):    -0.251ns

    Location             Delay type                Incr(ns)  Path(ns)    Netlist Resource(s)
  -------------------------------------------------------------------    -------------------
                         (clock clk_out1_video_pll rise edge)
                                                      0.000     0.000 r  
    Y18                                               0.000     0.000 r  sys_clk (IN)
                         net (fo=0)                   0.000     0.000    sys_clk
    Y18                  IBUF (Prop_ibuf_I_O)         0.264     0.264 r  sys_clk_IBUF_inst/O
                         net (fo=1, routed)           0.440     0.704    video_pll_m0/inst/clk_in1
    MMCME2_ADV_X0Y0      MMCME2_ADV (Prop_mmcme2_adv_CLKIN1_CLKOUT0)
                                                     -2.362    -1.659 r  video_pll_m0/inst/mmcm_adv_inst/CLKOUT0
                         net (fo=1, routed)           0.489    -1.170    video_pll_m0/inst/clk_out1_video_pll
    BUFGCTRL_X0Y0        BUFG (Prop_bufg_I_O)         0.026    -1.144 r  video_pll_m0/inst/clkout1_buf/O
                         net (fo=132, routed)         0.584    -0.560    osd_display_m0/timing_gen_xy_m0/clk_out1
    SLICE_X7Y29          FDCE                                         r  osd_display_m0/timing_gen_xy_m0/y_cnt_reg[4]/C
  -------------------------------------------------------------------    -------------------
    SLICE_X7Y29          FDCE (Prop_fdce_C_Q)         0.141    -0.419 r  osd_display_m0/timing_gen_xy_m0/y_cnt_reg[4]/Q
                         net (fo=2, routed)           0.097    -0.322    osd_display_m0/timing_gen_xy_m0/pos_y[4]
    SLICE_X6Y29          LUT5 (Prop_lut5_I2_O)        0.045    -0.277 r  osd_display_m0/timing_gen_xy_m0/region_active_i_1/O
                         net (fo=1, routed)           0.000    -0.277    osd_display_m0/region_active0
    SLICE_X6Y29          FDRE                                         r  osd_display_m0/region_active_reg/D
  -------------------------------------------------------------------    -------------------

                         (clock clk_out1_video_pll rise edge)
                                                      0.000     0.000 r  
    Y18                                               0.000     0.000 r  sys_clk (IN)
                         net (fo=0)                   0.000     0.000    sys_clk
    Y18                  IBUF (Prop_ibuf_I_O)         0.452     0.452 r  sys_clk_IBUF_inst/O
                         net (fo=1, routed)           0.480     0.932    video_pll_m0/inst/clk_in1
    MMCME2_ADV_X0Y0      MMCME2_ADV (Prop_mmcme2_adv_CLKIN1_CLKOUT0)
                                                     -3.145    -2.214 r  video_pll_m0/inst/mmcm_adv_inst/CLKOUT0
                         net (fo=1, routed)           0.534    -1.680    video_pll_m0/inst/clk_out1_video_pll
    BUFGCTRL_X0Y0        BUFG (Prop_bufg_I_O)         0.029    -1.651 r  video_pll_m0/inst/clkout1_buf/O
                         net (fo=132, routed)         0.853    -0.798    osd_display_m0/clk_out1
    SLICE_X6Y29          FDRE                                         r  osd_display_m0/region_active_reg/C
                         clock pessimism              0.251    -0.547    
    SLICE_X6Y29          FDRE (Hold_fdre_C_D)         0.120    -0.427    osd_display_m0/region_active_reg
  -------------------------------------------------------------------
                         required time                          0.427    
                         arrival time                          -0.277    
  -------------------------------------------------------------------
                         slack                                  0.150    

Slack (MET) :             0.170ns  (arrival time - required time)
  Source:                 color_bar_m0/hs_reg_reg/C
                            (rising edge-triggered cell FDCE clocked by clk_out1_video_pll  {rise@0.000ns fall@55.556ns period=111.111ns})
  Destination:            color_bar_m0/hs_reg_d0_reg/D
                            (rising edge-triggered cell FDCE clocked by clk_out1_video_pll  {rise@0.000ns fall@55.556ns period=111.111ns})
  Path Group:             clk_out1_video_pll
  Path Type:              Hold (Min at Fast Process Corner)
  Requirement:            0.000ns  (clk_out1_video_pll rise@0.000ns - clk_out1_video_pll rise@0.000ns)
  Data Path Delay:        0.230ns  (logic 0.164ns (71.391%)  route 0.066ns (28.609%))
  Logic Levels:           0  
  Clock Path Skew:        0.000ns (DCD - SCD - CPR)
    Destination Clock Delay (DCD):    -0.795ns
    Source Clock Delay      (SCD):    -0.557ns
    Clock Pessimism Removal (CPR):    -0.238ns

    Location             Delay type                Incr(ns)  Path(ns)    Netlist Resource(s)
  -------------------------------------------------------------------    -------------------
                         (clock clk_out1_video_pll rise edge)
                                                      0.000     0.000 r  
    Y18                                               0.000     0.000 r  sys_clk (IN)
                         net (fo=0)                   0.000     0.000    sys_clk
    Y18                  IBUF (Prop_ibuf_I_O)         0.264     0.264 r  sys_clk_IBUF_inst/O
                         net (fo=1, routed)           0.440     0.704    video_pll_m0/inst/clk_in1
    MMCME2_ADV_X0Y0      MMCME2_ADV (Prop_mmcme2_adv_CLKIN1_CLKOUT0)
                                                     -2.362    -1.659 r  video_pll_m0/inst/mmcm_adv_inst/CLKOUT0
                         net (fo=1, routed)           0.489    -1.170    video_pll_m0/inst/clk_out1_video_pll
    BUFGCTRL_X0Y0        BUFG (Prop_bufg_I_O)         0.026    -1.144 r  video_pll_m0/inst/clkout1_buf/O
                         net (fo=132, routed)         0.587    -0.557    color_bar_m0/clk_out1
    SLICE_X2Y30          FDCE                                         r  color_bar_m0/hs_reg_reg/C
  -------------------------------------------------------------------    -------------------
    SLICE_X2Y30          FDCE (Prop_fdce_C_Q)         0.164    -0.393 r  color_bar_m0/hs_reg_reg/Q
                         net (fo=2, routed)           0.066    -0.328    color_bar_m0/hs_reg
    SLICE_X2Y30          FDCE                                         r  color_bar_m0/hs_reg_d0_reg/D
  -------------------------------------------------------------------    -------------------

                         (clock clk_out1_video_pll rise edge)
                                                      0.000     0.000 r  
    Y18                                               0.000     0.000 r  sys_clk (IN)
                         net (fo=0)                   0.000     0.000    sys_clk
    Y18                  IBUF (Prop_ibuf_I_O)         0.452     0.452 r  sys_clk_IBUF_inst/O
                         net (fo=1, routed)           0.480     0.932    video_pll_m0/inst/clk_in1
    MMCME2_ADV_X0Y0      MMCME2_ADV (Prop_mmcme2_adv_CLKIN1_CLKOUT0)
                                                     -3.145    -2.214 r  video_pll_m0/inst/mmcm_adv_inst/CLKOUT0
                         net (fo=1, routed)           0.534    -1.680    video_pll_m0/inst/clk_out1_video_pll
    BUFGCTRL_X0Y0        BUFG (Prop_bufg_I_O)         0.029    -1.651 r  video_pll_m0/inst/clkout1_buf/O
                         net (fo=132, routed)         0.856    -0.795    color_bar_m0/clk_out1
    SLICE_X2Y30          FDCE                                         r  color_bar_m0/hs_reg_d0_reg/C
                         clock pessimism              0.238    -0.557    
    SLICE_X2Y30          FDCE (Hold_fdce_C_D)         0.060    -0.497    color_bar_m0/hs_reg_d0_reg
  -------------------------------------------------------------------
                         required time                          0.497    
                         arrival time                          -0.328    
  -------------------------------------------------------------------
                         slack                                  0.170    

Slack (MET) :             0.175ns  (arrival time - required time)
  Source:                 color_bar_m0/video_active_d0_reg/C
                            (rising edge-triggered cell FDCE clocked by clk_out1_video_pll  {rise@0.000ns fall@55.556ns period=111.111ns})
  Destination:            osd_display_m0/timing_gen_xy_m0/de_d0_reg/D
                            (rising edge-triggered cell FDRE clocked by clk_out1_video_pll  {rise@0.000ns fall@55.556ns period=111.111ns})
  Path Group:             clk_out1_video_pll
  Path Type:              Hold (Min at Fast Process Corner)
  Requirement:            0.000ns  (clk_out1_video_pll rise@0.000ns - clk_out1_video_pll rise@0.000ns)
  Data Path Delay:        0.258ns  (logic 0.141ns (54.572%)  route 0.117ns (45.428%))
  Logic Levels:           0  
  Clock Path Skew:        0.013ns (DCD - SCD - CPR)
    Destination Clock Delay (DCD):    -0.798ns
    Source Clock Delay      (SCD):    -0.559ns
    Clock Pessimism Removal (CPR):    -0.252ns

    Location             Delay type                Incr(ns)  Path(ns)    Netlist Resource(s)
  -------------------------------------------------------------------    -------------------
                         (clock clk_out1_video_pll rise edge)
                                                      0.000     0.000 r  
    Y18                                               0.000     0.000 r  sys_clk (IN)
                         net (fo=0)                   0.000     0.000    sys_clk
    Y18                  IBUF (Prop_ibuf_I_O)         0.264     0.264 r  sys_clk_IBUF_inst/O
                         net (fo=1, routed)           0.440     0.704    video_pll_m0/inst/clk_in1
    MMCME2_ADV_X0Y0      MMCME2_ADV (Prop_mmcme2_adv_CLKIN1_CLKOUT0)
                                                     -2.362    -1.659 r  video_pll_m0/inst/mmcm_adv_inst/CLKOUT0
                         net (fo=1, routed)           0.489    -1.170    video_pll_m0/inst/clk_out1_video_pll
    BUFGCTRL_X0Y0        BUFG (Prop_bufg_I_O)         0.026    -1.144 r  video_pll_m0/inst/clkout1_buf/O
                         net (fo=132, routed)         0.585    -0.559    color_bar_m0/clk_out1
    SLICE_X4Y30          FDCE                                         r  color_bar_m0/video_active_d0_reg/C
  -------------------------------------------------------------------    -------------------
    SLICE_X4Y30          FDCE (Prop_fdce_C_Q)         0.141    -0.418 r  color_bar_m0/video_active_d0_reg/Q
                         net (fo=1, routed)           0.117    -0.301    osd_display_m0/timing_gen_xy_m0/video_active_d0
    SLICE_X4Y29          FDRE                                         r  osd_display_m0/timing_gen_xy_m0/de_d0_reg/D
  -------------------------------------------------------------------    -------------------

                         (clock clk_out1_video_pll rise edge)
                                                      0.000     0.000 r  
    Y18                                               0.000     0.000 r  sys_clk (IN)
                         net (fo=0)                   0.000     0.000    sys_clk
    Y18                  IBUF (Prop_ibuf_I_O)         0.452     0.452 r  sys_clk_IBUF_inst/O
                         net (fo=1, routed)           0.480     0.932    video_pll_m0/inst/clk_in1
    MMCME2_ADV_X0Y0      MMCME2_ADV (Prop_mmcme2_adv_CLKIN1_CLKOUT0)
                                                     -3.145    -2.214 r  video_pll_m0/inst/mmcm_adv_inst/CLKOUT0
                         net (fo=1, routed)           0.534    -1.680    video_pll_m0/inst/clk_out1_video_pll
    BUFGCTRL_X0Y0        BUFG (Prop_bufg_I_O)         0.029    -1.651 r  video_pll_m0/inst/clkout1_buf/O
                         net (fo=132, routed)         0.853    -0.798    osd_display_m0/timing_gen_xy_m0/clk_out1
    SLICE_X4Y29          FDRE                                         r  osd_display_m0/timing_gen_xy_m0/de_d0_reg/C
                         clock pessimism              0.252    -0.546    
    SLICE_X4Y29          FDRE (Hold_fdre_C_D)         0.070    -0.476    osd_display_m0/timing_gen_xy_m0/de_d0_reg
  -------------------------------------------------------------------
                         required time                          0.476    
                         arrival time                          -0.301    
  -------------------------------------------------------------------
                         slack                                  0.175    

Slack (MET) :             0.177ns  (arrival time - required time)
  Source:                 color_bar_m0/vs_reg_reg/C
                            (rising edge-triggered cell FDCE clocked by clk_out1_video_pll  {rise@0.000ns fall@55.556ns period=111.111ns})
  Destination:            color_bar_m0/vs_reg_d0_reg/D
                            (rising edge-triggered cell FDCE clocked by clk_out1_video_pll  {rise@0.000ns fall@55.556ns period=111.111ns})
  Path Group:             clk_out1_video_pll
  Path Type:              Hold (Min at Fast Process Corner)
  Requirement:            0.000ns  (clk_out1_video_pll rise@0.000ns - clk_out1_video_pll rise@0.000ns)
  Data Path Delay:        0.230ns  (logic 0.164ns (71.391%)  route 0.066ns (28.609%))
  Logic Levels:           0  
  Clock Path Skew:        0.000ns (DCD - SCD - CPR)
    Destination Clock Delay (DCD):    -0.795ns
    Source Clock Delay      (SCD):    -0.557ns
    Clock Pessimism Removal (CPR):    -0.238ns

    Location             Delay type                Incr(ns)  Path(ns)    Netlist Resource(s)
  -------------------------------------------------------------------    -------------------
                         (clock clk_out1_video_pll rise edge)
                                                      0.000     0.000 r  
    Y18                                               0.000     0.000 r  sys_clk (IN)
                         net (fo=0)                   0.000     0.000    sys_clk
    Y18                  IBUF (Prop_ibuf_I_O)         0.264     0.264 r  sys_clk_IBUF_inst/O
                         net (fo=1, routed)           0.440     0.704    video_pll_m0/inst/clk_in1
    MMCME2_ADV_X0Y0      MMCME2_ADV (Prop_mmcme2_adv_CLKIN1_CLKOUT0)
                                                     -2.362    -1.659 r  video_pll_m0/inst/mmcm_adv_inst/CLKOUT0
                         net (fo=1, routed)           0.489    -1.170    video_pll_m0/inst/clk_out1_video_pll
    BUFGCTRL_X0Y0        BUFG (Prop_bufg_I_O)         0.026    -1.144 r  video_pll_m0/inst/clkout1_buf/O
                         net (fo=132, routed)         0.587    -0.557    color_bar_m0/clk_out1
    SLICE_X2Y30          FDCE                                         r  color_bar_m0/vs_reg_reg/C
  -------------------------------------------------------------------    -------------------
    SLICE_X2Y30          FDCE (Prop_fdce_C_Q)         0.164    -0.393 r  color_bar_m0/vs_reg_reg/Q
                         net (fo=2, routed)           0.066    -0.328    color_bar_m0/vs_reg_reg_n_0
    SLICE_X2Y30          FDCE                                         r  color_bar_m0/vs_reg_d0_reg/D
  -------------------------------------------------------------------    -------------------

                         (clock clk_out1_video_pll rise edge)
                                                      0.000     0.000 r  
    Y18                                               0.000     0.000 r  sys_clk (IN)
                         net (fo=0)                   0.000     0.000    sys_clk
    Y18                  IBUF (Prop_ibuf_I_O)         0.452     0.452 r  sys_clk_IBUF_inst/O
                         net (fo=1, routed)           0.480     0.932    video_pll_m0/inst/clk_in1
    MMCME2_ADV_X0Y0      MMCME2_ADV (Prop_mmcme2_adv_CLKIN1_CLKOUT0)
                                                     -3.145    -2.214 r  video_pll_m0/inst/mmcm_adv_inst/CLKOUT0
                         net (fo=1, routed)           0.534    -1.680    video_pll_m0/inst/clk_out1_video_pll
    BUFGCTRL_X0Y0        BUFG (Prop_bufg_I_O)         0.029    -1.651 r  video_pll_m0/inst/clkout1_buf/O
                         net (fo=132, routed)         0.856    -0.795    color_bar_m0/clk_out1
    SLICE_X2Y30          FDCE                                         r  color_bar_m0/vs_reg_d0_reg/C
                         clock pessimism              0.238    -0.557    
    SLICE_X2Y30          FDCE (Hold_fdce_C_D)         0.053    -0.504    color_bar_m0/vs_reg_d0_reg
  -------------------------------------------------------------------
                         required time                          0.504    
                         arrival time                          -0.328    
  -------------------------------------------------------------------
                         slack                                  0.177    

Slack (MET) :             0.199ns  (arrival time - required time)
  Source:                 osd_display_m0/osd_ram_addr_reg[10]/C
                            (rising edge-triggered cell FDRE clocked by clk_out1_video_pll  {rise@0.000ns fall@55.556ns period=111.111ns})
  Destination:            osd_display_m0/osd_rom_m0/U0/inst_blk_mem_gen/gnbram.gnativebmg.native_blk_mem_gen/valid.cstr/ramloop[0].ram.r/prim_init.ram/DEVICE_7SERIES.NO_BMM_INFO.SP.SIMPLE_PRIM18.ram/ADDRARDADDR[10]
                            (rising edge-triggered cell RAMB18E1 clocked by clk_out1_video_pll  {rise@0.000ns fall@55.556ns period=111.111ns})
  Path Group:             clk_out1_video_pll
  Path Type:              Hold (Min at Fast Process Corner)
  Requirement:            0.000ns  (clk_out1_video_pll rise@0.000ns - clk_out1_video_pll rise@0.000ns)
  Data Path Delay:        0.431ns  (logic 0.141ns (32.739%)  route 0.290ns (67.261%))
  Logic Levels:           0  
  Clock Path Skew:        0.049ns (DCD - SCD - CPR)
    Destination Clock Delay (DCD):    -0.784ns
    Source Clock Delay      (SCD):    -0.559ns
    Clock Pessimism Removal (CPR):    -0.273ns

    Location             Delay type                Incr(ns)  Path(ns)    Netlist Resource(s)
  -------------------------------------------------------------------    -------------------
                         (clock clk_out1_video_pll rise edge)
                                                      0.000     0.000 r  
    Y18                                               0.000     0.000 r  sys_clk (IN)
                         net (fo=0)                   0.000     0.000    sys_clk
    Y18                  IBUF (Prop_ibuf_I_O)         0.264     0.264 r  sys_clk_IBUF_inst/O
                         net (fo=1, routed)           0.440     0.704    video_pll_m0/inst/clk_in1
    MMCME2_ADV_X0Y0      MMCME2_ADV (Prop_mmcme2_adv_CLKIN1_CLKOUT0)
                                                     -2.362    -1.659 r  video_pll_m0/inst/mmcm_adv_inst/CLKOUT0
                         net (fo=1, routed)           0.489    -1.170    video_pll_m0/inst/clk_out1_video_pll
    BUFGCTRL_X0Y0        BUFG (Prop_bufg_I_O)         0.026    -1.144 r  video_pll_m0/inst/clkout1_buf/O
                         net (fo=132, routed)         0.585    -0.559    osd_display_m0/clk_out1
    SLICE_X5Y30          FDRE                                         r  osd_display_m0/osd_ram_addr_reg[10]/C
  -------------------------------------------------------------------    -------------------
    SLICE_X5Y30          FDRE (Prop_fdre_C_Q)         0.141    -0.418 r  osd_display_m0/osd_ram_addr_reg[10]/Q
                         net (fo=2, routed)           0.290    -0.129    osd_display_m0/osd_rom_m0/U0/inst_blk_mem_gen/gnbram.gnativebmg.native_blk_mem_gen/valid.cstr/ramloop[0].ram.r/prim_init.ram/addra[7]
    RAMB18_X0Y12         RAMB18E1                                     r  osd_display_m0/osd_rom_m0/U0/inst_blk_mem_gen/gnbram.gnativebmg.native_blk_mem_gen/valid.cstr/ramloop[0].ram.r/prim_init.ram/DEVICE_7SERIES.NO_BMM_INFO.SP.SIMPLE_PRIM18.ram/ADDRARDADDR[10]
  -------------------------------------------------------------------    -------------------

                         (clock clk_out1_video_pll rise edge)
                                                      0.000     0.000 r  
    Y18                                               0.000     0.000 r  sys_clk (IN)
                         net (fo=0)                   0.000     0.000    sys_clk
    Y18                  IBUF (Prop_ibuf_I_O)         0.452     0.452 r  sys_clk_IBUF_inst/O
                         net (fo=1, routed)           0.480     0.932    video_pll_m0/inst/clk_in1
    MMCME2_ADV_X0Y0      MMCME2_ADV (Prop_mmcme2_adv_CLKIN1_CLKOUT0)
                                                     -3.145    -2.214 r  video_pll_m0/inst/mmcm_adv_inst/CLKOUT0
                         net (fo=1, routed)           0.534    -1.680    video_pll_m0/inst/clk_out1_video_pll
    BUFGCTRL_X0Y0        BUFG (Prop_bufg_I_O)         0.029    -1.651 r  video_pll_m0/inst/clkout1_buf/O
                         net (fo=132, routed)         0.867    -0.784    osd_display_m0/osd_rom_m0/U0/inst_blk_mem_gen/gnbram.gnativebmg.native_blk_mem_gen/valid.cstr/ramloop[0].ram.r/prim_init.ram/clka
    RAMB18_X0Y12         RAMB18E1                                     r  osd_display_m0/osd_rom_m0/U0/inst_blk_mem_gen/gnbram.gnativebmg.native_blk_mem_gen/valid.cstr/ramloop[0].ram.r/prim_init.ram/DEVICE_7SERIES.NO_BMM_INFO.SP.SIMPLE_PRIM18.ram/CLKARDCLK
                         clock pessimism              0.273    -0.511    
    RAMB18_X0Y12         RAMB18E1 (Hold_ramb18e1_CLKARDCLK_ADDRARDADDR[10])
                                                      0.183    -0.328    osd_display_m0/osd_rom_m0/U0/inst_blk_mem_gen/gnbram.gnativebmg.native_blk_mem_gen/valid.cstr/ramloop[0].ram.r/prim_init.ram/DEVICE_7SERIES.NO_BMM_INFO.SP.SIMPLE_PRIM18.ram
  -------------------------------------------------------------------
                         required time                          0.328    
                         arrival time                          -0.129    
  -------------------------------------------------------------------
                         slack                                  0.199    

Slack (MET) :             0.210ns  (arrival time - required time)
  Source:                 osd_display_m0/osd_ram_addr_reg[12]/C
                            (rising edge-triggered cell FDRE clocked by clk_out1_video_pll  {rise@0.000ns fall@55.556ns period=111.111ns})
  Destination:            osd_display_m0/osd_rom_m0/U0/inst_blk_mem_gen/gnbram.gnativebmg.native_blk_mem_gen/valid.cstr/ramloop[0].ram.r/prim_init.ram/DEVICE_7SERIES.NO_BMM_INFO.SP.SIMPLE_PRIM18.ram/ADDRARDADDR[12]
                            (rising edge-triggered cell RAMB18E1 clocked by clk_out1_video_pll  {rise@0.000ns fall@55.556ns period=111.111ns})
  Path Group:             clk_out1_video_pll
  Path Type:              Hold (Min at Fast Process Corner)
  Requirement:            0.000ns  (clk_out1_video_pll rise@0.000ns - clk_out1_video_pll rise@0.000ns)
  Data Path Delay:        0.440ns  (logic 0.141ns (32.018%)  route 0.299ns (67.982%))
  Logic Levels:           0  
  Clock Path Skew:        0.048ns (DCD - SCD - CPR)
    Destination Clock Delay (DCD):    -0.784ns
    Source Clock Delay      (SCD):    -0.558ns
    Clock Pessimism Removal (CPR):    -0.273ns

    Location             Delay type                Incr(ns)  Path(ns)    Netlist Resource(s)
  -------------------------------------------------------------------    -------------------
                         (clock clk_out1_video_pll rise edge)
                                                      0.000     0.000 r  
    Y18                                               0.000     0.000 r  sys_clk (IN)
                         net (fo=0)                   0.000     0.000    sys_clk
    Y18                  IBUF (Prop_ibuf_I_O)         0.264     0.264 r  sys_clk_IBUF_inst/O
                         net (fo=1, routed)           0.440     0.704    video_pll_m0/inst/clk_in1
    MMCME2_ADV_X0Y0      MMCME2_ADV (Prop_mmcme2_adv_CLKIN1_CLKOUT0)
                                                     -2.362    -1.659 r  video_pll_m0/inst/mmcm_adv_inst/CLKOUT0
                         net (fo=1, routed)           0.489    -1.170    video_pll_m0/inst/clk_out1_video_pll
    BUFGCTRL_X0Y0        BUFG (Prop_bufg_I_O)         0.026    -1.144 r  video_pll_m0/inst/clkout1_buf/O
                         net (fo=132, routed)         0.586    -0.558    osd_display_m0/clk_out1
    SLICE_X5Y31          FDRE                                         r  osd_display_m0/osd_ram_addr_reg[12]/C
  -------------------------------------------------------------------    -------------------
    SLICE_X5Y31          FDRE (Prop_fdre_C_Q)         0.141    -0.417 r  osd_display_m0/osd_ram_addr_reg[12]/Q
                         net (fo=2, routed)           0.299    -0.118    osd_display_m0/osd_rom_m0/U0/inst_blk_mem_gen/gnbram.gnativebmg.native_blk_mem_gen/valid.cstr/ramloop[0].ram.r/prim_init.ram/addra[9]
    RAMB18_X0Y12         RAMB18E1                                     r  osd_display_m0/osd_rom_m0/U0/inst_blk_mem_gen/gnbram.gnativebmg.native_blk_mem_gen/valid.cstr/ramloop[0].ram.r/prim_init.ram/DEVICE_7SERIES.NO_BMM_INFO.SP.SIMPLE_PRIM18.ram/ADDRARDADDR[12]
  -------------------------------------------------------------------    -------------------

                         (clock clk_out1_video_pll rise edge)
                                                      0.000     0.000 r  
    Y18                                               0.000     0.000 r  sys_clk (IN)
                         net (fo=0)                   0.000     0.000    sys_clk
    Y18                  IBUF (Prop_ibuf_I_O)         0.452     0.452 r  sys_clk_IBUF_inst/O
                         net (fo=1, routed)           0.480     0.932    video_pll_m0/inst/clk_in1
    MMCME2_ADV_X0Y0      MMCME2_ADV (Prop_mmcme2_adv_CLKIN1_CLKOUT0)
                                                     -3.145    -2.214 r  video_pll_m0/inst/mmcm_adv_inst/CLKOUT0
                         net (fo=1, routed)           0.534    -1.680    video_pll_m0/inst/clk_out1_video_pll
    BUFGCTRL_X0Y0        BUFG (Prop_bufg_I_O)         0.029    -1.651 r  video_pll_m0/inst/clkout1_buf/O
                         net (fo=132, routed)         0.867    -0.784    osd_display_m0/osd_rom_m0/U0/inst_blk_mem_gen/gnbram.gnativebmg.native_blk_mem_gen/valid.cstr/ramloop[0].ram.r/prim_init.ram/clka
    RAMB18_X0Y12         RAMB18E1                                     r  osd_display_m0/osd_rom_m0/U0/inst_blk_mem_gen/gnbram.gnativebmg.native_blk_mem_gen/valid.cstr/ramloop[0].ram.r/prim_init.ram/DEVICE_7SERIES.NO_BMM_INFO.SP.SIMPLE_PRIM18.ram/CLKARDCLK
                         clock pessimism              0.273    -0.511    
    RAMB18_X0Y12         RAMB18E1 (Hold_ramb18e1_CLKARDCLK_ADDRARDADDR[12])
                                                      0.183    -0.328    osd_display_m0/osd_rom_m0/U0/inst_blk_mem_gen/gnbram.gnativebmg.native_blk_mem_gen/valid.cstr/ramloop[0].ram.r/prim_init.ram/DEVICE_7SERIES.NO_BMM_INFO.SP.SIMPLE_PRIM18.ram
  -------------------------------------------------------------------
                         required time                          0.328    
                         arrival time                          -0.118    
  -------------------------------------------------------------------
                         slack                                  0.210    

Slack (MET) :             0.216ns  (arrival time - required time)
  Source:                 color_bar_m0/h_cnt_reg[0]/C
                            (rising edge-triggered cell FDCE clocked by clk_out1_video_pll  {rise@0.000ns fall@55.556ns period=111.111ns})
  Destination:            color_bar_m0/active_x_reg[0]/D
                            (rising edge-triggered cell FDCE clocked by clk_out1_video_pll  {rise@0.000ns fall@55.556ns period=111.111ns})
  Path Group:             clk_out1_video_pll
  Path Type:              Hold (Min at Fast Process Corner)
  Requirement:            0.000ns  (clk_out1_video_pll rise@0.000ns - clk_out1_video_pll rise@0.000ns)
  Data Path Delay:        0.323ns  (logic 0.164ns (50.739%)  route 0.159ns (49.261%))
  Logic Levels:           0  
  Clock Path Skew:        0.032ns (DCD - SCD - CPR)
    Destination Clock Delay (DCD):    -0.794ns
    Source Clock Delay      (SCD):    -0.553ns
    Clock Pessimism Removal (CPR):    -0.273ns

    Location             Delay type                Incr(ns)  Path(ns)    Netlist Resource(s)
  -------------------------------------------------------------------    -------------------
                         (clock clk_out1_video_pll rise edge)
                                                      0.000     0.000 r  
    Y18                                               0.000     0.000 r  sys_clk (IN)
                         net (fo=0)                   0.000     0.000    sys_clk
    Y18                  IBUF (Prop_ibuf_I_O)         0.264     0.264 r  sys_clk_IBUF_inst/O
                         net (fo=1, routed)           0.440     0.704    video_pll_m0/inst/clk_in1
    MMCME2_ADV_X0Y0      MMCME2_ADV (Prop_mmcme2_adv_CLKIN1_CLKOUT0)
                                                     -2.362    -1.659 r  video_pll_m0/inst/mmcm_adv_inst/CLKOUT0
                         net (fo=1, routed)           0.489    -1.170    video_pll_m0/inst/clk_out1_video_pll
    BUFGCTRL_X0Y0        BUFG (Prop_bufg_I_O)         0.026    -1.144 r  video_pll_m0/inst/clkout1_buf/O
                         net (fo=132, routed)         0.591    -0.553    color_bar_m0/clk_out1
    SLICE_X2Y34          FDCE                                         r  color_bar_m0/h_cnt_reg[0]/C
  -------------------------------------------------------------------    -------------------
    SLICE_X2Y34          FDCE (Prop_fdce_C_Q)         0.164    -0.389 r  color_bar_m0/h_cnt_reg[0]/Q
                         net (fo=9, routed)           0.159    -0.230    color_bar_m0/h_cnt_reg_n_0_[0]
    SLICE_X5Y33          FDCE                                         r  color_bar_m0/active_x_reg[0]/D
  -------------------------------------------------------------------    -------------------

                         (clock clk_out1_video_pll rise edge)
                                                      0.000     0.000 r  
    Y18                                               0.000     0.000 r  sys_clk (IN)
                         net (fo=0)                   0.000     0.000    sys_clk
    Y18                  IBUF (Prop_ibuf_I_O)         0.452     0.452 r  sys_clk_IBUF_inst/O
                         net (fo=1, routed)           0.480     0.932    video_pll_m0/inst/clk_in1
    MMCME2_ADV_X0Y0      MMCME2_ADV (Prop_mmcme2_adv_CLKIN1_CLKOUT0)
                                                     -3.145    -2.214 r  video_pll_m0/inst/mmcm_adv_inst/CLKOUT0
                         net (fo=1, routed)           0.534    -1.680    video_pll_m0/inst/clk_out1_video_pll
    BUFGCTRL_X0Y0        BUFG (Prop_bufg_I_O)         0.029    -1.651 r  video_pll_m0/inst/clkout1_buf/O
                         net (fo=132, routed)         0.857    -0.794    color_bar_m0/clk_out1
    SLICE_X5Y33          FDCE                                         r  color_bar_m0/active_x_reg[0]/C
                         clock pessimism              0.273    -0.521    
    SLICE_X5Y33          FDCE (Hold_fdce_C_D)         0.075    -0.446    color_bar_m0/active_x_reg[0]
  -------------------------------------------------------------------
                         required time                          0.446    
                         arrival time                          -0.230    
  -------------------------------------------------------------------
                         slack                                  0.216    

Slack (MET) :             0.222ns  (arrival time - required time)
  Source:                 osd_display_m0/timing_gen_xy_m0/vs_d0_reg/C
                            (rising edge-triggered cell FDRE clocked by clk_out1_video_pll  {rise@0.000ns fall@55.556ns period=111.111ns})
  Destination:            osd_display_m0/timing_gen_xy_m0/vs_d1_reg/D
                            (rising edge-triggered cell FDRE clocked by clk_out1_video_pll  {rise@0.000ns fall@55.556ns period=111.111ns})
  Path Group:             clk_out1_video_pll
  Path Type:              Hold (Min at Fast Process Corner)
  Requirement:            0.000ns  (clk_out1_video_pll rise@0.000ns - clk_out1_video_pll rise@0.000ns)
  Data Path Delay:        0.276ns  (logic 0.128ns (46.340%)  route 0.148ns (53.660%))
  Logic Levels:           0  
  Clock Path Skew:        0.032ns (DCD - SCD - CPR)
    Destination Clock Delay (DCD):    -0.798ns
    Source Clock Delay      (SCD):    -0.557ns
    Clock Pessimism Removal (CPR):    -0.273ns

    Location             Delay type                Incr(ns)  Path(ns)    Netlist Resource(s)
  -------------------------------------------------------------------    -------------------
                         (clock clk_out1_video_pll rise edge)
                                                      0.000     0.000 r  
    Y18                                               0.000     0.000 r  sys_clk (IN)
                         net (fo=0)                   0.000     0.000    sys_clk
    Y18                  IBUF (Prop_ibuf_I_O)         0.264     0.264 r  sys_clk_IBUF_inst/O
                         net (fo=1, routed)           0.440     0.704    video_pll_m0/inst/clk_in1
    MMCME2_ADV_X0Y0      MMCME2_ADV (Prop_mmcme2_adv_CLKIN1_CLKOUT0)
                                                     -2.362    -1.659 r  video_pll_m0/inst/mmcm_adv_inst/CLKOUT0
                         net (fo=1, routed)           0.489    -1.170    video_pll_m0/inst/clk_out1_video_pll
    BUFGCTRL_X0Y0        BUFG (Prop_bufg_I_O)         0.026    -1.144 r  video_pll_m0/inst/clkout1_buf/O
                         net (fo=132, routed)         0.587    -0.557    osd_display_m0/timing_gen_xy_m0/clk_out1
    SLICE_X3Y30          FDRE                                         r  osd_display_m0/timing_gen_xy_m0/vs_d0_reg/C
  -------------------------------------------------------------------    -------------------
    SLICE_X3Y30          FDRE (Prop_fdre_C_Q)         0.128    -0.429 r  osd_display_m0/timing_gen_xy_m0/vs_d0_reg/Q
                         net (fo=16, routed)          0.148    -0.281    osd_display_m0/timing_gen_xy_m0/vs_d0
    SLICE_X4Y29          FDRE                                         r  osd_display_m0/timing_gen_xy_m0/vs_d1_reg/D
  -------------------------------------------------------------------    -------------------

                         (clock clk_out1_video_pll rise edge)
                                                      0.000     0.000 r  
    Y18                                               0.000     0.000 r  sys_clk (IN)
                         net (fo=0)                   0.000     0.000    sys_clk
    Y18                  IBUF (Prop_ibuf_I_O)         0.452     0.452 r  sys_clk_IBUF_inst/O
                         net (fo=1, routed)           0.480     0.932    video_pll_m0/inst/clk_in1
    MMCME2_ADV_X0Y0      MMCME2_ADV (Prop_mmcme2_adv_CLKIN1_CLKOUT0)
                                                     -3.145    -2.214 r  video_pll_m0/inst/mmcm_adv_inst/CLKOUT0
                         net (fo=1, routed)           0.534    -1.680    video_pll_m0/inst/clk_out1_video_pll
    BUFGCTRL_X0Y0        BUFG (Prop_bufg_I_O)         0.029    -1.651 r  video_pll_m0/inst/clkout1_buf/O
                         net (fo=132, routed)         0.853    -0.798    osd_display_m0/timing_gen_xy_m0/clk_out1
    SLICE_X4Y29          FDRE                                         r  osd_display_m0/timing_gen_xy_m0/vs_d1_reg/C
                         clock pessimism              0.273    -0.525    
    SLICE_X4Y29          FDRE (Hold_fdre_C_D)         0.022    -0.503    osd_display_m0/timing_gen_xy_m0/vs_d1_reg
  -------------------------------------------------------------------
                         required time                          0.503    
                         arrival time                          -0.281    
  -------------------------------------------------------------------
                         slack                                  0.222    

Slack (MET) :             0.228ns  (arrival time - required time)
  Source:                 color_bar_m0/v_cnt_reg[9]/C
                            (rising edge-triggered cell FDCE clocked by clk_out1_video_pll  {rise@0.000ns fall@55.556ns period=111.111ns})
  Destination:            color_bar_m0/v_cnt_reg[8]/D
                            (rising edge-triggered cell FDCE clocked by clk_out1_video_pll  {rise@0.000ns fall@55.556ns period=111.111ns})
  Path Group:             clk_out1_video_pll
  Path Type:              Hold (Min at Fast Process Corner)
  Requirement:            0.000ns  (clk_out1_video_pll rise@0.000ns - clk_out1_video_pll rise@0.000ns)
  Data Path Delay:        0.362ns  (logic 0.209ns (57.794%)  route 0.153ns (42.206%))
  Logic Levels:           1  (LUT6=1)
  Clock Path Skew:        0.013ns (DCD - SCD - CPR)
    Destination Clock Delay (DCD):    -0.794ns
    Source Clock Delay      (SCD):    -0.555ns
    Clock Pessimism Removal (CPR):    -0.252ns

    Location             Delay type                Incr(ns)  Path(ns)    Netlist Resource(s)
  -------------------------------------------------------------------    -------------------
                         (clock clk_out1_video_pll rise edge)
                                                      0.000     0.000 r  
    Y18                                               0.000     0.000 r  sys_clk (IN)
                         net (fo=0)                   0.000     0.000    sys_clk
    Y18                  IBUF (Prop_ibuf_I_O)         0.264     0.264 r  sys_clk_IBUF_inst/O
                         net (fo=1, routed)           0.440     0.704    video_pll_m0/inst/clk_in1
    MMCME2_ADV_X0Y0      MMCME2_ADV (Prop_mmcme2_adv_CLKIN1_CLKOUT0)
                                                     -2.362    -1.659 r  video_pll_m0/inst/mmcm_adv_inst/CLKOUT0
                         net (fo=1, routed)           0.489    -1.170    video_pll_m0/inst/clk_out1_video_pll
    BUFGCTRL_X0Y0        BUFG (Prop_bufg_I_O)         0.026    -1.144 r  video_pll_m0/inst/clkout1_buf/O
                         net (fo=132, routed)         0.589    -0.555    color_bar_m0/clk_out1
    SLICE_X2Y32          FDCE                                         r  color_bar_m0/v_cnt_reg[9]/C
  -------------------------------------------------------------------    -------------------
    SLICE_X2Y32          FDCE (Prop_fdce_C_Q)         0.164    -0.391 r  color_bar_m0/v_cnt_reg[9]/Q
                         net (fo=14, routed)          0.153    -0.239    color_bar_m0/v_cnt[9]
    SLICE_X2Y31          LUT6 (Prop_lut6_I3_O)        0.045    -0.194 r  color_bar_m0/v_cnt[8]_i_1/O
                         net (fo=1, routed)           0.000    -0.194    color_bar_m0/v_cnt[8]_i_1_n_0
    SLICE_X2Y31          FDCE                                         r  color_bar_m0/v_cnt_reg[8]/D
  -------------------------------------------------------------------    -------------------

                         (clock clk_out1_video_pll rise edge)
                                                      0.000     0.000 r  
    Y18                                               0.000     0.000 r  sys_clk (IN)
                         net (fo=0)                   0.000     0.000    sys_clk
    Y18                  IBUF (Prop_ibuf_I_O)         0.452     0.452 r  sys_clk_IBUF_inst/O
                         net (fo=1, routed)           0.480     0.932    video_pll_m0/inst/clk_in1
    MMCME2_ADV_X0Y0      MMCME2_ADV (Prop_mmcme2_adv_CLKIN1_CLKOUT0)
                                                     -3.145    -2.214 r  video_pll_m0/inst/mmcm_adv_inst/CLKOUT0
                         net (fo=1, routed)           0.534    -1.680    video_pll_m0/inst/clk_out1_video_pll
    BUFGCTRL_X0Y0        BUFG (Prop_bufg_I_O)         0.029    -1.651 r  video_pll_m0/inst/clkout1_buf/O
                         net (fo=132, routed)         0.857    -0.794    color_bar_m0/clk_out1
    SLICE_X2Y31          FDCE                                         r  color_bar_m0/v_cnt_reg[8]/C
                         clock pessimism              0.252    -0.542    
    SLICE_X2Y31          FDCE (Hold_fdce_C_D)         0.121    -0.421    color_bar_m0/v_cnt_reg[8]
  -------------------------------------------------------------------
                         required time                          0.421    
                         arrival time                          -0.194    
  -------------------------------------------------------------------
                         slack                                  0.228    

Slack (MET) :             0.233ns  (arrival time - required time)
  Source:                 color_bar_m0/v_cnt_reg[0]/C
                            (rising edge-triggered cell FDCE clocked by clk_out1_video_pll  {rise@0.000ns fall@55.556ns period=111.111ns})
  Destination:            color_bar_m0/v_cnt_reg[0]/D
                            (rising edge-triggered cell FDCE clocked by clk_out1_video_pll  {rise@0.000ns fall@55.556ns period=111.111ns})
  Path Group:             clk_out1_video_pll
  Path Type:              Hold (Min at Fast Process Corner)
  Requirement:            0.000ns  (clk_out1_video_pll rise@0.000ns - clk_out1_video_pll rise@0.000ns)
  Data Path Delay:        0.354ns  (logic 0.209ns (59.013%)  route 0.145ns (40.987%))
  Logic Levels:           1  (LUT6=1)
  Clock Path Skew:        0.000ns (DCD - SCD - CPR)
    Destination Clock Delay (DCD):    -0.793ns
    Source Clock Delay      (SCD):    -0.555ns
    Clock Pessimism Removal (CPR):    -0.238ns

    Location             Delay type                Incr(ns)  Path(ns)    Netlist Resource(s)
  -------------------------------------------------------------------    -------------------
                         (clock clk_out1_video_pll rise edge)
                                                      0.000     0.000 r  
    Y18                                               0.000     0.000 r  sys_clk (IN)
                         net (fo=0)                   0.000     0.000    sys_clk
    Y18                  IBUF (Prop_ibuf_I_O)         0.264     0.264 r  sys_clk_IBUF_inst/O
                         net (fo=1, routed)           0.440     0.704    video_pll_m0/inst/clk_in1
    MMCME2_ADV_X0Y0      MMCME2_ADV (Prop_mmcme2_adv_CLKIN1_CLKOUT0)
                                                     -2.362    -1.659 r  video_pll_m0/inst/mmcm_adv_inst/CLKOUT0
                         net (fo=1, routed)           0.489    -1.170    video_pll_m0/inst/clk_out1_video_pll
    BUFGCTRL_X0Y0        BUFG (Prop_bufg_I_O)         0.026    -1.144 r  video_pll_m0/inst/clkout1_buf/O
                         net (fo=132, routed)         0.589    -0.555    color_bar_m0/clk_out1
    SLICE_X2Y32          FDCE                                         r  color_bar_m0/v_cnt_reg[0]/C
  -------------------------------------------------------------------    -------------------
    SLICE_X2Y32          FDCE (Prop_fdce_C_Q)         0.164    -0.391 f  color_bar_m0/v_cnt_reg[0]/Q
                         net (fo=4, routed)           0.145    -0.246    color_bar_m0/v_cnt[0]
    SLICE_X2Y32          LUT6 (Prop_lut6_I5_O)        0.045    -0.201 r  color_bar_m0/v_cnt[0]_i_1/O
                         net (fo=1, routed)           0.000    -0.201    color_bar_m0/v_cnt[0]_i_1_n_0
    SLICE_X2Y32          FDCE                                         r  color_bar_m0/v_cnt_reg[0]/D
  -------------------------------------------------------------------    -------------------

                         (clock clk_out1_video_pll rise edge)
                                                      0.000     0.000 r  
    Y18                                               0.000     0.000 r  sys_clk (IN)
                         net (fo=0)                   0.000     0.000    sys_clk
    Y18                  IBUF (Prop_ibuf_I_O)         0.452     0.452 r  sys_clk_IBUF_inst/O
                         net (fo=1, routed)           0.480     0.932    video_pll_m0/inst/clk_in1
    MMCME2_ADV_X0Y0      MMCME2_ADV (Prop_mmcme2_adv_CLKIN1_CLKOUT0)
                                                     -3.145    -2.214 r  video_pll_m0/inst/mmcm_adv_inst/CLKOUT0
                         net (fo=1, routed)           0.534    -1.680    video_pll_m0/inst/clk_out1_video_pll
    BUFGCTRL_X0Y0        BUFG (Prop_bufg_I_O)         0.029    -1.651 r  video_pll_m0/inst/clkout1_buf/O
                         net (fo=132, routed)         0.858    -0.793    color_bar_m0/clk_out1
    SLICE_X2Y32          FDCE                                         r  color_bar_m0/v_cnt_reg[0]/C
                         clock pessimism              0.238    -0.555    
    SLICE_X2Y32          FDCE (Hold_fdce_C_D)         0.121    -0.434    color_bar_m0/v_cnt_reg[0]
  -------------------------------------------------------------------
                         required time                          0.434    
                         arrival time                          -0.201    
  -------------------------------------------------------------------
                         slack                                  0.233    





Pulse Width Checks
--------------------------------------------------------------------------------------
Clock Name:         clk_out1_video_pll
Waveform(ns):       { 0.000 55.556 }
Period(ns):         111.111
Sources:            { video_pll_m0/inst/mmcm_adv_inst/CLKOUT0 }

Check Type        Corner  Lib Pin             Reference Pin  Required(ns)  Actual(ns)  Slack(ns)  Location         Pin
Min Period        n/a     RAMB18E1/CLKARDCLK  n/a            2.170         111.111     108.941    RAMB18_X0Y12     osd_display_m0/osd_rom_m0/U0/inst_blk_mem_gen/gnbram.gnativebmg.native_blk_mem_gen/valid.cstr/ramloop[0].ram.r/prim_init.ram/DEVICE_7SERIES.NO_BMM_INFO.SP.SIMPLE_PRIM18.ram/CLKARDCLK
Min Period        n/a     RAMB18E1/CLKBWRCLK  n/a            2.170         111.111     108.941    RAMB18_X0Y12     osd_display_m0/osd_rom_m0/U0/inst_blk_mem_gen/gnbram.gnativebmg.native_blk_mem_gen/valid.cstr/ramloop[0].ram.r/prim_init.ram/DEVICE_7SERIES.NO_BMM_INFO.SP.SIMPLE_PRIM18.ram/CLKBWRCLK
Min Period        n/a     BUFG/I              n/a            1.592         111.111     109.519    BUFGCTRL_X0Y0    video_pll_m0/inst/clkout1_buf/I
Min Period        n/a     MMCME2_ADV/CLKOUT0  n/a            1.249         111.111     109.862    MMCME2_ADV_X0Y0  video_pll_m0/inst/mmcm_adv_inst/CLKOUT0
Min Period        n/a     FDCE/C              n/a            1.000         111.111     110.111    SLICE_X5Y33      color_bar_m0/active_x_reg[0]/C
Min Period        n/a     FDCE/C              n/a            1.000         111.111     110.111    SLICE_X5Y34      color_bar_m0/active_x_reg[10]/C
Min Period        n/a     FDCE/C              n/a            1.000         111.111     110.111    SLICE_X5Y34      color_bar_m0/active_x_reg[11]/C
Min Period        n/a     FDCE/C              n/a            1.000         111.111     110.111    SLICE_X5Y32      color_bar_m0/active_x_reg[4]/C
Min Period        n/a     FDCE/C              n/a            1.000         111.111     110.111    SLICE_X5Y33      color_bar_m0/active_x_reg[5]/C
Min Period        n/a     FDCE/C              n/a            1.000         111.111     110.111    SLICE_X5Y33      color_bar_m0/active_x_reg[6]/C
Max Period        n/a     MMCME2_ADV/CLKOUT0  n/a            213.360       111.111     102.249    MMCME2_ADV_X0Y0  video_pll_m0/inst/mmcm_adv_inst/CLKOUT0
Low Pulse Width   Fast    FDCE/C              n/a            0.500         55.556      55.056     SLICE_X2Y34      color_bar_m0/h_cnt_reg[9]/C
Low Pulse Width   Fast    FDRE/C              n/a            0.500         55.556      55.056     SLICE_X5Y29      osd_display_m0/osd_ram_addr_reg[4]/C
Low Pulse Width   Fast    FDRE/C              n/a            0.500         55.556      55.056     SLICE_X5Y29      osd_display_m0/osd_ram_addr_reg[5]/C
Low Pulse Width   Fast    FDRE/C              n/a            0.500         55.556      55.056     SLICE_X5Y29      osd_display_m0/osd_ram_addr_reg[6]/C
Low Pulse Width   Fast    FDRE/C              n/a            0.500         55.556      55.056     SLICE_X5Y29      osd_display_m0/osd_ram_addr_reg[7]/C
Low Pulse Width   Fast    FDRE/C              n/a            0.500         55.556      55.056     SLICE_X4Y29      osd_display_m0/pos_vs_d0_reg/C
Low Pulse Width   Fast    FDRE/C              n/a            0.500         55.556      55.056     SLICE_X4Y29      osd_display_m0/pos_vs_d1_reg/C
Low Pulse Width   Fast    FDRE/C              n/a            0.500         55.556      55.056     SLICE_X6Y29      osd_display_m0/region_active_reg/C
Low Pulse Width   Fast    FDRE/C              n/a            0.500         55.556      55.056     SLICE_X4Y29      osd_display_m0/timing_gen_xy_m0/de_d0_reg/C
Low Pulse Width   Fast    FDRE/C              n/a            0.500         55.556      55.056     SLICE_X4Y29      osd_display_m0/timing_gen_xy_m0/de_d1_reg/C
High Pulse Width  Slow    FDCE/C              n/a            0.500         55.556      55.056     SLICE_X5Y34      color_bar_m0/active_x_reg[10]/C
High Pulse Width  Slow    FDCE/C              n/a            0.500         55.556      55.056     SLICE_X5Y34      color_bar_m0/active_x_reg[11]/C
High Pulse Width  Slow    FDCE/C              n/a            0.500         55.556      55.056     SLICE_X5Y32      color_bar_m0/active_x_reg[4]/C
High Pulse Width  Slow    FDCE/C              n/a            0.500         55.556      55.056     SLICE_X5Y34      color_bar_m0/active_x_reg[9]/C
High Pulse Width  Slow    FDCE/C              n/a            0.500         55.556      55.056     SLICE_X2Y33      color_bar_m0/h_cnt_reg[2]/C
High Pulse Width  Slow    FDCE/C              n/a            0.500         55.556      55.056     SLICE_X2Y33      color_bar_m0/h_cnt_reg[3]/C
High Pulse Width  Slow    FDCE/C              n/a            0.500         55.556      55.056     SLICE_X2Y33      color_bar_m0/h_cnt_reg[4]/C
High Pulse Width  Slow    FDCE/C              n/a            0.500         55.556      55.056     SLICE_X2Y33      color_bar_m0/h_cnt_reg[5]/C
High Pulse Width  Slow    FDCE/C              n/a            0.500         55.556      55.056     SLICE_X2Y33      color_bar_m0/h_cnt_reg[6]/C
High Pulse Width  Slow    FDCE/C              n/a            0.500         55.556      55.056     SLICE_X2Y33      color_bar_m0/h_cnt_reg[7]/C



---------------------------------------------------------------------------------------------------
From Clock:  clkfbout_video_pll
  To Clock:  clkfbout_video_pll

Setup :           NA  Failing Endpoints,  Worst Slack           NA  ,  Total Violation           NA
Hold  :           NA  Failing Endpoints,  Worst Slack           NA  ,  Total Violation           NA
PW    :            0  Failing Endpoints,  Worst Slack       18.408ns,  Total Violation        0.000ns
---------------------------------------------------------------------------------------------------


Pulse Width Checks
--------------------------------------------------------------------------------------
Clock Name:         clkfbout_video_pll
Waveform(ns):       { 0.000 10.000 }
Period(ns):         20.000
Sources:            { video_pll_m0/inst/mmcm_adv_inst/CLKFBOUT }

Check Type  Corner  Lib Pin              Reference Pin  Required(ns)  Actual(ns)  Slack(ns)  Location         Pin
Min Period  n/a     BUFG/I               n/a            1.592         20.000      18.408     BUFGCTRL_X0Y1    video_pll_m0/inst/clkf_buf/I
Min Period  n/a     MMCME2_ADV/CLKFBOUT  n/a            1.249         20.000      18.751     MMCME2_ADV_X0Y0  video_pll_m0/inst/mmcm_adv_inst/CLKFBOUT
Min Period  n/a     MMCME2_ADV/CLKFBIN   n/a            1.249         20.000      18.751     MMCME2_ADV_X0Y0  video_pll_m0/inst/mmcm_adv_inst/CLKFBIN
Max Period  n/a     MMCME2_ADV/CLKFBIN   n/a            100.000       20.000      80.000     MMCME2_ADV_X0Y0  video_pll_m0/inst/mmcm_adv_inst/CLKFBIN
Max Period  n/a     MMCME2_ADV/CLKFBOUT  n/a            213.360       20.000      193.360    MMCME2_ADV_X0Y0  video_pll_m0/inst/mmcm_adv_inst/CLKFBOUT



